/*
unsigned int gsl_config_versions[]=
{
	0xa55a0003,//版本
	0x568000,//芯片型号
	0,//空
	0,0,0,0,//方案公司0-3
	0,0,0,0,//项目名称4-7
	0,0,0,0,//平台8-11
	0,0,0,0,//TP厂12-15
	0,//TP尺寸16
	
	0,0,0,0,//版本，姓名1，姓名2，日期17-20
	0,0,0,0,
	0,0,0,0,
	0,0,0,0,
	0,0,0,0,

	0,0,0,0,
	0,0,0,0,
	0,0,0,0,
	0,0,0,0,
	0,0,0,0,
}
*/

unsigned int gsl_config_data_id[] =
{
	0x8dc719,  
	0x200,
	0,0,
	0,
	0,0,0,
	0,0,0,0,0,0,0,0x5bb6f222,


	0x40100d0a,0x5,0x1e002a,0x1e002a,0x5560300,0,0x5100,0x8e00,
	0x800096,0,0,0,0,0,0,0,
	0x6,0x9000,0x4000,0x10410004,0x101f000a,0,0,0,
	0x1b6db691,0x240,0,0,0,0,0,0,
	0,0,0,0,0,0,0,0,
	0,0,0x804000,0x200400,0x90100,0x30001,0,0,
	0,0,0,0x14012c,0xa003c,0xa0078,0x400,0x1081,
	0,0,0,0,0x1a,0,0,0,
	0,0,0,0,0,0,0,0,
	0,0,0,0,0,0,0,0,

	0,//key_map
	0,0,0,//0
	0,0,0,//1
	0,0,0,//2
	0,0,0,//3
	0,0,0,//4
	0,0,0,//5
	0,0,0,//6
	0,0,0,//7

	0,0,0,0,0,0,0,
	0,0,0,0,0,0,0,0,
	0,0,0,0,0,0,0,0,
	0,0,0,0,0,0,0,0,
	0,0,0,0,0,0,0,0,
	0,0,0,0,0,0,0,0,
	0,0,0,0,0,0,0,0,
	0,0,0,0,0,0,0,0,
	0,0,0,0,0,0,0,0,
	0,0,0,0,0,0,0,0,
	0,0,0,0,0,0,0,0,
	0,0,0,0,0,0,0,0,
	0,0,0,0,0,0,0,0,
	0,0,0,0,0,0,0,0,
	0,0,0,0,0,0,0,0,
	0,0,0,0,0,0,0,0,
	0,0,0,0,0,0,0,0,


	0x221,
	0,0,0,0,0,0,0,0,
	0,0x2020101,0x5040403,0x9080706,0xd0c0b0a,0x1211100e,0x16151413,0x1b1a1918,
	0x201e1d1c,0x24232221,0x29282726,0x2d2c2b2a,0x3231302f,0x37363433,0x3b3a3938,0x3f3e3d3c,
	0,0,0x1000000,0x2020101,0x5040303,0xa090706,0xf0e0c0b,0x15141211,
	0x1b191816,0x211f1e1d,0x27252422,0x2c2b2928,0x32302f2d,0x37363433,0x3c3b3938,0x3f3e3d3c,

	0x3020100,0x7060504,0xb0a0908,0xf0e0d0c,0x13121110,0x17161514,0x1b1a1918,0x1f1e1d1c,
	0x23222120,0x27262524,0x2b2a2928,0x2f2e2d2c,0x33323130,0x37363534,0x3b3a3938,0x3f3e3d3c,

	0x3020100,0x7060504,0xb0a0908,0xf0e0d0c,0x13121110,0x17161514,0x1b1a1918,0x1f1e1d1c,
	0x23222120,0x27262524,0x2b2a2928,0x2f2e2d2c,0x33323130,0x37363534,0x3b3a3938,0x3f3e3d3c,

	0x3020100,0x7060504,0xb0a0908,0xf0e0d0c,0x13121110,0x17161514,0x1b1a1918,0x1f1e1d1c,
	0x23222120,0x27262524,0x2b2a2928,0x2f2e2d2c,0x33323130,0x37363534,0x3b3a3938,0x3f3e3d3c,

	0x3020100,0x7060504,0xb0a0908,0xf0e0d0c,0x13121110,0x17161514,0x1b1a1918,0x1f1e1d1c,
	0x23222120,0x27262524,0x2b2a2928,0x2f2e2d2c,0x33323130,0x37363534,0x3b3a3938,0x3f3e3d3c,

	0,0,0,0,0,0,0,0,
	0,0,0,0,0,0,0,0,
	0,0,0,0,0,0,0,


	0x3,
	0x101,0,0x100,0,
	0x40,0x20,0x10,0x8,
	0,0,0,0,0,0,0,0,
	0,0,0,0,0,0,0,0,
	0,0,0,0,0,0,0,0,
	0,0,0,0,0,0,0,0,
	0,0,0,0,0,0,0,0,
	0,0,0,0,0,0,0,0,
	0,0,0,0,0,0,0,0,
	0,0,0,0,0,0,0,0,

	0x4,0,0,0,0,0,0,0,
	0x7800a80,0,0,0,0,0,0,0,
	0,0,0,0,0,0,0,0,
	0,0,0,0,0,0,0,0,
	0,0,0,0,0,0,0,0,
	0,0,0,0,0,0,0,0,
	0,0,0,0,0,0,0,
};


struct fw_data
{
    u32 offset : 8;
    u32 : 0;
    u32 val;
};

static const struct fw_data GSLX680_FW[] = {

{0xf0,0x2},
{0x00,0x00000000},
{0x04,0x00000000},
{0x08,0x00000000},
{0x0c,0x00000000},
{0x10,0x00000000},
{0x14,0x00000000},
{0x18,0x00000000},
{0x1c,0x00000000},
{0x20,0x00000000},
{0x24,0x00000000},
{0x28,0x00000000},
{0x2c,0x00000000},
{0x30,0x00000000},
{0x34,0x00000000},
{0x38,0x00000000},
{0x3c,0x00000000},
{0x40,0x00000000},
{0x44,0x00000000},
{0x48,0x00000000},
{0x4c,0x00000000},
{0x50,0x00000000},
{0x54,0x00000000},
{0x58,0x00000000},
{0x5c,0x00000000},
{0x60,0x00000030},
{0x64,0xf801000c},
{0x68,0x00066414},
{0x6c,0x1001020a},
{0x70,0x00000fff},
{0x74,0x00000000},
{0x78,0x00000000},
{0x7c,0x1e2a1e2a},
{0xf0,0x3},
{0x00,0x7ab958c2},
{0x04,0x20160815},
{0x08,0x00000000},
{0x0c,0x00000000},
{0x10,0x00000000},
{0x14,0x00000000},
{0x18,0x00000000},
{0x1c,0x00000000},
{0x20,0x00000000},
{0x24,0x00005100},
{0x28,0x00008e00},
{0x2c,0x00000000},
{0x30,0x00000000},
{0x34,0x00000000},
{0x38,0x00000000},
{0x3c,0x00000000},
{0x40,0x00000000},
{0x44,0x00000000},
{0x48,0x00000000},
{0x4c,0x00000000},
{0x50,0x00000180},
{0x54,0x0000005a},
{0x58,0x00000000},
{0x5c,0x00000014},
{0x60,0x00000000},
{0x64,0x1a0ac00a},
{0x68,0x00000002},
{0x6c,0x0000000f},
{0x70,0x00000000},
{0x74,0xffffffff},
{0x78,0xffffffec},
{0x7c,0x00000000},
{0xf0,0x4},
{0x00,0x00000000},
{0x04,0x0001660b},
{0x08,0x00000064},
{0x0c,0x00000000},
{0x10,0xfe0cff06},
{0x14,0x13880000},
{0x18,0x00000000},
{0x1c,0x00000000},
{0x20,0x00000000},
{0x24,0x00000000},
{0x28,0x00000000},
{0x2c,0x00000000},
{0x30,0x00010000},
{0x34,0x00000fff},
{0x38,0x0000000a},
{0x3c,0x00000258},
{0x40,0x00000000},
{0x44,0x04020a00},
{0x48,0x0014012c},
{0x4c,0x9a000000},
{0x50,0x00000000},
{0x54,0x00010203},
{0x58,0x04050607},
{0x5c,0x08090a0b},
{0x60,0x0c0d0e0f},
{0x64,0x10111213},
{0x68,0x14151617},
{0x6c,0x18191a1b},
{0x70,0x1c1d1e1f},
{0x74,0x0014000a},
{0x78,0x80806d73},
{0x7c,0xcba981f4},
{0xf0,0x5},
{0x00,0x00000000},
{0x04,0x00000005},
{0x08,0x000000b4},
{0x0c,0x66666666},
{0x10,0x0000000a},
{0x14,0x00000000},
{0x18,0x00000fff},
{0x1c,0x10410004},
{0x20,0x101f000a},
{0x24,0x00000000},
{0x28,0x00000000},
{0x2c,0x00000000},
{0x30,0x80808080},
{0x34,0x80808080},
{0x38,0x80808080},
{0x3c,0x80808080},
{0x40,0x80808080},
{0x44,0x80808080},
{0x48,0x80808080},
{0x4c,0x80808000},
{0x50,0xffffffff},
{0x54,0x00000000},
{0x58,0x00000000},
{0x5c,0x00000000},
{0x60,0x00000000},
{0x64,0x00000000},
{0x68,0x00000000},
{0x6c,0x00000000},
{0x70,0x00000000},
{0x74,0x00000221},
{0x78,0x0000002a},
{0x7c,0x0000001e},
{0xf0,0x6},
{0x00,0x0000002a},
{0x04,0x00000000},
{0x08,0x0000001e},
{0x0c,0x04030402},
{0x10,0x00000032},
{0x14,0x1414010a},
{0x18,0x00000000},
{0x1c,0x00000001},
{0x20,0x00002904},
{0x24,0x00000556},
{0x28,0x00000300},
{0x2c,0xf801000c},
{0x30,0xf8010005},
{0x34,0x00000003},
{0x38,0x00000003},
{0x3c,0x00000fff},
{0x40,0x80000000},
{0x44,0x00160016},
{0x48,0x00000fff},
{0x4c,0x04040402},
{0x50,0x00030002},
{0x54,0x00000e10},
{0x58,0x000a012c},
{0x5c,0x1b6db60c},
{0x60,0x20240804},
{0x64,0x00000000},
{0x68,0x00000000},
{0x6c,0x00000000},
{0x70,0x00000000},
{0x74,0x000000c8},
{0x78,0x000a003c},
{0x7c,0x00000000},
{0xf0,0x7},
{0x00,0x0708090a},
{0x04,0x02010006},
{0x08,0x0b050403},
{0x0c,0x0f0e0d0c},
{0x10,0x13121110},
{0x14,0x0b170a16},
{0x18,0x00000000},
{0x1c,0x000a0078},
{0x20,0x00001081},
{0x24,0xff080010},
{0x28,0xff080120},
{0x2c,0xff080140},
{0x30,0xff080160},
{0x34,0x000000c8},
{0x38,0x000000ad},
{0x3c,0x00000092},
{0x40,0x00000000},
{0x44,0x006400c8},
{0x48,0x40100d0a},
{0x4c,0x320f0f03},
{0x50,0x00000000},
{0x54,0x00000001},
{0x58,0x00290000},
{0x5c,0x001d0000},
{0x60,0x00000000},
{0x64,0x00000000},
{0x68,0x001d0002},
{0x6c,0x00100002},
{0x70,0x00000000},
{0x74,0x00000000},
{0x78,0x10111213},
{0x7c,0x0c0d0e0f},
{0xf0,0x8},
{0x00,0x40004040},
{0x04,0x408040c0},
{0x08,0x41004140},
{0x0c,0x418041c0},
{0x10,0x42004240},
{0x14,0x428042c0},
{0x18,0x458045c0},
{0x1c,0x46004640},
{0x20,0x468046c0},
{0x24,0x47004740},
{0x28,0x478047c0},
{0x2c,0x20022003},
{0x30,0x20042005},
{0x34,0x20062007},
{0x38,0x20082009},
{0x3c,0x200a200b},
{0x40,0x00000000},
{0x44,0x00000000},
{0x48,0x00000000},
{0x4c,0x00000000},
{0x50,0x00000000},
{0x54,0x00000000},
{0x58,0x001c001b},
{0x5c,0x00000008},
{0x60,0x000000fa},
{0x64,0x00000201},
{0x68,0x00000806},
{0x6c,0x004d009a},
{0x70,0x0000009a},
{0x74,0x00000045},
{0x78,0x00000000},
{0x7c,0x0000001e},
{0xf0,0x9},
{0x00,0xff080094},
{0x04,0x00070011},
{0x08,0xff080090},
{0x0c,0x00040000},
{0x10,0xff080068},
{0x14,0x00030000},
{0x18,0xff080064},
{0x1c,0x01002582},
{0x20,0xff080060},
{0x24,0x00000000},
{0x28,0xff08004c},
{0x2c,0x00197fff},
{0x30,0xff08001c},
{0x34,0x00000000},
{0x38,0xff070000},
{0x3c,0x00000003},
{0x40,0xfffffff0},
{0x44,0x00000000},
{0x48,0xfffffff0},
{0x4c,0x00000000},
{0x50,0xfffffff0},
{0x54,0x00000000},
{0x58,0xfffffff0},
{0x5c,0x00000000},
{0x60,0xfffffff0},
{0x64,0x00000000},
{0x68,0xfffffff0},
{0x6c,0x00000000},
{0x70,0xfffffff0},
{0x74,0x00000000},
{0x78,0xfffffff0},
{0x7c,0x00000000},
{0xf0,0x1d},
{0x00,0x0e011100},
{0x04,0x10031302},
{0x08,0x12051504},
{0x0c,0x14071706},
{0x10,0x16091908},
{0x14,0x180b1b0a},
{0x18,0x1a0d1d0c},
{0x1c,0x1c0f0e22},
{0x20,0x11251024},
{0x24,0x13271226},
{0x28,0x200c200d},
{0x2c,0x200e200f},
{0x30,0x201a201b},
{0x34,0x201c201d},
{0x38,0x201e301f},
{0x3c,0x43004340},
{0x40,0x438043c0},
{0x44,0x44004440},
{0x48,0x448044c0},
{0x4c,0x45004540},
{0x50,0x48004840},
{0x54,0x488048c0},
{0x58,0x20002001},
{0x5c,0x20102011},
{0x60,0x20122013},
{0x64,0x20142015},
{0x68,0x20162017},
{0x6c,0x20182019},
{0x70,0x20202021},
{0x74,0x20222023},
{0x78,0x00000000},
{0x7c,0x00000000},
/*
{0xf0,0xe0},
{0x00,0x00000000},
{0x04,0x00240000},
{0x08,0x003c0024},
{0x0c,0x003f002c},
{0x10,0x00420041},
{0x14,0x004e0034},
{0x18,0x005b0058},
{0x1c,0x005a0053},
{0x20,0x00670053},
{0x24,0x00610061},
{0x28,0x006b006b},
{0x2c,0x0061006a},
{0x30,0x006f0057},
{0x34,0x006c005e},
{0x38,0x006d0067},
{0x3c,0x005c006e},
{0x40,0x006401f4},
{0x44,0x00640064},
{0x48,0x01900064},
{0x4c,0x00500190},
{0x50,0x00500050},
{0x54,0x012c0050},
{0x58,0x012c012c},
{0x5c,0x0028012c},
{0x60,0x00640000},
{0x64,0x00640064},
{0x68,0x00000032},
{0x6c,0x003c0000},
{0x70,0x00000000},
{0x74,0x00000000},
{0x78,0x00000000},
{0x7c,0x00000000},
{0xf0,0xe1},
{0x00,0x00000000},
{0x04,0x00000000},
{0x08,0x00000000},
{0x0c,0x00000000},
{0x10,0x00070009},
{0x14,0x000f001f},
{0x18,0x001d001a},
{0x1c,0x00280022},
{0x20,0x004a003e},
{0x24,0x004e0051},
{0x28,0x00600067},
{0x2c,0x005d006b},
{0x30,0x007b0074},
{0x34,0x007f0083},
{0x38,0x00850074},
{0x3c,0x00870073},
{0x40,0x00000000},
{0x44,0x00000000},
{0x48,0x00000000},
{0x4c,0x00000000},
{0x50,0x00000002},
{0x54,0x00000000},
{0x58,0x00000000},
{0x5c,0x00000000},
{0x60,0x00000000},
{0x64,0x00000000},
{0x68,0x00000000},
{0x6c,0x00000000},
{0x70,0x00000000},
{0x74,0x00000000},
{0x78,0x00000000},
{0x7c,0x00000000},
{0xf0,0xe2},
{0x00,0x00590077},
{0x04,0x006f005f},
{0x08,0x0065005d},
{0x0c,0x006a0073},
{0x10,0x00690070},
{0x14,0x0057005b},
{0x18,0x006d0063},
{0x1c,0x0070006a},
{0x20,0x005f005a},
{0x24,0x00680070},
{0x28,0x005c0078},
{0x2c,0x006f005c},
{0x30,0x00590072},
{0x34,0x0052005a},
{0x38,0x004b0066},
{0x3c,0x00420047},
{0x40,0x00840078},
{0x44,0x008b0084},
{0x48,0x00880077},
{0x4c,0x00650073},
{0x50,0x00840090},
{0x54,0x007c0073},
{0x58,0x007a0073},
{0x5c,0x006a007c},
{0x60,0x00890067},
{0x64,0x0072007f},
{0x68,0x007f006e},
{0x6c,0x00740062},
{0x70,0x00660077},
{0x74,0x004e005c},
{0x78,0x0044004c},
{0x7c,0x0030003f},
{0xf0,0xe3},
{0x00,0x00000000},
{0x04,0x00000000},
{0x08,0x00000000},
{0x0c,0x00000000},
{0x10,0x00000000},
{0x14,0x00000000},
{0x18,0x00000000},
{0x1c,0x00000000},
{0x20,0x00000000},
{0x24,0x00000000},
{0x28,0x00000000},
{0x2c,0x00000000},
{0x30,0x00000000},
{0x34,0x00000000},
{0x38,0x00000000},
{0x3c,0x00000000},
{0x40,0x00000000},
{0x44,0x00000000},
{0x48,0x00000000},
{0x4c,0x00000000},
{0x50,0x00000000},
{0x54,0x00000000},
{0x58,0x00000000},
{0x5c,0x00000000},
{0x60,0x00000000},
{0x64,0x00000000},
{0x68,0x00000000},
{0x6c,0x00000000},
{0x70,0x00000000},
{0x74,0x00000000},
{0x78,0x00000000},
{0x7c,0x00000000},
{0xf0,0xe4},
{0x00,0x00000000},
{0x04,0x00000000},
{0x08,0x00000000},
{0x0c,0x00000000},
{0x10,0x00000000},
{0x14,0x00000000},
{0x18,0x00000000},
{0x1c,0x00000000},
{0x20,0x00000000},
{0x24,0x00000000},
{0x28,0x00000000},
{0x2c,0x00000000},
{0x30,0x00000000},
{0x34,0x00000000},
{0x38,0x00000000},
{0x3c,0x00000000},
{0x40,0x00000000},
{0x44,0x00000000},
{0x48,0x00000000},
{0x4c,0x00000000},
{0x50,0x00000000},
{0x54,0x00000000},
{0x58,0x00000000},
{0x5c,0x00000000},
{0x60,0x00000000},
{0x64,0x00000000},
{0x68,0x00000000},
{0x6c,0x00000000},
{0x70,0x00000000},
{0x74,0x00000000},
{0x78,0x00000000},
{0x7c,0x00000000},
{0xf0,0xe5},
{0x00,0x00000000},
{0x04,0x00000000},
{0x08,0x00000000},
{0x0c,0x00000000},
{0x10,0x00000000},
{0x14,0x00000000},
{0x18,0x00000000},
{0x1c,0x00000000},
{0x20,0x00000000},
{0x24,0x00000000},
{0x28,0x00000000},
{0x2c,0x00000000},
{0x30,0x00000000},
{0x34,0x00000000},
{0x38,0x00000000},
{0x3c,0x00000000},
{0x40,0x00000000},
{0x44,0x00000000},
{0x48,0x00000000},
{0x4c,0x00000000},
{0x50,0x00000000},
{0x54,0x00000000},
{0x58,0x00000000},
{0x5c,0x00000000},
{0x60,0x00000000},
{0x64,0x00000000},
{0x68,0x00000000},
{0x6c,0x00000000},
{0x70,0x00000000},
{0x74,0x00000000},
{0x78,0x00000000},
{0x7c,0x00000000},
{0xf0,0xe6},
{0x00,0x00000000},
{0x04,0x00000000},
{0x08,0x00000000},
{0x0c,0x00000000},
{0x10,0x00000000},
{0x14,0x00000000},
{0x18,0x00000000},
{0x1c,0x00000000},
{0x20,0x00000000},
{0x24,0x00000000},
{0x28,0x00000000},
{0x2c,0x00000000},
{0x30,0x00000000},
{0x34,0x00000000},
{0x38,0x00000000},
{0x3c,0x00000000},
{0x40,0x00000000},
{0x44,0x00000000},
{0x48,0x00000000},
{0x4c,0x00000000},
{0x50,0x00000000},
{0x54,0x00000000},
{0x58,0x00000000},
{0x5c,0x00000000},
{0x60,0x00000000},
{0x64,0x00000000},
{0x68,0x00000000},
{0x6c,0x00000000},
{0x70,0x00000000},
{0x74,0x00000000},
{0x78,0x00000000},
{0x7c,0x00000000},
*/
{0xf0,0x1e},
{0x00,0x5a5a0f00},
{0x04,0x000031a4},
{0x08,0x000033b0},
{0x0c,0x0000350c},
{0x10,0x0000364c},
{0x14,0x00003748},
{0x18,0x00003900},
{0x1c,0x00003ab8},
{0x20,0x00003c0c},
{0x24,0x00003c28},
{0x28,0x00003dd0},
{0x2c,0x00003ed4},
{0x30,0x00003f84},
{0x34,0x000041bc},
{0x38,0x000042c4},
{0x3c,0x0000474c},
{0x40,0x00004950},
{0x44,0x00004acc},
{0x48,0x00004c5c},
{0x4c,0x00004f44},
{0x50,0x000052fc},
{0x54,0x00005390},
{0x58,0x000053f4},
{0x5c,0x000055b8},
{0x60,0x00000000},
{0x64,0x00000000},
{0x68,0x00000000},
{0x6c,0x00000000},
{0x70,0x00000000},
{0x74,0x00000000},
{0x78,0x00000000},
{0x7c,0x00000000},
{0xf0,0x1f},
{0x00,0x00000000},
{0x04,0x00000000},
{0x08,0x00000000},
{0x0c,0x00000000},
{0x10,0x00000000},
{0x14,0x00000000},
{0x18,0x00000000},
{0x1c,0x00000000},
{0x20,0x00000000},
{0x24,0x00000000},
{0x28,0x00000000},
{0x2c,0x00000000},
{0x30,0x00000000},
{0x34,0x00000000},
{0x38,0x00000000},
{0x3c,0x000025f0},
{0x40,0x00002910},
{0x44,0x00000000},
{0x48,0x00000000},
{0x4c,0x00002990},
{0x50,0x00002a50},
{0x54,0x00000000},
{0x58,0x00002b00},
{0x5c,0x00000000},
{0x60,0x00002c3c},
{0x64,0x00002f1c},
{0x68,0x00000000},
{0x6c,0x00000000},
{0x70,0x00000000},
{0x74,0x00002fec},
{0x78,0x00005680},
{0x7c,0x5a5a0ffc},
{0xf0,0x0},
{0x00,0x01000000},
{0x04,0x01000000},
{0x08,0x01000000},
{0x0c,0x233fc0c0},
{0x10,0xa2146004},
{0x14,0xa4102000},
{0x18,0xe4244000},
{0x1c,0x233fc0c0},
{0x20,0xa2146010},
{0x24,0x2500003f},
{0x28,0xa414a3ff},
{0x2c,0xe4244000},
{0x30,0x01000000},
{0x34,0x821020e0},
{0x38,0x81880001},
{0x3c,0x01000000},
{0x40,0x01000000},
{0x44,0xa410200f},
{0x48,0xe4a00040},
{0x4c,0x01000000},
{0x50,0xa0100000},
{0x54,0xa2100000},
{0x58,0xa4100000},
{0x5c,0xa6100000},
{0x60,0xa8100000},
{0x64,0xaa100000},
{0x68,0xac100000},
{0x6c,0xae100000},
{0x70,0x90100000},
{0x74,0x92100000},
{0x78,0x94100000},
{0x7c,0x96100000},
{0xf0,0x1},
{0x00,0x98100000},
{0x04,0x9a100000},
{0x08,0x9c100000},
{0x0c,0x9e100000},
{0x10,0x84100000},
{0x14,0x01000000},
{0x18,0x01000000},
{0x1c,0x82100000},
{0x20,0x81900001},
{0x24,0x82100000},
{0x28,0x81980001},
{0x2c,0x81800000},
{0x30,0x01000000},
{0x34,0x01000000},
{0x38,0x01000000},
{0x3c,0xbc102cfc},
{0x40,0x9c102cf8},
{0x44,0x01000000},
{0x48,0x01000000},
{0x4c,0x27001040},
{0x50,0xa614e00f},
{0x54,0xe6a00040},
{0x58,0x01000000},
{0x5c,0x40000309},
{0x60,0x01000000},
{0x64,0x01000000},
{0x68,0x10bfffff},
{0x6c,0x01000000},
{0x70,0x03169684},
{0x74,0x82106053},
{0x78,0x03296955},
{0x7c,0x82106280},
{0xf0,0x1a},
{0x00,0x9de3bf98},
{0x04,0x40000010},
{0x08,0x01000000},
{0x0c,0x40000007},
{0x10,0x01000000},
{0x14,0x40000369},
{0x18,0x01000000},
{0x1c,0x40000015},
{0x20,0x01000000},
{0x24,0x30bffffe},
{0x28,0x82102001},
{0x2c,0x81904000},
{0x30,0x01000000},
{0x34,0x01000000},
{0x38,0x01000000},
{0x3c,0x81c3e008},
{0x40,0x01000000},
{0x44,0x03000008},
{0x48,0x82106342},
{0x4c,0xa3804000},
{0x50,0x03000004},
{0x54,0x82106000},
{0x58,0x81984000},
{0x5c,0x01000000},
{0x60,0x01000000},
{0x64,0x01000000},
{0x68,0x81c3e008},
{0x6c,0x01000000},
{0x70,0x01000000},
{0x74,0x01000000},
{0x78,0x01000000},
{0x7c,0xa7800000},
{0xf0,0x1b},
{0x00,0x01000000},
{0x04,0x01000000},
{0x08,0x01000000},
{0x0c,0x81c3e008},
{0x10,0x01000000},
{0x14,0x80a22000},
{0x18,0x02800006},
{0x1c,0x01000000},
{0x20,0x01000000},
{0x24,0x90823fff},
{0x28,0x12bffffe},
{0x2c,0x01000000},
{0x30,0x81c3e008},
{0x34,0x01000000},
{0x38,0x01000000},
{0x3c,0x05001040},
{0x40,0x8410a00f},
{0x44,0xc4a00040},
{0x48,0x01000000},
{0x4c,0x81c3e008},
{0x50,0x01000000},
{0x54,0x9de3bf98},
{0x58,0x82102000},
{0x5c,0x80a04019},
{0x60,0x16800015},
{0x64,0x9e100019},
{0x68,0xb6006001},
{0x6c,0x80a6c00f},
{0x70,0x1680000f},
{0x74,0xba10001b},
{0x78,0xb3286002},
{0x7c,0xb52f6002},
{0xf0,0x1c},
{0x00,0xf8060019},
{0x04,0xc206001a},
{0x08,0x80a70001},
{0x0c,0x04800004},
{0x10,0xba076001},
{0x14,0xc2260019},
{0x18,0xf826001a},
{0x1c,0x80a7400f},
{0x20,0x06bffff8},
{0x24,0xb52f6002},
{0x28,0x80a6c00f},
{0x2c,0x06bfffef},
{0x30,0x8210001b},
{0x34,0x81c7e008},
{0x38,0x81e80000},
{0x3c,0x00000000},
{0x40,0x00000000},
{0x44,0x00000000},
{0x48,0x00000000},
{0x4c,0x00000000},
{0x50,0x00000000},
{0x54,0x00000000},
{0x58,0x00000000},
{0x5c,0x00000000},
{0x60,0x00000000},
{0x64,0x00000000},
{0x68,0x00000000},
{0x6c,0x00000000},
{0x70,0x00000000},
{0x74,0x00000000},
{0x78,0x00000000},
{0x7c,0x00000000},
{0xf0,0x20},
{0x00,0x83580000},
{0x04,0x82086ff0},
{0x08,0x83306004},
{0x0c,0x80a06005},
{0x10,0x02800027},
{0x14,0x01000000},
{0x18,0x80a06006},
{0x1c,0x0280003c},
{0x20,0x01000000},
{0x24,0x80a06015},
{0x28,0x02800054},
{0x2c,0x01000000},
{0x30,0x80a0602a},
{0x34,0x02800090},
{0x38,0x01000000},
{0x3c,0x80a06018},
{0x40,0x02800085},
{0x44,0x01000000},
{0x48,0x073fc180},
{0x4c,0x8610e03c},
{0x50,0x05169680},
{0x54,0x84004002},
{0x58,0xc420c000},
{0x5c,0x073fc000},
{0x60,0x8610e020},
{0x64,0x84102001},
{0x68,0xc420c000},
{0x6c,0x0500000c},
{0x70,0x01000000},
{0x74,0x01000000},
{0x78,0x8480bfff},
{0x7c,0x12bffffe},
{0xf0,0x21},
{0x00,0x01000000},
{0x04,0x01000000},
{0x08,0x073fc000},
{0x0c,0x8610e020},
{0x10,0x84102000},
{0x14,0xc420c000},
{0x18,0x01000000},
{0x1c,0x01000000},
{0x20,0x81c44000},
{0x24,0x81cc8000},
{0x28,0x01000000},
{0x2c,0xa7500000},
{0x30,0xa92ce002},
{0x34,0xa734e001},
{0x38,0xa614c014},
{0x3c,0xa60ce007},
{0x40,0x81900000},
{0x44,0x01000000},
{0x48,0x01000000},
{0x4c,0x81e00000},
{0x50,0xe03ba000},
{0x54,0xe43ba008},
{0x58,0xe83ba010},
{0x5c,0xec3ba018},
{0x60,0xf03ba020},
{0x64,0xf43ba028},
{0x68,0xf83ba030},
{0x6c,0xfc3ba038},
{0x70,0x81e80000},
{0x74,0x8194c000},
{0x78,0x01000000},
{0x7c,0x01000000},
{0xf0,0x22},
{0x00,0x81c44000},
{0x04,0x81cc8000},
{0x08,0x01000000},
{0x0c,0xa7500000},
{0x10,0xa934e002},
{0x14,0xa72ce001},
{0x18,0xa614c014},
{0x1c,0xa60ce007},
{0x20,0x81900000},
{0x24,0x01000000},
{0x28,0x01000000},
{0x2c,0x81e80000},
{0x30,0x81e80000},
{0x34,0xe01ba000},
{0x38,0xe41ba008},
{0x3c,0xe81ba010},
{0x40,0xec1ba018},
{0x44,0xf01ba020},
{0x48,0xf41ba028},
{0x4c,0xf81ba030},
{0x50,0xfc1ba038},
{0x54,0x81e00000},
{0x58,0x81e00000},
{0x5c,0x8194c000},
{0x60,0x01000000},
{0x64,0x01000000},
{0x68,0x81c44000},
{0x6c,0x81cc8000},
{0x70,0x01000000},
{0x74,0x01000000},
{0x78,0x82102010},
{0x7c,0x273fc0c0},
{0xf0,0x23},
{0x00,0xa614e010},
{0x04,0xc224c000},
{0x08,0x01000000},
{0x0c,0x033fc0c0},
{0x10,0x82106004},
{0x14,0xa6102000},
{0x18,0xe6204000},
{0x1c,0x01000000},
{0x20,0x01000000},
{0x24,0x01000000},
{0x28,0xa6102020},
{0x2c,0x83480000},
{0x30,0x82104013},
{0x34,0x81884000},
{0x38,0x01000000},
{0x3c,0x40000490},
{0x40,0x01000000},
{0x44,0x01000000},
{0x48,0x01000000},
{0x4c,0xa7500000},
{0x50,0xa934e002},
{0x54,0xa72ce001},
{0x58,0xa614c014},
{0x5c,0xa60ce007},
{0x60,0x81900000},
{0x64,0x01000000},
{0x68,0x81e80000},
{0x6c,0xe01ba000},
{0x70,0xe41ba008},
{0x74,0xe81ba010},
{0x78,0xec1ba018},
{0x7c,0xf01ba020},
{0xf0,0x24},
{0x00,0xf41ba028},
{0x04,0xf81ba030},
{0x08,0xfc1ba038},
{0x0c,0x81e00000},
{0x10,0x8194c000},
{0x14,0x01000000},
{0x18,0xa6102020},
{0x1c,0x83480000},
{0x20,0x82284013},
{0x24,0x81884000},
{0x28,0x01000000},
{0x2c,0x033fc0c0},
{0x30,0x82106004},
{0x34,0xa6103fff},
{0x38,0xe6204000},
{0x3c,0x01000000},
{0x40,0x01000000},
{0x44,0x01000000},
{0x48,0x81c44000},
{0x4c,0x81cc8000},
{0x50,0x01000000},
{0x54,0x82102080},
{0x58,0x273fc0c0},
{0x5c,0xa614e010},
{0x60,0xc224c000},
{0x64,0x01000000},
{0x68,0x81c44000},
{0x6c,0x81cc8000},
{0x70,0x01000000},
{0x74,0x81c48000},
{0x78,0x81cca004},
{0x7c,0x01000000},
{0xf0,0x25},
{0x00,0x033fc140},
{0x04,0x82106048},
{0x08,0xda004000},
{0x0c,0x03000040},
{0x10,0x808b4001},
{0x14,0x0300001d},
{0x18,0x12800004},
{0x1c,0x90106170},
{0x20,0x03000022},
{0x24,0x901063f0},
{0x28,0x81c3e008},
{0x2c,0x01000000},
{0x30,0x033fc200},
{0x34,0x96106100},
{0x38,0x98102000},
{0x3c,0x9b2b2002},
{0x40,0x98032001},
{0x44,0xc202000d},
{0x48,0x80a3201b},
{0x4c,0x04bffffc},
{0x50,0xc223400b},
{0x54,0x81c3e008},
{0x58,0x01000000},
{0x5c,0x033fc200},
{0x60,0x96106200},
{0x64,0x82102000},
{0x68,0x80a0601f},
{0x6c,0x98006001},
{0x70,0x9b286002},
{0x74,0x14800004},
{0x78,0x82004001},
{0x7c,0x10800003},
{0xf0,0x26},
{0x00,0xc2106400},
{0x04,0xc2106e68},
{0x08,0xc223400b},
{0x0c,0x80a32047},
{0x10,0x04bffff6},
{0x14,0x8210000c},
{0x18,0x81c3e008},
{0x1c,0x01000000},
{0x20,0x833a201f},
{0x24,0x8330601e},
{0x28,0x82020001},
{0x2c,0x83386002},
{0x30,0x98102004},
{0x34,0x98230001},
{0x38,0x9a380008},
{0x3c,0x033fc200},
{0x40,0x992b2002},
{0x44,0x9a0b6003},
{0x48,0x82106008},
{0x4c,0xd0030001},
{0x50,0x9b2b6003},
{0x54,0x9132000d},
{0x58,0x81c3e008},
{0x5c,0x900a20ff},
{0x60,0x80a22000},
{0x64,0x12800005},
{0x68,0x901a6003},
{0x6c,0x033fc200},
{0x70,0x10800004},
{0x74,0x82106148},
{0x78,0x033fc200},
{0x7c,0x82106100},
{0xf0,0x27},
{0x00,0x81c3e008},
{0x04,0xd00a0001},
{0x08,0x9de3bf98},
{0x0c,0x033fc200},
{0x10,0xba0e6003},
{0x14,0x9a106148},
{0x18,0x9e106100},
{0x1c,0xb92f6003},
{0x20,0x80a62000},
{0x24,0x821020ff},
{0x28,0xb3366002},
{0x2c,0xb128401c},
{0x30,0xb72e801c},
{0x34,0x12800007},
{0x38,0xbb2e6002},
{0x3c,0xc207400d},
{0x40,0x82284018},
{0x44,0x8210401b},
{0x48,0x10800006},
{0x4c,0xc227400d},
{0x50,0xc207400f},
{0x54,0x82284018},
{0x58,0x8210401b},
{0x5c,0xc227400f},
{0x60,0x81c7e008},
{0x64,0x81e80000},
{0x68,0x9de3be78},
{0x6c,0x033fc140},
{0x70,0x82106048},
{0x74,0xda004000},
{0x78,0x03000040},
{0x7c,0x808b4001},
{0xf0,0x28},
{0x00,0x0300001d},
{0x04,0x98106170},
{0x08,0x12800004},
{0x0c,0xa0102000},
{0x10,0x03000022},
{0x14,0x981063f0},
{0x18,0x80a62000},
{0x1c,0x32800027},
{0x20,0xc200247c},
{0x24,0x821e6001},
{0x28,0x82004001},
{0x2c,0x98030001},
{0x30,0x96102000},
{0x34,0xc20022f8},
{0x38,0x80a2c001},
{0x3c,0x1a80000c},
{0x40,0x9a07bed8},
{0x44,0xc200247c},
{0x48,0x825ac001},
{0x4c,0x82004001},
{0x50,0xc2130001},
{0x54,0xc2234000},
{0x58,0x9602e001},
{0x5c,0xc20022f8},
{0x60,0x80a2c001},
{0x64,0x0abffff8},
{0x68,0x9a036004},
{0x6c,0x9007bed8},
{0x70,0x7ffffe59},
{0x74,0xd20022f8},
{0x78,0xf01023ea},
{0x7c,0xd81023e8},
{0xf0,0x29},
{0x00,0x80a6000c},
{0x04,0x18800030},
{0x08,0x96100018},
{0x0c,0x832e2002},
{0x10,0x8200401e},
{0x14,0x9a007ed8},
{0x18,0xc2034000},
{0x1c,0x9602e001},
{0x20,0xa0040001},
{0x24,0x80a2c00c},
{0x28,0x08bffffc},
{0x2c,0x9a036004},
{0x30,0x10800026},
{0x34,0x82230018},
{0x38,0x82584019},
{0x3c,0x82004001},
{0x40,0x98030001},
{0x44,0x96102000},
{0x48,0xc20022fc},
{0x4c,0x80a2c001},
{0x50,0x1a80000b},
{0x54,0x9a07bed8},
{0x58,0xc20aee80},
{0x5c,0x82004001},
{0x60,0xc2130001},
{0x64,0xc2234000},
{0x68,0x9602e001},
{0x6c,0xc20022fc},
{0x70,0x80a2c001},
{0x74,0x0abffff9},
{0x78,0x9a036004},
{0x7c,0x9007bed8},
{0xf0,0x2a},
{0x00,0x7ffffe35},
{0x04,0xd20022fc},
{0x08,0x832e2002},
{0x0c,0xf01063ea},
{0x10,0xd81063e8},
{0x14,0x80a6000c},
{0x18,0x1880000b},
{0x1c,0x96100018},
{0x20,0x832e2002},
{0x24,0x8200401e},
{0x28,0x9a007ed8},
{0x2c,0xc2034000},
{0x30,0x9602e001},
{0x34,0xa0040001},
{0x38,0x80a2c00c},
{0x3c,0x08bffffc},
{0x40,0x9a036004},
{0x44,0x82230018},
{0x48,0x82006001},
{0x4c,0x81800000},
{0x50,0x01000000},
{0x54,0x01000000},
{0x58,0x01000000},
{0x5c,0xb0740001},
{0x60,0x81c7e008},
{0x64,0x81e80000},
{0x68,0x9de3bf98},
{0x6c,0xc200247c},
{0x70,0x83306001},
{0x74,0x80a60001},
{0x78,0x1a800006},
{0x7c,0x90100018},
{0xf0,0x2b},
{0x00,0x7fffff68},
{0x04,0x01000000},
{0x08,0x10800006},
{0x0c,0xb0020008},
{0x10,0x7fffff64},
{0x14,0x90260001},
{0x18,0x90020008},
{0x1c,0xb0022001},
{0x20,0x81c7e008},
{0x24,0x81e80000},
{0x28,0x9de3bf98},
{0x2c,0xc2102348},
{0x30,0x80a06000},
{0x34,0xe410234a},
{0x38,0x02800003},
{0x3c,0xa6102800},
{0x40,0xa6100001},
{0x44,0x80a62007},
{0x48,0x18800035},
{0x4c,0xa2102000},
{0x50,0xc200247c},
{0x54,0x80a44001},
{0x58,0x1a80002b},
{0x5c,0x80a62007},
{0x60,0x7fffffe2},
{0x64,0x90100011},
{0x68,0x92100008},
{0x6c,0xa4100008},
{0x70,0x7fffff5c},
{0x74,0x90102000},
{0x78,0x80a62000},
{0x7c,0x12800004},
{0xf0,0x2c},
{0x00,0xa0100008},
{0x04,0x10800015},
{0x08,0xa0102000},
{0x0c,0x80a62007},
{0x10,0x18800010},
{0x14,0x80a62006},
{0x18,0x7fffff1a},
{0x1c,0x01000000},
{0x20,0x94100008},
{0x24,0x92100011},
{0x28,0x7fffff70},
{0x2c,0x90102000},
{0x30,0x82102007},
{0x34,0x82204018},
{0x38,0x9a102001},
{0x3c,0x80a20013},
{0x40,0x04800003},
{0x44,0x9b2b4001},
{0x48,0xa02c000d},
{0x4c,0x80a62006},
{0x50,0x18800008},
{0x54,0x92100012},
{0x58,0x9a102006},
{0x5c,0x9a234018},
{0x60,0x82102001},
{0x64,0x8328400d},
{0x68,0xa0140001},
{0x6c,0x92100012},
{0x70,0x94100010},
{0x74,0x7fffff45},
{0x78,0x90102000},
{0x7c,0x10bfffd5},
{0xf0,0x2d},
{0x00,0xa2046001},
{0x04,0x12800042},
{0x08,0x033fc200},
{0x0c,0xda002570},
{0x10,0x82106030},
{0x14,0x1080003e},
{0x18,0xda204000},
{0x1c,0xc20022f8},
{0x20,0x80a44001},
{0x24,0xb0063ff8},
{0x28,0x1a80002e},
{0x2c,0x92100011},
{0x30,0x7fffff2c},
{0x34,0x90102001},
{0x38,0x80a62000},
{0x3c,0x12800004},
{0x40,0xa0100008},
{0x44,0x1080001a},
{0x48,0xa0102000},
{0x4c,0x80a62007},
{0x50,0x18800015},
{0x54,0x80a62006},
{0x58,0x7ffffeea},
{0x5c,0x01000000},
{0x60,0x94100008},
{0x64,0xc208217d},
{0x68,0x92100011},
{0x6c,0x80a44001},
{0x70,0x06800003},
{0x74,0x90102001},
{0x78,0x90102002},
{0x7c,0x7fffff3b},
{0xf0,0x2e},
{0x00,0x01000000},
{0x04,0x82102007},
{0x08,0x82204018},
{0x0c,0x9a102001},
{0x10,0x80a20012},
{0x14,0x04800003},
{0x18,0x9b2b4001},
{0x1c,0xa02c000d},
{0x20,0x80a62006},
{0x24,0x18800008},
{0x28,0x92100011},
{0x2c,0x9a102006},
{0x30,0x9a234018},
{0x34,0x82102001},
{0x38,0x8328400d},
{0x3c,0xa0140001},
{0x40,0x92100011},
{0x44,0x94100010},
{0x48,0x7fffff10},
{0x4c,0x90102001},
{0x50,0xa2046001},
{0x54,0xc20022f8},
{0x58,0x10bfffd4},
{0x5c,0x80a44001},
{0x60,0x80a62007},
{0x64,0x1280000a},
{0x68,0x033fc200},
{0x6c,0x98106100},
{0x70,0xa2102000},
{0x74,0x9b2c6002},
{0x78,0xa2046001},
{0x7c,0xc203400c},
{0xf0,0x2f},
{0x00,0x80a4601b},
{0x04,0x04bffffc},
{0x08,0xc22365b0},
{0x0c,0x81c7e008},
{0x10,0x81e80000},
{0x14,0x98102000},
{0x18,0x9610201e},
{0x1c,0x80a22000},
{0x20,0x12800003},
{0x24,0x8210000c},
{0x28,0x8222c00c},
{0x2c,0x83286002},
{0x30,0xda006480},
{0x34,0x80a37ff0},
{0x38,0x02800006},
{0x3c,0x98032002},
{0x40,0xc2006484},
{0x44,0x80a3201f},
{0x48,0x04bffff5},
{0x4c,0xc2234000},
{0x50,0x81c3e008},
{0x54,0x01000000},
{0x58,0x9de3bf98},
{0x5c,0xda002508},
{0x60,0x033fc000},
{0x64,0x9a0b4001},
{0x68,0x173fc180},
{0x6c,0x03202020},
{0x70,0x82106080},
{0x74,0x9812e038},
{0x78,0xc2230000},
{0x7c,0x03168000},
{0xf0,0x30},
{0x00,0x80a34001},
{0x04,0xc022c000},
{0x08,0xa6102000},
{0x0c,0x1280000b},
{0x10,0xa8102000},
{0x14,0x0300003f},
{0x18,0xda002548},
{0x1c,0x821063ff},
{0x20,0x9a0b4001},
{0x24,0xd8002508},
{0x28,0x033fffc0},
{0x2c,0x980b0001},
{0x30,0x9a13400c},
{0x34,0xda202548},
{0x38,0x80a62000},
{0x3c,0x1680002b},
{0x40,0x1b296956},
{0x44,0x1b3fc040},
{0x48,0xc2002548},
{0x4c,0x8208400d},
{0x50,0x1b168040},
{0x54,0x80a0400d},
{0x58,0x22800002},
{0x5c,0xa6102001},
{0x60,0xda002664},
{0x64,0xc20021dc},
{0x68,0x80a34001},
{0x6c,0x1a80001f},
{0x70,0x1b296956},
{0x74,0x031696a9},
{0x78,0xda00250c},
{0x7c,0x821061a5},
{0xf0,0x31},
{0x00,0x80a34001},
{0x04,0x02800006},
{0x08,0x03296956},
{0x0c,0x8210625a},
{0x10,0x80a34001},
{0x14,0x12800015},
{0x18,0x1b296956},
{0x1c,0xc200254c},
{0x20,0x80886004},
{0x24,0x32800002},
{0x28,0xa8102001},
{0x2c,0x11000028},
{0x30,0x1300002e},
{0x34,0x90122270},
{0x38,0x40000174},
{0x3c,0x921260f0},
{0x40,0x03000034},
{0x44,0x96106130},
{0x48,0x98102000},
{0x4c,0x9b2b2002},
{0x50,0x98032001},
{0x54,0xc20365b0},
{0x58,0x80a3201b},
{0x5c,0x08bffffc},
{0x60,0xc223400b},
{0x64,0x1b296956},
{0x68,0x80a00013},
{0x6c,0x82380018},
{0x70,0xa413625a},
{0x74,0x92402000},
{0x78,0x8330601f},
{0x7c,0x1b1696a9},
{0xf0,0x32},
{0x00,0xa21361a5},
{0x04,0x90104009},
{0x08,0xde00254c},
{0x0c,0xe0002548},
{0x10,0x98102500},
{0x14,0xc200250c},
{0x18,0x96033a50},
{0x1c,0x941b250c},
{0x20,0x80a04012},
{0x24,0x02800007},
{0x28,0x9a184011},
{0x2c,0x80a0000d},
{0x30,0x82603fff},
{0x34,0x80904009},
{0x38,0x0280000a},
{0x3c,0x80a22000},
{0x40,0x80a2e0f0},
{0x44,0x9a402000},
{0x48,0x80a0000a},
{0x4c,0x82603fff},
{0x50,0x80934001},
{0x54,0x3280000a},
{0x58,0x98032004},
{0x5c,0x80a22000},
{0x60,0x02800005},
{0x64,0x82033960},
{0x68,0x80a0603f},
{0x6c,0x28800004},
{0x70,0x98032004},
{0x74,0xc0230000},
{0x78,0x98032004},
{0x7c,0x80a32877},
{0xf0,0x33},
{0x00,0x28bfffe6},
{0x04,0xc200250c},
{0x08,0x80a62000},
{0x0c,0x06800006},
{0x10,0x0300003f},
{0x14,0x821063ff},
{0x18,0x820bc001},
{0x1c,0x10800006},
{0x20,0xc220254c},
{0x24,0xc21022d4},
{0x28,0x83286010},
{0x2c,0xc22026a0},
{0x30,0x80a62000},
{0x34,0x36800008},
{0x38,0xc2002548},
{0x3c,0xc200254c},
{0x40,0x9a050014},
{0x44,0x82087ffd},
{0x48,0x8210400d},
{0x4c,0xc220254c},
{0x50,0xc2002548},
{0x54,0xd8002334},
{0x58,0xda0023c8},
{0x5c,0x98032001},
{0x60,0x92087dff},
{0x64,0x9b336012},
{0x68,0x9a0b6200},
{0x6c,0x83332001},
{0x70,0x9212400d},
{0x74,0x113fc200},
{0x78,0x82030001},
{0x7c,0xda002344},
{0xf0,0x34},
{0x00,0x96122030},
{0x04,0xc220258c},
{0x08,0xda22c000},
{0x0c,0x95342018},
{0x10,0xda20257c},
{0x14,0x80a2a05a},
{0x18,0xd8202554},
{0x1c,0xd8202588},
{0x20,0xd2202548},
{0x24,0x12800009},
{0x28,0xda202570},
{0x2c,0x0300003f},
{0x30,0x821063ff},
{0x34,0x1b3fffc0},
{0x38,0x820a4001},
{0x3c,0x9a0c000d},
{0x40,0x8210400d},
{0x44,0xc2202548},
{0x48,0x80a4e001},
{0x4c,0x1280000c},
{0x50,0x03296956},
{0x54,0xc2002548},
{0x58,0x83306012},
{0x5c,0x80886001},
{0x60,0x32800010},
{0x64,0x82102035},
{0x68,0x9a122074},
{0x6c,0xc2002330},
{0x70,0xc2234000},
{0x74,0x1080000b},
{0x78,0x82102035},
{0x7c,0xda00250c},
{0xf0,0x35},
{0x00,0x8210625a},
{0x04,0x80a34001},
{0x08,0x12800009},
{0x0c,0x01000000},
{0x10,0xc200254c},
{0x14,0x80886002},
{0x18,0x12800005},
{0x1c,0x82102021},
{0x20,0xc2202500},
{0x24,0x7ffffe03},
{0x28,0x91e825b0},
{0x2c,0x01000000},
{0x30,0x81c7e008},
{0x34,0x81e80000},
{0x38,0x9de3bf98},
{0x3c,0x40000234},
{0x40,0x90102000},
{0x44,0x133fc200},
{0x48,0xe80021fc},
{0x4c,0xc2002298},
{0x50,0x98126070},
{0x54,0xc2230000},
{0x58,0x033fc000},
{0x5c,0xd8002338},
{0x60,0x82106030},
{0x64,0xd8204000},
{0x68,0xc200232c},
{0x6c,0x90126074},
{0x70,0xc2220000},
{0x74,0x1b3fc140},
{0x78,0x0300003f},
{0x7c,0xa013608c},
{0xf0,0x36},
{0x00,0x9e136058},
{0x04,0xa213605c},
{0x08,0xa4136080},
{0x0c,0xa6136084},
{0x10,0x821063ff},
{0x14,0x1500001d},
{0x18,0xc223c000},
{0x1c,0x9412a170},
{0x20,0x17000022},
{0x24,0x9a136088},
{0x28,0xd4234000},
{0x2c,0x9612e3f0},
{0x30,0x03200040},
{0x34,0xd6240000},
{0x38,0x82106101},
{0x3c,0xc2224000},
{0x40,0x033fc0c0},
{0x44,0x82106004},
{0x48,0xc0204000},
{0x4c,0xc0244000},
{0x50,0xd4248000},
{0x54,0xd624c000},
{0x58,0x80a52000},
{0x5c,0xc2002374},
{0x60,0xd600247c},
{0x64,0x02800006},
{0x68,0xd40022f8},
{0x6c,0x82584014},
{0x70,0x82006800},
{0x74,0x10800003},
{0x78,0xa130600c},
{0x7c,0xa0100001},
{0xf0,0x37},
{0x00,0x1b3fc140},
{0x04,0x98136040},
{0x08,0xd0030000},
{0x0c,0x9732e001},
{0x10,0x825ac00a},
{0x14,0x900a3800},
{0x18,0x90120001},
{0x1c,0xd0230000},
{0x20,0x9a136004},
{0x24,0xd0034000},
{0x28,0x900a3fe0},
{0x2c,0x9012000b},
{0x30,0x193fc200},
{0x34,0x82132080},
{0x38,0xd0234000},
{0x3c,0xd0004000},
{0x40,0x900a3fe0},
{0x44,0xa210000c},
{0x48,0x90122014},
{0x4c,0xd0204000},
{0x50,0x98102000},
{0x54,0x96146008},
{0x58,0x9b2b2002},
{0x5c,0x98032001},
{0x60,0xc2036380},
{0x64,0x80a32004},
{0x68,0x04bffffc},
{0x6c,0xc223400b},
{0x70,0x7ffffdbb},
{0x74,0x01000000},
{0x78,0x9814607c},
{0x7c,0xd0030000},
{0xf0,0x38},
{0x00,0x033ff000},
{0x04,0x902a0001},
{0x08,0xd0230000},
{0x0c,0x033fc1c0},
{0x10,0xd8002340},
{0x14,0x82106064},
{0x18,0xd8204000},
{0x1c,0x1b3fc140},
{0x20,0x0300007f},
{0x24,0x94136010},
{0x28,0x821063ff},
{0x2c,0x92136030},
{0x30,0x1707ffc0},
{0x34,0xc2228000},
{0x38,0x9a136014},
{0x3c,0xd6224000},
{0x40,0x80a42000},
{0x44,0x0280000f},
{0x48,0xd6234000},
{0x4c,0x952c2010},
{0x50,0x82042001},
{0x54,0x9b2c2004},
{0x58,0x83286010},
{0x5c,0x9a02800d},
{0x60,0x98146084},
{0x64,0xda230000},
{0x68,0x82004010},
{0x6c,0x96146088},
{0x70,0x9214608c},
{0x74,0x82006002},
{0x78,0xd422c000},
{0x7c,0xc2224000},
{0xf0,0x39},
{0x00,0xc2002174},
{0x04,0x80a06000},
{0x08,0x02800007},
{0x0c,0x173fc080},
{0x10,0xc2082174},
{0x14,0xda082177},
{0x18,0x9812e008},
{0x1c,0xc2230000},
{0x20,0xda22c000},
{0x24,0x7ffffecd},
{0x28,0x90103fff},
{0x2c,0x7ffffeba},
{0x30,0x90102001},
{0x34,0x033fc0c0},
{0x38,0x9a103fff},
{0x3c,0x82106004},
{0x40,0xda204000},
{0x44,0x1b200040},
{0x48,0x033fc200},
{0x4c,0xda204000},
{0x50,0x81c7e008},
{0x54,0x81e80000},
{0x58,0x9de3bf98},
{0x5c,0xc2002508},
{0x60,0x808860ff},
{0x64,0x0280001c},
{0x68,0x01000000},
{0x6c,0xc2002508},
{0x70,0x820860ff},
{0x74,0x80a04018},
{0x78,0x213c0000},
{0x7c,0x12800014},
{0xf0,0x3a},
{0x00,0x033fc180},
{0x04,0x7ffffc2d},
{0x08,0x01000000},
{0x0c,0x1b002000},
{0x10,0x033fc180},
{0x14,0x9a2c000d},
{0x18,0x82106034},
{0x1c,0xda204000},
{0x20,0x033fc040},
{0x24,0x8210600c},
{0x28,0x1100000a},
{0x2c,0xc0204000},
{0x30,0x7ffffc19},
{0x34,0x90122104},
{0x38,0xc2002508},
{0x3c,0x820860ff},
{0x40,0x80a04018},
{0x44,0x10bfffee},
{0x48,0xa0042001},
{0x4c,0x8210603c},
{0x50,0xc0204000},
{0x54,0x81c7e008},
{0x58,0x81e80000},
{0x5c,0x9a102000},
{0x60,0x832b6002},
{0x64,0x9a036001},
{0x68,0x80a3659f},
{0x6c,0x08bffffd},
{0x70,0xc0220001},
{0x74,0x81c3e008},
{0x78,0x01000000},
{0x7c,0xc20022f8},
{0xf0,0x3b},
{0x00,0xda00247c},
{0x04,0x8258400d},
{0x08,0x83306001},
{0x0c,0x96102000},
{0x10,0x80a2c001},
{0x14,0x1a80003b},
{0x18,0x0300003f},
{0x1c,0x941063ff},
{0x20,0x98102000},
{0x24,0x80a26001},
{0x28,0x0280002e},
{0x2c,0x80a26004},
{0x30,0x12800008},
{0x34,0x80a26008},
{0x38,0xc2030008},
{0x3c,0x9a08400a},
{0x40,0x83306012},
{0x44,0x83286010},
{0x48,0x10800014},
{0x4c,0x9b336002},
{0x50,0x28800015},
{0x54,0xda02000c},
{0x58,0xda030008},
{0x5c,0x83336010},
{0x60,0x82004001},
{0x64,0x9a0b400a},
{0x68,0x81800000},
{0x6c,0x01000000},
{0x70,0x01000000},
{0x74,0x01000000},
{0x78,0x82704009},
{0x7c,0x9a03400d},
{0xf0,0x3c},
{0x00,0x83286010},
{0x04,0x81800000},
{0x08,0x01000000},
{0x0c,0x01000000},
{0x10,0x01000000},
{0x14,0x9a734009},
{0x18,0x8200400d},
{0x1c,0x10800011},
{0x20,0xc2230008},
{0x24,0x83336010},
{0x28,0x81800000},
{0x2c,0x01000000},
{0x30,0x01000000},
{0x34,0x01000000},
{0x38,0x82704009},
{0x3c,0x9a0b400a},
{0x40,0x83286010},
{0x44,0x81800000},
{0x48,0x01000000},
{0x4c,0x01000000},
{0x50,0x01000000},
{0x54,0x9a734009},
{0x58,0x8200400d},
{0x5c,0xc222000c},
{0x60,0xc20022f8},
{0x64,0xda00247c},
{0x68,0x8258400d},
{0x6c,0x9602e001},
{0x70,0x83306001},
{0x74,0x80a2c001},
{0x78,0x0abfffcb},
{0x7c,0x98032004},
{0xf0,0x3d},
{0x00,0x81c3e008},
{0x04,0x01000000},
{0x08,0x98102000},
{0x0c,0x9b2b2002},
{0x10,0x98032001},
{0x14,0xc202000d},
{0x18,0x80a3259f},
{0x1c,0x04bffffc},
{0x20,0xc222400d},
{0x24,0x81c3e008},
{0x28,0x01000000},
{0x2c,0xd6020000},
{0x30,0xd8024000},
{0x34,0x9132e010},
{0x38,0x95332010},
{0x3c,0x900a2fff},
{0x40,0x940aafff},
{0x44,0x03000007},
{0x48,0x9a22000a},
{0x4c,0x821063ff},
{0x50,0x940b0001},
{0x54,0x900ac001},
{0x58,0x9022000a},
{0x5c,0x9a5b400d},
{0x60,0x905a0008},
{0x64,0x81c3e008},
{0x68,0x90034008},
{0x6c,0x9de3bf88},
{0x70,0x825e602a},
{0x74,0x82004018},
{0x78,0x3b000033},
{0x7c,0xba176370},
{0xf0,0x3e},
{0x00,0x83286002},
{0x04,0xf400401d},
{0x08,0x033fc000},
{0x0c,0x82106001},
{0x10,0xc227bfe8},
{0x14,0x03000040},
{0x18,0xc227bfec},
{0x1c,0x033fc040},
{0x20,0x821061fe},
{0x24,0xc227bff0},
{0x28,0x0300bf80},
{0x2c,0x82106101},
{0x30,0xc227bff4},
{0x34,0x9e10001d},
{0x38,0xb6102000},
{0x3c,0x9a07bff8},
{0x40,0xba06c00d},
{0x44,0xc24f7ff0},
{0x48,0xb0060001},
{0x4c,0xc24f7ff8},
{0x50,0xb2064001},
{0x54,0x82067fff},
{0x58,0x82164001},
{0x5c,0x80a62000},
{0x60,0x0480001c},
{0x64,0xbb30601f},
{0x68,0xc2002308},
{0x6c,0x80a04018},
{0x70,0x82402000},
{0x74,0x8090401d},
{0x78,0x32800017},
{0x7c,0xb606e001},
{0xf0,0x3f},
{0x00,0xc2002300},
{0x04,0x80a64001},
{0x08,0x18800012},
{0x0c,0xba5e602a},
{0x10,0x82074018},
{0x14,0x80a6e003},
{0x18,0x14800008},
{0x1c,0xb9286002},
{0x20,0xc207000f},
{0x24,0x80a0401a},
{0x28,0x2680000b},
{0x2c,0xb606e001},
{0x30,0x1080000d},
{0x34,0xb0102000},
{0x38,0xc207000f},
{0x3c,0x80a0401a},
{0x40,0x24800005},
{0x44,0xb606e001},
{0x48,0x10800007},
{0x4c,0xb0102000},
{0x50,0xb606e001},
{0x54,0x80a6e007},
{0x58,0x04bfffdb},
{0x5c,0xba06c00d},
{0x60,0xb0102001},
{0x64,0x81c7e008},
{0x68,0x81e80000},
{0x6c,0xc020255c},
{0x70,0xc0202514},
{0x74,0x9a102000},
{0x78,0x832b6002},
{0x7c,0x9a036001},
{0xf0,0x40},
{0x00,0xc0206748},
{0x04,0x80a36009},
{0x08,0x04bffffc},
{0x0c,0xc0206720},
{0x10,0x81c3e008},
{0x14,0x01000000},
{0x18,0x9de3bf88},
{0x1c,0x82063fff},
{0x20,0xb8067fff},
{0x24,0x82160001},
{0x28,0xba16401c},
{0x2c,0x80974001},
{0x30,0xa610001a},
{0x34,0x0680007d},
{0x38,0xa410001b},
{0x3c,0xc2002308},
{0x40,0x80a60001},
{0x44,0x3880007a},
{0x48,0xb0102000},
{0x4c,0xc2002300},
{0x50,0x80a64001},
{0x54,0x38800076},
{0x58,0xb0102000},
{0x5c,0x94062001},
{0x60,0x96066001},
{0x64,0xa207bff8},
{0x68,0x8207bfe8},
{0x6c,0xb0102003},
{0x70,0xc0204000},
{0x74,0xb0863fff},
{0x78,0x1cbffffe},
{0x7c,0x82006004},
{0xf0,0x41},
{0x00,0xc2002160},
{0x04,0x80886004},
{0x08,0x0280000f},
{0x0c,0xb0102004},
{0x10,0x80a66001},
{0x14,0x0280000b},
{0x18,0x821021ff},
{0x1c,0xc2002308},
{0x20,0x80a60001},
{0x24,0x02800007},
{0x28,0x821021ff},
{0x2c,0xc2002300},
{0x30,0x80a64001},
{0x34,0x12800005},
{0x38,0x80a7000b},
{0x3c,0x821021ff},
{0x40,0xc227bff4},
{0x44,0x80a7000b},
{0x48,0x14800031},
{0x4c,0xb210001c},
{0x50,0x8207001c},
{0x54,0xba02c00b},
{0x58,0xba07400b},
{0x5c,0x8200401c},
{0x60,0x8220401d},
{0x64,0x3b000033},
{0x68,0xa0176370},
{0x6c,0x9820400a},
{0x70,0x9a5f202a},
{0x74,0xb002bffe},
{0x78,0x82034018},
{0x7c,0x83286002},
{0xf0,0x42},
{0x00,0xba06000c},
{0x04,0xb4004010},
{0x08,0xb6076008},
{0x0c,0x90102001},
{0x10,0x932a001b},
{0x14,0x9e102000},
{0x18,0xb92be002},
{0x1c,0xfa072520},
{0x20,0xba5f4012},
{0x24,0x833f601f},
{0x28,0x83306018},
{0x2c,0xba074001},
{0x30,0xc2068000},
{0x34,0x82204013},
{0x38,0xbb3f6008},
{0x3c,0x9e03e001},
{0x40,0x80a0401d},
{0x44,0x04800005},
{0x48,0xb8070011},
{0x4c,0xc2073ff0},
{0x50,0x82104009},
{0x54,0xc2273ff0},
{0x58,0x80a3e003},
{0x5c,0x08bffff0},
{0x60,0xb92be002},
{0x64,0xb0062001},
{0x68,0xb606e001},
{0x6c,0x80a6000a},
{0x70,0x04bfffe8},
{0x74,0xb406a004},
{0x78,0xb2066001},
{0x7c,0x9a03602a},
{0xf0,0x43},
{0x00,0x80a6400b},
{0x04,0x04bfffdc},
{0x08,0x98032003},
{0x0c,0xc207bfe8},
{0x10,0x80886010},
{0x14,0x0280000a},
{0x18,0xfa07bfec},
{0x1c,0xc207bff4},
{0x20,0x80886082},
{0x24,0x02800007},
{0x28,0x808f6010},
{0x2c,0x80886028},
{0x30,0x1280001f},
{0x34,0xb0102003},
{0x38,0xfa07bfec},
{0x3c,0x808f6010},
{0x40,0x02800012},
{0x44,0xc207bff0},
{0x48,0x808f6082},
{0x4c,0x02800007},
{0x50,0x808f6028},
{0x54,0xc207bff4},
{0x58,0x80886028},
{0x5c,0x32800014},
{0x60,0xb0102002},
{0x64,0x808f6028},
{0x68,0x02800008},
{0x6c,0xc207bff0},
{0x70,0xc207bff4},
{0x74,0x80886082},
{0x78,0x02800004},
{0x7c,0xc207bff0},
{0xf0,0x44},
{0x00,0x1080000b},
{0x04,0xb0102002},
{0x08,0x80886010},
{0x0c,0x02800008},
{0x10,0xb0102000},
{0x14,0x80886082},
{0x18,0x02800005},
{0x1c,0x80886028},
{0x20,0x12800003},
{0x24,0xb0102001},
{0x28,0xb0102000},
{0x2c,0x81c7e008},
{0x30,0x81e80000},
{0x34,0x94102000},
{0x38,0xc2002514},
{0x3c,0x80a28001},
{0x40,0x96102000},
{0x44,0x1a80000e},
{0x48,0x9b2ae002},
{0x4c,0xc2036720},
{0x50,0x9602e001},
{0x54,0x80a06000},
{0x58,0x02800006},
{0x5c,0x992aa002},
{0x60,0xc2232720},
{0x64,0xc2036748},
{0x68,0x9402a001},
{0x6c,0xc2232748},
{0x70,0xc2002514},
{0x74,0x10bffff4},
{0x78,0x80a2c001},
{0x7c,0x81c3e008},
{0xf0,0x45},
{0x00,0xd4202514},
{0x04,0xd4020000},
{0x08,0x03000028},
{0x0c,0x9802800a},
{0x10,0x82106270},
{0x14,0xda530001},
{0x18,0xc2002590},
{0x1c,0xc250400c},
{0x20,0x96a0400d},
{0x24,0x02800016},
{0x28,0x03000028},
{0x2c,0x80a2e000},
{0x30,0x04800009},
{0x34,0x82102001},
{0x38,0xda022004},
{0x3c,0x8328400d},
{0x40,0x80a2c001},
{0x44,0x3480000d},
{0x48,0x973ac00d},
{0x4c,0x1080000b},
{0x50,0x96102001},
{0x54,0x1680000a},
{0x58,0x03000028},
{0x5c,0xda022008},
{0x60,0x82103fff},
{0x64,0x8328400d},
{0x68,0x80a2c001},
{0x6c,0x36800003},
{0x70,0x96103fff},
{0x74,0x973ac00d},
{0x78,0x03000028},
{0x7c,0x92106270},
{0xf0,0x46},
{0x00,0x8202800a},
{0x04,0xc2504009},
{0x08,0x9602c001},
{0x0c,0x808aa001},
{0x10,0x0280000f},
{0x14,0x9b3aa01f},
{0x18,0x9b33601f},
{0x1c,0x9a02800d},
{0x20,0x9b3b6001},
{0x24,0x9b2b6002},
{0x28,0xd8034009},
{0x2c,0x033fffc0},
{0x30,0x980b0001},
{0x34,0x0300003f},
{0x38,0x821063ff},
{0x3c,0x820ac001},
{0x40,0x98030001},
{0x44,0x1080000d},
{0x48,0xd8234009},
{0x4c,0x9b33601f},
{0x50,0x9a02800d},
{0x54,0x9b3b6001},
{0x58,0x9b2b6002},
{0x5c,0x0300003f},
{0x60,0xd8034009},
{0x64,0x821063ff},
{0x68,0x980b0001},
{0x6c,0x832ae010},
{0x70,0x8200400c},
{0x74,0xc2234009},
{0x78,0xc2020000},
{0x7c,0xda00247c},
{0xf0,0x47},
{0x00,0x8200400d},
{0x04,0x81c3e008},
{0x08,0xc2220000},
{0x0c,0x9de3bf98},
{0x10,0x833e201f},
{0x14,0xd0002320},
{0x18,0x82204018},
{0x1c,0x80a22000},
{0x20,0x02800015},
{0x24,0x9b30601f},
{0x28,0x033fc000},
{0x2c,0xa0106020},
{0x30,0xc200231c},
{0x34,0x80a00001},
{0x38,0x82402000},
{0x3c,0x8088400d},
{0x40,0xc2002318},
{0x44,0x02800009},
{0x48,0xb01e0001},
{0x4c,0x80a00001},
{0x50,0x82603fff},
{0x54,0x7ffffa70},
{0x58,0xc2240000},
{0x5c,0xc2002318},
{0x60,0x10800005},
{0x64,0xc2240000},
{0x68,0x033fc000},
{0x6c,0x82106020},
{0x70,0xf0204000},
{0x74,0x81c7e008},
{0x78,0x81e80000},
{0x7c,0x9de3bf98},
{0xf0,0x48},
{0x00,0x7ffffa6e},
{0x04,0x01000000},
{0x08,0xe2002500},
{0x0c,0x80a46034},
{0x10,0x08800013},
{0x14,0x80a46000},
{0x18,0xc0202584},
{0x1c,0xa0102000},
{0x20,0x832c2002},
{0x24,0xc2006f04},
{0x28,0x80a06000},
{0x2c,0x02800060},
{0x30,0xa0042001},
{0x34,0x9fc04000},
{0x38,0x01000000},
{0x3c,0xc2002584},
{0x40,0x80a06000},
{0x44,0x1280005a},
{0x48,0x80a4203b},
{0x4c,0x24bffff6},
{0x50,0x832c2002},
{0x54,0x10800057},
{0x58,0xc2002500},
{0x5c,0x12800019},
{0x60,0x80a46020},
{0x64,0xc2002fcc},
{0x68,0x9fc04000},
{0x6c,0xa0102000},
{0x70,0x7ffffcda},
{0x74,0x90102000},
{0x78,0x7ffffcc7},
{0x7c,0x90102001},
{0xf0,0x49},
{0x00,0x173fc200},
{0x04,0x030007c0},
{0x08,0xda00254c},
{0x0c,0x9812e030},
{0x10,0x8210601f},
{0x14,0x9a0b7ffb},
{0x18,0xc2230000},
{0x1c,0xda20254c},
{0x20,0x9612e100},
{0x24,0x832c2002},
{0x28,0xa0042001},
{0x2c,0x80a4201b},
{0x30,0x04bffffd},
{0x34,0xc020400b},
{0x38,0x1080003e},
{0x3c,0xc2002500},
{0x40,0x1880000a},
{0x44,0x80a46021},
{0x48,0x808c6001},
{0x4c,0x32800039},
{0x50,0xc2002500},
{0x54,0x90047ffe},
{0x58,0x7ffffc34},
{0x5c,0x91322001},
{0x60,0x10800034},
{0x64,0xc2002500},
{0x68,0x18800011},
{0x6c,0x80a46024},
{0x70,0x033fc180},
{0x74,0xda0025b0},
{0x78,0x82106038},
{0x7c,0xda204000},
{0xf0,0x4a},
{0x00,0x033fc200},
{0x04,0x82106074},
{0x08,0xda00232c},
{0x0c,0xda204000},
{0x10,0x7ffffca1},
{0x14,0x90102000},
{0x18,0xc200254c},
{0x1c,0x82106004},
{0x20,0xc220254c},
{0x24,0x10800020},
{0x28,0xc2002fcc},
{0x2c,0x1880000c},
{0x30,0x80a46034},
{0x34,0x90102000},
{0x38,0x92102000},
{0x3c,0xc2002fc0},
{0x40,0x9fc04000},
{0x44,0x94102000},
{0x48,0x11000028},
{0x4c,0x7ffffe04},
{0x50,0x90122270},
{0x54,0x10800017},
{0x58,0xc2002500},
{0x5c,0x38800015},
{0x60,0xc2002500},
{0x64,0x7ffffb47},
{0x68,0x21000028},
{0x6c,0x92142270},
{0x70,0xc2002fc0},
{0x74,0x9fc04000},
{0x78,0x94047fdc},
{0x7c,0x80a46034},
{0xf0,0x4b},
{0x00,0x3280000c},
{0x04,0xc2002500},
{0x08,0x90142270},
{0x0c,0x7ffffdfc},
{0x10,0x92102008},
{0x14,0xc2002fd8},
{0x18,0x80a06000},
{0x1c,0x22800005},
{0x20,0xc2002500},
{0x24,0x9fc04000},
{0x28,0x01000000},
{0x2c,0xc2002500},
{0x30,0x80a44001},
{0x34,0x1280000b},
{0x38,0x031fffff},
{0x3c,0x821063f0},
{0x40,0x80a44001},
{0x44,0x38800003},
{0x48,0x23040000},
{0x4c,0xa2046001},
{0x50,0x033fc180},
{0x54,0x82106034},
{0x58,0xe2204000},
{0x5c,0xe2202500},
{0x60,0x81c7e008},
{0x64,0x81e80000},
{0x68,0x81c3e008},
{0x6c,0x01000000},
{0x70,0x9de3bef8},
{0x74,0x0300003f},
{0x78,0xd8002350},
{0x7c,0x821063ff},
{0xf0,0x4c},
{0x00,0xda00247c},
{0x04,0xb00b0001},
{0x08,0x96037ffe},
{0x0c,0xac102001},
{0x10,0xc2002300},
{0x14,0x80a58001},
{0x18,0xbb32e002},
{0x1c,0xb9336002},
{0x20,0x188000ba},
{0x24,0xaf332010},
{0x28,0xb210202a},
{0x2c,0xb41020a8},
{0x30,0xb6102000},
{0x34,0x80a5e000},
{0x38,0xaa102000},
{0x3c,0x02800058},
{0x40,0xa8102000},
{0x44,0x9e102000},
{0x48,0xda00247c},
{0x4c,0x80a3c00d},
{0x50,0x1a800016},
{0x54,0xa4102000},
{0x58,0x03000033},
{0x5c,0x82106374},
{0x60,0x98068001},
{0x64,0x9607bf58},
{0x68,0xc20bee80},
{0x6c,0x82186001},
{0x70,0x9b336001},
{0x74,0x80a0400d},
{0x78,0x82402000},
{0x7c,0x80a0401b},
{0xf0,0x4d},
{0x00,0x12800006},
{0x04,0x9e03e001},
{0x08,0xc2030000},
{0x0c,0xc222c000},
{0x10,0xa404a001},
{0x14,0x9602e004},
{0x18,0xda00247c},
{0x1c,0x80a3c00d},
{0x20,0x0abffff2},
{0x24,0x98032004},
{0x28,0x8334a01f},
{0x2c,0x9804a001},
{0x30,0x82048001},
{0x34,0x9b33201f},
{0x38,0x83386001},
{0x3c,0x9803000d},
{0x40,0xa607bff8},
{0x44,0x83286002},
{0x48,0x9b2ca002},
{0x4c,0x82004013},
{0x50,0xa53b2001},
{0x54,0x9a034013},
{0x58,0xc2007f60},
{0x5c,0xa007bf58},
{0x60,0xc2237f60},
{0x64,0x92100012},
{0x68,0x7ffff9bb},
{0x6c,0x90100010},
{0x70,0xa32ca002},
{0x74,0x90040011},
{0x78,0x7ffff9b7},
{0x7c,0x92100012},
{0xf0,0x4e},
{0x00,0x80a60017},
{0x04,0x14800011},
{0x08,0x9e100018},
{0x0c,0x9b2e2002},
{0x10,0x98034013},
{0x14,0x82044013},
{0x18,0x9a034001},
{0x1c,0x96037f60},
{0x20,0x98033f60},
{0x24,0xc2030000},
{0x28,0xda02c000},
{0x2c,0x9e03e001},
{0x30,0xaa054001},
{0x34,0xa805000d},
{0x38,0x98032004},
{0x3c,0x80a3c017},
{0x40,0x04bffff9},
{0x44,0x9602e004},
{0x48,0x8225c018},
{0x4c,0x82006001},
{0x50,0x993d601f},
{0x54,0x81832000},
{0x58,0x01000000},
{0x5c,0x01000000},
{0x60,0x01000000},
{0x64,0xaa7d4001},
{0x68,0xda5021ae},
{0x6c,0x993d201f},
{0x70,0x81832000},
{0x74,0x01000000},
{0x78,0x01000000},
{0x7c,0x01000000},
{0xf0,0x4f},
{0x00,0xa87d0001},
{0x04,0x80a5400d},
{0x08,0x26800002},
{0x0c,0xaa10000d},
{0x10,0x80a5000d},
{0x14,0x26800002},
{0x18,0xa810000d},
{0x1c,0x9e102001},
{0x20,0xd000247c},
{0x24,0x80a3c008},
{0x28,0x1880004e},
{0x2c,0xa4102000},
{0x30,0x9a20001c},
{0x34,0x9820001d},
{0x38,0x9a036004},
{0x3c,0x98032004},
{0x40,0x94072004},
{0x44,0x92076004},
{0x48,0x972e6002},
{0x4c,0x03000033},
{0x50,0xa0106370},
{0x54,0x9602e004},
{0x58,0xa65b4014},
{0x5c,0x945a8015},
{0x60,0xa25b0014},
{0x64,0x925a4015},
{0x68,0xc20bee7f},
{0x6c,0x82186001},
{0x70,0x9b322001},
{0x74,0x80a0400d},
{0x78,0x82402000},
{0x7c,0x80a0401b},
{0xf0,0x50},
{0x00,0x32800034},
{0x04,0x9e03e001},
{0x08,0x80a4801d},
{0x0c,0x1480000d},
{0x10,0x82072004},
{0x14,0x82077ffc},
{0x18,0x80a48001},
{0x1c,0x04800004},
{0x20,0x985da02a},
{0x24,0x1080000b},
{0x28,0x9a024011},
{0x2c,0x9a03000f},
{0x30,0x9b2b6002},
{0x34,0xc2034010},
{0x38,0x10800014},
{0x3c,0x82204015},
{0x40,0x80a48001},
{0x44,0x1680000d},
{0x48,0x985da02a},
{0x4c,0x9a028013},
{0x50,0x833b601f},
{0x54,0x8330601d},
{0x58,0x9803000f},
{0x5c,0x9a034001},
{0x60,0x992b2002},
{0x64,0xc2030010},
{0x68,0x9b3b6003},
{0x6c,0x8220400d},
{0x70,0x10800007},
{0x74,0xc2230010},
{0x78,0x9a03000f},
{0x7c,0x9b2b6002},
{0xf0,0x51},
{0x00,0xc2034010},
{0x04,0x82204014},
{0x08,0xc2234010},
{0x0c,0xc20023c8},
{0x10,0x83306011},
{0x14,0x80886001},
{0x18,0x02800008},
{0x1c,0x82200015},
{0x20,0xda0da2af},
{0x24,0xc202c010},
{0x28,0x8258400d},
{0x2c,0x83386007},
{0x30,0xc222c010},
{0x34,0x82200015},
{0x38,0x94028001},
{0x3c,0xa404a001},
{0x40,0x92024001},
{0x44,0xa2044014},
{0x48,0xa604c014},
{0x4c,0x9e03e001},
{0x50,0xd000247c},
{0x54,0x80a3c008},
{0x58,0x08bfffc4},
{0x5c,0x9602e004},
{0x60,0xb606e001},
{0x64,0x80a6e001},
{0x68,0x04bfff54},
{0x6c,0x80a5e000},
{0x70,0xac05a001},
{0x74,0xc2002300},
{0x78,0x80a58001},
{0x7c,0xb406a0a8},
{0xf0,0x52},
{0x00,0x08bfff4c},
{0x04,0xb206602a},
{0x08,0x81c7e008},
{0x0c,0x81e80000},
{0x10,0x9de3bf98},
{0x14,0x9e100018},
{0x18,0x80a66000},
{0x1c,0x0280001b},
{0x20,0xb010001a},
{0x24,0x031fffdf},
{0x28,0xb41063ff},
{0x2c,0x82102000},
{0x30,0xbb286002},
{0x34,0x80a62009},
{0x38,0xb6006001},
{0x3c,0x12800006},
{0x40,0xb810001d},
{0x44,0xc206401d},
{0x48,0x83306001},
{0x4c,0x8208401a},
{0x50,0xc226401d},
{0x54,0x80a62008},
{0x58,0x08800006},
{0x5c,0xc206401c},
{0x60,0xfa03c01c},
{0x64,0xbb376001},
{0x68,0x10800003},
{0x6c,0xba0f401a},
{0x70,0xfa03c01c},
{0x74,0x8200401d},
{0x78,0xc226401c},
{0x7c,0x80a6e59f},
{0xf0,0x53},
{0x00,0x08bfffec},
{0x04,0x8210001b},
{0x08,0x81c7e008},
{0x0c,0x81e80000},
{0x10,0x03169696},
{0x14,0xda002180},
{0x18,0x8210625a},
{0x1c,0x80a34001},
{0x20,0x94102000},
{0x24,0x12800006},
{0x28,0x96102000},
{0x2c,0x033fc180},
{0x30,0x82106030},
{0x34,0x10800024},
{0x38,0xda204000},
{0x3c,0xc202c000},
{0x40,0x9602e004},
{0x44,0x80a2e4ff},
{0x48,0x08bffffd},
{0x4c,0x94028001},
{0x50,0x96102d00},
{0x54,0xd2002ff8},
{0x58,0x03000019},
{0x5c,0x80a2c009},
{0x60,0x1a80000b},
{0x64,0x901063ff},
{0x68,0xd802c000},
{0x6c,0x9602e004},
{0x70,0x80a2c009},
{0x74,0x9a402000},
{0x78,0x80a2000b},
{0x7c,0x82603fff},
{0xf0,0x54},
{0x00,0x808b4001},
{0x04,0x12bffff9},
{0x08,0x9402800c},
{0x0c,0xc20021fc},
{0x10,0x94228001},
{0x14,0xc2002200},
{0x18,0x94228001},
{0x1c,0x03169696},
{0x20,0x8210625a},
{0x24,0x80a28001},
{0x28,0x033fc180},
{0x2c,0x82106030},
{0x30,0x02800005},
{0x34,0xd4204000},
{0x38,0x03000008},
{0x3c,0x81c0638c},
{0x40,0x90102001},
{0x44,0x01000000},
{0x48,0x81c3e008},
{0x4c,0x01000000},
{0x50,0x9de3bf98},
{0x54,0x9e100018},
{0x58,0x03000033},
{0x5c,0xb0100019},
{0x60,0xba106370},
{0x64,0xb6102000},
{0x68,0x832ee002},
{0x6c,0xb606e001},
{0x70,0x80a6ec23},
{0x74,0x08bffffd},
{0x78,0xc020401d},
{0x7c,0xb6102000},
{0xf0,0x55},
{0x00,0xc20022fc},
{0x04,0x80a6c001},
{0x08,0x1a80001c},
{0x0c,0x03000034},
{0x10,0xb210601c},
{0x14,0xb4102000},
{0x18,0xc20022f8},
{0x1c,0x80a68001},
{0x20,0x1a800011},
{0x24,0x832ee002},
{0x28,0xb8004019},
{0x2c,0xc200247c},
{0x30,0xfa0eee80},
{0x34,0x825e8001},
{0x38,0x8200401d},
{0x3c,0x82004001},
{0x40,0xfa160001},
{0x44,0xc213c001},
{0x48,0x8220401d},
{0x4c,0xc2270000},
{0x50,0xb406a001},
{0x54,0xc20022f8},
{0x58,0x80a68001},
{0x5c,0x0abffff4},
{0x60,0xb80720a8},
{0x64,0xb606e001},
{0x68,0xc20022fc},
{0x6c,0x80a6c001},
{0x70,0x0abfffea},
{0x74,0xb4102000},
{0x78,0x81c7e008},
{0x7c,0x81e80000},
{0xf0,0x56},
{0x00,0x9de3bf98},
{0x04,0x11000028},
{0x08,0xc2002fe4},
{0x0c,0x9fc04000},
{0x10,0x90122270},
{0x14,0xc200259c},
{0x18,0xd600254c},
{0x1c,0x808ae002},
{0x20,0x02800036},
{0x24,0xc2202550},
{0x28,0xc2002664},
{0x2c,0x9a004001},
{0x30,0x9a034001},
{0x34,0x03000005},
{0x38,0xd800259c},
{0x3c,0x82106280},
{0x40,0xb2030001},
{0x44,0x9a03400d},
{0x48,0x82102061},
{0x4c,0x8220400d},
{0x50,0x980afffd},
{0x54,0x9b2e6007},
{0x58,0x973b601f},
{0x5c,0x8182e000},
{0x60,0x01000000},
{0x64,0x01000000},
{0x68,0x01000000},
{0x6c,0xb27b4001},
{0x70,0x1100002e},
{0x74,0xd820254c},
{0x78,0xc2002fe4},
{0x7c,0x9fc04000},
{0xf0,0x57},
{0x00,0x901220f0},
{0x04,0x11000017},
{0x08,0xe000259c},
{0x0c,0xc2002fe4},
{0x10,0x9fc04000},
{0x14,0x901222f0},
{0x18,0x80a64010},
{0x1c,0x9a603fff},
{0x20,0xc200259c},
{0x24,0x80a64001},
{0x28,0x82603fff},
{0x2c,0x80934001},
{0x30,0x22800012},
{0x34,0xc020250c},
{0x38,0x21000034},
{0x3c,0x7ffff9bd},
{0x40,0x90142130},
{0x44,0xa0142130},
{0x48,0xb2102000},
{0x4c,0x9b2e6002},
{0x50,0xb2066001},
{0x54,0xc2034010},
{0x58,0x80a6601b},
{0x5c,0x04bffffc},
{0x60,0xc22365b0},
{0x64,0x7ffff9be},
{0x68,0x01000000},
{0x6c,0x82102021},
{0x70,0x10800010},
{0x74,0xc2202500},
{0x78,0xc200250c},
{0x7c,0x80a06000},
{0xf0,0x58},
{0x00,0x1280000c},
{0x04,0x031696a9},
{0x08,0x821061a5},
{0x0c,0x31000028},
{0x10,0x33000017},
{0x14,0xc220250c},
{0x18,0xc0202668},
{0x1c,0xc0202664},
{0x20,0xb0162270},
{0x24,0xb21662f0},
{0x28,0x7ffffc98},
{0x2c,0x81e80000},
{0x30,0x01000000},
{0x34,0x81c7e008},
{0x38,0x81e80000},
{0x3c,0x9de3bf58},
{0x40,0xda5021d0},
{0x44,0x80a36000},
{0x48,0x02800022},
{0x4c,0x80a66002},
{0x50,0x825e602a},
{0x54,0x82004018},
{0x58,0x99286002},
{0x5c,0x15000033},
{0x60,0x8212a370},
{0x64,0xc2030001},
{0x68,0x83286007},
{0x6c,0x9338601f},
{0x70,0x81826000},
{0x74,0x01000000},
{0x78,0x01000000},
{0x7c,0x01000000},
{0xf0,0x59},
{0x00,0x9678400d},
{0x04,0x80a66001},
{0x08,0x3280000a},
{0x0c,0xc2002300},
{0x10,0x1b000034},
{0x14,0x832e2002},
{0x18,0x9a136168},
{0x1c,0xc200400d},
{0x20,0x80a2c001},
{0x24,0x0680009b},
{0x28,0x82102001},
{0x2c,0xc2002300},
{0x30,0x80a64001},
{0x34,0x12800007},
{0x38,0x80a66002},
{0x3c,0x8212a220},
{0x40,0xc2030001},
{0x44,0x80a2c001},
{0x48,0x06800091},
{0x4c,0x80a66002},
{0x50,0x0480003f},
{0x54,0x9a063fff},
{0x58,0xda1021d4},
{0x5c,0x82037ffc},
{0x60,0x83286010},
{0x64,0x83306010},
{0x68,0x80a0600b},
{0x6c,0x18800004},
{0x70,0x92102003},
{0x74,0x832b6010},
{0x78,0x93386010},
{0x7c,0x96102000},
{0xf0,0x5a},
{0x00,0x80a2c009},
{0x04,0x1680001c},
{0x08,0x03000033},
{0x0c,0xa21062c8},
{0x10,0x9e07bff8},
{0x14,0xa0106370},
{0x18,0x9a06400b},
{0x1c,0x825b602a},
{0x20,0x82004018},
{0x24,0xd8002300},
{0x28,0x91286002},
{0x2c,0x8223000b},
{0x30,0x8258602a},
{0x34,0x82004018},
{0x38,0x95286002},
{0x3c,0x9a037fff},
{0x40,0x832ae002},
{0x44,0x80a3400c},
{0x48,0x9800400f},
{0x4c,0x08800005},
{0x50,0x9602e001},
{0x54,0xc2028010},
{0x58,0x10800004},
{0x5c,0xc2233fc0},
{0x60,0xc2020011},
{0x64,0xc2233fc0},
{0x68,0x80a2c009},
{0x6c,0x06bfffec},
{0x70,0x9a06400b},
{0x74,0x7ffff818},
{0x78,0x9007bfb8},
{0x7c,0xc207bfb8},
{0xf0,0x5b},
{0x00,0x80a06000},
{0x04,0x26800002},
{0x08,0xc027bfb8},
{0x0c,0x9a5e602a},
{0x10,0x9a034018},
{0x14,0x03000033},
{0x18,0x9b2b6002},
{0x1c,0x82106370},
{0x20,0xd8034001},
{0x24,0xc25021d2},
{0x28,0xda07bfb8},
{0x2c,0x9a5b4001},
{0x30,0x992b2008},
{0x34,0xc25021d6},
{0x38,0x9823000d},
{0x3c,0x8258401a},
{0x40,0x80a30001},
{0x44,0x06800052},
{0x48,0x9a063fff},
{0x4c,0x03000010},
{0x50,0x80a36001},
{0x54,0x18800010},
{0x58,0xc227bfc8},
{0x5c,0x03000033},
{0x60,0x9a5e60a8},
{0x64,0x82106374},
{0x68,0x9a034001},
{0x6c,0x9807bfb8},
{0x70,0x96102003},
{0x74,0xc2034000},
{0x78,0xc2230000},
{0x7c,0x9a036004},
{0xf0,0x5c},
{0x00,0x9682ffff},
{0x04,0x1cbffffc},
{0x08,0x98032004},
{0x0c,0x10800028},
{0x10,0x9007bfb8},
{0x14,0xc2002308},
{0x18,0x80a60001},
{0x1c,0x02800005},
{0x20,0x82007fff},
{0x24,0x80a60001},
{0x28,0x32800013},
{0x2c,0x9a5e602a},
{0x30,0x03000033},
{0x34,0x94106370},
{0x38,0x96102000},
{0x3c,0x985e602a},
{0x40,0x9a07bfb8},
{0x44,0xc2002308},
{0x48,0x8220400b},
{0x4c,0x82030001},
{0x50,0x83286002},
{0x54,0xc200400a},
{0x58,0xc2234000},
{0x5c,0x9602e001},
{0x60,0x80a2e003},
{0x64,0x04bffff8},
{0x68,0x9a036004},
{0x6c,0x10800010},
{0x70,0x9007bfb8},
{0x74,0x9a034018},
{0x78,0x03000033},
{0x7c,0x9b2b6002},
{0xf0,0x5d},
{0x00,0x82106368},
{0x04,0x9a034001},
{0x08,0x9807bfb8},
{0x0c,0x96102004},
{0x10,0xc2034000},
{0x14,0xc2230000},
{0x18,0x9a036004},
{0x1c,0x9682ffff},
{0x20,0x1cbffffc},
{0x24,0x98032004},
{0x28,0x9007bfb8},
{0x2c,0x7ffff7ca},
{0x30,0x92102005},
{0x34,0xc207bfbc},
{0x38,0x80a06000},
{0x3c,0x26800002},
{0x40,0xc027bfbc},
{0x44,0x9a5e602a},
{0x48,0x9a034018},
{0x4c,0x03000033},
{0x50,0x9b2b6002},
{0x54,0x82106370},
{0x58,0xd8034001},
{0x5c,0xc25021d2},
{0x60,0xda07bfbc},
{0x64,0x9a5b4001},
{0x68,0x992b2008},
{0x6c,0xc25021d6},
{0x70,0x9823000d},
{0x74,0x8258401a},
{0x78,0x80a30001},
{0x7c,0x06800005},
{0xf0,0x5e},
{0x00,0x82102001},
{0x04,0xc020259c},
{0x08,0x30800003},
{0x0c,0x82102001},
{0x10,0xc220259c},
{0x14,0x81c7e008},
{0x18,0x81e80000},
{0x1c,0x9de3be78},
{0x20,0x94100018},
{0x24,0x9a102000},
{0x28,0x96102000},
{0x2c,0x98102000},
{0x30,0x9e102000},
{0x34,0x8203000f},
{0x38,0xf6086441},
{0x3c,0x80a6e000},
{0x40,0x02800024},
{0x44,0xf4086440},
{0x48,0xc208217d},
{0x4c,0x80807fff},
{0x50,0xf40eae7f},
{0x54,0xf60eee7f},
{0x58,0x0c80001a},
{0x5c,0xb2102000},
{0x60,0xb007bff8},
{0x64,0xc200247c},
{0x68,0x82584019},
{0x6c,0xba06c001},
{0x70,0x82068001},
{0x74,0x82004001},
{0x78,0xf8528001},
{0x7c,0xba07401d},
{0xf0,0x5f},
{0x00,0xc252801d},
{0x04,0xb8270001},
{0x08,0x80a66000},
{0x0c,0x02800007},
{0x10,0xf8263ee0},
{0x14,0xc2063edc},
{0x18,0x82a70001},
{0x1c,0x2c800003},
{0x20,0x9a234001},
{0x24,0x9a034001},
{0x28,0xc208217d},
{0x2c,0xb2066001},
{0x30,0x82007fff},
{0x34,0x80a64001},
{0x38,0x04bfffeb},
{0x3c,0xb0062004},
{0x40,0x9e03e001},
{0x44,0x80a3e00a},
{0x48,0x04bfffdc},
{0x4c,0x8203000f},
{0x50,0x9602e001},
{0x54,0x80a2e001},
{0x58,0x04bfffd6},
{0x5c,0x9803200c},
{0x60,0xda20259c},
{0x64,0x81c7e008},
{0x68,0x81e80000},
{0x6c,0x9de3bf58},
{0x70,0xc208224d},
{0x74,0x80a06000},
{0x78,0x12800004},
{0x7c,0x90067ffe},
{0xf0,0x60},
{0x00,0xc020259c},
{0x04,0x30800066},
{0x08,0xac066002},
{0x0c,0x80a20016},
{0x10,0x14800040},
{0x14,0x9e102000},
{0x18,0xa6062002},
{0x1c,0xa05a202a},
{0x20,0x92063ffe},
{0x24,0x80a24013},
{0x28,0x14800036},
{0x2c,0x9b3a201f},
{0x30,0x98064019},
{0x34,0x98230008},
{0x38,0x972be002},
{0x3c,0x94040009},
{0x40,0x03000033},
{0x44,0x9a234008},
{0x48,0xae106370},
{0x4c,0x9602c01e},
{0x50,0x952aa002},
{0x54,0xa85b202a},
{0x58,0xab33601f},
{0x5c,0x9602ffb8},
{0x60,0x94028017},
{0x64,0xa4063fff},
{0x68,0xa2062001},
{0x6c,0x98067fff},
{0x70,0x82060018},
{0x74,0x82204009},
{0x78,0x82050001},
{0x7c,0x80a24012},
{0xf0,0x61},
{0x00,0x0680000b},
{0x04,0x9b286002},
{0x08,0x80a24011},
{0x0c,0x14800009},
{0x10,0x80a26000},
{0x14,0x80a2000c},
{0x18,0x06800005},
{0x1c,0x82066001},
{0x20,0x80a20001},
{0x24,0x24800014},
{0x28,0x92026001},
{0x2c,0x80a26000},
{0x30,0x2480000d},
{0x34,0xc2034017},
{0x38,0xc2002308},
{0x3c,0x80a04009},
{0x40,0x82603fff},
{0x44,0x80884015},
{0x48,0x22800007},
{0x4c,0xc2034017},
{0x50,0xc2002300},
{0x54,0x80a20001},
{0x58,0x38800003},
{0x5c,0xc2034017},
{0x60,0xc2028000},
{0x64,0xc222c000},
{0x68,0x9e03e001},
{0x6c,0x9602e004},
{0x70,0x92026001},
{0x74,0x80a24013},
{0x78,0x04bfffde},
{0x7c,0x9402a004},
{0xf0,0x62},
{0x00,0x90022001},
{0x04,0x80a20016},
{0x08,0x04bfffc6},
{0x0c,0xa004202a},
{0x10,0x9007bfb8},
{0x14,0x7ffff730},
{0x18,0x92102010},
{0x1c,0xd608224f},
{0x20,0xb00ae0ff},
{0x24,0xd808224d},
{0x28,0x80a6000c},
{0x2c,0x1480000b},
{0x30,0x9e102000},
{0x34,0x832e2002},
{0x38,0x8200401e},
{0x3c,0x9a007fb8},
{0x40,0xc2034000},
{0x44,0xb0062001},
{0x48,0x9e03c001},
{0x4c,0x80a6000c},
{0x50,0x04bffffc},
{0x54,0x9a036004},
{0x58,0x820ae0ff},
{0x5c,0xda08224d},
{0x60,0x9a234001},
{0x64,0xc208224c},
{0x68,0x9a036001},
{0x6c,0x825bc001},
{0x70,0x9938601f},
{0x74,0x81832000},
{0x78,0x01000000},
{0x7c,0x01000000},
{0xf0,0x63},
{0x00,0x01000000},
{0x04,0x8278400d},
{0x08,0x9b38601f},
{0x0c,0x9b336019},
{0x10,0x8200400d},
{0x14,0x83386007},
{0x18,0xc220259c},
{0x1c,0x81c7e008},
{0x20,0x81e80000},
{0x24,0x9de3bf98},
{0x28,0xc2002540},
{0x2c,0x82006001},
{0x30,0xc2202540},
{0x34,0xc2002588},
{0x38,0x80a06000},
{0x3c,0x02800014},
{0x40,0x1100002e},
{0x44,0xc2002594},
{0x48,0x80a06000},
{0x4c,0x12800004},
{0x50,0x901220f0},
{0x54,0x7ffffae2},
{0x58,0x01000000},
{0x5c,0xda002588},
{0x60,0xc2002594},
{0x64,0x82006001},
{0x68,0x9a037fff},
{0x6c,0xc2202594},
{0x70,0x7ffff824},
{0x74,0xda202588},
{0x78,0x1300002e},
{0x7c,0x921260f0},
{0xf0,0x64},
{0x00,0xc2002fc0},
{0x04,0x9fc04000},
{0x08,0xd4002594},
{0x0c,0x01000000},
{0x10,0x81c7e008},
{0x14,0x81e80000},
{0x18,0x9a022001},
{0x1c,0xc200247c},
{0x20,0x9b2b6010},
{0x24,0x972a2010},
{0x28,0x9a034008},
{0x2c,0x925a4001},
{0x30,0x033fc200},
{0x34,0x912a2004},
{0x38,0x9410608c},
{0x3c,0x98106084},
{0x40,0x9002c008},
{0x44,0xd0230000},
{0x48,0x82106088},
{0x4c,0xd6204000},
{0x50,0x9a036002},
{0x54,0x033fc140},
{0x58,0x93326001},
{0x5c,0xda228000},
{0x60,0x82106040},
{0x64,0x81c3e008},
{0x68,0xd2204000},
{0x6c,0x9de3bf98},
{0x70,0x7ffff804},
{0x74,0xb0102000},
{0x78,0xa0100008},
{0x7c,0xc200247c},
{0xf0,0x65},
{0x00,0x80a60001},
{0x04,0x1a800022},
{0x08,0x90102000},
{0x0c,0x92100001},
{0x10,0xa2004001},
{0x14,0x82020008},
{0x18,0x9a004010},
{0x1c,0x94102000},
{0x20,0x98102007},
{0x24,0xc2134000},
{0x28,0x94028001},
{0x2c,0x98833fff},
{0x30,0x1cbffffd},
{0x34,0x9a034011},
{0x38,0x833aa01f},
{0x3c,0x8330601d},
{0x40,0x82028001},
{0x44,0x9a020008},
{0x48,0x95386003},
{0x4c,0x96034010},
{0x50,0x9e024009},
{0x54,0x98102007},
{0x58,0xc212c000},
{0x5c,0x8220400a},
{0x60,0x9b38601f},
{0x64,0x821b4001},
{0x68,0x8220400d},
{0x6c,0xb0060001},
{0x70,0x98833fff},
{0x74,0x1cbffff9},
{0x78,0x9602c00f},
{0x7c,0x90022001},
{0xf0,0x66},
{0x00,0x80a20009},
{0x04,0x0abfffe5},
{0x08,0x82020008},
{0x0c,0x81c7e008},
{0x10,0x81e80000},
{0x14,0xc2002334},
{0x18,0x83286006},
{0x1c,0xda002500},
{0x20,0x82006075},
{0x24,0x80a34001},
{0x28,0xd8002838},
{0x2c,0x96102000},
{0x30,0x18800004},
{0x34,0x9a102001},
{0x38,0x1080001c},
{0x3c,0xd0002374},
{0x40,0x832b6002},
{0x44,0xc2006838},
{0x48,0x80a0400c},
{0x4c,0x36800005},
{0x50,0x9a036001},
{0x54,0x98100001},
{0x58,0x9610000d},
{0x5c,0x9a036001},
{0x60,0x80a36007},
{0x64,0x04bffff8},
{0x68,0x832b6002},
{0x6c,0xc200285c},
{0x70,0x83286002},
{0x74,0xda006838},
{0x78,0x832b6003},
{0x7c,0x8220400d},
{0xf0,0x67},
{0x00,0x9b38601f},
{0x04,0x9b33601d},
{0x08,0x8200400d},
{0x0c,0x83386003},
{0x10,0x80a30001},
{0x14,0x26800002},
{0x18,0xd620285c},
{0x1c,0xc200285c},
{0x20,0x82004001},
{0x24,0xd0106144},
{0x28,0x81c3e008},
{0x2c,0x01000000},
{0x30,0x9de3bf98},
{0x34,0xc2002588},
{0x38,0x80a06000},
{0x3c,0x32800008},
{0x40,0xda002548},
{0x44,0xd8002548},
{0x48,0x83332010},
{0x4c,0x80886001},
{0x50,0x02800007},
{0x54,0x03200040},
{0x58,0xda002548},
{0x5c,0x03000008},
{0x60,0x822b4001},
{0x64,0x10800048},
{0x68,0xc2202548},
{0x6c,0x173fc200},
{0x70,0x9b33200d},
{0x74,0x82106101},
{0x78,0x808b6001},
{0x7c,0x1280001f},
{0xf0,0x68},
{0x00,0xc222c000},
{0x04,0x03000008},
{0x08,0x82130001},
{0x0c,0xc2202548},
{0x10,0x9812e100},
{0x14,0x9a102000},
{0x18,0x832b6002},
{0x1c,0x9a036001},
{0x20,0x80a3601b},
{0x24,0x04bffffd},
{0x28,0xc020400c},
{0x2c,0x193fc200},
{0x30,0x9a102000},
{0x34,0x96132200},
{0x38,0x832b6002},
{0x3c,0x9a036001},
{0x40,0x80a36047},
{0x44,0x04bffffd},
{0x48,0xc020400b},
{0x4c,0xc2002858},
{0x50,0x82004001},
{0x54,0x9813221c},
{0x58,0x1b000004},
{0x5c,0xd0106144},
{0x60,0xda230000},
{0x64,0x7fffff6d},
{0x68,0x92102008},
{0x6c,0x82102001},
{0x70,0x10800022},
{0x74,0xc2202584},
{0x78,0xe2002858},
{0x7c,0xa32c6002},
{0xf0,0x69},
{0x00,0xc2046838},
{0x04,0xa1286003},
{0x08,0x7fffff79},
{0x0c,0xa0240001},
{0x10,0xc2002858},
{0x14,0x82006020},
{0x18,0x905a0001},
{0x1c,0x833a201f},
{0x20,0x8330601b},
{0x24,0x90020001},
{0x28,0x913a2005},
{0x2c,0xa0040008},
{0x30,0x833c201f},
{0x34,0x8330601d},
{0x38,0xa0040001},
{0x3c,0xa13c2003},
{0x40,0x7fffff95},
{0x44,0xe0246838},
{0x48,0x7fffff54},
{0x4c,0xd20022f8},
{0x50,0x7ffff778},
{0x54,0x901025b0},
{0x58,0x7ffff781},
{0x5c,0x01000000},
{0x60,0xc2002858},
{0x64,0x82006001},
{0x68,0x80a06007},
{0x6c,0x04800003},
{0x70,0xc2202858},
{0x74,0xc0202858},
{0x78,0x1b200040},
{0x7c,0x033fc200},
{0xf0,0x6a},
{0x00,0xda204000},
{0x04,0x81c7e008},
{0x08,0x81e80000},
{0x0c,0x9de3bf98},
{0x10,0xc2002588},
{0x14,0x80a06000},
{0x18,0x02800010},
{0x1c,0x1100002e},
{0x20,0xd8002548},
{0x24,0x83332010},
{0x28,0x80886001},
{0x2c,0x22800010},
{0x30,0xc200258c},
{0x34,0xc2002558},
{0x38,0x80a06000},
{0x3c,0x3280000c},
{0x40,0xc200258c},
{0x44,0xc2002594},
{0x48,0x80a06001},
{0x4c,0x32800008},
{0x50,0xc200258c},
{0x54,0x1100002e},
{0x58,0x901220f0},
{0x5c,0xd0202590},
{0x60,0xc0202588},
{0x64,0x1080001a},
{0x68,0xd2002594},
{0x6c,0x80a06000},
{0x70,0x12800015},
{0x74,0x82102001},
{0x78,0xda002554},
{0x7c,0xc2002598},
{0xf0,0x6b},
{0x00,0x80a0400d},
{0x04,0x1a800007},
{0x08,0x03000017},
{0x0c,0x82102001},
{0x10,0xda20258c},
{0x14,0xc2202584},
{0x18,0x1080002b},
{0x1c,0xc0202598},
{0x20,0x808b2400},
{0x24,0x12800004},
{0x28,0x821062f0},
{0x2c,0x03000012},
{0x30,0x82106070},
{0x34,0xc2202590},
{0x38,0xd2002598},
{0x3c,0x10800004},
{0x40,0xd0002590},
{0x44,0x10800020},
{0x48,0xc2202584},
{0x4c,0x7ffff9ec},
{0x50,0x01000000},
{0x54,0x13000028},
{0x58,0xc2002fd0},
{0x5c,0x92126270},
{0x60,0x9fc04000},
{0x64,0xd0002590},
{0x68,0xc20026a0},
{0x6c,0x82087dff},
{0x70,0xc22026a0},
{0x74,0x82102080},
{0x78,0xc220256c},
{0x7c,0xc2002200},
{0xf0,0x6c},
{0x00,0x80a06000},
{0x04,0x32800008},
{0x08,0xc2002548},
{0x0c,0xda002548},
{0x10,0x83336010},
{0x14,0x80886001},
{0x18,0x22800006},
{0x1c,0x03000004},
{0x20,0xc2002548},
{0x24,0x1b000004},
{0x28,0x10800003},
{0x2c,0x8210400d},
{0x30,0x822b4001},
{0x34,0xc2202548},
{0x38,0xc2002548},
{0x3c,0x82087fbf},
{0x40,0xc2202548},
{0x44,0x81c7e008},
{0x48,0x81e80000},
{0x4c,0xda002508},
{0x50,0x033fc000},
{0x54,0x960b4001},
{0x58,0x808b7f00},
{0x5c,0x0280001a},
{0x60,0x901020a5},
{0x64,0x1500003f},
{0x68,0x8212a300},
{0x6c,0x980b4001},
{0x70,0x03294000},
{0x74,0x80a2c001},
{0x78,0x02800013},
{0x7c,0x01000000},
{0xf0,0x6d},
{0x00,0xc200254c},
{0x04,0x8210400c},
{0x08,0xc220254c},
{0x0c,0xc2002500},
{0x10,0x80a06034},
{0x14,0xc0202508},
{0x18,0x0880000b},
{0x1c,0x033fffc0},
{0x20,0x9a0b4001},
{0x24,0x03168000},
{0x28,0x80a2c001},
{0x2c,0x12800006},
{0x30,0x9812a3ff},
{0x34,0xc2002548},
{0x38,0x8208400c},
{0x3c,0x8210400d},
{0x40,0xc2202548},
{0x44,0x03000007},
{0x48,0x81c060d8},
{0x4c,0x01000000},
{0x50,0x01000000},
{0x54,0xda00247c},
{0x58,0xc20022f8},
{0x5c,0x8258400d},
{0x60,0x83306001},
{0x64,0x9a102000},
{0x68,0x80a34001},
{0x6c,0x1a800015},
{0x70,0x031fffdf},
{0x74,0x961063ff},
{0x78,0x98036001},
{0x7c,0x80a26008},
{0xf0,0x6e},
{0x00,0x04800006},
{0x04,0x9b2b6002},
{0x08,0xc202000d},
{0x0c,0x83306001},
{0x10,0x10800003},
{0x14,0x8208400b},
{0x18,0xc202000d},
{0x1c,0x82584009},
{0x20,0xc222000d},
{0x24,0xda00247c},
{0x28,0xc20022f8},
{0x2c,0x8258400d},
{0x30,0x83306001},
{0x34,0x80a30001},
{0x38,0x0abffff0},
{0x3c,0x9a10000c},
{0x40,0x81c3e008},
{0x44,0x01000000},
{0x48,0x9de3bf98},
{0x4c,0xc2102548},
{0x50,0x80886001},
{0x54,0x12800069},
{0x58,0x01000000},
{0x5c,0xe4002460},
{0x60,0x80a4a000},
{0x64,0x02800065},
{0x68,0x01000000},
{0x6c,0xc2002588},
{0x70,0xda002594},
{0x74,0x9800400d},
{0x78,0xc2002554},
{0x7c,0x80a30001},
{0xf0,0x6f},
{0x00,0x1280005e},
{0x04,0x01000000},
{0x08,0xda002598},
{0x0c,0xc200258c},
{0x10,0x8200400d},
{0x14,0x80a0400c},
{0x18,0x02800004},
{0x1c,0x80a36000},
{0x20,0x12800056},
{0x24,0x01000000},
{0x28,0xde08217e},
{0x2c,0x808be0ff},
{0x30,0x90102000},
{0x34,0x0280002f},
{0x38,0x96102001},
{0x3c,0xe208217f},
{0x40,0x2d000033},
{0x44,0x94102001},
{0x48,0x80a28011},
{0x4c,0x14800021},
{0x50,0xa0102000},
{0x54,0x9b2ae002},
{0x58,0x03000034},
{0x5c,0xaa106018},
{0x60,0x9a0360a8},
{0x64,0xa815a370},
{0x68,0xa615a2c8},
{0x6c,0xd208217f},
{0x70,0xd8034014},
{0x74,0x80a30012},
{0x78,0x26800013},
{0x7c,0x9402a001},
{0xf0,0x70},
{0x00,0x80a2a001},
{0x04,0x22800007},
{0x08,0xc208217f},
{0x0c,0xc2034013},
{0x10,0x80a30001},
{0x14,0x2480000c},
{0x18,0x9402a001},
{0x1c,0xc208217f},
{0x20,0x80a28001},
{0x24,0x22800007},
{0x28,0xa0042001},
{0x2c,0xc2034015},
{0x30,0x80a30001},
{0x34,0x26800004},
{0x38,0x9402a001},
{0x3c,0xa0042001},
{0x40,0x9402a001},
{0x44,0x80a28009},
{0x48,0x04bfffea},
{0x4c,0x9a0360a8},
{0x50,0x80a40008},
{0x54,0x34800002},
{0x58,0x90100010},
{0x5c,0x9602e001},
{0x60,0x820be0ff},
{0x64,0x80a2c001},
{0x68,0x24bfffd8},
{0x6c,0x94102001},
{0x70,0x96102000},
{0x74,0xc20ae464},
{0x78,0x80a06000},
{0x7c,0x22800006},
{0xf0,0x71},
{0x00,0x9602e001},
{0x04,0x80a20001},
{0x08,0x34800007},
{0x0c,0xc20ae278},
{0x10,0x9602e001},
{0x14,0x80a2e003},
{0x18,0x24bffff8},
{0x1c,0xc20ae464},
{0x20,0x30800016},
{0x24,0xda00256c},
{0x28,0x8258400d},
{0x2c,0x83306007},
{0x30,0xc220256c},
{0x34,0xe00ae468},
{0x38,0x80a42000},
{0x3c,0x0280000f},
{0x40,0x82102001},
{0x44,0xc2202584},
{0x48,0xd0002590},
{0x4c,0x7fffff82},
{0x50,0xd2002554},
{0x54,0xc2002588},
{0x58,0x82004010},
{0x5c,0xc2202588},
{0x60,0xda00258c},
{0x64,0xc2002554},
{0x68,0x80a34001},
{0x6c,0x18800003},
{0x70,0x82034010},
{0x74,0xc220258c},
{0x78,0x81c7e008},
{0x7c,0x81e80000},
{0xf0,0x72},
{0x00,0x9de3bf98},
{0x04,0xc2002588},
{0x08,0x80a06000},
{0x0c,0x12800069},
{0x10,0x01000000},
{0x14,0xc2002704},
{0x18,0x82006001},
{0x1c,0xda002310},
{0x20,0x80a0400d},
{0x24,0x0a800063},
{0x28,0xc2202704},
{0x2c,0xd800227c},
{0x30,0x80a32000},
{0x34,0x02800032},
{0x38,0xc0202704},
{0x3c,0xda0022f8},
{0x40,0xc200247c},
{0x44,0x965b4001},
{0x48,0x03000007},
{0x4c,0x821063ff},
{0x50,0x9b33200d},
{0x54,0xa2102000},
{0x58,0x920b4001},
{0x5c,0x80a4400b},
{0x60,0x900b0001},
{0x64,0x94102000},
{0x68,0x1a800015},
{0x6c,0xa0102000},
{0x70,0x0300002e},
{0x74,0xa41060f0},
{0x78,0x03000028},
{0x7c,0x9e106270},
{0xf0,0x73},
{0x00,0x9a040010},
{0x04,0xc2134012},
{0x08,0x80a24001},
{0x0c,0xa2400011},
{0x10,0xc253400f},
{0x14,0x80a04008},
{0x18,0x0a800005},
{0x1c,0xa0042001},
{0x20,0x80a04009},
{0x24,0x08800004},
{0x28,0x80a4000b},
{0x2c,0x9402a001},
{0x30,0x80a4000b},
{0x34,0x0abffff4},
{0x38,0x9a040010},
{0x3c,0xa133201a},
{0x40,0x80a44010},
{0x44,0x14800003},
{0x48,0x9a102001},
{0x4c,0x9a102000},
{0x50,0x80a28010},
{0x54,0x14800003},
{0x58,0x82102001},
{0x5c,0x82102000},
{0x60,0x80934001},
{0x64,0x22800007},
{0x68,0xc2002274},
{0x6c,0x033fc180},
{0x70,0x1b008000},
{0x74,0x8210603c},
{0x78,0xda204000},
{0x7c,0xc2002274},
{0xf0,0x74},
{0x00,0x80a06000},
{0x04,0x0280002b},
{0x08,0xa2102000},
{0x0c,0xc208217f},
{0x10,0x80a44001},
{0x14,0xa0102000},
{0x18,0x1680000e},
{0x1c,0x92100010},
{0x20,0x7ffff650},
{0x24,0x90102000},
{0x28,0x1b00003f},
{0x2c,0xc2002274},
{0x30,0x9a1363ff},
{0x34,0x8208400d},
{0x38,0x80a20001},
{0x3c,0xa2400011},
{0x40,0xa0042001},
{0x44,0xc208217f},
{0x48,0x10bffff4},
{0x4c,0x80a40001},
{0x50,0xa0102000},
{0x54,0xc208217e},
{0x58,0x80a40001},
{0x5c,0x3680000f},
{0x60,0xc2102274},
{0x64,0x7ffff6c1},
{0x68,0x90100010},
{0x6c,0x92100008},
{0x70,0x7ffff63c},
{0x74,0x90102001},
{0x78,0x0300003f},
{0x7c,0xda002274},
{0xf0,0x75},
{0x00,0x821063ff},
{0x04,0x9a0b4001},
{0x08,0x80a2000d},
{0x0c,0xa2400011},
{0x10,0x10bffff1},
{0x14,0xa0042001},
{0x18,0x80a44001},
{0x1c,0x08800005},
{0x20,0x033fc180},
{0x24,0x1b004000},
{0x28,0x8210603c},
{0x2c,0xda204000},
{0x30,0x81c7e008},
{0x34,0x81e80000},
{0x38,0x9de3bf98},
{0x3c,0xc2002588},
{0x40,0x80a06000},
{0x44,0x12800050},
{0x48,0x01000000},
{0x4c,0xda002310},
{0x50,0x80a36000},
{0x54,0x0280004c},
{0x58,0x01000000},
{0x5c,0xc200254c},
{0x60,0x80886100},
{0x64,0x12800048},
{0x68,0x01000000},
{0x6c,0xc2002700},
{0x70,0x82006001},
{0x74,0x80a0400d},
{0x78,0x0a800043},
{0x7c,0xc2202700},
{0xf0,0x76},
{0x00,0xc0202700},
{0x04,0xa4102000},
{0x08,0xa2102000},
{0x0c,0xa72c6002},
{0x10,0xc204e364},
{0x14,0x80a06000},
{0x18,0x0280001f},
{0x1c,0xa0102000},
{0x20,0xc208217e},
{0x24,0x80a40001},
{0x28,0x1680001b},
{0x2c,0x1500002e},
{0x30,0xc2002548},
{0x34,0x80886020},
{0x38,0xc20c2e80},
{0x3c,0x9412a0f0},
{0x40,0x90100011},
{0x44,0x12800006},
{0x48,0x920860ff},
{0x4c,0x15000028},
{0x50,0x920860ff},
{0x54,0x9412a270},
{0x58,0x90100011},
{0x5c,0x7ffff623},
{0x60,0xa0042001},
{0x64,0xc204e364},
{0x68,0xda002348},
{0x6c,0x98020001},
{0x70,0x82034001},
{0x74,0x80a20001},
{0x78,0x38bfffea},
{0x7c,0xa404a001},
{0xf0,0x77},
{0x00,0x80a3000d},
{0x04,0x3abfffe8},
{0x08,0xc208217e},
{0x0c,0x10bfffe5},
{0x10,0xa404a001},
{0x14,0xa2046001},
{0x18,0x80a46001},
{0x1c,0x08bfffdd},
{0x20,0xa72c6002},
{0x24,0xd80026fc},
{0x28,0x80930012},
{0x2c,0x1280000a},
{0x30,0x80a4a000},
{0x34,0xda002548},
{0x38,0x83336005},
{0x3c,0x82086001},
{0x40,0x82186001},
{0x44,0x83286005},
{0x48,0x9a0b7fdf},
{0x4c,0x9a134001},
{0x50,0xda202548},
{0x54,0x12800004},
{0x58,0x82032001},
{0x5c,0x10800003},
{0x60,0xc02026fc},
{0x64,0xc22026fc},
{0x68,0xc20026fc},
{0x6c,0x80a06002},
{0x70,0x04800005},
{0x74,0x1b000040},
{0x78,0xc200254c},
{0x7c,0x8210400d},
{0xf0,0x78},
{0x00,0xc220254c},
{0x04,0x81c7e008},
{0x08,0x81e80000},
{0x0c,0x9de3bf98},
{0x10,0xc2002fbc},
{0x14,0x9fc04000},
{0x18,0x01000000},
{0x1c,0x01000000},
{0x20,0x81c7e008},
{0x24,0x81e80000},
{0x28,0x9de3be78},
{0x2c,0xe2502458},
{0x30,0x80a46000},
{0x34,0x02800065},
{0x38,0x01000000},
{0x3c,0xc208217f},
{0x40,0x80a44001},
{0x44,0x16800061},
{0x48,0xa0102001},
{0x4c,0xc208217e},
{0x50,0x80a40001},
{0x54,0x1480005d},
{0x58,0xe450245a},
{0x5c,0x96102001},
{0x60,0xc208217f},
{0x64,0x80a2c001},
{0x68,0x1480000f},
{0x6c,0x03000033},
{0x70,0x9b2c2002},
{0x74,0x82106370},
{0x78,0x9a034001},
{0x7c,0x9a0360a8},
{0xf0,0x79},
{0x00,0x9807bed8},
{0x04,0xc2034000},
{0x08,0xc2230000},
{0x0c,0x9602e001},
{0x10,0xc208217f},
{0x14,0x80a2c001},
{0x18,0x9a0360a8},
{0x1c,0x04bffffa},
{0x20,0x98032004},
{0x24,0x9007bed8},
{0x28,0x7ffff44b},
{0x2c,0xd208217f},
{0x30,0x96100012},
{0x34,0x80a48011},
{0x38,0x1480000b},
{0x3c,0x94102000},
{0x40,0x832ca002},
{0x44,0x8200401e},
{0x48,0x9a007ed8},
{0x4c,0xc2034000},
{0x50,0x9602e001},
{0x54,0x94028001},
{0x58,0x80a2c011},
{0x5c,0x04bffffc},
{0x60,0x9a036004},
{0x64,0x82244012},
{0x68,0x82006001},
{0x6c,0x9b3aa01f},
{0x70,0x81836000},
{0x74,0x01000000},
{0x78,0x01000000},
{0x7c,0x01000000},
{0xf0,0x7a},
{0x00,0x947a8001},
{0x04,0xc25021ac},
{0x08,0x80a28001},
{0x0c,0x26800002},
{0x10,0x94100001},
{0x14,0x96102001},
{0x18,0xc208217f},
{0x1c,0x80a2c001},
{0x20,0x14800025},
{0x24,0x832c2002},
{0x28,0x11000033},
{0x2c,0x980060a8},
{0x30,0x92122370},
{0x34,0x80a2a000},
{0x38,0x0480000b},
{0x3c,0x9a122370},
{0x40,0xc203000d},
{0x44,0x80a0400a},
{0x48,0x36800008},
{0x4c,0xc2030009},
{0x50,0x80a06000},
{0x54,0x34800007},
{0x58,0xc023000d},
{0x5c,0x10800006},
{0x60,0xc20023c8},
{0x64,0xc2030009},
{0x68,0x8220400a},
{0x6c,0xc2230009},
{0x70,0xc20023c8},
{0x74,0x83306012},
{0x78,0x80886001},
{0x7c,0x0280000a},
{0xf0,0x7b},
{0x00,0x9602e001},
{0x04,0xda0c22af},
{0x08,0xc2030009},
{0x0c,0x8258400d},
{0x10,0x9b38601f},
{0x14,0x9b336019},
{0x18,0x8200400d},
{0x1c,0x83386007},
{0x20,0xc2230009},
{0x24,0xc208217f},
{0x28,0x80a2c001},
{0x2c,0x04bfffe2},
{0x30,0x980320a8},
{0x34,0xa0042001},
{0x38,0xc208217e},
{0x3c,0x80a40001},
{0x40,0x04bfffa8},
{0x44,0x96102001},
{0x48,0x81c7e008},
{0x4c,0x81e80000},
{0x50,0x9de3bf98},
{0x54,0xfa5023c6},
{0x58,0x80a76000},
{0x5c,0x0280003c},
{0x60,0xb0102001},
{0x64,0xc208217e},
{0x68,0x80a60001},
{0x6c,0x14800038},
{0x70,0x19000033},
{0x74,0x82132370},
{0x78,0x9a10001d},
{0x7c,0x9e006004},
{0xf0,0x7c},
{0x00,0xfa08217f},
{0x04,0x80a76000},
{0x08,0xb2102000},
{0x0c,0x0280002b},
{0x10,0x82102000},
{0x14,0xb810001d},
{0x18,0xf45023c4},
{0x1c,0xba03e0a8},
{0x20,0xf6074000},
{0x24,0x80a6c01a},
{0x28,0x06800004},
{0x2c,0xba0760a8},
{0x30,0xb206401b},
{0x34,0x82006001},
{0x38,0xb8873fff},
{0x3c,0x32bffffa},
{0x40,0xf6074000},
{0x44,0x80a06000},
{0x48,0x2280001d},
{0x4c,0xb0062001},
{0x50,0x973e601f},
{0x54,0x8182e000},
{0x58,0x01000000},
{0x5c,0x01000000},
{0x60,0x01000000},
{0x64,0x827e4001},
{0x68,0x8258400d},
{0x6c,0xbb38601f},
{0x70,0xbb376016},
{0x74,0x8200401d},
{0x78,0xb8102001},
{0x7c,0xfa08217f},
{0xf0,0x7d},
{0x00,0x80a7001d},
{0x04,0x1480000d},
{0x08,0xb338600a},
{0x0c,0x832e2002},
{0x10,0xba0060a8},
{0x14,0xb6132370},
{0x18,0xc207401b},
{0x1c,0x82204019},
{0x20,0xc227401b},
{0x24,0xb8072001},
{0x28,0xc208217f},
{0x2c,0x80a70001},
{0x30,0x04bffffa},
{0x34,0xba0760a8},
{0x38,0xb0062001},
{0x3c,0xc208217e},
{0x40,0x80a60001},
{0x44,0x04bfffcf},
{0x48,0x9e03e004},
{0x4c,0x81c7e008},
{0x50,0x81e80000},
{0x54,0xc2082573},
{0x58,0xda00256c},
{0x5c,0x82006001},
{0x60,0xd808257f},
{0x64,0x9a5b4001},
{0x68,0x98032001},
{0x6c,0x81800000},
{0x70,0x01000000},
{0x74,0x01000000},
{0x78,0x01000000},
{0x7c,0x9a73400c},
{0xf0,0x7e},
{0x00,0xda20256c},
{0x04,0x96102000},
{0x08,0x832ae002},
{0x0c,0xd800256c},
{0x10,0xda1063b6},
{0x14,0x9a5b400c},
{0x18,0x9b336007},
{0x1c,0x9602e001},
{0x20,0x80a2e003},
{0x24,0x04bffff9},
{0x28,0xda206520},
{0x2c,0xc20023c0},
{0x30,0x80a06000},
{0x34,0x02800007},
{0x38,0x82103000},
{0x3c,0xc2002200},
{0x40,0x80a06000},
{0x44,0x22800005},
{0x48,0xc200255c},
{0x4c,0x82103000},
{0x50,0xc220252c},
{0x54,0xc200255c},
{0x58,0x80a06000},
{0x5c,0x02800005},
{0x60,0xc2002288},
{0x64,0x9b306001},
{0x68,0x83306002},
{0x6c,0x8200400d},
{0x70,0xc220251c},
{0x74,0x03000007},
{0x78,0x81c063ec},
{0x7c,0x01000000},
{0xf0,0x7f},
{0x00,0x01000000},
{0x04,0x9de3bf98},
{0x08,0xc2002548},
{0x0c,0x80886100},
{0x10,0x1280007e},
{0x14,0x01000000},
{0x18,0xc20026f4},
{0x1c,0x80a06000},
{0x20,0x02800004},
{0x24,0xa4102001},
{0x28,0x82007fff},
{0x2c,0xc22026f4},
{0x30,0xc2002300},
{0x34,0x80a48001},
{0x38,0x18800074},
{0x3c,0xaa10202a},
{0x40,0xa2102001},
{0x44,0xc2002308},
{0x48,0x80a44001},
{0x4c,0x1880006a},
{0x50,0x9b2d6002},
{0x54,0x03000050},
{0x58,0xa8048001},
{0x5c,0xa6036004},
{0x60,0xc2002514},
{0x64,0x80a06009},
{0x68,0x18800068},
{0x6c,0x03000033},
{0x70,0x82106370},
{0x74,0xda04c001},
{0x78,0xc2002474},
{0x7c,0x80a34001},
{0xf0,0x80},
{0x00,0x06800057},
{0x04,0x03000040},
{0x08,0x90100011},
{0x0c,0x7ffff7b8},
{0x10,0x92100012},
{0x14,0x80a22000},
{0x18,0x02800051},
{0x1c,0x03000040},
{0x20,0xc2002ff0},
{0x24,0x80a06000},
{0x28,0x2280000a},
{0x2c,0xc2002fe0},
{0x30,0x90100011},
{0x34,0x9fc04000},
{0x38,0x92100012},
{0x3c,0xc200259c},
{0x40,0x80a06000},
{0x44,0x12800046},
{0x48,0x03000040},
{0x4c,0xc2002fe0},
{0x50,0x80a06000},
{0x54,0x2280000b},
{0x58,0xc2002ff4},
{0x5c,0x90100011},
{0x60,0x92100012},
{0x64,0x9fc04000},
{0x68,0xd4082473},
{0x6c,0xc200259c},
{0x70,0x80a06000},
{0x74,0x1280003a},
{0x78,0x03000040},
{0x7c,0xc2002ff4},
{0xf0,0x81},
{0x00,0x80a06000},
{0x04,0x02800006},
{0x08,0xa0102000},
{0x0c,0x90100011},
{0x10,0x9fc04000},
{0x14,0x92100012},
{0x18,0xe000259c},
{0x1c,0x90100011},
{0x20,0x92100012},
{0x24,0x94100010},
{0x28,0x7ffff7dc},
{0x2c,0xd6082473},
{0x30,0x80a22000},
{0x34,0x0280002a},
{0x38,0x03000040},
{0x3c,0xc2002fe0},
{0x40,0x80a06000},
{0x44,0x02800007},
{0x48,0x90100011},
{0x4c,0x92100012},
{0x50,0x9fc04000},
{0x54,0x94102100},
{0x58,0x10800004},
{0x5c,0x94100010},
{0x60,0xc020259c},
{0x64,0x94100010},
{0x68,0x90100011},
{0x6c,0x92100012},
{0x70,0x7ffff7ca},
{0x74,0x96102100},
{0x78,0x80a22000},
{0x7c,0x22800013},
{0xf0,0x82},
{0x00,0xc2002514},
{0x04,0xc200259c},
{0x08,0x80a06000},
{0x0c,0x3280000f},
{0x10,0xc2002514},
{0x14,0xc2002548},
{0x18,0x82106040},
{0x1c,0xc2202548},
{0x20,0xc2002280},
{0x24,0xd8002514},
{0x28,0xc22026f4},
{0x2c,0x9b2c6010},
{0x30,0x832b2002},
{0x34,0x9a034012},
{0x38,0xda206720},
{0x3c,0x98032001},
{0x40,0x10800006},
{0x44,0xd8202514},
{0x48,0x9b286002},
{0x4c,0xe8236720},
{0x50,0x82006001},
{0x54,0xc2202514},
{0x58,0x03000040},
{0x5c,0xa8050001},
{0x60,0xa2046001},
{0x64,0xc2002308},
{0x68,0x80a44001},
{0x6c,0x08bfff9d},
{0x70,0xa604e004},
{0x74,0xa404a001},
{0x78,0xc2002300},
{0x7c,0x80a48001},
{0xf0,0x83},
{0x00,0x08bfff90},
{0x04,0xaa05602a},
{0x08,0x81c7e008},
{0x0c,0x81e80000},
{0x10,0x82220009},
{0x14,0x9a58400a},
{0x18,0x833b601f},
{0x1c,0x80a20009},
{0x20,0x83306019},
{0x24,0x04800004},
{0x28,0x90102000},
{0x2c,0x82034001},
{0x30,0x91386007},
{0x34,0x81c3e008},
{0x38,0x01000000},
{0x3c,0x9de3bf98},
{0x40,0x7ffff81d},
{0x44,0xaa102001},
{0x48,0xc208217f},
{0x4c,0x80a07fff},
{0x50,0x0280001e},
{0x54,0xa4102001},
{0x58,0xa810202a},
{0x5c,0xa61020a8},
{0x60,0x23000033},
{0x64,0x82146378},
{0x68,0xa4146374},
{0x6c,0xd204c001},
{0x70,0xd408228c},
{0x74,0x7fffffe7},
{0x78,0xd004c012},
{0x7c,0x82146370},
{0xf0,0x84},
{0x00,0xd024c001},
{0x04,0xe0002308},
{0x08,0xa0050010},
{0x0c,0xa12c2002},
{0x10,0xa214636c},
{0x14,0xd0040001},
{0x18,0xd2040011},
{0x1c,0x7fffffdd},
{0x20,0xd408228d},
{0x24,0xd0240012},
{0x28,0xc208217f},
{0x2c,0xaa056001},
{0x30,0x82006001},
{0x34,0x80a54001},
{0x38,0xa604e0a8},
{0x3c,0x08bfffe9},
{0x40,0xa805202a},
{0x44,0xa4102001},
{0x48,0xc2002308},
{0x4c,0x80a48001},
{0x50,0x1880001b},
{0x54,0x23000034},
{0x58,0x821460c0},
{0x5c,0xa12ca002},
{0x60,0xa2146018},
{0x64,0xd2040001},
{0x68,0xd408228e},
{0x6c,0x7fffffc9},
{0x70,0xd0040011},
{0x74,0x03000033},
{0x78,0x9a106370},
{0x7c,0xd024000d},
{0xf0,0x85},
{0x00,0xe0002300},
{0x04,0xa05c202a},
{0x08,0xa0040012},
{0x0c,0xa12c2002},
{0x10,0x821062c8},
{0x14,0xd2040001},
{0x18,0xd004000d},
{0x1c,0x7fffffbd},
{0x20,0xd408228f},
{0x24,0xd0240011},
{0x28,0xa404a001},
{0x2c,0xc2002308},
{0x30,0x80a48001},
{0x34,0x08bfffe9},
{0x38,0x23000034},
{0x3c,0x81c7e008},
{0x40,0x81e80000},
{0x44,0x9de3bf88},
{0x48,0xc2002fe4},
{0x4c,0x9fc04000},
{0x50,0xd0002590},
{0x54,0xda002550},
{0x58,0x832b6004},
{0x5c,0x8220400d},
{0x60,0xe000259c},
{0x64,0x82040001},
{0x68,0x83306004},
{0x6c,0xc2202550},
{0x70,0x11000028},
{0x74,0xc2002fe4},
{0x78,0x9fc04000},
{0x7c,0x90122270},
{0xf0,0x86},
{0x00,0xc208217c},
{0x04,0xda08217d},
{0x08,0x9a5b4001},
{0x0c,0xc200259c},
{0x10,0x8200400d},
{0x14,0xc220259c},
{0x18,0xda00259c},
{0x1c,0xc2002550},
{0x20,0x80a34001},
{0x24,0x28800011},
{0x28,0xc2002548},
{0x2c,0xc200259c},
{0x30,0x80a04010},
{0x34,0x0880000d},
{0x38,0xc2002548},
{0x3c,0x80a42000},
{0x40,0x0280000a},
{0x44,0x01000000},
{0x48,0x82087f7f},
{0x4c,0xc2202548},
{0x50,0xc2002668},
{0x54,0x80a06000},
{0x58,0x26800006},
{0x5c,0xc0202668},
{0x60,0x10800005},
{0x64,0xc208254e},
{0x68,0x82106080},
{0x6c,0xc2202548},
{0x70,0xc208254e},
{0x74,0x80a00001},
{0x78,0x82602000},
{0x7c,0xa0087ffe},
{0xf0,0x87},
{0x00,0xd8002548},
{0x04,0x83332010},
{0x08,0x80886001},
{0x0c,0x02800012},
{0x10,0xa0042003},
{0x14,0x03000180},
{0x18,0x820b0001},
{0x1c,0x1b000080},
{0x20,0x80a0400d},
{0x24,0x22800061},
{0x28,0xc02026e4},
{0x2c,0xc2002160},
{0x30,0x80886040},
{0x34,0x0280002c},
{0x38,0xa0102000},
{0x3c,0xc2002558},
{0x40,0x80a06000},
{0x44,0x02800028},
{0x48,0xa0102002},
{0x4c,0x10800026},
{0x50,0xa0102000},
{0x54,0x033fc200},
{0x58,0x82106030},
{0x5c,0xda004000},
{0x60,0xc2002570},
{0x64,0x80a34001},
{0x68,0x32800050},
{0x6c,0xc02026e4},
{0x70,0xc2002200},
{0x74,0x80a06000},
{0x78,0x3280004c},
{0x7c,0xc02026e4},
{0xf0,0x88},
{0x00,0xda0026a0},
{0x04,0x03000007},
{0x08,0x808b4001},
{0x0c,0x32800047},
{0x10,0xc02026e4},
{0x14,0xda002664},
{0x18,0xc20021dc},
{0x1c,0x80a34001},
{0x20,0x2a800008},
{0x24,0xc2002514},
{0x28,0xc200254c},
{0x2c,0x8330600e},
{0x30,0x80886001},
{0x34,0x1280000a},
{0x38,0x808b2040},
{0x3c,0xc2002514},
{0x40,0x80a06000},
{0x44,0x22800009},
{0x48,0xc20c2314},
{0x4c,0x808b2080},
{0x50,0x22800006},
{0x54,0xc20c2314},
{0x58,0x808b2040},
{0x5c,0x32800033},
{0x60,0xc02026e4},
{0x64,0xc20c2314},
{0x68,0x80a06000},
{0x6c,0x2280002f},
{0x70,0xc02026e4},
{0x74,0xc20026e4},
{0x78,0x98006001},
{0x7c,0xc2002710},
{0xf0,0x89},
{0x00,0xda082169},
{0x04,0xd82026e4},
{0x08,0x80a0400d},
{0x0c,0x0480000a},
{0x10,0xc20c2314},
{0x14,0x820860ff},
{0x18,0xda082168},
{0x1c,0x8258400d},
{0x20,0x80a30001},
{0x24,0x06800021},
{0x28,0x01000000},
{0x2c,0x10800007},
{0x30,0xc02026e4},
{0x34,0x820860ff},
{0x38,0x80a30001},
{0x3c,0x0680001b},
{0x40,0x01000000},
{0x44,0xc02026e4},
{0x48,0xc20c234c},
{0x4c,0xc227bfec},
{0x50,0xc20c230c},
{0x54,0xc227bff0},
{0x58,0xa0102000},
{0x5c,0xc208217c},
{0x60,0x80a40001},
{0x64,0x1a800011},
{0x68,0x01000000},
{0x6c,0xc20c2e80},
{0x70,0xc227bfe8},
{0x74,0xa2102000},
{0x78,0xc208217d},
{0x7c,0x80a44001},
{0xf0,0x8a},
{0x00,0x3a800006},
{0x04,0xa0042001},
{0x08,0x7ffff75f},
{0x0c,0x9007bfe8},
{0x10,0x10bffffa},
{0x14,0xa2046001},
{0x18,0xc208217c},
{0x1c,0x80a40001},
{0x20,0x2abffff4},
{0x24,0xc20c2e80},
{0x28,0x81c7e008},
{0x2c,0x81e80000},
{0x30,0x9de3bf98},
{0x34,0xb12e2002},
{0x38,0xc2062720},
{0x3c,0x9e086fff},
{0x40,0xb1306010},
{0x44,0xb00e2fff},
{0x48,0xba5be02a},
{0x4c,0xba074018},
{0x50,0x03000033},
{0x54,0xbb2f6002},
{0x58,0x82106370},
{0x5c,0xf8074001},
{0x60,0xc20821e4},
{0x64,0xb85f0001},
{0x68,0xc20023c8},
{0x6c,0xbb3f201f},
{0x70,0x83306014},
{0x74,0x82086001},
{0x78,0xbb376019},
{0x7c,0x80a00001},
{0xf0,0x8b},
{0x00,0xb807001d},
{0x04,0xb93f2007},
{0x08,0xc20821e5},
{0x0c,0x92100019},
{0x10,0x9610001a},
{0x14,0xa8070001},
{0x18,0xb006001a},
{0x1c,0x9e03c019},
{0x20,0xa4603fff},
{0x24,0x94102001},
{0x28,0x9e03c009},
{0x2c,0x8333e01f},
{0x30,0x80948001},
{0x34,0x12800060},
{0x38,0xb006000b},
{0x3c,0x80a62000},
{0x40,0x0680005e},
{0x44,0x80a2e000},
{0x48,0xe0002300},
{0x4c,0x82042001},
{0x50,0x80a3c001},
{0x54,0x18800059},
{0x58,0x80a2e000},
{0x5c,0xd0002308},
{0x60,0x82022001},
{0x64,0x80a60001},
{0x68,0x18800053},
{0x6c,0xb220000a},
{0x70,0x80a6400a},
{0x74,0x14800050},
{0x78,0xa6102000},
{0x7c,0x23000033},
{0xf0,0x8c},
{0x00,0xaa146370},
{0x04,0x80a2e000},
{0x08,0xb4100018},
{0x0c,0x12800004},
{0x10,0xb603c019},
{0x14,0xb4060019},
{0x18,0xb610000f},
{0x1c,0x80a6a000},
{0x20,0x0480003e},
{0x24,0x8206ffff},
{0x28,0x80a2001a},
{0x2c,0x8216c001},
{0x30,0xba402000},
{0x34,0x8330601f},
{0x38,0x80974001},
{0x3c,0x32800038},
{0x40,0xb2066001},
{0x44,0x80a6c010},
{0x48,0x38800035},
{0x4c,0xb2066001},
{0x50,0xf80821e6},
{0x54,0x80a72000},
{0x58,0x0280002a},
{0x5c,0x825ee02a},
{0x60,0x8226c009},
{0x64,0xba26800b},
{0x68,0x8258602a},
{0x6c,0x8200401d},
{0x70,0x9a146370},
{0x74,0x83286002},
{0x78,0xc200400d},
{0x7c,0x8258401c},
{0xf0,0x8d},
{0x00,0xbb38601f},
{0x04,0xbb376019},
{0x08,0x8200401d},
{0x0c,0xb85ee02a},
{0x10,0x83386007},
{0x14,0xb807001a},
{0x18,0xfa0821e7},
{0x1c,0x9800401d},
{0x20,0xb92f2002},
{0x24,0xc207000d},
{0x28,0x80a0400c},
{0x2c,0x14800022},
{0x30,0x82066001},
{0x34,0x80a06002},
{0x38,0x38800012},
{0x3c,0x825ee02a},
{0x40,0x80a2e000},
{0x44,0x32800007},
{0x48,0x8206c019},
{0x4c,0xba5ee0a8},
{0x50,0x82068019},
{0x54,0xba07400d},
{0x58,0x10800005},
{0x5c,0x83286002},
{0x60,0x825860a8},
{0x64,0xba00400d},
{0x68,0x832ea002},
{0x6c,0x82074001},
{0x70,0xc2004000},
{0x74,0x80a0400c},
{0x78,0x1480000f},
{0x7c,0x825ee02a},
{0xf0,0x8e},
{0x00,0x8200401a},
{0x04,0x83286002},
{0x08,0xc2004015},
{0x0c,0x80a04014},
{0x10,0x36800002},
{0x14,0xa6102001},
{0x18,0xb2066001},
{0x1c,0x80a6400a},
{0x20,0x04bfffba},
{0x24,0x80a2e000},
{0x28,0x80a4e000},
{0x2c,0x12bfff9f},
{0x30,0x9402a001},
{0x34,0x80a2e000},
{0x38,0x12800003},
{0x3c,0xb026000b},
{0x40,0xb023c009},
{0x44,0x81c7e008},
{0x48,0x81e80000},
{0x4c,0x9de3bf80},
{0x50,0x03003fc0},
{0x54,0x82106001},
{0x58,0xc227bff4},
{0x5c,0xc227bff0},
{0x60,0xa4102000},
{0x64,0xc2002514},
{0x68,0x80a48001},
{0x6c,0x1a800024},
{0x70,0xa72ca002},
{0x74,0xc204e720},
{0x78,0x8330600c},
{0x7c,0x80886001},
{0xf0,0x8f},
{0x00,0x3280001b},
{0x04,0xa404a001},
{0x08,0xa2102000},
{0x0c,0x8207bff8},
{0x10,0x9a044001},
{0x14,0xa12c6002},
{0x18,0xa0040001},
{0x1c,0xd44b7ff9},
{0x20,0x90100012},
{0x24,0x7fffff63},
{0x28,0xd24b7ff8},
{0x2c,0xa2046001},
{0x30,0x80a46003},
{0x34,0x04bffff6},
{0x38,0xd0243fe8},
{0x3c,0xda07bfe4},
{0x40,0xc207bfec},
{0x44,0x83286010},
{0x48,0x9b2b6018},
{0x4c,0x9a034001},
{0x50,0xc207bfe0},
{0x54,0x83286008},
{0x58,0x9a034001},
{0x5c,0xc207bfe8},
{0x60,0x9a034001},
{0x64,0xda24e748},
{0x68,0xa404a001},
{0x6c,0xc2002514},
{0x70,0x80a48001},
{0x74,0x0abfffe0},
{0x78,0xa72ca002},
{0x7c,0x81c7e008},
{0xf0,0x90},
{0x00,0x81e80000},
{0x04,0x9de3bf98},
{0x08,0xb12e2002},
{0x0c,0xc2062720},
{0x10,0x9e086fff},
{0x14,0xb1306010},
{0x18,0xb00e2fff},
{0x1c,0xba5be02a},
{0x20,0xba074018},
{0x24,0x03000033},
{0x28,0x82106370},
{0x2c,0xbb2f6002},
{0x30,0xfa074001},
{0x34,0xc20821e4},
{0x38,0xba5f4001},
{0x3c,0x833f601f},
{0x40,0x83306019},
{0x44,0xba074001},
{0x48,0x94100019},
{0x4c,0xbb3f6007},
{0x50,0xc20821e5},
{0x54,0x9e03c019},
{0x58,0x9a10001a},
{0x5c,0x90074001},
{0x60,0xb006001a},
{0x64,0xb2102001},
{0x68,0xb006000d},
{0x6c,0x9e03c00a},
{0x70,0x8096000f},
{0x74,0x06800032},
{0x78,0x80a36000},
{0x7c,0xd6002300},
{0xf0,0x91},
{0x00,0x8202e001},
{0x04,0x80a3c001},
{0x08,0x1880002d},
{0x0c,0x80a36000},
{0x10,0xd8002308},
{0x14,0x82032001},
{0x18,0x80a60001},
{0x1c,0x18800027},
{0x20,0xba200019},
{0x24,0x80a74019},
{0x28,0x14800024},
{0x2c,0x92102000},
{0x30,0x03000033},
{0x34,0xa0106370},
{0x38,0x80a36000},
{0x3c,0xb803c01d},
{0x40,0x12800004},
{0x44,0xb6100018},
{0x48,0xb606001d},
{0x4c,0xb810000f},
{0x50,0x82073fff},
{0x54,0x82170001},
{0x58,0xba076001},
{0x5c,0x80a6e000},
{0x60,0x04800010},
{0x64,0xb530601f},
{0x68,0x80a3001b},
{0x6c,0x82402000},
{0x70,0x8090401a},
{0x74,0x1280000c},
{0x78,0x80a74019},
{0x7c,0x825f202a},
{0xf0,0x92},
{0x00,0x8200401b},
{0x04,0x80a7000b},
{0x08,0x18800006},
{0x0c,0x83286002},
{0x10,0xc2004010},
{0x14,0x80a04008},
{0x18,0x36800002},
{0x1c,0x92102001},
{0x20,0x80a74019},
{0x24,0x04bfffe6},
{0x28,0x80a36000},
{0x2c,0x80a26000},
{0x30,0x12bfffce},
{0x34,0xb2066001},
{0x38,0x80a36000},
{0x3c,0x12800003},
{0x40,0xb026000d},
{0x44,0xb023c00a},
{0x48,0x81c7e008},
{0x4c,0x81e80000},
{0x50,0x9de3bf80},
{0x54,0x03003fc0},
{0x58,0x82106001},
{0x5c,0xc227bff4},
{0x60,0xc227bff0},
{0x64,0xc2002160},
{0x68,0x80886020},
{0x6c,0x02800055},
{0x70,0xa6102000},
{0x74,0xc2002514},
{0x78,0x80a4c001},
{0x7c,0x1a800049},
{0xf0,0x93},
{0x00,0xa52ce002},
{0x04,0xc204a720},
{0x08,0x8330600c},
{0x0c,0x80886001},
{0x10,0x32bffff9},
{0x14,0xa604e001},
{0x18,0xa2102000},
{0x1c,0x8207bff8},
{0x20,0x9a044001},
{0x24,0xa12c6002},
{0x28,0xa0040001},
{0x2c,0xd44b7ff9},
{0x30,0x90100013},
{0x34,0x7fffff94},
{0x38,0xd24b7ff8},
{0x3c,0xa2046001},
{0x40,0x80a46003},
{0x44,0x04bffff6},
{0x48,0xd0243fe8},
{0x4c,0xc207bfe0},
{0x50,0xd807bfe8},
{0x54,0x98230001},
{0x58,0xc207bfe4},
{0x5c,0xda07bfec},
{0x60,0x9a234001},
{0x64,0x92032001},
{0x68,0xc208235f},
{0x6c,0x80a24001},
{0x70,0x1680000a},
{0x74,0x98036001},
{0x78,0x80a30001},
{0x7c,0x36800008},
{0xf0,0x94},
{0x00,0xd40ca748},
{0x04,0x9a5a400c},
{0x08,0xc2082361},
{0x0c,0x80a34001},
{0x10,0x26bfffd9},
{0x14,0xa604e001},
{0x18,0xd40ca748},
{0x1c,0xc20ca749},
{0x20,0x80a28001},
{0x24,0x14800018},
{0x28,0x92102000},
{0x2c,0x9e100001},
{0x30,0x03000033},
{0x34,0xd80ca74b},
{0x38,0xa0106370},
{0x3c,0xd00ca74a},
{0x40,0x965aa02a},
{0x44,0xa20a20ff},
{0x48,0x80a4400c},
{0x4c,0x1480000a},
{0x50,0x8202c011},
{0x54,0x83286002},
{0x58,0x9a004010},
{0x5c,0xc2034000},
{0x60,0xa2046001},
{0x64,0x92024001},
{0x68,0x80a4400c},
{0x6c,0x04bffffc},
{0x70,0x9a036004},
{0x74,0x9402a001},
{0x78,0x80a2800f},
{0x7c,0x04bffff2},
{0xf0,0x95},
{0x00,0x9602e02a},
{0x04,0xc2502214},
{0x08,0x80a24001},
{0x0c,0x04bfffba},
{0x10,0xa604e001},
{0x14,0xc2082362},
{0x18,0x10bfffb7},
{0x1c,0xc220271c},
{0x20,0xc200271c},
{0x24,0x80a06000},
{0x28,0x02800004},
{0x2c,0x82007fff},
{0x30,0xc220271c},
{0x34,0xc0202514},
{0x38,0x7ffff5df},
{0x3c,0x01000000},
{0x40,0x01000000},
{0x44,0x81c7e008},
{0x48,0x81e80000},
{0x4c,0x9de3bf98},
{0x50,0x92102000},
{0x54,0xc2002514},
{0x58,0x80a24001},
{0x5c,0x1a80005d},
{0x60,0x94102000},
{0x64,0xbb2a6002},
{0x68,0xf20f6748},
{0x6c,0xc20f6749},
{0x70,0x80a64001},
{0x74,0x96102000},
{0x78,0x9e102000},
{0x7c,0x14800020},
{0xf0,0x96},
{0x00,0x9a102000},
{0x04,0x03000033},
{0x08,0x90106370},
{0x0c,0xb85e602a},
{0x10,0xc20f674b},
{0x14,0xf60f674a},
{0x18,0x80a6c001},
{0x1c,0x14800012},
{0x20,0x8207001b},
{0x24,0x83286002},
{0x28,0x82004008},
{0x2c,0xd80aa74b},
{0x30,0xfa004000},
{0x34,0xb05f401b},
{0x38,0x82006004},
{0x3c,0xb606e001},
{0x40,0x80a76000},
{0x44,0x04800005},
{0x48,0xb45f4019},
{0x4c,0x9e03c01a},
{0x50,0x9a034018},
{0x54,0x9602c01d},
{0x58,0x80a6c00c},
{0x5c,0x24bffff6},
{0x60,0xfa004000},
{0x64,0xbb2a6002},
{0x68,0xb2066001},
{0x6c,0xc20f6749},
{0x70,0x80a64001},
{0x74,0x04bfffe7},
{0x78,0xb807202a},
{0x7c,0xbb2b6006},
{0xf0,0x97},
{0x00,0xb92be006},
{0x04,0xc202a720},
{0x08,0x9b3f201f},
{0x0c,0x81836000},
{0x10,0x01000000},
{0x14,0x01000000},
{0x18,0x01000000},
{0x1c,0xb87f000b},
{0x20,0x9b3f601f},
{0x24,0x81836000},
{0x28,0x01000000},
{0x2c,0x01000000},
{0x30,0x01000000},
{0x34,0xba7f400b},
{0x38,0x8330600c},
{0x3c,0x80886001},
{0x40,0x9e073fe0},
{0x44,0x02800007},
{0x48,0x9a077fe0},
{0x4c,0xc200237c},
{0x50,0x80a06000},
{0x54,0x22800003},
{0x58,0x9e073fa0},
{0x5c,0x9a077fa0},
{0x60,0x80a3e000},
{0x64,0x24800002},
{0x68,0x9e102001},
{0x6c,0x80a36000},
{0x70,0x24800002},
{0x74,0x9a102001},
{0x78,0xc208217f},
{0x7c,0x83286006},
{0xf0,0x98},
{0x00,0x80a3c001},
{0x04,0x36800002},
{0x08,0x9e007fff},
{0x0c,0xc208217e},
{0x10,0x83286006},
{0x14,0x80a34001},
{0x18,0x36800002},
{0x1c,0x9a007fff},
{0x20,0xfa02a720},
{0x24,0x832be010},
{0x28,0x393c003c},
{0x2c,0x8200400d},
{0x30,0xba0f401c},
{0x34,0x8200401d},
{0x38,0xc222a720},
{0x3c,0x92026001},
{0x40,0xc2002514},
{0x44,0x80a24001},
{0x48,0x0abfffa7},
{0x4c,0x9402a004},
{0x50,0x7ffff422},
{0x54,0x91e8205a},
{0x58,0x01000000},
{0x5c,0x9de3bf98},
{0x60,0xd8002548},
{0x64,0x8333200c},
{0x68,0x80886001},
{0x6c,0x12800081},
{0x70,0x01000000},
{0x74,0xc208254d},
{0x78,0x80a06000},
{0x7c,0x1280007d},
{0xf0,0x99},
{0x00,0x01000000},
{0x04,0xc208254e},
{0x08,0x80a06000},
{0x0c,0x02800079},
{0x10,0x01000000},
{0x14,0xc2002554},
{0x18,0x825860fa},
{0x1c,0xda002500},
{0x20,0x80a34001},
{0x24,0x0a800073},
{0x28,0x01000000},
{0x2c,0xd6002668},
{0x30,0x80a2e000},
{0x34,0x1480001c},
{0x38,0x8202ffff},
{0x3c,0xc2002514},
{0x40,0x80a06001},
{0x44,0x3280006b},
{0x48,0xc0202668},
{0x4c,0xc2002720},
{0x50,0x80a06000},
{0x54,0x12800004},
{0x58,0x808b2040},
{0x5c,0x10800065},
{0x60,0xc0202668},
{0x64,0x32800006},
{0x68,0xd800239c},
{0x6c,0x80a2e000},
{0x70,0x0680000d},
{0x74,0x8202e001},
{0x78,0xd800239c},
{0x7c,0x0300003f},
{0xf0,0x9a},
{0x00,0x9b332010},
{0x04,0x821063ff},
{0x08,0x980b0001},
{0x0c,0x9a38000d},
{0x10,0x9a23400c},
{0x14,0x80a2c00d},
{0x18,0x06800005},
{0x1c,0x03296956},
{0x20,0x8202ffff},
{0x24,0x10800053},
{0x28,0xc2202668},
{0x2c,0x9a10625a},
{0x30,0xc200250c},
{0x34,0x80a0400d},
{0x38,0x02800004},
{0x3c,0xa0102000},
{0x40,0xda20250c},
{0x44,0xc0202664},
{0x48,0x832c2002},
{0x4c,0x92006620},
{0x50,0xc2006620},
{0x54,0x90102720},
{0x58,0x80a06000},
{0x5c,0x0280000d},
{0x60,0xa0042001},
{0x64,0x7ffff452},
{0x68,0x01000000},
{0x6c,0xc2002300},
{0x70,0xda002308},
{0x74,0x82584001},
{0x78,0x9a5b400d},
{0x7c,0x8200400d},
{0xf0,0x9b},
{0x00,0x83286006},
{0x04,0x80a20001},
{0x08,0x0a80003a},
{0x0c,0x01000000},
{0x10,0x80a4200f},
{0x14,0x08bfffee},
{0x18,0x832c2002},
{0x1c,0x030041eb},
{0x20,0xc2202668},
{0x24,0xa010200f},
{0x28,0x9b2c2002},
{0x2c,0xc203661c},
{0x30,0xa0843fff},
{0x34,0x12bffffd},
{0x38,0xc2236620},
{0x3c,0xda002664},
{0x40,0xc2002720},
{0x44,0xc2202620},
{0x48,0x80a3600f},
{0x4c,0x14800003},
{0x50,0x9010200f},
{0x54,0x9010000d},
{0x58,0x03000017},
{0x5c,0x9e1062f0},
{0x60,0x03000028},
{0x64,0xa2106270},
{0x68,0x0300003f},
{0x6c,0xa61063ff},
{0x70,0x92022001},
{0x74,0xa0102000},
{0x78,0xa410000f},
{0x7c,0x972c2002},
{0xf0,0x9c},
{0x00,0x8203c00b},
{0x04,0xda106002},
{0x08,0x9804400b},
{0x0c,0xd4132002},
{0x10,0xc213c00b},
{0x14,0xd814400b},
{0x18,0x82584008},
{0x1c,0x9a5b4008},
{0x20,0x8200400c},
{0x24,0x9a03400a},
{0x28,0x81800000},
{0x2c,0x01000000},
{0x30,0x01000000},
{0x34,0x01000000},
{0x38,0x82704009},
{0x3c,0x81800000},
{0x40,0x01000000},
{0x44,0x01000000},
{0x48,0x01000000},
{0x4c,0x9a734009},
{0x50,0x83286010},
{0x54,0x9a0b4013},
{0x58,0x8200400d},
{0x5c,0xa0042001},
{0x60,0x80a4259f},
{0x64,0x08bfffe6},
{0x68,0xc222c012},
{0x6c,0xd2202664},
{0x70,0x81c7e008},
{0x74,0x81e80000},
{0x78,0x9de3bf98},
{0x7c,0xa2102000},
{0xf0,0x9d},
{0x00,0xc2002514},
{0x04,0x80a44001},
{0x08,0xa0102000},
{0x0c,0x1a800012},
{0x10,0x832c2002},
{0x14,0x92006720},
{0x18,0xc2006720},
{0x1c,0x80a06000},
{0x20,0x02800009},
{0x24,0x90100018},
{0x28,0x7ffff401},
{0x2c,0x01000000},
{0x30,0x82102001},
{0x34,0x80a20019},
{0x38,0x1a800003},
{0x3c,0x83284010},
{0x40,0xa2144001},
{0x44,0xa0042001},
{0x48,0xc2002514},
{0x4c,0x10bffff0},
{0x50,0x80a40001},
{0x54,0x81c7e008},
{0x58,0x91e80011},
{0x5c,0x9de3bf90},
{0x60,0x03003fc0},
{0x64,0x82106001},
{0x68,0xc227bff0},
{0x6c,0xc027bff4},
{0x70,0xa0102000},
{0x74,0x8207bff8},
{0x78,0x82040001},
{0x7c,0xd2487ff9},
{0xf0,0x9e},
{0x00,0xd0487ff8},
{0x04,0x90060008},
{0x08,0x92064009},
{0x0c,0x94102000},
{0x10,0x7ffff442},
{0x14,0x9610001a},
{0x18,0x80a22000},
{0x1c,0x02800004},
{0x20,0xa0042001},
{0x24,0x10800006},
{0x28,0xb0102001},
{0x2c,0x80a42004},
{0x30,0x04bffff2},
{0x34,0x8207bff8},
{0x38,0xb0102000},
{0x3c,0x81c7e008},
{0x40,0x81e80000},
{0x44,0x9de3bf98},
{0x48,0xc2102548},
{0x4c,0x80886001},
{0x50,0xb8102000},
{0x54,0xba102000},
{0x58,0x02800004},
{0x5c,0xae102000},
{0x60,0x10800029},
{0x64,0xec002354},
{0x68,0xc200254c},
{0x6c,0x80886200},
{0x70,0x32800010},
{0x74,0xc20026a0},
{0x78,0x03296956},
{0x7c,0xda00250c},
{0xf0,0x9f},
{0x00,0x8210625a},
{0x04,0x80a34001},
{0x08,0x12800006},
{0x0c,0xc20023c8},
{0x10,0x80886800},
{0x14,0x32800007},
{0x18,0xc20026a0},
{0x1c,0xc20023c8},
{0x20,0x80886400},
{0x24,0x22800018},
{0x28,0xec0022ac},
{0x2c,0xc20026a0},
{0x30,0x80886200},
{0x34,0x1280000d},
{0x38,0xb8102001},
{0x3c,0x13000017},
{0x40,0x921262f0},
{0x44,0xc2002fd0},
{0x48,0x9fc04000},
{0x4c,0xd0002590},
{0x50,0xc2002fbc},
{0x54,0x9fc04000},
{0x58,0x01000000},
{0x5c,0xc20026a0},
{0x60,0x82106200},
{0x64,0xc22026a0},
{0x68,0x10800007},
{0x6c,0xec0023a0},
{0x70,0xc200254c},
{0x74,0x1b000080},
{0x78,0x8210400d},
{0x7c,0x10800084},
{0xf0,0xa0},
{0x00,0xc220254c},
{0x04,0x7ffff335},
{0x08,0x901020aa},
{0x0c,0xda002500},
{0x10,0xc20022d0},
{0x14,0x80a34001},
{0x18,0x3880000f},
{0x1c,0xba102001},
{0x20,0xc2002200},
{0x24,0x80a00001},
{0x28,0x9a402000},
{0x2c,0x80a00016},
{0x30,0x82603fff},
{0x34,0x80934001},
{0x38,0x32800007},
{0x3c,0xba102001},
{0x40,0xc2002548},
{0x44,0x80886001},
{0x48,0x02800004},
{0x4c,0xaa102000},
{0x50,0xba102001},
{0x54,0xaa102000},
{0x58,0xa52d6003},
{0x5c,0xc204a770},
{0x60,0x80a06000},
{0x64,0x22800067},
{0x68,0xaa056001},
{0x6c,0x80a56000},
{0x70,0x12800008},
{0x74,0x80a76000},
{0x78,0xc200255c},
{0x7c,0x80a06000},
{0xf0,0xa1},
{0x00,0x1280000c},
{0x04,0x29200000},
{0x08,0x1080000a},
{0x0c,0xa8102000},
{0x10,0x02800005},
{0x14,0x9004a770},
{0x18,0xc024a774},
{0x1c,0x10800058},
{0x20,0xc024a770},
{0x24,0x7fffff75},
{0x28,0x92100016},
{0x2c,0xa8100008},
{0x30,0x80a52000},
{0x34,0x02800050},
{0x38,0xae15c014},
{0x3c,0xc214a776},
{0x40,0x80a06000},
{0x44,0x0280000a},
{0x48,0x80a56000},
{0x4c,0xc204a774},
{0x50,0x82007fff},
{0x54,0xc224a774},
{0x58,0xc214a776},
{0x5c,0x80a06000},
{0x60,0x32800048},
{0x64,0xaa056001},
{0x68,0x80a56000},
{0x6c,0x12800006},
{0x70,0x1b004000},
{0x74,0xc200254c},
{0x78,0x8210400d},
{0x7c,0x10800040},
{0xf0,0xa2},
{0x00,0xc220254c},
{0x04,0xc2102548},
{0x08,0x80886001},
{0x0c,0x02800006},
{0x10,0x82103fff},
{0x14,0xc024a774},
{0x18,0xc024a770},
{0x1c,0x10800038},
{0x20,0xc2202710},
{0x24,0x80a72000},
{0x28,0x02bfffb2},
{0x2c,0xa6102000},
{0x30,0xc2002514},
{0x34,0x80a4c001},
{0x38,0x1a80002c},
{0x3c,0x83350013},
{0x40,0x80886001},
{0x44,0x02800027},
{0x48,0x9b2ce002},
{0x4c,0xe0036720},
{0x50,0xa3342016},
{0x54,0xa00c2fff},
{0x58,0xa13c2006},
{0x5c,0xa20c603f},
{0x60,0xa0042001},
{0x64,0xa2046001},
{0x68,0x92100011},
{0x6c,0xd410246e},
{0x70,0x7fffff5b},
{0x74,0x90100010},
{0x78,0x80a22000},
{0x7c,0x92100011},
{0xf0,0xa3},
{0x00,0x1280000f},
{0x04,0x90100010},
{0x08,0xc210246c},
{0x0c,0x94906000},
{0x10,0x2280000f},
{0x14,0xc200254c},
{0x18,0xc2002548},
{0x1c,0x80886080},
{0x20,0x2280000b},
{0x24,0xc200254c},
{0x28,0x7fffff4d},
{0x2c,0x01000000},
{0x30,0x80a22000},
{0x34,0x22800006},
{0x38,0xc200254c},
{0x3c,0x82102001},
{0x40,0x83284013},
{0x44,0x10800007},
{0x48,0xa82d0001},
{0x4c,0x1b000080},
{0x50,0x8210400d},
{0x54,0xc220254c},
{0x58,0x10800004},
{0x5c,0xc02026f8},
{0x60,0x10bfffd4},
{0x64,0xa604e001},
{0x68,0x80a52000},
{0x6c,0x32800005},
{0x70,0xaa056001},
{0x74,0xc024a774},
{0x78,0xc024a770},
{0x7c,0xaa056001},
{0xf0,0xa4},
{0x00,0x80a56013},
{0x04,0x04bfff96},
{0x08,0xa52d6003},
{0x0c,0x80a5e000},
{0x10,0x22800002},
{0x14,0xc02026f8},
{0x18,0xc200255c},
{0x1c,0x80a06000},
{0x20,0x0280000a},
{0x24,0x80a76000},
{0x28,0xc2002770},
{0x2c,0x80a06000},
{0x30,0x12800006},
{0x34,0x80a76000},
{0x38,0x03000004},
{0x3c,0xc2202770},
{0x40,0xc2002248},
{0x44,0xc2202774},
{0x48,0x1280002b},
{0x4c,0xaa102000},
{0x50,0xc2002514},
{0x54,0x80a54001},
{0x58,0x1a800027},
{0x5c,0x96102001},
{0x60,0x992d6002},
{0x64,0xc2032720},
{0x68,0x8330600c},
{0x6c,0x80886001},
{0x70,0x3280001d},
{0x74,0xaa056001},
{0x78,0x832ac015},
{0x7c,0x808dc001},
{0xf0,0xa5},
{0x00,0x32800019},
{0x04,0xaa056001},
{0x08,0xa6102001},
{0x0c,0x9b2ce003},
{0x10,0xc2036770},
{0x14,0x80a06000},
{0x18,0x1280000f},
{0x1c,0xa604e001},
{0x20,0xc2032720},
{0x24,0xc2236770},
{0x28,0xc2102548},
{0x2c,0x80886001},
{0x30,0x02800004},
{0x34,0x80a72000},
{0x38,0x10800005},
{0x3c,0xc2002358},
{0x40,0x22800003},
{0x44,0xc2002378},
{0x48,0xc200239c},
{0x4c,0x10800005},
{0x50,0xc2236774},
{0x54,0x80a4e013},
{0x58,0x04bfffee},
{0x5c,0x9b2ce003},
{0x60,0xaa056001},
{0x64,0xc2002514},
{0x68,0x80a54001},
{0x6c,0x0abfffde},
{0x70,0x992d6002},
{0x74,0x81c7e008},
{0x78,0x81e80000},
{0x7c,0x9de3bf98},
{0xf0,0xa6},
{0x00,0x7ffff3cd},
{0x04,0x01000000},
{0x08,0xda002548},
{0x0c,0x83336010},
{0x10,0x80886001},
{0x14,0x1280001d},
{0x18,0x8333600c},
{0x1c,0x80886001},
{0x20,0x1280001a},
{0x24,0x01000000},
{0x28,0xc208254d},
{0x2c,0x80a06000},
{0x30,0x02800016},
{0x34,0x033fc180},
{0x38,0xc0204000},
{0x3c,0xa0102002},
{0x40,0x7ffff413},
{0x44,0x90102001},
{0x48,0x11000099},
{0x4c,0x7fffee92},
{0x50,0x9012233c},
{0x54,0xa0843fff},
{0x58,0x1cbffffa},
{0x5c,0x01000000},
{0x60,0x7ffff40b},
{0x64,0x90102000},
{0x68,0xc210254c},
{0x6c,0x80886001},
{0x70,0x32800002},
{0x74,0xc020250c},
{0x78,0x7ffff118},
{0x7c,0x90102021},
{0xf0,0xa7},
{0x00,0x82102001},
{0x04,0xc2202584},
{0x08,0x81c7e008},
{0x0c,0x81e80000},
{0x10,0xc2002588},
{0x14,0x80a06000},
{0x18,0x32800006},
{0x1c,0xc200258c},
{0x20,0xc2002554},
{0x24,0xc2202588},
{0x28,0xc0202594},
{0x2c,0xc200258c},
{0x30,0x80a06000},
{0x34,0x32800006},
{0x38,0xc2102548},
{0x3c,0xc2002554},
{0x40,0xc220258c},
{0x44,0xc0202598},
{0x48,0xc2102548},
{0x4c,0x80886001},
{0x50,0x02800007},
{0x54,0x01000000},
{0x58,0xc2002558},
{0x5c,0x80a06001},
{0x60,0x18800003},
{0x64,0x82102001},
{0x68,0xc2202584},
{0x6c,0x81c3e008},
{0x70,0x01000000},
{0x74,0xc2002548},
{0x78,0x8330600e},
{0x7c,0x80886001},
{0xf0,0xa8},
{0x00,0x1280006c},
{0x04,0x98102000},
{0x08,0xc2002514},
{0x0c,0x80a30001},
{0x10,0x1a80000b},
{0x14,0x033fc180},
{0x18,0x96106004},
{0x1c,0x832b2002},
{0x20,0xda006720},
{0x24,0xda20400b},
{0x28,0x98032001},
{0x2c,0xc2002514},
{0x30,0x80a30001},
{0x34,0x0abffffb},
{0x38,0x832b2002},
{0x3c,0xda00254c},
{0x40,0x808b6001},
{0x44,0x32800008},
{0x48,0xc208254e},
{0x4c,0xc2002514},
{0x50,0x9a136001},
{0x54,0x82106100},
{0x58,0xda20254c},
{0x5c,0xc2202514},
{0x60,0xc208254e},
{0x64,0x80a06000},
{0x68,0x3280000b},
{0x6c,0xc2082517},
{0x70,0xc20023c8},
{0x74,0x83306016},
{0x78,0x80886001},
{0x7c,0x22800006},
{0xf0,0xa9},
{0x00,0xc2082517},
{0x04,0xc2002514},
{0x08,0x82106200},
{0x0c,0xc2202514},
{0x10,0xc2082517},
{0x14,0x80a06000},
{0x18,0x22800031},
{0x1c,0xda002514},
{0x20,0xd6002548},
{0x24,0x808ae800},
{0x28,0x22800006},
{0x2c,0xd80023c8},
{0x30,0xc2002514},
{0x34,0x82106400},
{0x38,0xc2202514},
{0x3c,0xd80023c8},
{0x40,0x80a32000},
{0x44,0x36800007},
{0x48,0xc208217f},
{0x4c,0xc2002514},
{0x50,0x1b000004},
{0x54,0x8210400d},
{0x58,0xc2202514},
{0x5c,0xc208217f},
{0x60,0x80a06040},
{0x64,0x08800007},
{0x68,0x8333200c},
{0x6c,0xc2002514},
{0x70,0x1b000010},
{0x74,0x8210400d},
{0x78,0xc2202514},
{0x7c,0x8333200c},
{0xf0,0xaa},
{0x00,0x80886001},
{0x04,0x22800016},
{0x08,0xda002514},
{0x0c,0x8332e00f},
{0x10,0x80886001},
{0x14,0xd8002514},
{0x18,0x0280000b},
{0x1c,0xc2002540},
{0x20,0x1b164020},
{0x24,0x83286011},
{0x28,0x8200400d},
{0x2c,0x1b000020},
{0x30,0x82130001},
{0x34,0x9a2ac00d},
{0x38,0xc2202514},
{0x3c,0x10800007},
{0x40,0xda202548},
{0x44,0x83286010},
{0x48,0x1b164020},
{0x4c,0x8200400d},
{0x50,0x82130001},
{0x54,0xc2202514},
{0x58,0xda002514},
{0x5c,0x03000020},
{0x60,0x808b4001},
{0x64,0x1280000e},
{0x68,0xc0202540},
{0x6c,0xc2082517},
{0x70,0x80a06000},
{0x74,0x32800007},
{0x78,0xc2002500},
{0x7c,0xc2002560},
{0xf0,0xab},
{0x00,0x80a06000},
{0x04,0x22800007},
{0x08,0xd8082517},
{0x0c,0xc2002500},
{0x10,0x83286010},
{0x14,0x82134001},
{0x18,0xc2202514},
{0x1c,0xd8082517},
{0x20,0xda002514},
{0x24,0x033fc180},
{0x28,0xda204000},
{0x2c,0xd8202568},
{0x30,0x81c3e008},
{0x34,0x01000000},
{0x38,0x9de3bf98},
{0x3c,0xd8002548},
{0x40,0x8333200e},
{0x44,0x80886001},
{0x48,0x22800006},
{0x4c,0xc2102516},
{0x50,0x03000010},
{0x54,0x822b0001},
{0x58,0x10800022},
{0x5c,0xc2202548},
{0x60,0x80a06000},
{0x64,0x0280000a},
{0x68,0x9b332003},
{0x6c,0x808b2004},
{0x70,0x2280000e},
{0x74,0xc200231c},
{0x78,0xc2002160},
{0x7c,0x80886400},
{0xf0,0xac},
{0x00,0x3280000a},
{0x04,0xc200231c},
{0x08,0x9b332003},
{0x0c,0x83332002},
{0x10,0x82086001},
{0x14,0x9a0b6001},
{0x18,0x80a0400d},
{0x1c,0x2280000a},
{0x20,0xc2002560},
{0x24,0xc200231c},
{0x28,0x80a06000},
{0x2c,0x22800003},
{0x30,0xc2082360},
{0x34,0x82102005},
{0x38,0xc2202560},
{0x3c,0x10800007},
{0x40,0x90102001},
{0x44,0x80a06000},
{0x48,0x02800004},
{0x4c,0x90102000},
{0x50,0x10bffffa},
{0x54,0x82007fff},
{0x58,0x7ffff34d},
{0x5c,0x01000000},
{0x60,0xc2002548},
{0x64,0x9a004001},
{0x68,0x9a0b6008},
{0x6c,0x82087ff7},
{0x70,0x8210400d},
{0x74,0xc2202548},
{0x78,0x81c7e008},
{0x7c,0x81e80000},
{0xf0,0xad},
{0x00,0x00005680},
{0x04,0xa5010503},
{0x08,0xa500001f},
{0x0c,0x00000000},
{0x10,0x4c494348},
{0x14,0x49444449},
{0x18,0x80d088ec},
{0x1c,0xbdae39cf},
{0x20,0xb5918648},
{0x24,0x80cd94ec},
{0x28,0xbe719243},
{0x2c,0xc64180d1},
{0x30,0xc471cce5},
{0x34,0xc9f2c400},
{0x38,0xbc13bc0c},
{0x3c,0xbc43c643},
{0x40,0xbd130000},
{0x44,0x00000000},
{0x48,0x00000000},
{0x4c,0x00000000},
{0x50,0x00000000},
{0x54,0x00000000},
{0x58,0x00000000},
{0x5c,0x00000000},
{0x60,0x00000000},
{0x64,0x00000000},
{0x68,0x4a756e20},
{0x6c,0x31322032},
{0x70,0x30313700},
{0x74,0x00000000},
{0x78,0x31333a35},
{0x7c,0x393a3237},

};
