
main.exe:     file format elf32-sparc

Disassembly of section .text:

00000000 <_text_start>:
       0:	01 00 00 00 	nop 
       4:	01 00 00 00 	nop 
       8:	01 00 00 00 	nop 
       c:	23 3f c0 c0 	sethi  %hi(0xff030000), %l1
      10:	a2 14 60 04 	or  %l1, 4, %l1	! ff030004 <RAM_END+0xbf030004>
      14:	a4 10 20 00 	clr  %l2
      18:	e4 24 40 00 	st  %l2, [ %l1 ]
      1c:	23 3f c0 c0 	sethi  %hi(0xff030000), %l1
      20:	a2 14 60 10 	or  %l1, 0x10, %l1	! ff030010 <RAM_END+0xbf030010>
      24:	25 00 00 3f 	sethi  %hi(0xfc00), %l2
      28:	a4 14 a3 ff 	or  %l2, 0x3ff, %l2	! ffff <_endtext+0x772f>
      2c:	e4 24 40 00 	st  %l2, [ %l1 ]
      30:	01 00 00 00 	nop 
      34:	82 10 20 e0 	mov  0xe0, %g1	! e0 <PROM_START+0xe0>
      38:	81 88 00 01 	wr  %g0, %g1, %psr
      3c:	01 00 00 00 	nop 
      40:	01 00 00 00 	nop 
      44:	a4 10 20 0f 	mov  0xf, %l2	! f <PROM_START+0xf>
      48:	e4 a0 00 40 	sta  %l2, [ %g0 ] (2)
      4c:	01 00 00 00 	nop 
      50:	a0 10 00 00 	mov  %g0, %l0
      54:	a2 10 00 00 	mov  %g0, %l1
      58:	a4 10 00 00 	mov  %g0, %l2
      5c:	a6 10 00 00 	mov  %g0, %l3
      60:	a8 10 00 00 	mov  %g0, %l4
      64:	aa 10 00 00 	mov  %g0, %l5
      68:	ac 10 00 00 	mov  %g0, %l6
      6c:	ae 10 00 00 	mov  %g0, %l7
      70:	90 10 00 00 	mov  %g0, %o0
      74:	92 10 00 00 	mov  %g0, %o1
      78:	94 10 00 00 	mov  %g0, %o2
      7c:	96 10 00 00 	mov  %g0, %o3
      80:	98 10 00 00 	mov  %g0, %o4
      84:	9a 10 00 00 	mov  %g0, %o5
      88:	9c 10 00 00 	mov  %g0, %sp
      8c:	9e 10 00 00 	mov  %g0, %o7
      90:	84 10 00 00 	mov  %g0, %g2
      94:	01 00 00 00 	nop 
      98:	01 00 00 00 	nop 
      9c:	82 10 00 00 	mov  %g0, %g1
      a0:	81 90 00 01 	wr  %g0, %g1, %wim
      a4:	82 10 00 00 	mov  %g0, %g1
      a8:	81 98 00 01 	wr  %g0, %g1, %tbr
      ac:	81 80 00 00 	mov  %g0, %y
      b0:	01 00 00 00 	nop 
      b4:	01 00 00 00 	nop 
      b8:	01 00 00 00 	nop 
      bc:	bc 10 2c fc 	mov  0xcfc, %fp	! cfc <PROM_START+0xcfc>
      c0:	9c 10 2c f8 	mov  0xcf8, %sp
      c4:	01 00 00 00 	nop 
      c8:	01 00 00 00 	nop 
      cc:	27 00 10 40 	sethi  %hi(0x410000), %l3
      d0:	a6 14 e0 0f 	or  %l3, 0xf, %l3	! 41000f <PROM_END+0x40000f>
      d4:	e6 a0 00 40 	sta  %l3, [ %g0 ] (2)
      d8:	01 00 00 00 	nop 
      dc:	40 00 03 09 	call  d00 <main>
      e0:	01 00 00 00 	nop 
      e4:	01 00 00 00 	nop 
      e8:	10 bf ff ff 	b  e4 <PROM_START+0xe4>
      ec:	01 00 00 00 	nop 
      f0:	03 16 96 84 	sethi  %hi(0x5a5a1000), %g1
      f4:	82 10 60 53 	or  %g1, 0x53, %g1	! 5a5a1053 <RAM_END+0x1a5a1053>
      f8:	03 29 69 48 	sethi  %hi(0xa5a52000), %g1
      fc:	82 10 61 33 	or  %g1, 0x133, %g1	! a5a52133 <RAM_END+0x65a52133>
	...
     400:	01 00 00 00 	nop 
     404:	01 00 00 00 	nop 
     408:	01 00 00 00 	nop 
     40c:	01 00 00 00 	nop 
     410:	01 00 00 00 	nop 
     414:	01 00 00 00 	nop 
     418:	01 00 00 00 	nop 
     41c:	01 00 00 00 	nop 
     420:	01 00 00 00 	nop 
     424:	01 00 00 00 	nop 
     428:	01 00 00 00 	nop 
     42c:	01 00 00 00 	nop 
     430:	01 00 00 00 	nop 
     434:	01 00 00 00 	nop 
     438:	01 00 00 00 	nop 
     43c:	01 00 00 00 	nop 
     440:	01 00 00 00 	nop 
     444:	01 00 00 00 	nop 
     448:	01 00 00 00 	nop 
     44c:	01 00 00 00 	nop 
     450:	01 00 00 00 	nop 
     454:	01 00 00 00 	nop 
     458:	01 00 00 00 	nop 
     45c:	01 00 00 00 	nop 
     460:	01 00 00 00 	nop 
     464:	01 00 00 00 	nop 
     468:	01 00 00 00 	nop 
     46c:	01 00 00 00 	nop 
     470:	01 00 00 00 	nop 
     474:	01 00 00 00 	nop 
     478:	01 00 00 00 	nop 
     47c:	01 00 00 00 	nop 
     480:	01 00 00 00 	nop 
     484:	01 00 00 00 	nop 
     488:	01 00 00 00 	nop 
     48c:	01 00 00 00 	nop 
     490:	01 00 00 00 	nop 
     494:	01 00 00 00 	nop 
     498:	01 00 00 00 	nop 
     49c:	01 00 00 00 	nop 
     4a0:	01 00 00 00 	nop 
     4a4:	01 00 00 00 	nop 
     4a8:	01 00 00 00 	nop 
     4ac:	01 00 00 00 	nop 
     4b0:	01 00 00 00 	nop 
     4b4:	01 00 00 00 	nop 
     4b8:	01 00 00 00 	nop 
     4bc:	01 00 00 00 	nop 
     4c0:	01 00 00 00 	nop 
     4c4:	01 00 00 00 	nop 
     4c8:	01 00 00 00 	nop 
     4cc:	01 00 00 00 	nop 
     4d0:	01 00 00 00 	nop 
     4d4:	01 00 00 00 	nop 
     4d8:	01 00 00 00 	nop 
     4dc:	01 00 00 00 	nop 
     4e0:	01 00 00 00 	nop 
     4e4:	01 00 00 00 	nop 
     4e8:	01 00 00 00 	nop 
     4ec:	01 00 00 00 	nop 
     4f0:	01 00 00 00 	nop 
     4f4:	01 00 00 00 	nop 
     4f8:	01 00 00 00 	nop 
     4fc:	01 00 00 00 	nop 
     500:	01 00 00 00 	nop 
     504:	01 00 00 00 	nop 
     508:	01 00 00 00 	nop 
     50c:	01 00 00 00 	nop 
     510:	01 00 00 00 	nop 
     514:	01 00 00 00 	nop 
     518:	01 00 00 00 	nop 
     51c:	01 00 00 00 	nop 
     520:	01 00 00 00 	nop 
     524:	01 00 00 00 	nop 
     528:	01 00 00 00 	nop 
     52c:	01 00 00 00 	nop 
     530:	01 00 00 00 	nop 
     534:	01 00 00 00 	nop 
     538:	01 00 00 00 	nop 
     53c:	01 00 00 00 	nop 
     540:	01 00 00 00 	nop 
     544:	01 00 00 00 	nop 
     548:	01 00 00 00 	nop 
     54c:	01 00 00 00 	nop 
     550:	01 00 00 00 	nop 
     554:	01 00 00 00 	nop 
     558:	01 00 00 00 	nop 
     55c:	01 00 00 00 	nop 
     560:	01 00 00 00 	nop 
     564:	01 00 00 00 	nop 
     568:	01 00 00 00 	nop 
     56c:	01 00 00 00 	nop 
     570:	01 00 00 00 	nop 
     574:	01 00 00 00 	nop 
     578:	01 00 00 00 	nop 
     57c:	01 00 00 00 	nop 
     580:	01 00 00 00 	nop 
     584:	01 00 00 00 	nop 
     588:	01 00 00 00 	nop 
     58c:	01 00 00 00 	nop 
     590:	01 00 00 00 	nop 
     594:	01 00 00 00 	nop 
     598:	01 00 00 00 	nop 
     59c:	01 00 00 00 	nop 
     5a0:	01 00 00 00 	nop 
     5a4:	01 00 00 00 	nop 
     5a8:	01 00 00 00 	nop 
     5ac:	01 00 00 00 	nop 
     5b0:	01 00 00 00 	nop 
     5b4:	01 00 00 00 	nop 
     5b8:	01 00 00 00 	nop 
     5bc:	01 00 00 00 	nop 
     5c0:	01 00 00 00 	nop 
     5c4:	01 00 00 00 	nop 
     5c8:	01 00 00 00 	nop 
     5cc:	01 00 00 00 	nop 
     5d0:	01 00 00 00 	nop 
     5d4:	01 00 00 00 	nop 
     5d8:	01 00 00 00 	nop 
     5dc:	01 00 00 00 	nop 
     5e0:	01 00 00 00 	nop 
     5e4:	01 00 00 00 	nop 
     5e8:	01 00 00 00 	nop 
     5ec:	01 00 00 00 	nop 
     5f0:	01 00 00 00 	nop 
     5f4:	01 00 00 00 	nop 
     5f8:	01 00 00 00 	nop 
     5fc:	01 00 00 00 	nop 
     600:	01 00 00 00 	nop 
     604:	01 00 00 00 	nop 
     608:	01 00 00 00 	nop 
     60c:	01 00 00 00 	nop 
     610:	01 00 00 00 	nop 
     614:	01 00 00 00 	nop 
     618:	01 00 00 00 	nop 
     61c:	01 00 00 00 	nop 
     620:	01 00 00 00 	nop 
     624:	01 00 00 00 	nop 
     628:	01 00 00 00 	nop 
     62c:	01 00 00 00 	nop 
     630:	01 00 00 00 	nop 
     634:	01 00 00 00 	nop 
     638:	01 00 00 00 	nop 
     63c:	01 00 00 00 	nop 
     640:	01 00 00 00 	nop 
     644:	01 00 00 00 	nop 
     648:	01 00 00 00 	nop 
     64c:	01 00 00 00 	nop 
     650:	01 00 00 00 	nop 
     654:	01 00 00 00 	nop 
     658:	01 00 00 00 	nop 
     65c:	01 00 00 00 	nop 
     660:	01 00 00 00 	nop 
     664:	01 00 00 00 	nop 
     668:	01 00 00 00 	nop 
     66c:	01 00 00 00 	nop 
     670:	01 00 00 00 	nop 
     674:	01 00 00 00 	nop 
     678:	01 00 00 00 	nop 
     67c:	01 00 00 00 	nop 
     680:	01 00 00 00 	nop 
     684:	01 00 00 00 	nop 
     688:	01 00 00 00 	nop 
     68c:	01 00 00 00 	nop 
     690:	01 00 00 00 	nop 
     694:	01 00 00 00 	nop 
     698:	01 00 00 00 	nop 
     69c:	01 00 00 00 	nop 
     6a0:	01 00 00 00 	nop 
     6a4:	01 00 00 00 	nop 
     6a8:	01 00 00 00 	nop 
     6ac:	01 00 00 00 	nop 
     6b0:	01 00 00 00 	nop 
     6b4:	01 00 00 00 	nop 
     6b8:	01 00 00 00 	nop 
     6bc:	01 00 00 00 	nop 
     6c0:	01 00 00 00 	nop 
     6c4:	01 00 00 00 	nop 
     6c8:	01 00 00 00 	nop 
     6cc:	01 00 00 00 	nop 
     6d0:	01 00 00 00 	nop 
     6d4:	01 00 00 00 	nop 
     6d8:	01 00 00 00 	nop 
     6dc:	01 00 00 00 	nop 
     6e0:	01 00 00 00 	nop 
     6e4:	01 00 00 00 	nop 
     6e8:	01 00 00 00 	nop 
     6ec:	01 00 00 00 	nop 
     6f0:	01 00 00 00 	nop 
     6f4:	01 00 00 00 	nop 
     6f8:	01 00 00 00 	nop 
     6fc:	01 00 00 00 	nop 
     700:	01 00 00 00 	nop 
     704:	01 00 00 00 	nop 
     708:	01 00 00 00 	nop 
     70c:	01 00 00 00 	nop 
     710:	01 00 00 00 	nop 
     714:	01 00 00 00 	nop 
     718:	01 00 00 00 	nop 
     71c:	01 00 00 00 	nop 
     720:	01 00 00 00 	nop 
     724:	01 00 00 00 	nop 
     728:	01 00 00 00 	nop 
     72c:	01 00 00 00 	nop 
     730:	01 00 00 00 	nop 
     734:	01 00 00 00 	nop 
     738:	01 00 00 00 	nop 
     73c:	01 00 00 00 	nop 
     740:	01 00 00 00 	nop 
     744:	01 00 00 00 	nop 
     748:	01 00 00 00 	nop 
     74c:	01 00 00 00 	nop 
     750:	01 00 00 00 	nop 
     754:	01 00 00 00 	nop 
     758:	01 00 00 00 	nop 
     75c:	01 00 00 00 	nop 
     760:	01 00 00 00 	nop 
     764:	01 00 00 00 	nop 
     768:	01 00 00 00 	nop 
     76c:	01 00 00 00 	nop 
     770:	01 00 00 00 	nop 
     774:	01 00 00 00 	nop 
     778:	01 00 00 00 	nop 
     77c:	01 00 00 00 	nop 
     780:	01 00 00 00 	nop 
     784:	01 00 00 00 	nop 
     788:	01 00 00 00 	nop 
     78c:	01 00 00 00 	nop 
     790:	01 00 00 00 	nop 
     794:	01 00 00 00 	nop 
     798:	01 00 00 00 	nop 
     79c:	01 00 00 00 	nop 
     7a0:	01 00 00 00 	nop 
     7a4:	01 00 00 00 	nop 
     7a8:	01 00 00 00 	nop 
     7ac:	01 00 00 00 	nop 
     7b0:	01 00 00 00 	nop 
     7b4:	01 00 00 00 	nop 
     7b8:	01 00 00 00 	nop 
     7bc:	01 00 00 00 	nop 
     7c0:	01 00 00 00 	nop 
     7c4:	01 00 00 00 	nop 
     7c8:	01 00 00 00 	nop 
     7cc:	01 00 00 00 	nop 
     7d0:	01 00 00 00 	nop 
     7d4:	01 00 00 00 	nop 
     7d8:	01 00 00 00 	nop 
     7dc:	01 00 00 00 	nop 
     7e0:	01 00 00 00 	nop 
     7e4:	01 00 00 00 	nop 
     7e8:	01 00 00 00 	nop 
     7ec:	01 00 00 00 	nop 
     7f0:	01 00 00 00 	nop 
     7f4:	01 00 00 00 	nop 
     7f8:	01 00 00 00 	nop 
     7fc:	01 00 00 00 	nop 
     800:	01 00 00 00 	nop 
     804:	01 00 00 00 	nop 
     808:	01 00 00 00 	nop 
     80c:	01 00 00 00 	nop 
     810:	01 00 00 00 	nop 
     814:	01 00 00 00 	nop 
     818:	01 00 00 00 	nop 
     81c:	01 00 00 00 	nop 
     820:	01 00 00 00 	nop 
     824:	01 00 00 00 	nop 
     828:	01 00 00 00 	nop 
     82c:	01 00 00 00 	nop 
     830:	01 00 00 00 	nop 
     834:	01 00 00 00 	nop 
     838:	01 00 00 00 	nop 
     83c:	01 00 00 00 	nop 
     840:	01 00 00 00 	nop 
     844:	01 00 00 00 	nop 
     848:	01 00 00 00 	nop 
     84c:	01 00 00 00 	nop 
     850:	01 00 00 00 	nop 
     854:	01 00 00 00 	nop 
     858:	01 00 00 00 	nop 
     85c:	01 00 00 00 	nop 
     860:	01 00 00 00 	nop 
     864:	01 00 00 00 	nop 
     868:	01 00 00 00 	nop 
     86c:	01 00 00 00 	nop 
     870:	01 00 00 00 	nop 
     874:	01 00 00 00 	nop 
     878:	01 00 00 00 	nop 
     87c:	01 00 00 00 	nop 
     880:	01 00 00 00 	nop 
     884:	01 00 00 00 	nop 
     888:	01 00 00 00 	nop 
     88c:	01 00 00 00 	nop 
     890:	01 00 00 00 	nop 
     894:	01 00 00 00 	nop 
     898:	01 00 00 00 	nop 
     89c:	01 00 00 00 	nop 
     8a0:	01 00 00 00 	nop 
     8a4:	01 00 00 00 	nop 
     8a8:	01 00 00 00 	nop 
     8ac:	01 00 00 00 	nop 
     8b0:	01 00 00 00 	nop 
     8b4:	01 00 00 00 	nop 
     8b8:	01 00 00 00 	nop 
     8bc:	01 00 00 00 	nop 
     8c0:	01 00 00 00 	nop 
     8c4:	01 00 00 00 	nop 
     8c8:	01 00 00 00 	nop 
     8cc:	01 00 00 00 	nop 
     8d0:	01 00 00 00 	nop 
     8d4:	01 00 00 00 	nop 
     8d8:	01 00 00 00 	nop 
     8dc:	01 00 00 00 	nop 
     8e0:	01 00 00 00 	nop 
     8e4:	01 00 00 00 	nop 
     8e8:	01 00 00 00 	nop 
     8ec:	01 00 00 00 	nop 
     8f0:	01 00 00 00 	nop 
     8f4:	01 00 00 00 	nop 
     8f8:	01 00 00 00 	nop 
     8fc:	01 00 00 00 	nop 
     900:	01 00 00 00 	nop 
     904:	01 00 00 00 	nop 
     908:	01 00 00 00 	nop 
     90c:	01 00 00 00 	nop 
     910:	01 00 00 00 	nop 
     914:	01 00 00 00 	nop 
     918:	01 00 00 00 	nop 
     91c:	01 00 00 00 	nop 
     920:	01 00 00 00 	nop 
     924:	01 00 00 00 	nop 
     928:	01 00 00 00 	nop 
     92c:	01 00 00 00 	nop 
     930:	01 00 00 00 	nop 
     934:	01 00 00 00 	nop 
     938:	01 00 00 00 	nop 
     93c:	01 00 00 00 	nop 
     940:	01 00 00 00 	nop 
     944:	01 00 00 00 	nop 
     948:	01 00 00 00 	nop 
     94c:	01 00 00 00 	nop 
     950:	01 00 00 00 	nop 
     954:	01 00 00 00 	nop 
     958:	01 00 00 00 	nop 
     95c:	01 00 00 00 	nop 
     960:	01 00 00 00 	nop 
     964:	01 00 00 00 	nop 
     968:	01 00 00 00 	nop 
     96c:	01 00 00 00 	nop 
     970:	01 00 00 00 	nop 
     974:	01 00 00 00 	nop 
     978:	01 00 00 00 	nop 
     97c:	01 00 00 00 	nop 
     980:	01 00 00 00 	nop 
     984:	01 00 00 00 	nop 
     988:	01 00 00 00 	nop 
     98c:	01 00 00 00 	nop 
     990:	01 00 00 00 	nop 
     994:	01 00 00 00 	nop 
     998:	01 00 00 00 	nop 
     99c:	01 00 00 00 	nop 
     9a0:	01 00 00 00 	nop 
     9a4:	01 00 00 00 	nop 
     9a8:	01 00 00 00 	nop 
     9ac:	01 00 00 00 	nop 
     9b0:	01 00 00 00 	nop 
     9b4:	01 00 00 00 	nop 
     9b8:	01 00 00 00 	nop 
     9bc:	01 00 00 00 	nop 
     9c0:	01 00 00 00 	nop 
     9c4:	01 00 00 00 	nop 
     9c8:	01 00 00 00 	nop 
     9cc:	01 00 00 00 	nop 
     9d0:	01 00 00 00 	nop 
     9d4:	01 00 00 00 	nop 
     9d8:	01 00 00 00 	nop 
     9dc:	01 00 00 00 	nop 
     9e0:	01 00 00 00 	nop 
     9e4:	01 00 00 00 	nop 
     9e8:	01 00 00 00 	nop 
     9ec:	01 00 00 00 	nop 
     9f0:	01 00 00 00 	nop 
     9f4:	01 00 00 00 	nop 
     9f8:	01 00 00 00 	nop 
     9fc:	01 00 00 00 	nop 
     a00:	01 00 00 00 	nop 
     a04:	01 00 00 00 	nop 
     a08:	01 00 00 00 	nop 
     a0c:	01 00 00 00 	nop 
     a10:	01 00 00 00 	nop 
     a14:	01 00 00 00 	nop 
     a18:	01 00 00 00 	nop 
     a1c:	01 00 00 00 	nop 
     a20:	01 00 00 00 	nop 
     a24:	01 00 00 00 	nop 
     a28:	01 00 00 00 	nop 
     a2c:	01 00 00 00 	nop 
     a30:	01 00 00 00 	nop 
     a34:	01 00 00 00 	nop 
     a38:	01 00 00 00 	nop 
     a3c:	01 00 00 00 	nop 
     a40:	01 00 00 00 	nop 
     a44:	01 00 00 00 	nop 
     a48:	01 00 00 00 	nop 
     a4c:	01 00 00 00 	nop 
     a50:	01 00 00 00 	nop 
     a54:	01 00 00 00 	nop 
     a58:	01 00 00 00 	nop 
     a5c:	01 00 00 00 	nop 
     a60:	01 00 00 00 	nop 
     a64:	01 00 00 00 	nop 
     a68:	01 00 00 00 	nop 
     a6c:	01 00 00 00 	nop 
     a70:	01 00 00 00 	nop 
     a74:	01 00 00 00 	nop 
     a78:	01 00 00 00 	nop 
     a7c:	01 00 00 00 	nop 
     a80:	01 00 00 00 	nop 
     a84:	01 00 00 00 	nop 
     a88:	01 00 00 00 	nop 
     a8c:	01 00 00 00 	nop 
     a90:	01 00 00 00 	nop 
     a94:	01 00 00 00 	nop 
     a98:	01 00 00 00 	nop 
     a9c:	01 00 00 00 	nop 
     aa0:	01 00 00 00 	nop 
     aa4:	01 00 00 00 	nop 
     aa8:	01 00 00 00 	nop 
     aac:	01 00 00 00 	nop 
     ab0:	01 00 00 00 	nop 
     ab4:	01 00 00 00 	nop 
     ab8:	01 00 00 00 	nop 
     abc:	01 00 00 00 	nop 
     ac0:	01 00 00 00 	nop 
     ac4:	01 00 00 00 	nop 
     ac8:	01 00 00 00 	nop 
     acc:	01 00 00 00 	nop 
     ad0:	01 00 00 00 	nop 
     ad4:	01 00 00 00 	nop 
     ad8:	01 00 00 00 	nop 
     adc:	01 00 00 00 	nop 
     ae0:	01 00 00 00 	nop 
     ae4:	01 00 00 00 	nop 
     ae8:	01 00 00 00 	nop 
     aec:	01 00 00 00 	nop 
     af0:	01 00 00 00 	nop 
     af4:	01 00 00 00 	nop 
     af8:	01 00 00 00 	nop 
     afc:	01 00 00 00 	nop 
     b00:	01 00 00 00 	nop 
     b04:	01 00 00 00 	nop 
     b08:	01 00 00 00 	nop 
     b0c:	01 00 00 00 	nop 
     b10:	01 00 00 00 	nop 
     b14:	01 00 00 00 	nop 
     b18:	01 00 00 00 	nop 
     b1c:	01 00 00 00 	nop 
     b20:	01 00 00 00 	nop 
     b24:	01 00 00 00 	nop 
     b28:	01 00 00 00 	nop 
     b2c:	01 00 00 00 	nop 
     b30:	01 00 00 00 	nop 
     b34:	01 00 00 00 	nop 
     b38:	01 00 00 00 	nop 
     b3c:	01 00 00 00 	nop 
     b40:	01 00 00 00 	nop 
     b44:	01 00 00 00 	nop 
     b48:	01 00 00 00 	nop 
     b4c:	01 00 00 00 	nop 
     b50:	01 00 00 00 	nop 
     b54:	01 00 00 00 	nop 
     b58:	01 00 00 00 	nop 
     b5c:	01 00 00 00 	nop 
     b60:	01 00 00 00 	nop 
     b64:	01 00 00 00 	nop 
     b68:	01 00 00 00 	nop 
     b6c:	01 00 00 00 	nop 
     b70:	01 00 00 00 	nop 
     b74:	01 00 00 00 	nop 
     b78:	01 00 00 00 	nop 
     b7c:	01 00 00 00 	nop 
     b80:	01 00 00 00 	nop 
     b84:	01 00 00 00 	nop 
     b88:	01 00 00 00 	nop 
     b8c:	01 00 00 00 	nop 
     b90:	01 00 00 00 	nop 
     b94:	01 00 00 00 	nop 
     b98:	01 00 00 00 	nop 
     b9c:	01 00 00 00 	nop 
     ba0:	01 00 00 00 	nop 
     ba4:	01 00 00 00 	nop 
     ba8:	01 00 00 00 	nop 
     bac:	01 00 00 00 	nop 
     bb0:	01 00 00 00 	nop 
     bb4:	01 00 00 00 	nop 
     bb8:	01 00 00 00 	nop 
     bbc:	01 00 00 00 	nop 
     bc0:	01 00 00 00 	nop 
     bc4:	01 00 00 00 	nop 
     bc8:	01 00 00 00 	nop 
     bcc:	01 00 00 00 	nop 
     bd0:	01 00 00 00 	nop 
     bd4:	01 00 00 00 	nop 
     bd8:	01 00 00 00 	nop 
     bdc:	01 00 00 00 	nop 
     be0:	01 00 00 00 	nop 
     be4:	01 00 00 00 	nop 
     be8:	01 00 00 00 	nop 
     bec:	01 00 00 00 	nop 
     bf0:	01 00 00 00 	nop 
     bf4:	01 00 00 00 	nop 
     bf8:	01 00 00 00 	nop 
     bfc:	01 00 00 00 	nop 
     c00:	01 00 00 00 	nop 
     c04:	01 00 00 00 	nop 
     c08:	01 00 00 00 	nop 
     c0c:	01 00 00 00 	nop 
     c10:	01 00 00 00 	nop 
     c14:	01 00 00 00 	nop 
     c18:	01 00 00 00 	nop 
     c1c:	01 00 00 00 	nop 
     c20:	01 00 00 00 	nop 
     c24:	01 00 00 00 	nop 
     c28:	01 00 00 00 	nop 
     c2c:	01 00 00 00 	nop 
     c30:	01 00 00 00 	nop 
     c34:	01 00 00 00 	nop 
     c38:	01 00 00 00 	nop 
     c3c:	01 00 00 00 	nop 
     c40:	01 00 00 00 	nop 
     c44:	01 00 00 00 	nop 
     c48:	01 00 00 00 	nop 
     c4c:	01 00 00 00 	nop 
     c50:	01 00 00 00 	nop 
     c54:	01 00 00 00 	nop 
     c58:	01 00 00 00 	nop 
     c5c:	01 00 00 00 	nop 
     c60:	01 00 00 00 	nop 
     c64:	01 00 00 00 	nop 
     c68:	01 00 00 00 	nop 
     c6c:	01 00 00 00 	nop 
     c70:	01 00 00 00 	nop 
     c74:	01 00 00 00 	nop 
     c78:	01 00 00 00 	nop 
     c7c:	01 00 00 00 	nop 
     c80:	01 00 00 00 	nop 
     c84:	01 00 00 00 	nop 
     c88:	01 00 00 00 	nop 
     c8c:	01 00 00 00 	nop 
     c90:	01 00 00 00 	nop 
     c94:	01 00 00 00 	nop 
     c98:	01 00 00 00 	nop 
     c9c:	01 00 00 00 	nop 
     ca0:	01 00 00 00 	nop 
     ca4:	01 00 00 00 	nop 
     ca8:	01 00 00 00 	nop 
     cac:	01 00 00 00 	nop 
     cb0:	01 00 00 00 	nop 
     cb4:	01 00 00 00 	nop 
     cb8:	01 00 00 00 	nop 
     cbc:	01 00 00 00 	nop 
     cc0:	01 00 00 00 	nop 
     cc4:	01 00 00 00 	nop 
     cc8:	01 00 00 00 	nop 
     ccc:	01 00 00 00 	nop 
     cd0:	01 00 00 00 	nop 
     cd4:	01 00 00 00 	nop 
     cd8:	01 00 00 00 	nop 
     cdc:	01 00 00 00 	nop 
     ce0:	01 00 00 00 	nop 
     ce4:	01 00 00 00 	nop 
     ce8:	01 00 00 00 	nop 
     cec:	01 00 00 00 	nop 
     cf0:	01 00 00 00 	nop 
     cf4:	01 00 00 00 	nop 
     cf8:	01 00 00 00 	nop 
     cfc:	01 00 00 00 	nop 

00000d00 <main>:
     d00:	9d e3 bf 98 	save  %sp, -104, %sp
     d04:	40 00 00 10 	call  d44 <SVT_Configuration>
     d08:	01 00 00 00 	nop 
     d0c:	40 00 00 07 	call  d28 <WIM_Configuration>
     d10:	01 00 00 00 	nop 
     d14:	40 00 03 2e 	call  19cc <CSensorConfiguration>
     d18:	01 00 00 00 	nop 
     d1c:	40 00 00 15 	call  d70 <SleepCall>
     d20:	01 00 00 00 	nop 
     d24:	30 bf ff fe 	b,a   d1c <main+0x1c>

00000d28 <WIM_Configuration>:
     d28:	82 10 20 01 	mov  1, %g1	! 1 <PROM_START+0x1>
     d2c:	81 90 40 00 	mov  %g1, %wim
     d30:	01 00 00 00 	nop 
     d34:	01 00 00 00 	nop 
     d38:	01 00 00 00 	nop 
     d3c:	81 c3 e0 08 	retl 
     d40:	01 00 00 00 	nop 

00000d44 <SVT_Configuration>:
     d44:	03 00 00 08 	sethi  %hi(0x2000), %g1
     d48:	82 10 63 42 	or  %g1, 0x342, %g1	! 2342 <mg_dlt+0xea>
     d4c:	a3 80 40 00 	mov  %g1, %asr17
     d50:	03 00 00 04 	sethi  %hi(0x1000), %g1
     d54:	82 10 60 00 	mov  %g1, %g1	! 1000 <single_vector_table>
     d58:	81 98 40 00 	mov  %g1, %tbr
     d5c:	01 00 00 00 	nop 
     d60:	01 00 00 00 	nop 
     d64:	01 00 00 00 	nop 
     d68:	81 c3 e0 08 	retl 
     d6c:	01 00 00 00 	nop 

00000d70 <SleepCall>:
     d70:	01 00 00 00 	nop 
     d74:	01 00 00 00 	nop 
     d78:	01 00 00 00 	nop 
     d7c:	a7 80 00 00 	mov  %g0, %asr19
     d80:	01 00 00 00 	nop 
     d84:	01 00 00 00 	nop 
     d88:	01 00 00 00 	nop 
     d8c:	81 c3 e0 08 	retl 
     d90:	01 00 00 00 	nop 

00000d94 <leon_delay>:
     d94:	80 a2 20 00 	cmp  %o0, 0
     d98:	02 80 00 06 	be  db0 <leon_delay+0x1c>
     d9c:	01 00 00 00 	nop 
     da0:	01 00 00 00 	nop 
     da4:	90 82 3f ff 	addcc  %o0, -1, %o0
     da8:	12 bf ff fe 	bne  da0 <leon_delay+0xc>
     dac:	01 00 00 00 	nop 
     db0:	81 c3 e0 08 	retl 
     db4:	01 00 00 00 	nop 

00000db8 <CacheFlush>:
     db8:	01 00 00 00 	nop 
     dbc:	05 00 10 40 	sethi  %hi(0x410000), %g2
     dc0:	84 10 a0 0f 	or  %g2, 0xf, %g2	! 41000f <PROM_END+0x40000f>
     dc4:	c4 a0 00 40 	sta  %g2, [ %g0 ] (2)
     dc8:	01 00 00 00 	nop 
     dcc:	81 c3 e0 08 	retl 
     dd0:	01 00 00 00 	nop 

00000dd4 <SortBubble>:
     dd4:	9d e3 bf 98 	save  %sp, -104, %sp
     dd8:	82 10 20 00 	clr  %g1
     ddc:	80 a0 40 19 	cmp  %g1, %i1
     de0:	16 80 00 15 	bge  e34 <SortBubble+0x60>
     de4:	9e 10 00 19 	mov  %i1, %o7
     de8:	b6 00 60 01 	add  %g1, 1, %i3
     dec:	80 a6 c0 0f 	cmp  %i3, %o7
     df0:	16 80 00 0f 	bge  e2c <SortBubble+0x58>
     df4:	ba 10 00 1b 	mov  %i3, %i5
     df8:	b3 28 60 02 	sll  %g1, 2, %i1
     dfc:	b5 2f 60 02 	sll  %i5, 2, %i2
     e00:	f8 06 00 19 	ld  [ %i0 + %i1 ], %i4
     e04:	c2 06 00 1a 	ld  [ %i0 + %i2 ], %g1
     e08:	80 a7 00 01 	cmp  %i4, %g1
     e0c:	04 80 00 04 	ble  e1c <SortBubble+0x48>
     e10:	ba 07 60 01 	inc  %i5
     e14:	c2 26 00 19 	st  %g1, [ %i0 + %i1 ]
     e18:	f8 26 00 1a 	st  %i4, [ %i0 + %i2 ]
     e1c:	80 a7 40 0f 	cmp  %i5, %o7
     e20:	06 bf ff f8 	bl  e00 <SortBubble+0x2c>
     e24:	b5 2f 60 02 	sll  %i5, 2, %i2
     e28:	80 a6 c0 0f 	cmp  %i3, %o7
     e2c:	06 bf ff ef 	bl  de8 <SortBubble+0x14>
     e30:	82 10 00 1b 	mov  %i3, %g1
     e34:	81 c7 e0 08 	ret 
     e38:	81 e8 00 00 	restore 
	...
     f00:	01 00 00 00 	nop 
     f04:	01 00 00 00 	nop 
     f08:	01 00 00 00 	nop 
     f0c:	01 00 00 00 	nop 
     f10:	01 00 00 00 	nop 
     f14:	01 00 00 00 	nop 
     f18:	01 00 00 00 	nop 
     f1c:	01 00 00 00 	nop 
     f20:	01 00 00 00 	nop 
     f24:	01 00 00 00 	nop 
     f28:	01 00 00 00 	nop 
     f2c:	01 00 00 00 	nop 
     f30:	01 00 00 00 	nop 
     f34:	01 00 00 00 	nop 
     f38:	01 00 00 00 	nop 
     f3c:	01 00 00 00 	nop 
     f40:	01 00 00 00 	nop 
     f44:	01 00 00 00 	nop 
     f48:	01 00 00 00 	nop 
     f4c:	01 00 00 00 	nop 
     f50:	01 00 00 00 	nop 
     f54:	01 00 00 00 	nop 
     f58:	01 00 00 00 	nop 
     f5c:	01 00 00 00 	nop 
     f60:	01 00 00 00 	nop 
     f64:	01 00 00 00 	nop 
     f68:	01 00 00 00 	nop 
     f6c:	01 00 00 00 	nop 
     f70:	01 00 00 00 	nop 
     f74:	01 00 00 00 	nop 
     f78:	01 00 00 00 	nop 
     f7c:	01 00 00 00 	nop 
     f80:	01 00 00 00 	nop 
     f84:	01 00 00 00 	nop 
     f88:	01 00 00 00 	nop 
     f8c:	01 00 00 00 	nop 
     f90:	01 00 00 00 	nop 
     f94:	01 00 00 00 	nop 
     f98:	01 00 00 00 	nop 
     f9c:	01 00 00 00 	nop 
     fa0:	01 00 00 00 	nop 
     fa4:	01 00 00 00 	nop 
     fa8:	01 00 00 00 	nop 
     fac:	01 00 00 00 	nop 
     fb0:	01 00 00 00 	nop 
     fb4:	01 00 00 00 	nop 
     fb8:	01 00 00 00 	nop 
     fbc:	01 00 00 00 	nop 
     fc0:	01 00 00 00 	nop 
     fc4:	01 00 00 00 	nop 
     fc8:	01 00 00 00 	nop 
     fcc:	01 00 00 00 	nop 
     fd0:	01 00 00 00 	nop 
     fd4:	01 00 00 00 	nop 
     fd8:	01 00 00 00 	nop 
     fdc:	01 00 00 00 	nop 
     fe0:	01 00 00 00 	nop 
     fe4:	01 00 00 00 	nop 
     fe8:	01 00 00 00 	nop 
     fec:	01 00 00 00 	nop 
     ff0:	01 00 00 00 	nop 
     ff4:	01 00 00 00 	nop 
     ff8:	01 00 00 00 	nop 
     ffc:	01 00 00 00 	nop 

00001000 <single_vector_table>:
    1000:	83 58 00 00 	rd  %tbr, %g1
    1004:	82 08 6f f0 	and  %g1, 0xff0, %g1
    1008:	83 30 60 04 	srl  %g1, 4, %g1
    100c:	80 a0 60 05 	cmp  %g1, 5
    1010:	02 80 00 27 	be  10ac <window_overflow>
    1014:	01 00 00 00 	nop 
    1018:	80 a0 60 06 	cmp  %g1, 6
    101c:	02 80 00 3c 	be  110c <window_underflow>
    1020:	01 00 00 00 	nop 
    1024:	80 a0 60 15 	cmp  %g1, 0x15
    1028:	02 80 00 54 	be  1178 <csensor_intr>
    102c:	01 00 00 00 	nop 
    1030:	80 a0 60 2a 	cmp  %g1, 0x2a
    1034:	02 80 00 90 	be  1274 <division_by_zero>
    1038:	01 00 00 00 	nop 
    103c:	80 a0 60 18 	cmp  %g1, 0x18
    1040:	02 80 00 85 	be  1254 <timer_intr>
    1044:	01 00 00 00 	nop 
    1048:	07 3f c1 80 	sethi  %hi(0xff060000), %g3
    104c:	86 10 e0 3c 	or  %g3, 0x3c, %g3	! ff06003c <RAM_END+0xbf06003c>
    1050:	05 16 96 80 	sethi  %hi(0x5a5a0000), %g2
    1054:	84 00 40 02 	add  %g1, %g2, %g2
    1058:	c4 20 c0 00 	st  %g2, [ %g3 ]
    105c:	07 3f c0 00 	sethi  %hi(0xff000000), %g3
    1060:	86 10 e0 20 	or  %g3, 0x20, %g3	! ff000020 <RAM_END+0xbf000020>
    1064:	84 10 20 01 	mov  1, %g2
    1068:	c4 20 c0 00 	st  %g2, [ %g3 ]
    106c:	05 00 00 0c 	sethi  %hi(0x3000), %g2
    1070:	01 00 00 00 	nop 

00001074 <loop_wait_inte>:
    1074:	01 00 00 00 	nop 
    1078:	84 80 bf ff 	addcc  %g2, -1, %g2
    107c:	12 bf ff fe 	bne  1074 <loop_wait_inte>
    1080:	01 00 00 00 	nop 
    1084:	01 00 00 00 	nop 
    1088:	07 3f c0 00 	sethi  %hi(0xff000000), %g3
    108c:	86 10 e0 20 	or  %g3, 0x20, %g3	! ff000020 <RAM_END+0xbf000020>
    1090:	84 10 20 00 	clr  %g2
    1094:	c4 20 c0 00 	st  %g2, [ %g3 ]
    1098:	01 00 00 00 	nop 
    109c:	01 00 00 00 	nop 
    10a0:	81 c4 40 00 	jmp  %l1
    10a4:	81 cc 80 00 	rett  %l2
    10a8:	01 00 00 00 	nop 

000010ac <window_overflow>:
    10ac:	a7 50 00 00 	rd  %wim, %l3
    10b0:	a9 2c e0 02 	sll  %l3, 2, %l4
    10b4:	a7 34 e0 01 	srl  %l3, 1, %l3
    10b8:	a6 14 c0 14 	or  %l3, %l4, %l3
    10bc:	a6 0c e0 07 	and  %l3, 7, %l3
    10c0:	81 90 00 00 	mov  %g0, %wim
    10c4:	01 00 00 00 	nop 
    10c8:	01 00 00 00 	nop 
    10cc:	81 e0 00 00 	save 
    10d0:	e0 3b a0 00 	std  %l0, [ %sp ]
    10d4:	e4 3b a0 08 	std  %l2, [ %sp + 8 ]
    10d8:	e8 3b a0 10 	std  %l4, [ %sp + 0x10 ]
    10dc:	ec 3b a0 18 	std  %l6, [ %sp + 0x18 ]
    10e0:	f0 3b a0 20 	std  %i0, [ %sp + 0x20 ]
    10e4:	f4 3b a0 28 	std  %i2, [ %sp + 0x28 ]
    10e8:	f8 3b a0 30 	std  %i4, [ %sp + 0x30 ]
    10ec:	fc 3b a0 38 	std  %fp, [ %sp + 0x38 ]
    10f0:	81 e8 00 00 	restore 
    10f4:	81 94 c0 00 	mov  %l3, %wim
    10f8:	01 00 00 00 	nop 
    10fc:	01 00 00 00 	nop 
    1100:	81 c4 40 00 	jmp  %l1
    1104:	81 cc 80 00 	rett  %l2
    1108:	01 00 00 00 	nop 

0000110c <window_underflow>:
    110c:	a7 50 00 00 	rd  %wim, %l3
    1110:	a9 34 e0 02 	srl  %l3, 2, %l4
    1114:	a7 2c e0 01 	sll  %l3, 1, %l3
    1118:	a6 14 c0 14 	or  %l3, %l4, %l3
    111c:	a6 0c e0 07 	and  %l3, 7, %l3
    1120:	81 90 00 00 	mov  %g0, %wim
    1124:	01 00 00 00 	nop 
    1128:	01 00 00 00 	nop 
    112c:	81 e8 00 00 	restore 
    1130:	81 e8 00 00 	restore 
    1134:	e0 1b a0 00 	ldd  [ %sp ], %l0
    1138:	e4 1b a0 08 	ldd  [ %sp + 8 ], %l2
    113c:	e8 1b a0 10 	ldd  [ %sp + 0x10 ], %l4
    1140:	ec 1b a0 18 	ldd  [ %sp + 0x18 ], %l6
    1144:	f0 1b a0 20 	ldd  [ %sp + 0x20 ], %i0
    1148:	f4 1b a0 28 	ldd  [ %sp + 0x28 ], %i2
    114c:	f8 1b a0 30 	ldd  [ %sp + 0x30 ], %i4
    1150:	fc 1b a0 38 	ldd  [ %sp + 0x38 ], %fp
    1154:	81 e0 00 00 	save 
    1158:	81 e0 00 00 	save 
    115c:	81 94 c0 00 	mov  %l3, %wim
    1160:	01 00 00 00 	nop 
    1164:	01 00 00 00 	nop 
    1168:	81 c4 40 00 	jmp  %l1
    116c:	81 cc 80 00 	rett  %l2
    1170:	01 00 00 00 	nop 
    1174:	01 00 00 00 	nop 

00001178 <csensor_intr>:
    1178:	82 10 20 10 	mov  0x10, %g1	! 10 <PROM_START+0x10>
    117c:	27 3f c0 c0 	sethi  %hi(0xff030000), %l3
    1180:	a6 14 e0 10 	or  %l3, 0x10, %l3	! ff030010 <RAM_END+0xbf030010>
    1184:	c2 24 c0 00 	st  %g1, [ %l3 ]
    1188:	01 00 00 00 	nop 
    118c:	03 3f c0 c0 	sethi  %hi(0xff030000), %g1
    1190:	82 10 60 04 	or  %g1, 4, %g1	! ff030004 <RAM_END+0xbf030004>
    1194:	a6 10 20 00 	clr  %l3
    1198:	e6 20 40 00 	st  %l3, [ %g1 ]
    119c:	01 00 00 00 	nop 
    11a0:	01 00 00 00 	nop 
    11a4:	01 00 00 00 	nop 
    11a8:	a6 10 20 20 	mov  0x20, %l3	! 20 <PROM_START+0x20>
    11ac:	83 48 00 00 	rd  %psr, %g1
    11b0:	82 10 40 13 	or  %g1, %l3, %g1
    11b4:	81 88 40 00 	mov  %g1, %psr
    11b8:	01 00 00 00 	nop 
    11bc:	40 00 06 f2 	call  2d84 <csensor_operate>
    11c0:	01 00 00 00 	nop 
    11c4:	01 00 00 00 	nop 
    11c8:	01 00 00 00 	nop 
    11cc:	a7 50 00 00 	rd  %wim, %l3
    11d0:	a9 34 e0 02 	srl  %l3, 2, %l4
    11d4:	a7 2c e0 01 	sll  %l3, 1, %l3
    11d8:	a6 14 c0 14 	or  %l3, %l4, %l3
    11dc:	a6 0c e0 07 	and  %l3, 7, %l3
    11e0:	81 90 00 00 	mov  %g0, %wim
    11e4:	01 00 00 00 	nop 
    11e8:	81 e8 00 00 	restore 
    11ec:	e0 1b a0 00 	ldd  [ %sp ], %l0
    11f0:	e4 1b a0 08 	ldd  [ %sp + 8 ], %l2
    11f4:	e8 1b a0 10 	ldd  [ %sp + 0x10 ], %l4
    11f8:	ec 1b a0 18 	ldd  [ %sp + 0x18 ], %l6
    11fc:	f0 1b a0 20 	ldd  [ %sp + 0x20 ], %i0
    1200:	f4 1b a0 28 	ldd  [ %sp + 0x28 ], %i2
    1204:	f8 1b a0 30 	ldd  [ %sp + 0x30 ], %i4
    1208:	fc 1b a0 38 	ldd  [ %sp + 0x38 ], %fp
    120c:	81 e0 00 00 	save 
    1210:	81 94 c0 00 	mov  %l3, %wim
    1214:	01 00 00 00 	nop 
    1218:	a6 10 20 20 	mov  0x20, %l3	! 20 <PROM_START+0x20>
    121c:	83 48 00 00 	rd  %psr, %g1
    1220:	82 28 40 13 	andn  %g1, %l3, %g1
    1224:	81 88 40 00 	mov  %g1, %psr
    1228:	01 00 00 00 	nop 
    122c:	03 3f c0 c0 	sethi  %hi(0xff030000), %g1
    1230:	82 10 60 04 	or  %g1, 4, %g1	! ff030004 <RAM_END+0xbf030004>
    1234:	a6 10 3f ff 	mov  -1, %l3
    1238:	e6 20 40 00 	st  %l3, [ %g1 ]
    123c:	01 00 00 00 	nop 
    1240:	01 00 00 00 	nop 
    1244:	01 00 00 00 	nop 
    1248:	81 c4 40 00 	jmp  %l1
    124c:	81 cc 80 00 	rett  %l2
    1250:	01 00 00 00 	nop 

00001254 <timer_intr>:
    1254:	82 10 20 80 	mov  0x80, %g1	! 80 <PROM_START+0x80>
    1258:	27 3f c0 c0 	sethi  %hi(0xff030000), %l3
    125c:	a6 14 e0 10 	or  %l3, 0x10, %l3	! ff030010 <RAM_END+0xbf030010>
    1260:	c2 24 c0 00 	st  %g1, [ %l3 ]
    1264:	01 00 00 00 	nop 
    1268:	81 c4 40 00 	jmp  %l1
    126c:	81 cc 80 00 	rett  %l2
    1270:	01 00 00 00 	nop 

00001274 <division_by_zero>:
    1274:	81 c4 80 00 	jmp  %l2
    1278:	81 cc a0 04 	rett  %l2 + 4
    127c:	01 00 00 00 	nop 

00001280 <GetBase>:
    1280:	1b 3f c1 40 	sethi  %hi(0xff050000), %o5
    1284:	82 13 60 48 	or  %o5, 0x48, %g1	! ff050048 <RAM_END+0xbf050048>
    1288:	c2 10 40 00 	lduh  [ %g1 ], %g1
    128c:	82 00 60 03 	add  %g1, 3, %g1
    1290:	82 08 60 03 	and  %g1, 3, %g1
    1294:	83 28 60 02 	sll  %g1, 2, %g1
    1298:	9a 13 60 80 	or  %o5, 0x80, %o5
    129c:	81 c3 e0 08 	retl 
    12a0:	d0 00 40 0d 	ld  [ %g1 + %o5 ], %o0

000012a4 <DacWriteAll>:
    12a4:	9d e3 bf 98 	save  %sp, -104, %sp
    12a8:	9e 10 00 18 	mov  %i0, %o7
    12ac:	b4 10 20 00 	clr  %i2
    12b0:	b2 10 20 00 	clr  %i1
    12b4:	83 2e a0 02 	sll  %i2, 2, %g1
    12b8:	f0 00 63 a4 	ld  [ %g1 + 0x3a4 ], %i0
    12bc:	b6 10 20 00 	clr  %i3
    12c0:	b8 06 40 0f 	add  %i1, %o7, %i4
    12c4:	bb 2e e0 02 	sll  %i3, 2, %i5
    12c8:	c2 07 00 00 	ld  [ %i4 ], %g1
    12cc:	b6 06 e0 01 	inc  %i3
    12d0:	c2 26 00 1d 	st  %g1, [ %i0 + %i5 ]
    12d4:	80 a6 e0 02 	cmp  %i3, 2
    12d8:	04 bf ff fb 	ble  12c4 <DacWriteAll+0x20>
    12dc:	b8 07 20 04 	add  %i4, 4, %i4
    12e0:	b4 06 a0 01 	inc  %i2
    12e4:	80 a6 a0 03 	cmp  %i2, 3
    12e8:	04 bf ff f3 	ble  12b4 <DacWriteAll+0x10>
    12ec:	b2 06 60 18 	add  %i1, 0x18, %i1
    12f0:	81 c7 e0 08 	ret 
    12f4:	81 e8 00 00 	restore 

000012f8 <DacGet>:
    12f8:	82 02 00 08 	add  %o0, %o0, %g1
    12fc:	82 00 40 08 	add  %g1, %o0, %g1
    1300:	9b 32 60 02 	srl  %o1, 2, %o5
    1304:	82 00 40 01 	add  %g1, %g1, %g1
    1308:	82 00 40 0d 	add  %g1, %o5, %g1
    130c:	83 28 60 02 	sll  %g1, 2, %g1
    1310:	92 0a 60 03 	and  %o1, 3, %o1
    1314:	93 2a 60 03 	sll  %o1, 3, %o1
    1318:	d0 00 65 b0 	ld  [ %g1 + 0x5b0 ], %o0
    131c:	91 32 00 09 	srl  %o0, %o1, %o0
    1320:	81 c3 e0 08 	retl 
    1324:	90 0a 20 ff 	and  %o0, 0xff, %o0

00001328 <DacSet1>:
    1328:	9a 02 00 08 	add  %o0, %o0, %o5
    132c:	9a 03 40 08 	add  %o5, %o0, %o5
    1330:	83 32 60 02 	srl  %o1, 2, %g1
    1334:	9a 03 40 0d 	add  %o5, %o5, %o5
    1338:	9a 03 40 01 	add  %o5, %g1, %o5
    133c:	92 0a 60 03 	and  %o1, 3, %o1
    1340:	93 2a 60 03 	sll  %o1, 3, %o1
    1344:	9b 2b 60 02 	sll  %o5, 2, %o5
    1348:	82 10 20 ff 	mov  0xff, %g1
    134c:	d8 03 65 b0 	ld  [ %o5 + 0x5b0 ], %o4
    1350:	83 28 40 09 	sll  %g1, %o1, %g1
    1354:	82 2b 00 01 	andn  %o4, %g1, %g1
    1358:	95 2a 80 09 	sll  %o2, %o1, %o2
    135c:	82 10 40 0a 	or  %g1, %o2, %g1
    1360:	81 c3 e0 08 	retl 
    1364:	c2 23 65 b0 	st  %g1, [ %o5 + 0x5b0 ]

00001368 <DacSet>:
    1368:	9a 02 00 08 	add  %o0, %o0, %o5
    136c:	9a 03 40 08 	add  %o5, %o0, %o5
    1370:	97 32 60 02 	srl  %o1, 2, %o3
    1374:	9a 03 40 0d 	add  %o5, %o5, %o5
    1378:	9a 03 40 0b 	add  %o5, %o3, %o5
    137c:	92 0a 60 03 	and  %o1, 3, %o1
    1380:	9b 2b 60 02 	sll  %o5, 2, %o5
    1384:	93 2a 60 03 	sll  %o1, 3, %o1
    1388:	82 10 20 ff 	mov  0xff, %g1
    138c:	d8 03 65 b0 	ld  [ %o5 + 0x5b0 ], %o4
    1390:	83 28 40 09 	sll  %g1, %o1, %g1
    1394:	82 2b 00 01 	andn  %o4, %g1, %g1
    1398:	95 2a 80 09 	sll  %o2, %o1, %o2
    139c:	82 10 40 0a 	or  %g1, %o2, %g1
    13a0:	c2 23 65 b0 	st  %g1, [ %o5 + 0x5b0 ]
    13a4:	91 2a 20 02 	sll  %o0, 2, %o0
    13a8:	da 02 23 a4 	ld  [ %o0 + 0x3a4 ], %o5
    13ac:	97 2a e0 02 	sll  %o3, 2, %o3
    13b0:	81 c3 e0 08 	retl 
    13b4:	c2 23 40 0b 	st  %g1, [ %o5 + %o3 ]

000013b8 <GetScan>:
    13b8:	82 10 20 05 	mov  5, %g1
    13bc:	1b 3f c2 00 	sethi  %hi(0xff080000), %o5
    13c0:	82 20 40 08 	sub  %g1, %o0, %g1
    13c4:	9a 13 60 08 	or  %o5, 8, %o5
    13c8:	83 28 60 02 	sll  %g1, 2, %g1
    13cc:	d0 03 40 00 	ld  [ %o5 ], %o0
    13d0:	91 32 00 01 	srl  %o0, %g1, %o0
    13d4:	81 c3 e0 08 	retl 
    13d8:	90 0a 20 0f 	and  %o0, 0xf, %o0

000013dc <GetAverage>:
    13dc:	c2 00 24 7c 	ld  [ 0x47c ], %g1
    13e0:	90 5a 00 01 	smul  %o0, %g1, %o0
    13e4:	92 1a 60 01 	xor  %o1, 1, %o1
    13e8:	92 02 40 08 	add  %o1, %o0, %o1
    13ec:	92 02 40 09 	add  %o1, %o1, %o1
    13f0:	81 c3 e0 08 	retl 
    13f4:	d0 12 80 09 	lduh  [ %o2 + %o1 ], %o0

000013f8 <SetDrvOrder>:
    13f8:	03 3f c2 00 	sethi  %hi(0xff080000), %g1
    13fc:	da 08 24 7b 	ldub  [ 0x47b ], %o5
    1400:	92 10 60 ac 	or  %g1, 0xac, %o1
    1404:	94 10 60 a0 	or  %g1, 0xa0, %o2
    1408:	98 10 60 a4 	or  %g1, 0xa4, %o4
    140c:	80 a3 60 00 	cmp  %o5, 0
    1410:	12 80 00 0e 	bne  1448 <SetDrvOrder+0x50>
    1414:	96 10 60 a8 	or  %g1, 0xa8, %o3
    1418:	da 00 23 58 	ld  [ 0x358 ], %o5
    141c:	03 01 00 1c 	sethi  %hi(0x4007000), %g1
    1420:	9a 03 40 01 	add  %o5, %g1, %o5
    1424:	03 01 00 00 	sethi  %hi(0x4000000), %g1
    1428:	c2 22 80 00 	st  %g1, [ %o2 ]
    142c:	03 01 00 08 	sethi  %hi(0x4002000), %g1
    1430:	82 10 60 01 	or  %g1, 1, %g1	! 4002001 <PROM_END+0x3ff2001>
    1434:	c2 23 00 00 	st  %g1, [ %o4 ]
    1438:	03 01 00 10 	sethi  %hi(0x4004000), %g1
    143c:	82 10 60 02 	or  %g1, 2, %g1	! 4004002 <PROM_END+0x3ff4002>
    1440:	c2 22 c0 00 	st  %g1, [ %o3 ]
    1444:	da 22 40 00 	st  %o5, [ %o1 ]
    1448:	81 c3 e0 08 	retl 
    144c:	01 00 00 00 	nop 

00001450 <DacOrder>:
    1450:	9d e3 bf 98 	save  %sp, -104, %sp
    1454:	c2 00 24 7c 	ld  [ 0x47c ], %g1
    1458:	83 30 60 01 	srl  %g1, 1, %g1
    145c:	80 a6 00 01 	cmp  %i0, %g1
    1460:	1a 80 00 06 	bcc  1478 <DacOrder+0x28>
    1464:	90 10 00 18 	mov  %i0, %o0
    1468:	7f ff ff d4 	call  13b8 <GetScan>
    146c:	01 00 00 00 	nop 
    1470:	10 80 00 06 	b  1488 <DacOrder+0x38>
    1474:	b0 02 00 08 	add  %o0, %o0, %i0
    1478:	7f ff ff d0 	call  13b8 <GetScan>
    147c:	90 26 00 01 	sub  %i0, %g1, %o0
    1480:	90 02 00 08 	add  %o0, %o0, %o0
    1484:	b0 02 20 01 	add  %o0, 1, %i0
    1488:	81 c7 e0 08 	ret 
    148c:	81 e8 00 00 	restore 

00001490 <DacAdjust>:
    1490:	9d e3 bf 90 	save  %sp, -112, %sp
    1494:	03 00 80 60 	sethi  %hi(0x2018000), %g1
    1498:	e8 00 23 48 	ld  [ 0x348 ], %l4
    149c:	82 10 60 40 	or  %g1, 0x40, %g1
    14a0:	c2 27 bf f0 	st  %g1, [ %fp + -16 ]
    14a4:	03 08 04 02 	sethi  %hi(0x20100800), %g1
    14a8:	82 10 60 04 	or  %g1, 4, %g1	! 20100804 <PROM_END+0x200f0804>
    14ac:	c2 27 bf f4 	st  %g1, [ %fp + -12 ]
    14b0:	a2 10 20 00 	clr  %l1
    14b4:	c2 00 23 d4 	ld  [ 0x3d4 ], %g1
    14b8:	80 a4 40 01 	cmp  %l1, %g1
    14bc:	1a 80 00 2f 	bcc  1578 <DacAdjust+0xe8>
    14c0:	a4 10 20 00 	clr  %l2
    14c4:	c2 00 24 7c 	ld  [ 0x47c ], %g1
    14c8:	80 a4 80 01 	cmp  %l2, %g1
    14cc:	3a 80 00 27 	bcc,a   1568 <DacAdjust+0xd8>
    14d0:	a2 04 60 01 	inc  %l1
    14d4:	7f ff ff df 	call  1450 <DacOrder>
    14d8:	90 10 00 12 	mov  %l2, %o0
    14dc:	a6 10 00 08 	mov  %o0, %l3
    14e0:	90 10 00 11 	mov  %l1, %o0
    14e4:	7f ff ff 85 	call  12f8 <DacGet>
    14e8:	92 10 00 13 	mov  %l3, %o1
    14ec:	80 a6 20 00 	cmp  %i0, 0
    14f0:	12 80 00 04 	bne  1500 <DacAdjust+0x70>
    14f4:	a0 10 00 08 	mov  %o0, %l0
    14f8:	10 80 00 13 	b  1544 <DacAdjust+0xb4>
    14fc:	a0 10 20 00 	clr  %l0
    1500:	80 a6 20 08 	cmp  %i0, 8
    1504:	18 80 00 0e 	bgu  153c <DacAdjust+0xac>
    1508:	80 a6 20 07 	cmp  %i0, 7
    150c:	7f ff ff 5d 	call  1280 <GetBase>
    1510:	01 00 00 00 	nop 
    1514:	94 10 00 08 	mov  %o0, %o2
    1518:	90 10 00 11 	mov  %l1, %o0
    151c:	7f ff ff b0 	call  13dc <GetAverage>
    1520:	92 10 00 12 	mov  %l2, %o1
    1524:	80 a2 00 14 	cmp  %o0, %l4
    1528:	04 80 00 04 	ble  1538 <DacAdjust+0xa8>
    152c:	82 06 00 1e 	add  %i0, %fp, %g1
    1530:	c2 08 7f ef 	ldub  [ %g1 + -17 ], %g1
    1534:	a0 2c 00 01 	andn  %l0, %g1, %l0
    1538:	80 a6 20 07 	cmp  %i0, 7
    153c:	18 80 00 06 	bgu  1554 <DacAdjust+0xc4>
    1540:	92 10 00 13 	mov  %l3, %o1
    1544:	82 06 00 1e 	add  %i0, %fp, %g1
    1548:	c2 08 7f f0 	ldub  [ %g1 + -16 ], %g1
    154c:	a0 14 00 01 	or  %l0, %g1, %l0
    1550:	92 10 00 13 	mov  %l3, %o1
    1554:	94 10 00 10 	mov  %l0, %o2
    1558:	7f ff ff 84 	call  1368 <DacSet>
    155c:	90 10 00 11 	mov  %l1, %o0
    1560:	10 bf ff d9 	b  14c4 <DacAdjust+0x34>
    1564:	a4 04 a0 01 	inc  %l2
    1568:	c2 00 23 d4 	ld  [ 0x3d4 ], %g1
    156c:	80 a4 40 01 	cmp  %l1, %g1
    1570:	0a bf ff d5 	bcs  14c4 <DacAdjust+0x34>
    1574:	a4 10 20 00 	clr  %l2
    1578:	81 c7 e0 08 	ret 
    157c:	81 e8 00 00 	restore 

00001580 <WriteRegisterConfig>:
    1580:	98 10 20 00 	clr  %o4
    1584:	96 10 20 1e 	mov  0x1e, %o3
    1588:	80 a2 20 00 	cmp  %o0, 0
    158c:	12 80 00 03 	bne  1598 <WriteRegisterConfig+0x18>
    1590:	82 10 00 0c 	mov  %o4, %g1
    1594:	82 22 c0 0c 	sub  %o3, %o4, %g1
    1598:	83 28 60 02 	sll  %g1, 2, %g1
    159c:	da 00 64 80 	ld  [ %g1 + 0x480 ], %o5
    15a0:	80 a3 7f f0 	cmp  %o5, -16
    15a4:	02 80 00 06 	be  15bc <WriteRegisterConfig+0x3c>
    15a8:	98 03 20 02 	add  %o4, 2, %o4
    15ac:	c2 00 64 84 	ld  [ %g1 + 0x484 ], %g1
    15b0:	80 a3 20 1f 	cmp  %o4, 0x1f
    15b4:	04 bf ff f5 	ble  1588 <WriteRegisterConfig+0x8>
    15b8:	c2 23 40 00 	st  %g1, [ %o5 ]
    15bc:	81 c3 e0 08 	retl 
    15c0:	01 00 00 00 	nop 

000015c4 <ResetSensor>:
    15c4:	9d e3 bf 98 	save  %sp, -104, %sp
    15c8:	da 00 25 08 	ld  [ 0x508 ], %o5
    15cc:	03 3f c0 00 	sethi  %hi(0xff000000), %g1
    15d0:	9a 0b 40 01 	and  %o5, %g1, %o5
    15d4:	17 3f c1 80 	sethi  %hi(0xff060000), %o3
    15d8:	03 20 20 20 	sethi  %hi(0x80808000), %g1
    15dc:	82 10 60 80 	or  %g1, 0x80, %g1	! 80808080 <RAM_END+0x40808080>
    15e0:	98 12 e0 38 	or  %o3, 0x38, %o4
    15e4:	c2 23 00 00 	st  %g1, [ %o4 ]
    15e8:	03 16 80 00 	sethi  %hi(0x5a000000), %g1
    15ec:	80 a3 40 01 	cmp  %o5, %g1
    15f0:	c0 22 c0 00 	clr  [ %o3 ]
    15f4:	a2 10 20 00 	clr  %l1
    15f8:	12 80 00 0b 	bne  1624 <ResetSensor+0x60>
    15fc:	a8 10 20 00 	clr  %l4
    1600:	03 00 00 3f 	sethi  %hi(0xfc00), %g1
    1604:	da 00 25 48 	ld  [ 0x548 ], %o5
    1608:	82 10 63 ff 	or  %g1, 0x3ff, %g1
    160c:	9a 0b 40 01 	and  %o5, %g1, %o5
    1610:	d8 00 25 08 	ld  [ 0x508 ], %o4
    1614:	03 3f ff c0 	sethi  %hi(0xffff0000), %g1
    1618:	98 0b 00 01 	and  %o4, %g1, %o4
    161c:	9a 13 40 0c 	or  %o5, %o4, %o5
    1620:	da 20 25 48 	st  %o5, [ 0x548 ]
    1624:	80 a6 20 00 	cmp  %i0, 0
    1628:	16 80 00 1a 	bge  1690 <ResetSensor+0xcc>
    162c:	1b 29 69 56 	sethi  %hi(0xa5a55800), %o5
    1630:	1b 3f c0 40 	sethi  %hi(0xff010000), %o5
    1634:	c2 00 25 48 	ld  [ 0x548 ], %g1
    1638:	82 08 40 0d 	and  %g1, %o5, %g1
    163c:	1b 16 80 40 	sethi  %hi(0x5a010000), %o5
    1640:	80 a0 40 0d 	cmp  %g1, %o5
    1644:	22 80 00 02 	be,a   164c <ResetSensor+0x88>
    1648:	a2 10 20 01 	mov  1, %l1
    164c:	da 00 26 64 	ld  [ 0x664 ], %o5
    1650:	c2 00 21 dc 	ld  [ 0x1dc ], %g1
    1654:	80 a3 40 01 	cmp  %o5, %g1
    1658:	1a 80 00 0e 	bcc  1690 <ResetSensor+0xcc>
    165c:	1b 29 69 56 	sethi  %hi(0xa5a55800), %o5
    1660:	03 16 96 a9 	sethi  %hi(0x5a5aa400), %g1
    1664:	da 00 25 0c 	ld  [ 0x50c ], %o5
    1668:	82 10 61 a5 	or  %g1, 0x1a5, %g1
    166c:	80 a3 40 01 	cmp  %o5, %g1
    1670:	02 80 00 06 	be  1688 <ResetSensor+0xc4>
    1674:	03 29 69 56 	sethi  %hi(0xa5a55800), %g1
    1678:	82 10 62 5a 	or  %g1, 0x25a, %g1	! a5a55a5a <RAM_END+0x65a55a5a>
    167c:	80 a3 40 01 	cmp  %o5, %g1
    1680:	32 80 00 04 	bne,a   1690 <ResetSensor+0xcc>
    1684:	1b 29 69 56 	sethi  %hi(0xa5a55800), %o5
    1688:	a8 10 20 01 	mov  1, %l4
    168c:	1b 29 69 56 	sethi  %hi(0xa5a55800), %o5
    1690:	80 a0 00 11 	cmp  %g0, %l1
    1694:	82 38 00 18 	xnor  %g0, %i0, %g1
    1698:	a6 13 62 5a 	or  %o5, 0x25a, %l3
    169c:	90 40 20 00 	addx  %g0, 0, %o0
    16a0:	83 30 60 1f 	srl  %g1, 0x1f, %g1
    16a4:	1b 16 96 a9 	sethi  %hi(0x5a5aa400), %o5
    16a8:	a4 13 61 a5 	or  %o5, 0x1a5, %l2	! 5a5aa5a5 <RAM_END+0x1a5aa5a5>
    16ac:	9e 10 40 08 	or  %g1, %o0, %o7
    16b0:	d4 00 25 4c 	ld  [ 0x54c ], %o2
    16b4:	e0 00 25 48 	ld  [ 0x548 ], %l0
    16b8:	98 10 25 00 	mov  0x500, %o4
    16bc:	c2 00 25 0c 	ld  [ 0x50c ], %g1
    16c0:	96 03 3a 50 	add  %o4, -1456, %o3
    16c4:	92 1b 25 0c 	xor  %o4, 0x50c, %o1
    16c8:	80 a0 40 13 	cmp  %g1, %l3
    16cc:	02 80 00 07 	be  16e8 <ResetSensor+0x124>
    16d0:	9a 18 40 12 	xor  %g1, %l2, %o5
    16d4:	80 a0 00 0d 	cmp  %g0, %o5
    16d8:	82 60 3f ff 	subx  %g0, -1, %g1
    16dc:	80 90 40 08 	orcc  %g1, %o0, %g0
    16e0:	02 80 00 0a 	be  1708 <ResetSensor+0x144>
    16e4:	80 a3 e0 00 	cmp  %o7, 0
    16e8:	80 a2 e0 f0 	cmp  %o3, 0xf0
    16ec:	9a 40 20 00 	addx  %g0, 0, %o5
    16f0:	80 a0 00 09 	cmp  %g0, %o1
    16f4:	82 60 3f ff 	subx  %g0, -1, %g1
    16f8:	80 93 40 01 	orcc  %o5, %g1, %g0
    16fc:	32 80 00 0a 	bne,a   1724 <ResetSensor+0x160>
    1700:	98 03 20 04 	add  %o4, 4, %o4
    1704:	80 a3 e0 00 	cmp  %o7, 0
    1708:	02 80 00 05 	be  171c <ResetSensor+0x158>
    170c:	82 03 39 60 	add  %o4, -1696, %g1
    1710:	80 a0 60 3f 	cmp  %g1, 0x3f
    1714:	28 80 00 04 	bleu,a   1724 <ResetSensor+0x160>
    1718:	98 03 20 04 	add  %o4, 4, %o4
    171c:	c0 23 00 00 	clr  [ %o4 ]
    1720:	98 03 20 04 	add  %o4, 4, %o4
    1724:	80 a3 28 6f 	cmp  %o4, 0x86f
    1728:	28 bf ff e6 	bleu,a   16c0 <ResetSensor+0xfc>
    172c:	c2 00 25 0c 	ld  [ 0x50c ], %g1
    1730:	80 a6 20 00 	cmp  %i0, 0
    1734:	06 80 00 05 	bl  1748 <ResetSensor+0x184>
    1738:	03 00 00 3f 	sethi  %hi(0xfc00), %g1
    173c:	82 10 63 ff 	or  %g1, 0x3ff, %g1	! ffff <_endtext+0x772f>
    1740:	82 0a 80 01 	and  %o2, %g1, %g1
    1744:	c2 20 25 4c 	st  %g1, [ 0x54c ]
    1748:	c2 00 25 48 	ld  [ 0x548 ], %g1
    174c:	d6 00 23 34 	ld  [ 0x334 ], %o3
    1750:	da 00 23 c8 	ld  [ 0x3c8 ], %o5
    1754:	96 02 e0 01 	inc  %o3
    1758:	d8 00 25 4c 	ld  [ 0x54c ], %o4
    175c:	9e 08 7d ff 	and  %g1, -513, %o7
    1760:	9b 33 60 12 	srl  %o5, 0x12, %o5
    1764:	94 05 00 14 	add  %l4, %l4, %o2
    1768:	9a 0b 62 00 	and  %o5, 0x200, %o5
    176c:	98 0b 3f fd 	and  %o4, -3, %o4
    1770:	83 32 e0 01 	srl  %o3, 1, %g1
    1774:	31 3f c2 00 	sethi  %hi(0xff080000), %i0
    1778:	98 13 00 0a 	or  %o4, %o2, %o4
    177c:	9e 13 c0 0d 	or  %o7, %o5, %o7
    1780:	82 02 c0 01 	add  %o3, %g1, %g1
    1784:	da 00 23 44 	ld  [ 0x344 ], %o5
    1788:	d8 20 25 4c 	st  %o4, [ 0x54c ]
    178c:	c2 20 25 8c 	st  %g1, [ 0x58c ]
    1790:	94 16 20 30 	or  %i0, 0x30, %o2
    1794:	da 22 80 00 	st  %o5, [ %o2 ]
    1798:	92 16 20 38 	or  %i0, 0x38, %o1
    179c:	da 22 40 00 	st  %o5, [ %o1 ]
    17a0:	91 34 20 18 	srl  %l0, 0x18, %o0
    17a4:	da 20 25 7c 	st  %o5, [ 0x57c ]
    17a8:	80 a2 20 5a 	cmp  %o0, 0x5a
    17ac:	d6 20 25 54 	st  %o3, [ 0x554 ]
    17b0:	d6 20 25 88 	st  %o3, [ 0x588 ]
    17b4:	de 20 25 48 	st  %o7, [ 0x548 ]
    17b8:	12 80 00 09 	bne  17dc <ResetSensor+0x218>
    17bc:	da 20 25 70 	st  %o5, [ 0x570 ]
    17c0:	03 00 00 3f 	sethi  %hi(0xfc00), %g1
    17c4:	82 10 63 ff 	or  %g1, 0x3ff, %g1	! ffff <_endtext+0x772f>
    17c8:	1b 3f ff c0 	sethi  %hi(0xffff0000), %o5
    17cc:	82 0b c0 01 	and  %o7, %g1, %g1
    17d0:	9a 0c 00 0d 	and  %l0, %o5, %o5
    17d4:	82 10 40 0d 	or  %g1, %o5, %g1
    17d8:	c2 20 25 48 	st  %g1, [ 0x548 ]
    17dc:	80 a4 60 01 	cmp  %l1, 1
    17e0:	12 80 00 0c 	bne  1810 <ResetSensor+0x24c>
    17e4:	03 29 69 56 	sethi  %hi(0xa5a55800), %g1
    17e8:	c2 00 25 48 	ld  [ 0x548 ], %g1
    17ec:	83 30 60 11 	srl  %g1, 0x11, %g1
    17f0:	80 88 60 01 	btst  1, %g1
    17f4:	22 80 00 10 	be,a   1834 <ResetSensor+0x270>
    17f8:	82 10 20 59 	mov  0x59, %g1
    17fc:	9a 16 20 74 	or  %i0, 0x74, %o5
    1800:	c2 00 23 30 	ld  [ 0x330 ], %g1
    1804:	c2 23 40 00 	st  %g1, [ %o5 ]
    1808:	10 80 00 0b 	b  1834 <ResetSensor+0x270>
    180c:	82 10 20 59 	mov  0x59, %g1
    1810:	da 00 25 0c 	ld  [ 0x50c ], %o5
    1814:	82 10 62 5a 	or  %g1, 0x25a, %g1
    1818:	80 a3 40 01 	cmp  %o5, %g1
    181c:	12 80 00 0b 	bne  1848 <ResetSensor+0x284>
    1820:	01 00 00 00 	nop 
    1824:	c2 00 25 4c 	ld  [ 0x54c ], %g1
    1828:	80 88 60 02 	btst  2, %g1
    182c:	12 80 00 07 	bne  1848 <ResetSensor+0x284>
    1830:	82 10 20 15 	mov  0x15, %g1
    1834:	c2 20 25 00 	st  %g1, [ 0x500 ]
    1838:	7f ff fe 9b 	call  12a4 <DacWriteAll>
    183c:	90 10 25 b0 	mov  0x5b0, %o0
    1840:	7f ff fe ee 	call  13f8 <SetDrvOrder>
    1844:	81 e8 00 00 	restore 
    1848:	01 00 00 00 	nop 
    184c:	81 c7 e0 08 	ret 
    1850:	81 e8 00 00 	restore 

00001854 <scan_table_set>:
    1854:	03 3f c2 00 	sethi  %hi(0xff080000), %g1
    1858:	96 10 60 a0 	or  %g1, 0xa0, %o3	! ff0800a0 <RAM_END+0xbf0800a0>
    185c:	98 10 20 00 	clr  %o4
    1860:	9b 2b 20 02 	sll  %o4, 2, %o5
    1864:	98 03 20 01 	inc  %o4
    1868:	c2 03 6e 80 	ld  [ %o5 + 0xe80 ], %g1
    186c:	80 a3 20 06 	cmp  %o4, 6
    1870:	04 bf ff fc 	ble  1860 <scan_table_set+0xc>
    1874:	c2 23 40 0b 	st  %g1, [ %o5 + %o3 ]
    1878:	81 c3 e0 08 	retl 
    187c:	01 00 00 00 	nop 

00001880 <chl_setting_sel>:
    1880:	9d e3 bf 98 	save  %sp, -104, %sp
    1884:	3b 3f c2 00 	sethi  %hi(0xff080000), %i5
    1888:	03 00 00 17 	sethi  %hi(0x5c00), %g1
    188c:	b4 10 00 1d 	mov  %i5, %i2
    1890:	9e 10 62 64 	or  %g1, 0x264, %o7
    1894:	b8 17 61 2c 	or  %i5, 0x12c, %i4
    1898:	b6 10 20 00 	clr  %i3
    189c:	b0 17 61 40 	or  %i5, 0x140, %i0
    18a0:	b2 17 61 60 	or  %i5, 0x160, %i1
    18a4:	80 a7 00 18 	cmp  %i4, %i0
    18a8:	12 80 00 04 	bne  18b8 <chl_setting_sel+0x38>
    18ac:	80 a7 00 19 	cmp  %i4, %i1
    18b0:	10 80 00 04 	b  18c0 <chl_setting_sel+0x40>
    18b4:	b8 16 a1 4c 	or  %i2, 0x14c, %i4
    18b8:	22 80 00 02 	be,a   18c0 <chl_setting_sel+0x40>
    18bc:	b8 16 a1 6c 	or  %i2, 0x16c, %i4
    18c0:	c2 03 c0 00 	ld  [ %o7 ], %g1
    18c4:	80 a0 00 01 	cmp  %g0, %g1
    18c8:	83 2e e0 02 	sll  %i3, 2, %g1
    18cc:	c2 00 6e c0 	ld  [ %g1 + 0xec0 ], %g1
    18d0:	ba 40 3f ff 	addx  %g0, -1, %i5
    18d4:	82 08 40 1d 	and  %g1, %i5, %g1
    18d8:	c2 27 00 00 	st  %g1, [ %i4 ]
    18dc:	b6 06 e0 01 	inc  %i3
    18e0:	80 a6 e0 0a 	cmp  %i3, 0xa
    18e4:	08 bf ff f0 	bleu  18a4 <chl_setting_sel+0x24>
    18e8:	b8 07 20 04 	add  %i4, 4, %i4
    18ec:	81 c7 e0 08 	ret 
    18f0:	81 e8 00 00 	restore 

000018f4 <WriteRegisterConfig2>:
    18f4:	9d e3 bf 98 	save  %sp, -104, %sp
    18f8:	03 3f c2 00 	sethi  %hi(0xff080000), %g1
    18fc:	b8 10 60 94 	or  %g1, 0x94, %i4	! ff080094 <RAM_END+0xbf080094>
    1900:	b6 10 60 90 	or  %g1, 0x90, %i3
    1904:	b4 10 60 68 	or  %g1, 0x68, %i2
    1908:	b2 10 60 64 	or  %g1, 0x64, %i1
    190c:	9a 10 60 60 	or  %g1, 0x60, %o5
    1910:	b0 10 60 4c 	or  %g1, 0x4c, %i0
    1914:	92 10 60 24 	or  %g1, 0x24, %o1
    1918:	98 10 60 58 	or  %g1, 0x58, %o4
    191c:	03 00 01 c0 	sethi  %hi(0x70000), %g1
    1920:	de 08 24 7b 	ldub  [ 0x47b ], %o7
    1924:	82 10 60 11 	or  %g1, 0x11, %g1
    1928:	c2 27 00 00 	st  %g1, [ %i4 ]
    192c:	03 00 01 00 	sethi  %hi(0x40000), %g1
    1930:	c2 26 c0 00 	st  %g1, [ %i3 ]
    1934:	03 00 00 c0 	sethi  %hi(0x30000), %g1
    1938:	c2 26 80 00 	st  %g1, [ %i2 ]
    193c:	03 00 40 09 	sethi  %hi(0x1002400), %g1
    1940:	82 10 61 82 	or  %g1, 0x182, %g1	! 1002582 <PROM_END+0xff2582>
    1944:	c2 26 40 00 	st  %g1, [ %i1 ]
    1948:	03 00 06 5f 	sethi  %hi(0x197c00), %g1
    194c:	3b 3f c1 40 	sethi  %hi(0xff050000), %i5
    1950:	82 10 63 ff 	or  %g1, 0x3ff, %g1
    1954:	c2 26 00 00 	st  %g1, [ %i0 ]
    1958:	94 17 60 40 	or  %i5, 0x40, %o2
    195c:	96 17 60 20 	or  %i5, 0x20, %o3
    1960:	ba 10 20 02 	mov  2, %i5
    1964:	03 3f c1 c0 	sethi  %hi(0xff070000), %g1
    1968:	fa 20 40 00 	st  %i5, [ %g1 ]
    196c:	80 a3 e0 00 	cmp  %o7, 0
    1970:	02 80 00 09 	be  1994 <WriteRegisterConfig2+0xa0>
    1974:	c0 23 40 00 	clr  [ %o5 ]
    1978:	03 00 08 11 	sethi  %hi(0x204400), %g1
    197c:	c2 23 00 00 	st  %g1, [ %o4 ]
    1980:	82 10 20 15 	mov  0x15, %g1
    1984:	c2 22 80 00 	st  %g1, [ %o2 ]
    1988:	82 10 20 ff 	mov  0xff, %g1
    198c:	c2 22 40 00 	st  %g1, [ %o1 ]
    1990:	c0 22 c0 00 	clr  [ %o3 ]
    1994:	81 c7 e0 08 	ret 
    1998:	81 e8 00 00 	restore 

0000199c <SetSensorSwitch>:
    199c:	9b 2a 20 08 	sll  %o0, 8, %o5
    19a0:	c2 08 24 7b 	ldub  [ 0x47b ], %g1
    19a4:	9a 03 40 08 	add  %o5, %o0, %o5
    19a8:	83 28 60 1f 	sll  %g1, 0x1f, %g1
    19ac:	9a 20 00 0d 	neg  %o5
    19b0:	9a 23 40 01 	sub  %o5, %g1, %o5
    19b4:	03 20 00 40 	sethi  %hi(0x80010000), %g1
    19b8:	82 10 61 01 	or  %g1, 0x101, %g1	! 80010101 <RAM_END+0x40010101>
    19bc:	9a 03 40 01 	add  %o5, %g1, %o5
    19c0:	03 3f c2 00 	sethi  %hi(0xff080000), %g1
    19c4:	81 c3 e0 08 	retl 
    19c8:	da 20 40 00 	st  %o5, [ %g1 ]

000019cc <CSensorConfiguration>:
    19cc:	9d e3 bf 98 	save  %sp, -104, %sp
    19d0:	40 00 01 f3 	call  219c <ini_raw_data_sum_cnt>
    19d4:	01 00 00 00 	nop 
    19d8:	9a 10 20 00 	clr  %o5	! 0 <PROM_START>
    19dc:	c2 00 23 00 	ld  [ 0x300 ], %g1
    19e0:	80 a3 40 01 	cmp  %o5, %g1
    19e4:	1a 80 00 0d 	bcc  1a18 <CSensorConfiguration+0x4c>
    19e8:	03 00 00 19 	sethi  %hi(0x6400), %g1
    19ec:	96 10 63 2c 	or  %g1, 0x32c, %o3	! 672c <get_Press+0x8>
    19f0:	98 10 63 28 	or  %g1, 0x328, %o4
    19f4:	83 2b 60 03 	sll  %o5, 3, %g1
    19f8:	c0 20 40 0b 	clr  [ %g1 + %o3 ]
    19fc:	c0 20 40 0c 	clr  [ %g1 + %o4 ]
    1a00:	9a 03 60 01 	inc  %o5
    1a04:	c2 00 23 00 	ld  [ 0x300 ], %g1
    1a08:	80 a3 40 01 	cmp  %o5, %g1
    1a0c:	0a bf ff fb 	bcs  19f8 <CSensorConfiguration+0x2c>
    1a10:	83 2b 60 03 	sll  %o5, 3, %g1
    1a14:	9a 10 20 00 	clr  %o5
    1a18:	c2 00 23 04 	ld  [ 0x304 ], %g1
    1a1c:	80 a3 40 01 	cmp  %o5, %g1
    1a20:	1a 80 00 0a 	bcc  1a48 <CSensorConfiguration+0x7c>
    1a24:	03 00 00 19 	sethi  %hi(0x6400), %g1
    1a28:	98 10 63 c0 	or  %g1, 0x3c0, %o4	! 67c0 <get_Press+0x9c>
    1a2c:	83 2b 60 02 	sll  %o5, 2, %g1
    1a30:	c0 20 40 0c 	clr  [ %g1 + %o4 ]
    1a34:	9a 03 60 01 	inc  %o5
    1a38:	c2 00 23 04 	ld  [ 0x304 ], %g1
    1a3c:	80 a3 40 01 	cmp  %o5, %g1
    1a40:	0a bf ff fc 	bcs  1a30 <CSensorConfiguration+0x64>
    1a44:	83 2b 60 02 	sll  %o5, 2, %g1
    1a48:	40 00 04 b3 	call  2d14 <InterruptOut>
    1a4c:	90 10 20 00 	clr  %o0
    1a50:	7f ff ff d3 	call  199c <SetSensorSwitch>
    1a54:	90 10 20 00 	clr  %o0
    1a58:	19 3f c2 00 	sethi  %hi(0xff080000), %o4
    1a5c:	a2 13 20 74 	or  %o4, 0x74, %l1	! ff080074 <RAM_END+0xbf080074>
    1a60:	ea 00 21 fc 	ld  [ 0x1fc ], %l5
    1a64:	c2 00 22 98 	ld  [ 0x298 ], %g1
    1a68:	98 13 20 70 	or  %o4, 0x70, %o4
    1a6c:	c2 23 00 00 	st  %g1, [ %o4 ]
    1a70:	03 3f c0 00 	sethi  %hi(0xff000000), %g1
    1a74:	d8 00 23 38 	ld  [ 0x338 ], %o4
    1a78:	82 10 60 30 	or  %g1, 0x30, %g1
    1a7c:	d8 20 40 00 	st  %o4, [ %g1 ]
    1a80:	c2 00 23 2c 	ld  [ 0x32c ], %g1
    1a84:	c2 24 40 00 	st  %g1, [ %l1 ]
    1a88:	1b 3f c1 40 	sethi  %hi(0xff050000), %o5
    1a8c:	03 00 00 3f 	sethi  %hi(0xfc00), %g1
    1a90:	17 00 00 19 	sethi  %hi(0x6400), %o3
    1a94:	a0 13 60 58 	or  %o5, 0x58, %l0
    1a98:	82 10 63 ff 	or  %g1, 0x3ff, %g1
    1a9c:	c2 24 00 00 	st  %g1, [ %l0 ]
    1aa0:	9e 13 60 80 	or  %o5, 0x80, %o7
    1aa4:	92 12 e0 e8 	or  %o3, 0xe8, %o1
    1aa8:	d2 23 c0 00 	st  %o1, [ %o7 ]
    1aac:	94 12 e1 48 	or  %o3, 0x148, %o2
    1ab0:	a6 13 60 8c 	or  %o5, 0x8c, %l3
    1ab4:	a4 12 e2 08 	or  %o3, 0x208, %l2
    1ab8:	a8 13 60 5c 	or  %o5, 0x5c, %l4
    1abc:	90 13 60 84 	or  %o5, 0x84, %o0
    1ac0:	d4 22 00 00 	st  %o2, [ %o0 ]
    1ac4:	9a 13 60 88 	or  %o5, 0x88, %o5
    1ac8:	96 12 e1 a8 	or  %o3, 0x1a8, %o3
    1acc:	d6 23 40 00 	st  %o3, [ %o5 ]
    1ad0:	03 3f c0 c0 	sethi  %hi(0xff030000), %g1
    1ad4:	e4 24 c0 00 	st  %l2, [ %l3 ]
    1ad8:	82 10 60 04 	or  %g1, 4, %g1
    1adc:	c0 20 40 00 	clr  [ %g1 ]
    1ae0:	c0 25 00 00 	clr  [ %l4 ]
    1ae4:	80 a5 60 00 	cmp  %l5, 0
    1ae8:	c2 00 23 74 	ld  [ 0x374 ], %g1
    1aec:	da 00 24 7c 	ld  [ 0x47c ], %o5
    1af0:	d6 00 23 d4 	ld  [ 0x3d4 ], %o3
    1af4:	02 80 00 06 	be  1b0c <CSensorConfiguration+0x140>
    1af8:	d4 00 23 f8 	ld  [ 0x3f8 ], %o2
    1afc:	82 58 40 15 	smul  %g1, %l5, %g1
    1b00:	82 00 68 00 	add  %g1, 0x800, %g1
    1b04:	10 80 00 03 	b  1b10 <CSensorConfiguration+0x144>
    1b08:	a7 30 60 0c 	srl  %g1, 0xc, %l3
    1b0c:	a6 10 00 01 	mov  %g1, %l3
    1b10:	21 3f c1 40 	sethi  %hi(0xff050000), %l0
    1b14:	98 14 20 40 	or  %l0, 0x40, %o4	! ff050040 <RAM_END+0xbf050040>
    1b18:	d2 03 00 00 	ld  [ %o4 ], %o1
    1b1c:	9b 33 60 01 	srl  %o5, 1, %o5
    1b20:	82 5b 40 0b 	smul  %o5, %o3, %g1
    1b24:	92 0a 78 00 	and  %o1, -2048, %o1
    1b28:	92 12 40 01 	or  %o1, %g1, %o1
    1b2c:	d2 23 00 00 	st  %o1, [ %o4 ]
    1b30:	82 14 20 04 	or  %l0, 4, %g1
    1b34:	d2 00 40 00 	ld  [ %g1 ], %o1
    1b38:	92 0a 7f e0 	and  %o1, -32, %o1
    1b3c:	92 12 40 0d 	or  %o1, %o5, %o1
    1b40:	d2 20 40 00 	st  %o1, [ %g1 ]
    1b44:	25 3f c2 00 	sethi  %hi(0xff080000), %l2
    1b48:	82 14 a0 80 	or  %l2, 0x80, %g1	! ff080080 <RAM_END+0xbf080080>
    1b4c:	d2 00 40 00 	ld  [ %g1 ], %o1
    1b50:	92 0a 7f e0 	and  %o1, -32, %o1
    1b54:	92 12 40 0d 	or  %o1, %o5, %o1
    1b58:	d2 20 40 00 	st  %o1, [ %g1 ]
    1b5c:	98 14 a0 54 	or  %l2, 0x54, %o4
    1b60:	82 10 21 14 	mov  0x114, %g1
    1b64:	c2 23 00 00 	st  %g1, [ %o4 ]
    1b68:	9a 14 a0 08 	or  %l2, 8, %o5
    1b6c:	d4 23 40 00 	st  %o2, [ %o5 ]
    1b70:	96 14 a0 0c 	or  %l2, 0xc, %o3
    1b74:	d4 22 c0 00 	st  %o2, [ %o3 ]
    1b78:	82 10 20 03 	mov  3, %g1
    1b7c:	23 3f c1 c0 	sethi  %hi(0xff070000), %l1
    1b80:	7f ff fe 1e 	call  13f8 <SetDrvOrder>
    1b84:	c2 24 40 00 	st  %g1, [ %l1 ]
    1b88:	9a 14 a0 7c 	or  %l2, 0x7c, %o5
    1b8c:	d2 03 40 00 	ld  [ %o5 ], %o1
    1b90:	03 3f f0 00 	sethi  %hi(0xffc00000), %g1
    1b94:	92 2a 40 01 	andn  %o1, %g1, %o1
    1b98:	d2 23 40 00 	st  %o1, [ %o5 ]
    1b9c:	c2 00 23 40 	ld  [ 0x340 ], %g1
    1ba0:	a2 14 60 64 	or  %l1, 0x64, %l1
    1ba4:	c2 24 40 00 	st  %g1, [ %l1 ]
    1ba8:	03 00 00 7f 	sethi  %hi(0x1fc00), %g1
    1bac:	96 14 20 10 	or  %l0, 0x10, %o3
    1bb0:	82 10 63 ff 	or  %g1, 0x3ff, %g1
    1bb4:	94 14 20 30 	or  %l0, 0x30, %o2
    1bb8:	19 07 ff c0 	sethi  %hi(0x1fff0000), %o4
    1bbc:	c2 22 c0 00 	st  %g1, [ %o3 ]
    1bc0:	a0 14 20 14 	or  %l0, 0x14, %l0
    1bc4:	d8 22 80 00 	st  %o4, [ %o2 ]
    1bc8:	80 a4 e0 00 	cmp  %l3, 0
    1bcc:	02 80 00 0f 	be  1c08 <CSensorConfiguration+0x23c>
    1bd0:	d8 24 00 00 	st  %o4, [ %l0 ]
    1bd4:	95 2c e0 10 	sll  %l3, 0x10, %o2
    1bd8:	82 04 e0 01 	add  %l3, 1, %g1
    1bdc:	9b 2c e0 04 	sll  %l3, 4, %o5
    1be0:	83 28 60 10 	sll  %g1, 0x10, %g1
    1be4:	9a 02 80 0d 	add  %o2, %o5, %o5
    1be8:	98 14 a0 84 	or  %l2, 0x84, %o4
    1bec:	da 23 00 00 	st  %o5, [ %o4 ]
    1bf0:	82 00 40 13 	add  %g1, %l3, %g1
    1bf4:	96 14 a0 88 	or  %l2, 0x88, %o3
    1bf8:	92 14 a0 8c 	or  %l2, 0x8c, %o1
    1bfc:	82 00 60 02 	add  %g1, 2, %g1
    1c00:	d4 22 c0 00 	st  %o2, [ %o3 ]
    1c04:	c2 22 40 00 	st  %g1, [ %o1 ]
    1c08:	c2 00 21 74 	ld  [ 0x174 ], %g1
    1c0c:	80 a0 60 00 	cmp  %g1, 0
    1c10:	22 80 00 09 	be,a   1c34 <CSensorConfiguration+0x268>
    1c14:	c2 08 24 7b 	ldub  [ 0x47b ], %g1
    1c18:	17 3f c0 80 	sethi  %hi(0xff020000), %o3
    1c1c:	c2 08 21 74 	ldub  [ 0x174 ], %g1
    1c20:	da 08 21 77 	ldub  [ 0x177 ], %o5
    1c24:	98 12 e0 08 	or  %o3, 8, %o4
    1c28:	c2 23 00 00 	st  %g1, [ %o4 ]
    1c2c:	da 22 c0 00 	st  %o5, [ %o3 ]
    1c30:	c2 08 24 7b 	ldub  [ 0x47b ], %g1
    1c34:	80 a0 60 00 	cmp  %g1, 0
    1c38:	02 80 00 15 	be  1c8c <CSensorConfiguration+0x2c0>
    1c3c:	03 00 00 17 	sethi  %hi(0x5c00), %g1
    1c40:	c2 00 2f e8 	ld  [ 0xfe8 ], %g1
    1c44:	80 a0 60 00 	cmp  %g1, 0
    1c48:	12 80 00 11 	bne  1c8c <CSensorConfiguration+0x2c0>
    1c4c:	03 00 00 17 	sethi  %hi(0x5c00), %g1
    1c50:	c2 08 22 b4 	ldub  [ 0x2b4 ], %g1
    1c54:	80 a0 60 00 	cmp  %g1, 0
    1c58:	02 80 00 0d 	be  1c8c <CSensorConfiguration+0x2c0>
    1c5c:	03 00 00 17 	sethi  %hi(0x5c00), %g1
    1c60:	40 00 01 58 	call  21c0 <no_fast_rest_all>
    1c64:	01 00 00 00 	nop 
    1c68:	80 a2 20 00 	cmp  %o0, 0
    1c6c:	02 80 00 08 	be  1c8c <CSensorConfiguration+0x2c0>
    1c70:	03 00 00 17 	sethi  %hi(0x5c00), %g1
    1c74:	98 10 62 68 	or  %g1, 0x268, %o4	! 5e68 <PointNumOverflowHrz+0xc>
    1c78:	82 10 62 64 	or  %g1, 0x264, %g1
    1c7c:	9a 10 20 01 	mov  1, %o5
    1c80:	da 20 40 00 	st  %o5, [ %g1 ]
    1c84:	10 80 00 04 	b  1c94 <CSensorConfiguration+0x2c8>
    1c88:	c0 23 00 00 	clr  [ %o4 ]
    1c8c:	82 10 62 64 	or  %g1, 0x264, %g1
    1c90:	c0 20 40 00 	clr  [ %g1 ]
    1c94:	21 00 00 17 	sethi  %hi(0x5c00), %l0
    1c98:	82 14 22 6c 	or  %l0, 0x26c, %g1	! 5e6c <PointNumOverflowHrz+0x10>
    1c9c:	c0 20 40 00 	clr  [ %g1 ]
    1ca0:	9a 14 22 70 	or  %l0, 0x270, %o5
    1ca4:	c0 23 40 00 	clr  [ %o5 ]
    1ca8:	98 14 22 60 	or  %l0, 0x260, %o4
    1cac:	c0 23 00 00 	clr  [ %o4 ]
    1cb0:	96 14 22 4c 	or  %l0, 0x24c, %o3
    1cb4:	c0 22 c0 00 	clr  [ %o3 ]
    1cb8:	94 14 22 48 	or  %l0, 0x248, %o2
    1cbc:	c0 22 80 00 	clr  [ %o2 ]
    1cc0:	92 14 22 34 	or  %l0, 0x234, %o1
    1cc4:	c0 22 40 00 	clr  [ %o1 ]
    1cc8:	90 14 22 38 	or  %l0, 0x238, %o0
    1ccc:	c0 22 20 04 	clr  [ %o0 + 4 ]
    1cd0:	c0 22 00 00 	clr  [ %o0 ]
    1cd4:	7f ff fe 3c 	call  15c4 <ResetSensor>
    1cd8:	90 10 3f ff 	mov  -1, %o0
    1cdc:	7f ff ff 06 	call  18f4 <WriteRegisterConfig2>
    1ce0:	01 00 00 00 	nop 
    1ce4:	7f ff fe 27 	call  1580 <WriteRegisterConfig>
    1ce8:	90 10 20 01 	mov  1, %o0	! 1 <PROM_START+0x1>
    1cec:	c2 08 24 7b 	ldub  [ 0x47b ], %g1
    1cf0:	80 a0 60 01 	cmp  %g1, 1
    1cf4:	32 80 00 07 	bne,a   1d10 <CSensorConfiguration+0x344>
    1cf8:	c2 00 2f d8 	ld  [ 0xfd8 ], %g1
    1cfc:	7f ff fe d6 	call  1854 <scan_table_set>
    1d00:	01 00 00 00 	nop 
    1d04:	7f ff fe df 	call  1880 <chl_setting_sel>
    1d08:	01 00 00 00 	nop 
    1d0c:	c2 00 2f d8 	ld  [ 0xfd8 ], %g1
    1d10:	80 a0 60 00 	cmp  %g1, 0
    1d14:	22 80 00 05 	be,a   1d28 <CSensorConfiguration+0x35c>
    1d18:	03 3f c0 c0 	sethi  %hi(0xff030000), %g1
    1d1c:	9f c0 40 00 	call  %g1
    1d20:	01 00 00 00 	nop 
    1d24:	03 3f c0 c0 	sethi  %hi(0xff030000), %g1
    1d28:	9a 10 3f ff 	mov  -1, %o5
    1d2c:	82 10 60 04 	or  %g1, 4, %g1
    1d30:	98 14 22 44 	or  %l0, 0x244, %o4
    1d34:	da 20 40 00 	st  %o5, [ %g1 ]
    1d38:	c0 23 00 00 	clr  [ %o4 ]
    1d3c:	7f ff ff 18 	call  199c <SetSensorSwitch>
    1d40:	90 10 20 01 	mov  1, %o0
    1d44:	c0 20 26 f8 	clr  [ 0x6f8 ]
    1d48:	81 c7 e0 08 	ret 
    1d4c:	81 e8 00 00 	restore 

00001d50 <check_sub>:
    1d50:	9d e3 bf 98 	save  %sp, -104, %sp
    1d54:	fa 00 23 00 	ld  [ 0x300 ], %i5
    1d58:	83 2f 60 02 	sll  %i5, 2, %g1
    1d5c:	82 00 60 07 	add  %g1, 7, %g1
    1d60:	82 08 7f f8 	and  %g1, -8, %g1
    1d64:	98 10 00 0e 	mov  %sp, %o4
    1d68:	9c 23 80 01 	sub  %sp, %g1, %sp
    1d6c:	9e 10 20 00 	clr  %o7
    1d70:	80 a3 c0 1d 	cmp  %o7, %i5
    1d74:	b0 03 a0 60 	add  %sp, 0x60, %i0
    1d78:	1a 80 00 1e 	bcc  1df0 <check_sub+0xa0>
    1d7c:	b8 10 20 00 	clr  %i4
    1d80:	83 2f 20 02 	sll  %i4, 2, %g1
    1d84:	c0 26 00 01 	clr  [ %i0 + %g1 ]
    1d88:	b8 07 20 01 	inc  %i4
    1d8c:	c2 00 23 00 	ld  [ 0x300 ], %g1
    1d90:	80 a7 00 01 	cmp  %i4, %g1
    1d94:	2a bf ff fc 	bcs,a   1d84 <check_sub+0x34>
    1d98:	83 2f 20 02 	sll  %i4, 2, %g1
    1d9c:	b8 10 20 00 	clr  %i4
    1da0:	80 a7 00 01 	cmp  %i4, %g1
    1da4:	1a 80 00 14 	bcc  1df4 <check_sub+0xa4>
    1da8:	03 00 00 19 	sethi  %hi(0x6400), %g1
    1dac:	9a 10 63 28 	or  %g1, 0x328, %o5	! 6728 <get_Press+0x4>
    1db0:	83 2f 20 03 	sll  %i4, 3, %g1
    1db4:	b6 00 40 0d 	add  %g1, %o5, %i3
    1db8:	b3 2f 20 02 	sll  %i4, 2, %i1
    1dbc:	b4 10 20 01 	mov  1, %i2
    1dc0:	fa 06 c0 00 	ld  [ %i3 ], %i5
    1dc4:	c2 06 00 19 	ld  [ %i0 + %i1 ], %g1
    1dc8:	82 00 40 1d 	add  %g1, %i5, %g1
    1dcc:	c2 26 00 19 	st  %g1, [ %i0 + %i1 ]
    1dd0:	b4 86 bf ff 	addcc  %i2, -1, %i2
    1dd4:	1c bf ff fb 	bpos  1dc0 <check_sub+0x70>
    1dd8:	b6 06 e0 04 	add  %i3, 4, %i3
    1ddc:	b8 07 20 01 	inc  %i4
    1de0:	c2 00 23 00 	ld  [ 0x300 ], %g1
    1de4:	80 a7 00 01 	cmp  %i4, %g1
    1de8:	0a bf ff f3 	bcs  1db4 <check_sub+0x64>
    1dec:	83 2f 20 03 	sll  %i4, 3, %g1
    1df0:	b8 10 20 00 	clr  %i4
    1df4:	fa 00 23 00 	ld  [ 0x300 ], %i5
    1df8:	80 a7 00 1d 	cmp  %i4, %i5
    1dfc:	3a 80 00 0d 	bcc,a   1e30 <check_sub+0xe0>
    1e00:	c2 10 22 8c 	lduh  [ 0x28c ], %g1
    1e04:	f6 10 22 8e 	lduh  [ 0x28e ], %i3
    1e08:	83 2f 20 02 	sll  %i4, 2, %g1
    1e0c:	c2 06 00 01 	ld  [ %i0 + %g1 ], %g1
    1e10:	80 a0 40 1b 	cmp  %g1, %i3
    1e14:	04 80 00 03 	ble  1e20 <check_sub+0xd0>
    1e18:	b8 07 20 01 	inc  %i4
    1e1c:	9e 03 e0 01 	inc  %o7
    1e20:	80 a7 00 1d 	cmp  %i4, %i5
    1e24:	0a bf ff fa 	bcs  1e0c <check_sub+0xbc>
    1e28:	83 2f 20 02 	sll  %i4, 2, %g1
    1e2c:	c2 10 22 8c 	lduh  [ 0x28c ], %g1
    1e30:	80 a3 c0 01 	cmp  %o7, %g1
    1e34:	04 80 00 06 	ble  1e4c <check_sub+0xfc>
    1e38:	9c 10 00 0c 	mov  %o4, %sp
    1e3c:	c2 00 25 4c 	ld  [ 0x54c ], %g1
    1e40:	3b 00 02 00 	sethi  %hi(0x80000), %i5
    1e44:	82 10 40 1d 	or  %g1, %i5, %g1
    1e48:	c2 20 25 4c 	st  %g1, [ 0x54c ]
    1e4c:	81 c7 e0 08 	ret 
    1e50:	81 e8 00 00 	restore 

00001e54 <ColAverage1>:
    1e54:	9d e3 bf 98 	save  %sp, -104, %sp
    1e58:	da 00 23 00 	ld  [ 0x300 ], %o5
    1e5c:	83 2b 60 02 	sll  %o5, 2, %g1
    1e60:	82 00 60 07 	add  %g1, 7, %g1
    1e64:	82 08 7f f8 	and  %g1, -8, %g1
    1e68:	a4 10 00 0e 	mov  %sp, %l2
    1e6c:	9c 23 80 01 	sub  %sp, %g1, %sp
    1e70:	a2 03 a0 60 	add  %sp, 0x60, %l1
    1e74:	9c 23 80 01 	sub  %sp, %g1, %sp
    1e78:	96 10 20 00 	clr  %o3
    1e7c:	80 a2 c0 0d 	cmp  %o3, %o5
    1e80:	1a 80 00 10 	bcc  1ec0 <ColAverage1+0x6c>
    1e84:	a0 03 a0 60 	add  %sp, 0x60, %l0
    1e88:	03 00 00 19 	sethi  %hi(0x6400), %g1
    1e8c:	92 10 63 2c 	or  %g1, 0x32c, %o1	! 672c <get_Press+0x8>
    1e90:	94 10 63 28 	or  %g1, 0x328, %o2
    1e94:	9b 2a e0 03 	sll  %o3, 3, %o5
    1e98:	99 2a e0 02 	sll  %o3, 2, %o4
    1e9c:	c2 03 40 0a 	ld  [ %o5 + %o2 ], %g1
    1ea0:	c2 24 40 0c 	st  %g1, [ %l1 + %o4 ]
    1ea4:	c2 03 40 09 	ld  [ %o5 + %o1 ], %g1
    1ea8:	c2 24 00 0c 	st  %g1, [ %l0 + %o4 ]
    1eac:	96 02 e0 01 	inc  %o3
    1eb0:	c2 00 23 00 	ld  [ 0x300 ], %g1
    1eb4:	80 a2 c0 01 	cmp  %o3, %g1
    1eb8:	0a bf ff f8 	bcs  1e98 <ColAverage1+0x44>
    1ebc:	9b 2a e0 03 	sll  %o3, 3, %o5
    1ec0:	d2 00 23 00 	ld  [ 0x300 ], %o1
    1ec4:	7f ff fb c4 	call  dd4 <SortBubble>
    1ec8:	90 10 00 11 	mov  %l1, %o0
    1ecc:	d2 00 23 00 	ld  [ 0x300 ], %o1
    1ed0:	7f ff fb c1 	call  dd4 <SortBubble>
    1ed4:	90 10 00 10 	mov  %l0, %o0
    1ed8:	92 10 20 00 	clr  %o1
    1edc:	94 10 20 00 	clr  %o2
    1ee0:	96 10 20 00 	clr  %o3
    1ee4:	83 2a e0 02 	sll  %o3, 2, %g1
    1ee8:	da 04 00 01 	ld  [ %l0 + %g1 ], %o5
    1eec:	96 02 e0 01 	inc  %o3
    1ef0:	c2 04 40 01 	ld  [ %l1 + %g1 ], %g1
    1ef4:	92 02 40 01 	add  %o1, %g1, %o1
    1ef8:	80 a2 e0 01 	cmp  %o3, 1
    1efc:	04 bf ff fa 	ble  1ee4 <ColAverage1+0x90>
    1f00:	94 02 80 0d 	add  %o2, %o5, %o2
    1f04:	83 32 60 1f 	srl  %o1, 0x1f, %g1
    1f08:	82 02 40 01 	add  %o1, %g1, %g1
    1f0c:	9b 32 a0 1f 	srl  %o2, 0x1f, %o5
    1f10:	93 38 60 01 	sra  %g1, 1, %o1
    1f14:	9a 02 80 0d 	add  %o2, %o5, %o5
    1f18:	c2 50 21 ac 	ldsh  [ 0x1ac ], %g1
    1f1c:	80 a2 40 01 	cmp  %o1, %g1
    1f20:	16 80 00 03 	bge  1f2c <ColAverage1+0xd8>
    1f24:	95 3b 60 01 	sra  %o5, 1, %o2
    1f28:	92 10 00 01 	mov  %g1, %o1
    1f2c:	80 a2 80 01 	cmp  %o2, %g1
    1f30:	26 80 00 02 	bl,a   1f38 <ColAverage1+0xe4>
    1f34:	94 10 00 01 	mov  %g1, %o2
    1f38:	96 10 20 00 	clr  %o3
    1f3c:	c2 00 23 00 	ld  [ 0x300 ], %g1
    1f40:	80 a2 c0 01 	cmp  %o3, %g1
    1f44:	1a 80 00 10 	bcc  1f84 <ColAverage1+0x130>
    1f48:	03 00 00 19 	sethi  %hi(0x6400), %g1
    1f4c:	9e 10 63 2c 	or  %g1, 0x32c, %o7	! 672c <get_Press+0x8>
    1f50:	90 10 63 28 	or  %g1, 0x328, %o0
    1f54:	9b 2a e0 03 	sll  %o3, 3, %o5
    1f58:	c2 03 40 0f 	ld  [ %o5 + %o7 ], %g1
    1f5c:	d8 03 40 08 	ld  [ %o5 + %o0 ], %o4
    1f60:	82 20 40 0a 	sub  %g1, %o2, %g1
    1f64:	c2 23 40 0f 	st  %g1, [ %o5 + %o7 ]
    1f68:	98 23 00 09 	sub  %o4, %o1, %o4
    1f6c:	d8 23 40 08 	st  %o4, [ %o5 + %o0 ]
    1f70:	96 02 e0 01 	inc  %o3
    1f74:	c2 00 23 00 	ld  [ 0x300 ], %g1
    1f78:	80 a2 c0 01 	cmp  %o3, %g1
    1f7c:	0a bf ff f7 	bcs  1f58 <ColAverage1+0x104>
    1f80:	9b 2a e0 03 	sll  %o3, 3, %o5
    1f84:	9c 10 00 12 	mov  %l2, %sp
    1f88:	81 c7 e0 08 	ret 
    1f8c:	81 e8 00 00 	restore 

00001f90 <press_deal>:
    1f90:	9c 03 bf 88 	add  %sp, -120, %sp
    1f94:	98 10 20 00 	clr  %o4
    1f98:	82 03 a0 60 	add  %sp, 0x60, %g1
    1f9c:	96 10 20 03 	mov  3, %o3
    1fa0:	c0 20 40 00 	clr  [ %g1 ]
    1fa4:	96 82 ff ff 	addcc  %o3, -1, %o3
    1fa8:	1c bf ff fe 	bpos  1fa0 <press_deal+0x10>
    1fac:	82 00 60 04 	add  %g1, 4, %g1
    1fb0:	96 10 20 00 	clr  %o3
    1fb4:	da 00 25 14 	ld  [ 0x514 ], %o5
    1fb8:	80 a2 c0 0d 	cmp  %o3, %o5
    1fbc:	1a 80 00 08 	bcc  1fdc <press_deal+0x4c>
    1fc0:	83 2a e0 02 	sll  %o3, 2, %g1
    1fc4:	c2 10 67 30 	lduh  [ %g1 + 0x730 ], %g1
    1fc8:	80 a0 40 0c 	cmp  %g1, %o4
    1fcc:	04 bf ff fb 	ble  1fb8 <press_deal+0x28>
    1fd0:	96 02 e0 01 	inc  %o3
    1fd4:	10 bf ff f9 	b  1fb8 <press_deal+0x28>
    1fd8:	98 10 00 01 	mov  %g1, %o4
    1fdc:	da 10 22 cc 	lduh  [ 0x2cc ], %o5
    1fe0:	c2 00 26 e0 	ld  [ 0x6e0 ], %g1
    1fe4:	80 a0 40 0d 	cmp  %g1, %o5
    1fe8:	04 80 00 06 	ble  2000 <press_deal+0x70>
    1fec:	03 00 00 17 	sethi  %hi(0x5c00), %g1
    1ff0:	da 08 22 c7 	ldub  [ 0x2c7 ], %o5
    1ff4:	82 10 62 44 	or  %g1, 0x244, %g1
    1ff8:	10 80 00 08 	b  2018 <press_deal+0x88>
    1ffc:	da 20 40 00 	st  %o5, [ %g1 ]
    2000:	9a 10 62 44 	or  %g1, 0x244, %o5
    2004:	c2 03 40 00 	ld  [ %o5 ], %g1
    2008:	80 a0 60 00 	cmp  %g1, 0
    200c:	04 80 00 03 	ble  2018 <press_deal+0x88>
    2010:	82 00 7f ff 	add  %g1, -1, %g1
    2014:	c2 23 40 00 	st  %g1, [ %o5 ]
    2018:	19 00 00 17 	sethi  %hi(0x5c00), %o4
    201c:	82 13 22 44 	or  %o4, 0x244, %g1	! 5e44 <KeyMaskAAHrz+0x70>
    2020:	c2 00 40 00 	ld  [ %g1 ], %g1
    2024:	80 a0 60 00 	cmp  %g1, 0
    2028:	04 80 00 28 	ble  20c8 <press_deal+0x138>
    202c:	82 13 22 6c 	or  %o4, 0x26c, %g1
    2030:	c2 00 40 00 	ld  [ %g1 ], %g1
    2034:	80 a0 60 02 	cmp  %g1, 2
    2038:	02 80 00 24 	be  20c8 <press_deal+0x138>
    203c:	82 13 22 60 	or  %o4, 0x260, %g1
    2040:	da 00 40 00 	ld  [ %g1 ], %o5
    2044:	c2 00 25 14 	ld  [ 0x514 ], %g1
    2048:	80 a0 40 0d 	cmp  %g1, %o5
    204c:	02 80 00 0e 	be  2084 <press_deal+0xf4>
    2050:	1b 00 00 17 	sethi  %hi(0x5c00), %o5
    2054:	96 10 20 00 	clr  %o3
    2058:	94 13 23 a8 	or  %o4, 0x3a8, %o2
    205c:	9b 2a e0 02 	sll  %o3, 2, %o5
    2060:	96 02 e0 01 	inc  %o3
    2064:	c2 03 67 20 	ld  [ %o5 + 0x720 ], %g1
    2068:	80 a2 e0 03 	cmp  %o3, 3
    206c:	04 bf ff fc 	ble  205c <press_deal+0xcc>
    2070:	c2 23 40 0a 	st  %g1, [ %o5 + %o2 ]
    2074:	9a 13 22 60 	or  %o4, 0x260, %o5
    2078:	c2 00 25 14 	ld  [ 0x514 ], %g1
    207c:	c2 23 40 00 	st  %g1, [ %o5 ]
    2080:	1b 00 00 17 	sethi  %hi(0x5c00), %o5
    2084:	82 13 62 60 	or  %o5, 0x260, %g1	! 5e60 <PointNumOverflowHrz+0x4>
    2088:	c2 00 40 00 	ld  [ %g1 ], %g1
    208c:	80 a0 60 00 	cmp  %g1, 0
    2090:	04 80 00 19 	ble  20f4 <press_deal+0x164>
    2094:	94 13 63 a8 	or  %o5, 0x3a8, %o2
    2098:	98 10 00 0d 	mov  %o5, %o4
    209c:	96 10 20 00 	clr  %o3
    20a0:	9b 2a e0 02 	sll  %o3, 2, %o5
    20a4:	96 02 e0 01 	inc  %o3
    20a8:	c2 03 40 0a 	ld  [ %o5 + %o2 ], %g1
    20ac:	80 a2 e0 03 	cmp  %o3, 3
    20b0:	04 bf ff fc 	ble  20a0 <press_deal+0x110>
    20b4:	c2 23 67 20 	st  %g1, [ %o5 + 0x720 ]
    20b8:	82 13 22 60 	or  %o4, 0x260, %g1
    20bc:	c2 00 40 00 	ld  [ %g1 ], %g1
    20c0:	10 80 00 0d 	b  20f4 <press_deal+0x164>
    20c4:	c2 20 25 14 	st  %g1, [ 0x514 ]
    20c8:	9a 13 22 60 	or  %o4, 0x260, %o5
    20cc:	c2 00 25 14 	ld  [ 0x514 ], %g1
    20d0:	c2 23 40 00 	st  %g1, [ %o5 ]
    20d4:	98 13 23 a8 	or  %o4, 0x3a8, %o4
    20d8:	96 10 20 00 	clr  %o3
    20dc:	9b 2a e0 02 	sll  %o3, 2, %o5
    20e0:	96 02 e0 01 	inc  %o3
    20e4:	c2 03 67 20 	ld  [ %o5 + 0x720 ], %g1
    20e8:	80 a2 e0 03 	cmp  %o3, 3
    20ec:	04 bf ff fc 	ble  20dc <press_deal+0x14c>
    20f0:	c2 23 40 0c 	st  %g1, [ %o5 + %o4 ]
    20f4:	03 00 00 17 	sethi  %hi(0x5c00), %g1
    20f8:	da 00 25 14 	ld  [ 0x514 ], %o5
    20fc:	82 10 62 60 	or  %g1, 0x260, %g1
    2100:	da 20 40 00 	st  %o5, [ %g1 ]
    2104:	81 c3 e0 08 	retl 
    2108:	9c 23 bf 88 	sub  %sp, -120, %sp

0000210c <CopyData>:
    210c:	98 10 20 00 	clr  %o4
    2110:	80 a3 00 0a 	cmp  %o4, %o2
    2114:	16 80 00 08 	bge  2134 <CopyData+0x28>
    2118:	01 00 00 00 	nop 
    211c:	9b 2b 20 02 	sll  %o4, 2, %o5
    2120:	98 03 20 01 	inc  %o4
    2124:	c2 02 40 0d 	ld  [ %o1 + %o5 ], %g1
    2128:	80 a3 00 0a 	cmp  %o4, %o2
    212c:	06 bf ff fc 	bl  211c <CopyData+0x10>
    2130:	c2 22 00 0d 	st  %g1, [ %o0 + %o5 ]
    2134:	81 c3 e0 08 	retl 
    2138:	01 00 00 00 	nop 

0000213c <water_mode_change>:
    213c:	9d e3 bf 98 	save  %sp, -104, %sp
    2140:	7f ff fe 17 	call  199c <SetSensorSwitch>
    2144:	90 10 20 00 	clr  %o0
    2148:	1b 00 00 17 	sethi  %hi(0x5c00), %o5
    214c:	98 13 62 64 	or  %o5, 0x264, %o4	! 5e64 <PointNumOverflowHrz+0x8>
    2150:	c2 03 00 00 	ld  [ %o4 ], %g1
    2154:	80 a0 00 01 	cmp  %g0, %g1
    2158:	82 60 3f ff 	subx  %g0, -1, %g1
    215c:	92 00 40 01 	add  %g1, %g1, %o1
    2160:	92 02 40 01 	add  %o1, %g1, %o1
    2164:	9a 13 61 68 	or  %o5, 0x168, %o5
    2168:	93 2a 60 05 	sll  %o1, 5, %o1
    216c:	92 02 40 0d 	add  %o1, %o5, %o1
    2170:	c2 23 00 00 	st  %g1, [ %o4 ]
    2174:	94 10 20 18 	mov  0x18, %o2
    2178:	7f ff ff e5 	call  210c <CopyData>
    217c:	90 10 25 b0 	mov  0x5b0, %o0
    2180:	7f ff fc 49 	call  12a4 <DacWriteAll>
    2184:	90 10 25 b0 	mov  0x5b0, %o0
    2188:	7f ff fd be 	call  1880 <chl_setting_sel>
    218c:	b0 10 20 01 	mov  1, %i0
    2190:	7f ff fe 03 	call  199c <SetSensorSwitch>
    2194:	81 e8 00 00 	restore 
    2198:	01 00 00 00 	nop 

0000219c <ini_raw_data_sum_cnt>:
    219c:	03 00 00 17 	sethi  %hi(0x5c00), %g1
    21a0:	96 10 62 30 	or  %g1, 0x230, %o3	! 5e30 <KeyMaskAAHrz+0x5c>
    21a4:	98 10 62 28 	or  %g1, 0x228, %o4
    21a8:	82 10 62 2c 	or  %g1, 0x22c, %g1
    21ac:	9a 10 3f e0 	mov  -32, %o5
    21b0:	da 20 40 00 	st  %o5, [ %g1 ]
    21b4:	c0 23 00 00 	clr  [ %o4 ]
    21b8:	81 c3 e0 08 	retl 
    21bc:	c0 22 c0 00 	clr  [ %o3 ]

000021c0 <no_fast_rest_all>:
    21c0:	da 00 25 48 	ld  [ 0x548 ], %o5
    21c4:	83 33 60 10 	srl  %o5, 0x10, %g1
    21c8:	80 88 60 01 	btst  1, %g1
    21cc:	02 80 00 0b 	be  21f8 <no_fast_rest_all+0x38>
    21d0:	90 10 20 01 	mov  1, %o0
    21d4:	c2 00 25 58 	ld  [ 0x558 ], %g1
    21d8:	9b 33 60 11 	srl  %o5, 0x11, %o5
    21dc:	80 a0 60 00 	cmp  %g1, 0
    21e0:	12 80 00 05 	bne  21f4 <no_fast_rest_all+0x34>
    21e4:	90 10 20 00 	clr  %o0
    21e8:	80 8b 60 01 	btst  1, %o5
    21ec:	12 80 00 03 	bne  21f8 <no_fast_rest_all+0x38>
    21f0:	01 00 00 00 	nop 
    21f4:	90 10 20 01 	mov  1, %o0	! 1 <PROM_START+0x1>
    21f8:	81 c3 e0 08 	retl 
    21fc:	01 00 00 00 	nop 

00002200 <PointNumSure>:
    2200:	94 10 20 00 	clr  %o2	! 0 <PROM_START>
    2204:	c2 00 25 14 	ld  [ 0x514 ], %g1
    2208:	80 a2 80 01 	cmp  %o2, %g1
    220c:	96 10 20 00 	clr  %o3
    2210:	1a 80 00 10 	bcc  2250 <PointNumSure+0x50>
    2214:	9b 2a e0 02 	sll  %o3, 2, %o5
    2218:	c2 03 67 20 	ld  [ %o5 + 0x720 ], %g1
    221c:	99 2a a0 02 	sll  %o2, 2, %o4
    2220:	80 a0 60 00 	cmp  %g1, 0
    2224:	02 80 00 08 	be  2244 <PointNumSure+0x44>
    2228:	96 02 e0 01 	inc  %o3
    222c:	c2 23 27 20 	st  %g1, [ %o4 + 0x720 ]
    2230:	c2 03 67 30 	ld  [ %o5 + 0x730 ], %g1
    2234:	c2 23 27 30 	st  %g1, [ %o4 + 0x730 ]
    2238:	c2 03 67 e0 	ld  [ %o5 + 0x7e0 ], %g1
    223c:	94 02 a0 01 	inc  %o2
    2240:	c2 23 27 e0 	st  %g1, [ %o4 + 0x7e0 ]
    2244:	c2 00 25 14 	ld  [ 0x514 ], %g1
    2248:	10 bf ff f2 	b  2210 <PointNumSure+0x10>
    224c:	80 a2 c0 01 	cmp  %o3, %g1
    2250:	81 c3 e0 08 	retl 
    2254:	d4 20 25 14 	st  %o2, [ 0x514 ]

00002258 <mg_dlt>:
    2258:	9d e3 bf 98 	save  %sp, -104, %sp
    225c:	b0 10 20 00 	clr  %i0
    2260:	f6 00 25 14 	ld  [ 0x514 ], %i3
    2264:	80 a6 00 1b 	cmp  %i0, %i3
    2268:	1a 80 00 12 	bcc  22b0 <mg_dlt+0x58>
    226c:	bb 2e 20 02 	sll  %i0, 2, %i5
    2270:	c2 07 67 20 	ld  [ %i5 + 0x720 ], %g1
    2274:	80 a0 60 00 	cmp  %g1, 0
    2278:	02 bf ff fb 	be  2264 <mg_dlt+0xc>
    227c:	b0 06 20 01 	inc  %i0
    2280:	f8 17 67 32 	lduh  [ %i5 + 0x732 ], %i4
    2284:	c2 00 27 1c 	ld  [ 0x71c ], %g1
    2288:	80 a7 00 01 	cmp  %i4, %g1
    228c:	34 80 00 02 	bg,a   2294 <mg_dlt+0x3c>
    2290:	f8 20 27 1c 	st  %i4, [ 0x71c ]
    2294:	fa 17 67 30 	lduh  [ %i5 + 0x730 ], %i5
    2298:	c2 00 27 18 	ld  [ 0x718 ], %g1
    229c:	80 a7 40 01 	cmp  %i5, %g1
    22a0:	34 bf ff f1 	bg,a   2264 <mg_dlt+0xc>
    22a4:	fa 20 27 18 	st  %i5, [ 0x718 ]
    22a8:	10 bf ff f0 	b  2268 <mg_dlt+0x10>
    22ac:	80 a6 00 1b 	cmp  %i0, %i3
    22b0:	3b 33 33 33 	sethi  %hi(0xcccccc00), %i5
    22b4:	c2 00 25 00 	ld  [ 0x500 ], %g1
    22b8:	ba 17 60 cd 	or  %i5, 0xcd, %i5
    22bc:	80 50 40 1d 	umul  %g1, %i5, %g0
    22c0:	bb 40 00 00 	rd  %y, %i5
    22c4:	bb 37 60 03 	srl  %i5, 3, %i5
    22c8:	b9 2f 60 02 	sll  %i5, 2, %i4
    22cc:	b8 07 00 1d 	add  %i4, %i5, %i4
    22d0:	b8 07 00 1c 	add  %i4, %i4, %i4
    22d4:	80 a0 40 1c 	cmp  %g1, %i4
    22d8:	12 80 00 0d 	bne  230c <mg_dlt+0xb4>
    22dc:	b0 10 20 00 	clr  %i0
    22e0:	c2 00 27 1c 	ld  [ 0x71c ], %g1
    22e4:	80 a0 60 00 	cmp  %g1, 0
    22e8:	04 80 00 03 	ble  22f4 <mg_dlt+0x9c>
    22ec:	82 00 7f ff 	add  %g1, -1, %g1
    22f0:	c2 20 27 1c 	st  %g1, [ 0x71c ]
    22f4:	c2 00 27 18 	ld  [ 0x718 ], %g1
    22f8:	80 a0 60 00 	cmp  %g1, 0
    22fc:	04 80 00 03 	ble  2308 <mg_dlt+0xb0>
    2300:	82 00 7f ff 	add  %g1, -1, %g1
    2304:	c2 20 27 18 	st  %g1, [ 0x718 ]
    2308:	b0 10 20 00 	clr  %i0
    230c:	c2 00 25 14 	ld  [ 0x514 ], %g1
    2310:	80 a6 00 01 	cmp  %i0, %g1
    2314:	1a 80 00 3e 	bcc  240c <mg_dlt+0x1b4>
    2318:	01 00 00 00 	nop 
    231c:	b4 10 20 00 	clr  %i2	! 0 <PROM_START>
    2320:	c2 00 22 d4 	ld  [ 0x2d4 ], %g1
    2324:	80 88 60 10 	btst  0x10, %g1
    2328:	02 80 00 06 	be  2340 <mg_dlt+0xe8>
    232c:	fa 00 23 00 	ld  [ 0x300 ], %i5
    2330:	f6 16 a7 20 	lduh  [ %i2 + 0x720 ], %i3
    2334:	b6 0e ef ff 	and  %i3, 0xfff, %i3
    2338:	10 80 00 05 	b  234c <mg_dlt+0xf4>
    233c:	98 10 00 1d 	mov  %i5, %o4
    2340:	c2 06 a7 20 	ld  [ %i2 + 0x720 ], %g1
    2344:	b6 08 6f ff 	and  %g1, 0xfff, %i3
    2348:	99 37 60 01 	srl  %i5, 1, %o4
    234c:	9e 10 20 00 	clr  %o7
    2350:	c2 06 a7 20 	ld  [ %i2 + 0x720 ], %g1
    2354:	80 a0 60 00 	cmp  %g1, 0
    2358:	22 80 00 25 	be,a   23ec <mg_dlt+0x194>
    235c:	9e 03 e0 01 	inc  %o7
    2360:	80 a3 e0 00 	cmp  %o7, 0
    2364:	32 80 00 05 	bne,a   2378 <mg_dlt+0x120>
    2368:	da 16 a7 30 	lduh  [ %i2 + 0x730 ], %o5
    236c:	da 16 a7 32 	lduh  [ %i2 + 0x732 ], %o5
    2370:	10 80 00 03 	b  237c <mg_dlt+0x124>
    2374:	f2 00 27 1c 	ld  [ 0x71c ], %i1
    2378:	f2 00 27 18 	ld  [ 0x718 ], %i1
    237c:	b9 2b e0 03 	sll  %o7, 3, %i4
    2380:	fa 57 22 44 	ldsh  [ %i4 + 0x244 ], %i5
    2384:	80 a6 c0 1d 	cmp  %i3, %i5
    2388:	26 80 00 08 	bl,a   23a8 <mg_dlt+0x150>
    238c:	fa 57 22 46 	ldsh  [ %i4 + 0x246 ], %i5
    2390:	83 2b 20 06 	sll  %o4, 6, %g1
    2394:	82 20 40 1d 	sub  %g1, %i5, %g1
    2398:	80 a6 c0 01 	cmp  %i3, %g1
    239c:	24 80 00 14 	ble,a   23ec <mg_dlt+0x194>
    23a0:	9e 03 e0 01 	inc  %o7
    23a4:	fa 57 22 46 	ldsh  [ %i4 + 0x246 ], %i5
    23a8:	ba 5e 40 1d 	smul  %i1, %i5, %i5
    23ac:	83 3f 60 1f 	sra  %i5, 0x1f, %g1
    23b0:	83 30 60 18 	srl  %g1, 0x18, %g1
    23b4:	ba 07 40 01 	add  %i5, %g1, %i5
    23b8:	bb 3f 60 08 	sra  %i5, 8, %i5
    23bc:	c2 57 22 42 	ldsh  [ %i4 + 0x242 ], %g1
    23c0:	80 a7 40 01 	cmp  %i5, %g1
    23c4:	34 80 00 02 	bg,a   23cc <mg_dlt+0x174>
    23c8:	ba 10 00 01 	mov  %g1, %i5
    23cc:	c2 57 22 40 	ldsh  [ %i4 + 0x240 ], %g1
    23d0:	80 a7 40 01 	cmp  %i5, %g1
    23d4:	26 80 00 02 	bl,a   23dc <mg_dlt+0x184>
    23d8:	ba 10 00 01 	mov  %g1, %i5
    23dc:	80 a3 40 1d 	cmp  %o5, %i5
    23e0:	26 80 00 02 	bl,a   23e8 <mg_dlt+0x190>
    23e4:	c0 26 a7 20 	clr  [ %i2 + 0x720 ]
    23e8:	9e 03 e0 01 	inc  %o7
    23ec:	80 a3 e0 01 	cmp  %o7, 1
    23f0:	24 bf ff d9 	ble,a   2354 <mg_dlt+0xfc>
    23f4:	c2 06 a7 20 	ld  [ %i2 + 0x720 ], %g1
    23f8:	b0 06 20 01 	inc  %i0
    23fc:	c2 00 25 14 	ld  [ 0x514 ], %g1
    2400:	80 a6 00 01 	cmp  %i0, %g1
    2404:	0a bf ff c7 	bcs  2320 <mg_dlt+0xc8>
    2408:	b4 06 a0 04 	add  %i2, 4, %i2
    240c:	7f ff ff 7d 	call  2200 <PointNumSure>
    2410:	81 e8 00 00 	restore 
    2414:	01 00 00 00 	nop 

00002418 <mg_crt1>:
    2418:	9d e3 bf 98 	save  %sp, -104, %sp
    241c:	b8 10 00 18 	mov  %i0, %i4
    2420:	80 a6 20 5f 	cmp  %i0, 0x5f
    2424:	14 80 00 66 	bg  25bc <mg_crt1+0x1a4>
    2428:	92 10 00 1a 	mov  %i2, %o1
    242c:	c2 10 21 34 	lduh  [ 0x134 ], %g1
    2430:	80 a6 80 01 	cmp  %i2, %g1
    2434:	26 80 00 07 	bl,a   2450 <mg_crt1+0x38>
    2438:	e0 00 22 d4 	ld  [ 0x2d4 ], %l0
    243c:	c2 10 21 36 	lduh  [ 0x136 ], %g1
    2440:	80 a6 80 01 	cmp  %i2, %g1
    2444:	04 80 00 5f 	ble  25c0 <mg_crt1+0x1a8>
    2448:	b0 10 20 00 	clr  %i0
    244c:	e0 00 22 d4 	ld  [ 0x2d4 ], %l0
    2450:	80 8c 20 10 	btst  0x10, %l0
    2454:	96 10 20 00 	clr  %o3
    2458:	b6 10 20 00 	clr  %i3
    245c:	9e 10 20 00 	clr  %o7
    2460:	02 80 00 04 	be  2470 <mg_crt1+0x58>
    2464:	c2 00 23 00 	ld  [ 0x300 ], %g1
    2468:	10 80 00 03 	b  2474 <mg_crt1+0x5c>
    246c:	ba 10 00 01 	mov  %g1, %i5
    2470:	bb 30 60 01 	srl  %g1, 1, %i5
    2474:	80 a7 20 5f 	cmp  %i4, 0x5f
    2478:	14 80 00 06 	bg  2490 <mg_crt1+0x78>
    247c:	b1 2f 60 06 	sll  %i5, 6, %i0
    2480:	82 10 20 60 	mov  0x60, %g1
    2484:	9e 20 40 1c 	sub  %g1, %i4, %o7
    2488:	b6 10 20 00 	clr  %i3
    248c:	96 10 3f ff 	mov  -1, %o3
    2490:	82 06 3f a0 	add  %i0, -96, %g1
    2494:	80 a7 00 01 	cmp  %i4, %g1
    2498:	04 80 00 06 	ble  24b0 <mg_crt1+0x98>
    249c:	80 a6 60 00 	cmp  %i1, 0
    24a0:	82 27 00 18 	sub  %i4, %i0, %g1
    24a4:	9e 00 60 60 	add  %g1, 0x60, %o7
    24a8:	b6 10 20 01 	mov  1, %i3
    24ac:	96 10 20 01 	mov  1, %o3
    24b0:	32 80 00 02 	bne,a   24b8 <mg_crt1+0xa0>
    24b4:	b6 06 e0 02 	add  %i3, 2, %i3
    24b8:	80 a3 e0 00 	cmp  %o7, 0
    24bc:	16 80 00 04 	bge  24cc <mg_crt1+0xb4>
    24c0:	80 a3 e0 3f 	cmp  %o7, 0x3f
    24c4:	10 80 00 04 	b  24d4 <mg_crt1+0xbc>
    24c8:	9e 10 20 00 	clr  %o7
    24cc:	34 80 00 02 	bg,a   24d4 <mg_crt1+0xbc>
    24d0:	9e 10 20 3f 	mov  0x3f, %o7
    24d4:	03 14 7a e1 	sethi  %hi(0x51eb8400), %g1
    24d8:	bb 2e e0 03 	sll  %i3, 3, %i5
    24dc:	90 10 61 1f 	or  %g1, 0x11f, %o0
    24e0:	b2 07 62 60 	add  %i5, 0x260, %i1
    24e4:	b7 2e e0 02 	sll  %i3, 2, %i3
    24e8:	b8 10 20 00 	clr  %i4
    24ec:	82 10 20 00 	clr  %g1
    24f0:	9a 10 20 00 	clr  %o5
    24f4:	b0 10 20 00 	clr  %i0
    24f8:	d4 10 21 36 	lduh  [ 0x136 ], %o2
    24fc:	b4 10 00 1c 	mov  %i4, %i2
    2500:	80 a2 40 0a 	cmp  %o1, %o2
    2504:	04 80 00 05 	ble  2518 <mg_crt1+0x100>
    2508:	98 10 00 01 	mov  %g1, %o4
    250c:	c2 56 40 00 	ldsh  [ %i1 ], %g1
    2510:	10 80 00 04 	b  2520 <mg_crt1+0x108>
    2514:	fa 08 21 3b 	ldub  [ 0x13b ], %i5
    2518:	c2 56 40 00 	ldsh  [ %i1 ], %g1
    251c:	fa 08 21 3a 	ldub  [ 0x13a ], %i5
    2520:	82 58 40 1d 	smul  %g1, %i5, %g1
    2524:	80 58 40 08 	smul  %g1, %o0, %g0
    2528:	bb 40 00 00 	rd  %y, %i5
    252c:	bb 3f 60 05 	sra  %i5, 5, %i5
    2530:	83 38 60 1f 	sra  %g1, 0x1f, %g1
    2534:	f8 0e e2 50 	ldub  [ %i3 + 0x250 ], %i4
    2538:	82 27 40 01 	sub  %i5, %g1, %g1
    253c:	b0 06 20 01 	inc  %i0
    2540:	b6 06 e0 01 	inc  %i3
    2544:	80 97 00 01 	orcc  %i4, %g1, %g0
    2548:	02 80 00 14 	be  2598 <mg_crt1+0x180>
    254c:	b2 06 60 02 	add  %i1, 2, %i1
    2550:	80 a3 c0 1c 	cmp  %o7, %i4
    2554:	36 80 00 11 	bge,a   2598 <mg_crt1+0x180>
    2558:	9a 10 00 01 	mov  %g1, %o5
    255c:	80 a3 c0 1a 	cmp  %o7, %i2
    2560:	06 80 00 0f 	bl  259c <mg_crt1+0x184>
    2564:	80 a6 20 03 	cmp  %i0, 3
    2568:	ba 23 c0 1a 	sub  %o7, %i2, %i5
    256c:	82 20 40 0c 	sub  %g1, %o4, %g1
    2570:	82 58 40 1d 	smul  %g1, %i5, %g1
    2574:	ba 27 00 1a 	sub  %i4, %i2, %i5
    2578:	9b 38 60 1f 	sra  %g1, 0x1f, %o5
    257c:	81 83 60 00 	mov  %o5, %y
    2580:	01 00 00 00 	nop 
    2584:	01 00 00 00 	nop 
    2588:	01 00 00 00 	nop 
    258c:	82 78 40 1d 	sdiv  %g1, %i5, %g1
    2590:	10 80 00 05 	b  25a4 <mg_crt1+0x18c>
    2594:	9a 00 40 0c 	add  %g1, %o4, %o5
    2598:	80 a6 20 03 	cmp  %i0, 3
    259c:	04 bf ff d9 	ble  2500 <mg_crt1+0xe8>
    25a0:	b4 10 00 1c 	mov  %i4, %i2
    25a4:	80 8c 20 20 	btst  0x20, %l0
    25a8:	22 80 00 02 	be,a   25b0 <mg_crt1+0x198>
    25ac:	96 20 00 0b 	neg  %o3
    25b0:	82 5a c0 0d 	smul  %o3, %o5, %g1
    25b4:	10 80 00 03 	b  25c0 <mg_crt1+0x1a8>
    25b8:	b0 20 00 01 	neg  %g1, %i0
    25bc:	b0 10 20 00 	clr  %i0
    25c0:	81 c7 e0 08 	ret 
    25c4:	81 e8 00 00 	restore 

000025c8 <mg_crt>:
    25c8:	9d e3 bf 98 	save  %sp, -104, %sp
    25cc:	d6 00 22 d4 	ld  [ 0x2d4 ], %o3
    25d0:	b6 10 00 18 	mov  %i0, %i3
    25d4:	80 8a e0 10 	btst  0x10, %o3
    25d8:	9a 10 20 00 	clr  %o5
    25dc:	ba 10 20 00 	clr  %i5
    25e0:	b4 10 20 00 	clr  %i2
    25e4:	02 80 00 04 	be  25f4 <mg_crt+0x2c>
    25e8:	c2 00 23 00 	ld  [ 0x300 ], %g1
    25ec:	10 80 00 03 	b  25f8 <mg_crt+0x30>
    25f0:	b8 10 00 01 	mov  %g1, %i4
    25f4:	b9 30 60 01 	srl  %g1, 1, %i4
    25f8:	80 a6 e0 5f 	cmp  %i3, 0x5f
    25fc:	14 80 00 06 	bg  2614 <mg_crt+0x4c>
    2600:	b1 2f 20 06 	sll  %i4, 6, %i0
    2604:	82 10 20 60 	mov  0x60, %g1
    2608:	b4 20 40 1b 	sub  %g1, %i3, %i2
    260c:	ba 10 20 00 	clr  %i5
    2610:	9a 10 3f ff 	mov  -1, %o5
    2614:	82 06 3f a0 	add  %i0, -96, %g1
    2618:	80 a6 c0 01 	cmp  %i3, %g1
    261c:	04 80 00 06 	ble  2634 <mg_crt+0x6c>
    2620:	80 a6 60 00 	cmp  %i1, 0
    2624:	82 26 c0 18 	sub  %i3, %i0, %g1
    2628:	b4 00 60 60 	add  %g1, 0x60, %i2
    262c:	ba 10 20 01 	mov  1, %i5
    2630:	9a 10 20 01 	mov  1, %o5
    2634:	32 80 00 02 	bne,a   263c <mg_crt+0x74>
    2638:	ba 07 60 02 	add  %i5, 2, %i5
    263c:	80 a6 a0 00 	cmp  %i2, 0
    2640:	16 80 00 04 	bge  2650 <mg_crt+0x88>
    2644:	80 a6 a0 3f 	cmp  %i2, 0x3f
    2648:	10 80 00 04 	b  2658 <mg_crt+0x90>
    264c:	b4 10 20 00 	clr  %i2
    2650:	34 80 00 02 	bg,a   2658 <mg_crt+0x90>
    2654:	b4 10 20 3f 	mov  0x3f, %i2
    2658:	99 2f 60 02 	sll  %i5, 2, %o4
    265c:	b6 10 20 00 	clr  %i3
    2660:	82 10 20 00 	clr  %g1
    2664:	9e 10 20 00 	clr  %o7
    2668:	b2 10 20 00 	clr  %i1
    266c:	ba 03 00 19 	add  %o4, %i1, %i5
    2670:	b0 10 00 01 	mov  %g1, %i0
    2674:	b8 10 00 1b 	mov  %i3, %i4
    2678:	82 07 40 1d 	add  %i5, %i5, %g1
    267c:	c2 50 62 60 	ldsh  [ %g1 + 0x260 ], %g1
    2680:	f6 0f 62 50 	ldub  [ %i5 + 0x250 ], %i3
    2684:	80 96 c0 01 	orcc  %i3, %g1, %g0
    2688:	02 80 00 14 	be  26d8 <mg_crt+0x110>
    268c:	b2 06 60 01 	inc  %i1
    2690:	80 a6 80 1b 	cmp  %i2, %i3
    2694:	36 80 00 11 	bge,a   26d8 <mg_crt+0x110>
    2698:	9e 10 00 01 	mov  %g1, %o7
    269c:	80 a6 80 1c 	cmp  %i2, %i4
    26a0:	06 80 00 0f 	bl  26dc <mg_crt+0x114>
    26a4:	80 a6 60 03 	cmp  %i1, 3
    26a8:	ba 26 80 1c 	sub  %i2, %i4, %i5
    26ac:	82 20 40 18 	sub  %g1, %i0, %g1
    26b0:	82 58 40 1d 	smul  %g1, %i5, %g1
    26b4:	ba 26 c0 1c 	sub  %i3, %i4, %i5
    26b8:	99 38 60 1f 	sra  %g1, 0x1f, %o4
    26bc:	81 83 20 00 	mov  %o4, %y
    26c0:	01 00 00 00 	nop 
    26c4:	01 00 00 00 	nop 
    26c8:	01 00 00 00 	nop 
    26cc:	82 78 40 1d 	sdiv  %g1, %i5, %g1
    26d0:	10 80 00 05 	b  26e4 <mg_crt+0x11c>
    26d4:	9e 00 40 18 	add  %g1, %i0, %o7
    26d8:	80 a6 60 03 	cmp  %i1, 3
    26dc:	04 bf ff e5 	ble  2670 <mg_crt+0xa8>
    26e0:	ba 03 00 19 	add  %o4, %i1, %i5
    26e4:	80 8a e0 20 	btst  0x20, %o3
    26e8:	22 80 00 02 	be,a   26f0 <mg_crt+0x128>
    26ec:	9a 20 00 0d 	neg  %o5
    26f0:	b0 5b 40 0f 	smul  %o5, %o7, %i0
    26f4:	81 c7 e0 08 	ret 
    26f8:	81 e8 00 00 	restore 

000026fc <getpro>:
    26fc:	90 02 00 09 	add  %o0, %o1, %o0
    2700:	93 2a 60 0a 	sll  %o1, 0xa, %o1
    2704:	83 3a 60 1f 	sra  %o1, 0x1f, %g1
    2708:	81 80 60 00 	mov  %g1, %y
    270c:	01 00 00 00 	nop 
    2710:	01 00 00 00 	nop 
    2714:	01 00 00 00 	nop 
    2718:	90 7a 40 08 	sdiv  %o1, %o0, %o0
    271c:	03 3f ff aa 	sethi  %hi(0xfffea800), %g1
    2720:	9b 2a 20 08 	sll  %o0, 8, %o5
    2724:	82 10 63 00 	or  %g1, 0x300, %g1
    2728:	9a 03 40 01 	add  %o5, %g1, %o5
    272c:	03 0c 03 00 	sethi  %hi(0x300c0000), %g1
    2730:	82 10 63 01 	or  %g1, 0x301, %g1	! 300c0301 <PROM_END+0x300b0301>
    2734:	80 5b 40 01 	smul  %o5, %g1, %g0
    2738:	83 40 00 00 	rd  %y, %g1
    273c:	83 38 60 06 	sra  %g1, 6, %g1
    2740:	9b 3b 60 1f 	sra  %o5, 0x1f, %o5
    2744:	80 a2 a0 01 	cmp  %o2, 1
    2748:	12 80 00 08 	bne  2768 <getpro+0x6c>
    274c:	90 20 40 0d 	sub  %g1, %o5, %o0
    2750:	90 02 00 08 	add  %o0, %o0, %o0
    2754:	80 a2 21 00 	cmp  %o0, 0x100
    2758:	04 80 00 05 	ble  276c <getpro+0x70>
    275c:	80 a2 20 00 	cmp  %o0, 0
    2760:	82 10 22 00 	mov  0x200, %g1
    2764:	90 20 40 08 	sub  %g1, %o0, %o0
    2768:	80 a2 20 00 	cmp  %o0, 0
    276c:	16 80 00 04 	bge  277c <getpro+0x80>
    2770:	80 a2 21 00 	cmp  %o0, 0x100
    2774:	10 80 00 04 	b  2784 <getpro+0x88>
    2778:	90 10 20 00 	clr  %o0
    277c:	34 80 00 02 	bg,a   2784 <getpro+0x88>
    2780:	90 10 21 00 	mov  0x100, %o0
    2784:	81 c3 e0 08 	retl 
    2788:	01 00 00 00 	nop 

0000278c <CenterStretchOnePoint>:
    278c:	9d e3 bf 90 	save  %sp, -112, %sp
    2790:	c2 00 22 d4 	ld  [ 0x2d4 ], %g1
    2794:	98 10 00 18 	mov  %i0, %o4
    2798:	80 88 60 10 	btst  0x10, %g1
    279c:	02 80 00 15 	be  27f0 <CenterStretchOnePoint+0x64>
    27a0:	b7 2e 20 02 	sll  %i0, 2, %i3
    27a4:	c2 06 e7 20 	ld  [ %i3 + 0x720 ], %g1
    27a8:	fa 00 23 24 	ld  [ 0x324 ], %i5
    27ac:	82 08 6f ff 	and  %g1, 0xfff, %g1
    27b0:	82 58 40 1d 	smul  %g1, %i5, %g1
    27b4:	83 30 60 0a 	srl  %g1, 0xa, %g1
    27b8:	c2 27 bf f0 	st  %g1, [ %fp + -16 ]
    27bc:	10 80 00 14 	b  280c <CenterStretchOnePoint+0x80>
    27c0:	da 00 23 24 	ld  [ 0x324 ], %o5
    27c4:	ba 27 00 1b 	sub  %i4, %i3, %i5
    27c8:	82 58 40 1d 	smul  %g1, %i5, %g1
    27cc:	ba 26 40 1a 	sub  %i1, %i2, %i5
    27d0:	9b 38 60 1f 	sra  %g1, 0x1f, %o5
    27d4:	81 83 60 00 	mov  %o5, %y
    27d8:	01 00 00 00 	nop 
    27dc:	01 00 00 00 	nop 
    27e0:	01 00 00 00 	nop 
    27e4:	82 78 40 1d 	sdiv  %g1, %i5, %g1
    27e8:	10 80 00 2b 	b  2894 <CenterStretchOnePoint+0x108>
    27ec:	ba 00 40 1b 	add  %g1, %i3, %i5
    27f0:	c2 16 e7 20 	lduh  [ %i3 + 0x720 ], %g1
    27f4:	fa 00 23 28 	ld  [ 0x328 ], %i5
    27f8:	82 08 6f ff 	and  %g1, 0xfff, %g1
    27fc:	82 58 40 1d 	smul  %g1, %i5, %g1
    2800:	83 30 60 0b 	srl  %g1, 0xb, %g1
    2804:	c2 27 bf f0 	st  %g1, [ %fp + -16 ]
    2808:	da 00 23 28 	ld  [ 0x328 ], %o5
    280c:	b8 10 20 00 	clr  %i4
    2810:	b2 10 20 00 	clr  %i1
    2814:	fa 07 bf f0 	ld  [ %fp + -16 ], %i5
    2818:	b0 10 20 00 	clr  %i0
    281c:	82 06 00 18 	add  %i0, %i0, %g1
    2820:	b4 10 00 19 	mov  %i1, %i2
    2824:	b6 10 00 1c 	mov  %i4, %i3
    2828:	f8 50 61 c0 	ldsh  [ %g1 + 0x1c0 ], %i4
    282c:	80 a6 20 08 	cmp  %i0, 8
    2830:	f2 50 61 b0 	ldsh  [ %g1 + 0x1b0 ], %i1
    2834:	b0 06 20 01 	inc  %i0
    2838:	9e 10 20 01 	mov  1, %o7
    283c:	12 80 00 04 	bne  284c <CenterStretchOnePoint+0xc0>
    2840:	82 10 20 01 	mov  1, %g1
    2844:	b8 10 00 0d 	mov  %o5, %i4
    2848:	b2 10 00 0d 	mov  %o5, %i1
    284c:	80 97 00 19 	orcc  %i4, %i1, %g0
    2850:	02 80 00 11 	be  2894 <CenterStretchOnePoint+0x108>
    2854:	80 a7 40 1a 	cmp  %i5, %i2
    2858:	26 80 00 02 	bl,a   2860 <CenterStretchOnePoint+0xd4>
    285c:	9e 10 20 00 	clr  %o7
    2860:	80 a7 40 19 	cmp  %i5, %i1
    2864:	36 80 00 02 	bge,a   286c <CenterStretchOnePoint+0xe0>
    2868:	82 10 20 00 	clr  %g1
    286c:	80 8b c0 01 	btst  %o7, %g1
    2870:	02 80 00 07 	be  288c <CenterStretchOnePoint+0x100>
    2874:	80 a6 20 08 	cmp  %i0, 8
    2878:	80 a7 00 1b 	cmp  %i4, %i3
    287c:	12 bf ff d2 	bne  27c4 <CenterStretchOnePoint+0x38>
    2880:	82 27 40 1a 	sub  %i5, %i2, %g1
    2884:	10 80 00 04 	b  2894 <CenterStretchOnePoint+0x108>
    2888:	ba 10 00 1b 	mov  %i3, %i5
    288c:	04 bf ff e5 	ble  2820 <CenterStretchOnePoint+0x94>
    2890:	82 06 00 18 	add  %i0, %i0, %g1
    2894:	fa 27 bf f0 	st  %i5, [ %fp + -16 ]
    2898:	c2 00 22 d4 	ld  [ 0x2d4 ], %g1
    289c:	80 88 60 10 	btst  0x10, %g1
    28a0:	02 80 00 0f 	be  28dc <CenterStretchOnePoint+0x150>
    28a4:	b7 2b 20 02 	sll  %o4, 2, %i3
    28a8:	bb 2f 60 0a 	sll  %i5, 0xa, %i5
    28ac:	81 80 00 00 	mov  %g0, %y
    28b0:	c2 00 23 24 	ld  [ 0x324 ], %g1
    28b4:	01 00 00 00 	nop 
    28b8:	01 00 00 00 	nop 
    28bc:	82 77 40 01 	udiv  %i5, %g1, %g1
    28c0:	ba 10 00 01 	mov  %g1, %i5
    28c4:	c2 06 e7 20 	ld  [ %i3 + 0x720 ], %g1
    28c8:	ba 0f 6f ff 	and  %i5, 0xfff, %i5
    28cc:	82 08 70 00 	and  %g1, -4096, %g1
    28d0:	82 10 40 1d 	or  %g1, %i5, %g1
    28d4:	10 80 00 0f 	b  2910 <CenterStretchOnePoint+0x184>
    28d8:	c2 26 e7 20 	st  %g1, [ %i3 + 0x720 ]
    28dc:	83 2f 60 0b 	sll  %i5, 0xb, %g1
    28e0:	81 80 00 00 	mov  %g0, %y
    28e4:	da 00 23 28 	ld  [ 0x328 ], %o5
    28e8:	01 00 00 00 	nop 
    28ec:	01 00 00 00 	nop 
    28f0:	9a 70 40 0d 	udiv  %g1, %o5, %o5
    28f4:	f8 06 e7 20 	ld  [ %i3 + 0x720 ], %i4
    28f8:	82 0b 6f ff 	and  %o5, 0xfff, %g1
    28fc:	3b 03 ff c0 	sethi  %hi(0xfff0000), %i5
    2900:	ba 2f 00 1d 	andn  %i4, %i5, %i5
    2904:	83 28 60 10 	sll  %g1, 0x10, %g1
    2908:	ba 17 40 01 	or  %i5, %g1, %i5
    290c:	fa 26 e7 20 	st  %i5, [ %i3 + 0x720 ]
    2910:	81 c7 e0 08 	ret 
    2914:	81 e8 00 00 	restore 

00002918 <RawBaseToSub>:
    2918:	9d e3 bf 98 	save  %sp, -104, %sp
    291c:	03 00 00 19 	sethi  %hi(0x6400), %g1
    2920:	9a 10 00 18 	mov  %i0, %o5
    2924:	9e 10 00 19 	mov  %i1, %o7
    2928:	96 10 63 2c 	or  %g1, 0x32c, %o3
    292c:	b4 10 20 00 	clr  %i2
    2930:	98 10 63 28 	or  %g1, 0x328, %o4
    2934:	c2 4e a4 00 	ldsb  [ %i2 + 0x400 ], %g1
    2938:	b1 2e a0 03 	sll  %i2, 3, %i0
    293c:	b9 28 60 02 	sll  %g1, 2, %i4
    2940:	80 a0 60 00 	cmp  %g1, 0
    2944:	06 80 00 10 	bl  2984 <RawBaseToSub+0x6c>
    2948:	b2 00 40 01 	add  %g1, %g1, %i1
    294c:	c2 4e a4 20 	ldsb  [ %i2 + 0x420 ], %g1
    2950:	bb 28 60 02 	sll  %g1, 2, %i5
    2954:	82 00 40 01 	add  %g1, %g1, %g1
    2958:	f6 03 40 1d 	ld  [ %o5 + %i5 ], %i3
    295c:	c2 13 c0 01 	lduh  [ %o7 + %g1 ], %g1
    2960:	f8 03 40 1c 	ld  [ %o5 + %i4 ], %i4
    2964:	fa 13 c0 19 	lduh  [ %o7 + %i1 ], %i5
    2968:	82 20 40 1b 	sub  %g1, %i3, %g1
    296c:	ba 27 40 1c 	sub  %i5, %i4, %i5
    2970:	b4 06 a0 01 	inc  %i2
    2974:	c2 26 00 0b 	st  %g1, [ %i0 + %o3 ]
    2978:	80 a6 a0 14 	cmp  %i2, 0x14
    297c:	08 bf ff ee 	bleu  2934 <RawBaseToSub+0x1c>
    2980:	fa 26 00 0c 	st  %i5, [ %i0 + %o4 ]
    2984:	b4 10 20 00 	clr  %i2
    2988:	c2 00 23 04 	ld  [ 0x304 ], %g1
    298c:	80 a6 80 01 	cmp  %i2, %g1
    2990:	1a 80 00 10 	bcc  29d0 <RawBaseToSub+0xb8>
    2994:	03 00 00 19 	sethi  %hi(0x6400), %g1
    2998:	b8 10 63 c0 	or  %g1, 0x3c0, %i4	! 67c0 <get_Press+0x9c>
    299c:	c2 4e a3 80 	ldsb  [ %i2 + 0x380 ], %g1
    29a0:	bb 28 60 02 	sll  %g1, 2, %i5
    29a4:	82 00 40 01 	add  %g1, %g1, %g1
    29a8:	fa 03 40 1d 	ld  [ %o5 + %i5 ], %i5
    29ac:	c2 13 c0 01 	lduh  [ %o7 + %g1 ], %g1
    29b0:	82 20 40 1d 	sub  %g1, %i5, %g1
    29b4:	bb 2e a0 02 	sll  %i2, 2, %i5
    29b8:	c2 27 40 1c 	st  %g1, [ %i5 + %i4 ]
    29bc:	b4 06 a0 01 	inc  %i2
    29c0:	c2 00 23 04 	ld  [ 0x304 ], %g1
    29c4:	80 a6 80 01 	cmp  %i2, %g1
    29c8:	2a bf ff f6 	bcs,a   29a0 <RawBaseToSub+0x88>
    29cc:	c2 4e a3 80 	ldsb  [ %i2 + 0x380 ], %g1
    29d0:	81 c7 e0 08 	ret 
    29d4:	81 e8 00 00 	restore 

000029d8 <Sync>:
    29d8:	9d e3 bf 98 	save  %sp, -104, %sp
    29dc:	c2 00 25 08 	ld  [ 0x508 ], %g1
    29e0:	80 88 60 ff 	btst  0xff, %g1
    29e4:	02 80 00 15 	be  2a38 <Sync+0x60>
    29e8:	1b 3f c1 80 	sethi  %hi(0xff060000), %o5
    29ec:	82 10 20 01 	mov  1, %g1
    29f0:	9a 13 60 3c 	or  %o5, 0x3c, %o5
    29f4:	c2 23 40 00 	st  %g1, [ %o5 ]
    29f8:	c2 00 25 08 	ld  [ 0x508 ], %g1
    29fc:	82 08 60 ff 	and  %g1, 0xff, %g1
    2a00:	80 a0 40 18 	cmp  %g1, %i0
    2a04:	12 80 00 0b 	bne  2a30 <Sync+0x58>
    2a08:	03 3f c1 80 	sethi  %hi(0xff060000), %g1
    2a0c:	7f ff f8 eb 	call  db8 <CacheFlush>
    2a10:	01 00 00 00 	nop 
    2a14:	da 00 25 08 	ld  [ 0x508 ], %o5
    2a18:	03 3f c0 40 	sethi  %hi(0xff010000), %g1
    2a1c:	9a 0b 60 ff 	and  %o5, 0xff, %o5
    2a20:	82 10 60 0c 	or  %g1, 0xc, %g1
    2a24:	c0 20 40 00 	clr  [ %g1 ]
    2a28:	10 bf ff f7 	b  2a04 <Sync+0x2c>
    2a2c:	80 a3 40 18 	cmp  %o5, %i0
    2a30:	82 10 60 3c 	or  %g1, 0x3c, %g1
    2a34:	c0 20 40 00 	clr  [ %g1 ]
    2a38:	81 c7 e0 08 	ret 
    2a3c:	81 e8 00 00 	restore 

00002a40 <DatasetZero48>:
    2a40:	9a 10 20 00 	clr  %o5
    2a44:	83 2b 60 02 	sll  %o5, 2, %g1
    2a48:	9a 03 60 01 	inc  %o5
    2a4c:	80 a3 60 2f 	cmp  %o5, 0x2f
    2a50:	08 bf ff fd 	bleu  2a44 <DatasetZero48+0x4>
    2a54:	c0 22 00 01 	clr  [ %o0 + %g1 ]
    2a58:	81 c3 e0 08 	retl 
    2a5c:	01 00 00 00 	nop 

00002a60 <BaseAverage>:
    2a60:	9d e3 bf 98 	save  %sp, -104, %sp
    2a64:	3b 00 00 19 	sethi  %hi(0x6400), %i5
    2a68:	98 10 00 19 	mov  %i1, %o4
    2a6c:	03 00 00 17 	sethi  %hi(0x5c00), %g1
    2a70:	9a 10 62 64 	or  %g1, 0x264, %o5	! 5e64 <PointNumOverflowHrz+0x8>
    2a74:	94 17 60 28 	or  %i5, 0x28, %o2
    2a78:	b2 10 20 00 	clr  %i1
    2a7c:	9e 17 62 68 	or  %i5, 0x268, %o7
    2a80:	96 17 60 88 	or  %i5, 0x88, %o3
    2a84:	b9 2e 60 03 	sll  %i1, 3, %i4
    2a88:	81 80 00 00 	mov  %g0, %y
    2a8c:	c2 06 00 1c 	ld  [ %i0 + %i4 ], %g1
    2a90:	01 00 00 00 	nop 
    2a94:	01 00 00 00 	nop 
    2a98:	82 70 40 0c 	udiv  %g1, %o4, %g1
    2a9c:	c2 26 00 1c 	st  %g1, [ %i0 + %i4 ]
    2aa0:	82 07 00 18 	add  %i4, %i0, %g1
    2aa4:	81 80 00 00 	mov  %g0, %y
    2aa8:	f6 00 60 04 	ld  [ %g1 + 4 ], %i3
    2aac:	01 00 00 00 	nop 
    2ab0:	01 00 00 00 	nop 
    2ab4:	b6 76 c0 0c 	udiv  %i3, %o4, %i3
    2ab8:	f6 20 60 04 	st  %i3, [ %g1 + 4 ]
    2abc:	fa 03 40 00 	ld  [ %o5 ], %i5
    2ac0:	82 07 40 1d 	add  %i5, %i5, %g1
    2ac4:	82 00 40 1d 	add  %g1, %i5, %g1
    2ac8:	fa 06 00 1c 	ld  [ %i0 + %i4 ], %i5
    2acc:	83 28 60 03 	sll  %g1, 3, %g1
    2ad0:	82 00 40 19 	add  %g1, %i1, %g1
    2ad4:	bb 2f 60 10 	sll  %i5, 0x10, %i5
    2ad8:	83 28 60 02 	sll  %g1, 2, %g1
    2adc:	ba 07 40 1b 	add  %i5, %i3, %i5
    2ae0:	fa 20 40 0f 	st  %i5, [ %g1 + %o7 ]
    2ae4:	c2 03 40 00 	ld  [ %o5 ], %g1
    2ae8:	80 a0 60 00 	cmp  %g1, 0
    2aec:	12 80 00 0c 	bne  2b1c <BaseAverage+0xbc>
    2af0:	b5 2e 60 02 	sll  %i1, 2, %i2
    2af4:	c2 06 80 0f 	ld  [ %i2 + %o7 ], %g1
    2af8:	c2 26 80 0b 	st  %g1, [ %i2 + %o3 ]
    2afc:	fa 03 40 00 	ld  [ %o5 ], %i5
    2b00:	82 07 40 1d 	add  %i5, %i5, %g1
    2b04:	82 00 40 1d 	add  %g1, %i5, %g1
    2b08:	83 28 60 03 	sll  %g1, 3, %g1
    2b0c:	82 00 40 19 	add  %g1, %i1, %g1
    2b10:	83 28 60 02 	sll  %g1, 2, %g1
    2b14:	c2 00 40 0f 	ld  [ %g1 + %o7 ], %g1
    2b18:	c2 26 80 0a 	st  %g1, [ %i2 + %o2 ]
    2b1c:	b2 06 60 01 	inc  %i1
    2b20:	80 a6 60 17 	cmp  %i1, 0x17
    2b24:	08 bf ff d9 	bleu  2a88 <BaseAverage+0x28>
    2b28:	b9 2e 60 03 	sll  %i1, 3, %i4
    2b2c:	81 c7 e0 08 	ret 
    2b30:	81 e8 00 00 	restore 

00002b34 <AverageAA>:
    2b34:	81 c3 e0 08 	retl 
    2b38:	01 00 00 00 	nop 

00002b3c <PointDistance>:
    2b3c:	9d e3 bf 98 	save  %sp, -104, %sp
    2b40:	f8 06 00 00 	ld  [ %i0 ], %i4
    2b44:	fa 06 40 00 	ld  [ %i1 ], %i5
    2b48:	83 37 20 10 	srl  %i4, 0x10, %g1
    2b4c:	b5 37 60 10 	srl  %i5, 0x10, %i2
    2b50:	82 08 6f ff 	and  %g1, 0xfff, %g1
    2b54:	b4 0e af ff 	and  %i2, 0xfff, %i2
    2b58:	b6 20 40 1a 	sub  %g1, %i2, %i3
    2b5c:	03 00 00 07 	sethi  %hi(0x1c00), %g1
    2b60:	82 10 63 ff 	or  %g1, 0x3ff, %g1	! 1fff <press_deal+0x6f>
    2b64:	b4 0f 40 01 	and  %i5, %g1, %i2
    2b68:	82 0f 00 01 	and  %i4, %g1, %g1
    2b6c:	b8 20 40 1a 	sub  %g1, %i2, %i4
    2b70:	c2 00 23 28 	ld  [ 0x328 ], %g1
    2b74:	b6 5e c0 01 	smul  %i3, %g1, %i3
    2b78:	c2 00 23 24 	ld  [ 0x324 ], %g1
    2b7c:	b0 5f 00 01 	smul  %i4, %g1, %i0
    2b80:	83 3e 20 1f 	sra  %i0, 0x1f, %g1
    2b84:	83 30 60 16 	srl  %g1, 0x16, %g1
    2b88:	b4 06 00 01 	add  %i0, %g1, %i2
    2b8c:	c2 00 22 d4 	ld  [ 0x2d4 ], %g1
    2b90:	bb 3e e0 1f 	sra  %i3, 0x1f, %i5
    2b94:	bb 37 60 15 	srl  %i5, 0x15, %i5
    2b98:	80 88 60 10 	btst  0x10, %g1
    2b9c:	c2 00 23 00 	ld  [ 0x300 ], %g1
    2ba0:	b8 06 c0 1d 	add  %i3, %i5, %i4
    2ba4:	bb 28 60 06 	sll  %g1, 6, %i5
    2ba8:	02 80 00 0a 	be  2bd0 <PointDistance+0x94>
    2bac:	83 28 60 05 	sll  %g1, 5, %g1
    2bb0:	83 3e e0 1f 	sra  %i3, 0x1f, %g1
    2bb4:	81 80 60 00 	mov  %g1, %y
    2bb8:	01 00 00 00 	nop 
    2bbc:	01 00 00 00 	nop 
    2bc0:	01 00 00 00 	nop 
    2bc4:	b6 7e c0 1d 	sdiv  %i3, %i5, %i3
    2bc8:	10 80 00 09 	b  2bec <PointDistance+0xb0>
    2bcc:	b1 3e a0 0a 	sra  %i2, 0xa, %i0
    2bd0:	9b 3e 20 1f 	sra  %i0, 0x1f, %o5
    2bd4:	81 83 60 00 	mov  %o5, %y
    2bd8:	01 00 00 00 	nop 
    2bdc:	01 00 00 00 	nop 
    2be0:	01 00 00 00 	nop 
    2be4:	b0 7e 00 01 	sdiv  %i0, %g1, %i0
    2be8:	b7 3f 20 0b 	sra  %i4, 0xb, %i3
    2bec:	82 5e c0 1b 	smul  %i3, %i3, %g1
    2bf0:	b0 5e 00 18 	smul  %i0, %i0, %i0
    2bf4:	81 c7 e0 08 	ret 
    2bf8:	91 e8 40 18 	restore  %g1, %i0, %o0

00002bfc <ReferenceAdjustOne>:
    2bfc:	9d e3 bf 98 	save  %sp, -104, %sp
    2c00:	03 00 00 17 	sethi  %hi(0x5c00), %g1
    2c04:	82 10 62 64 	or  %g1, 0x264, %g1	! 5e64 <PointNumOverflowHrz+0x8>
    2c08:	fa 00 40 00 	ld  [ %g1 ], %i5
    2c0c:	03 00 00 19 	sethi  %hi(0x6400), %g1
    2c10:	b2 10 60 28 	or  %g1, 0x28, %i1	! 6428 <GetAAPointNumHrz+0x560>
    2c14:	80 a7 60 00 	cmp  %i5, 0
    2c18:	02 80 00 04 	be  2c28 <ReferenceAdjustOne+0x2c>
    2c1c:	9e 10 00 19 	mov  %i1, %o7
    2c20:	b2 10 62 c8 	or  %g1, 0x2c8, %i1
    2c24:	9e 10 00 19 	mov  %i1, %o7
    2c28:	f4 06 00 00 	ld  [ %i0 ], %i2
    2c2c:	03 00 00 18 	sethi  %hi(0x6000), %g1
    2c30:	82 10 63 68 	or  %g1, 0x368, %g1	! 6368 <GetAAPointNumHrz+0x4a0>
    2c34:	bb 2e a0 02 	sll  %i2, 2, %i5
    2c38:	fa 07 40 01 	ld  [ %i5 + %g1 ], %i5
    2c3c:	b8 06 80 1a 	add  %i2, %i2, %i4
    2c40:	c2 13 c0 1c 	lduh  [ %o7 + %i4 ], %g1
    2c44:	b6 a7 40 01 	subcc  %i5, %g1, %i3
    2c48:	02 80 00 16 	be  2ca0 <ReferenceAdjustOne+0xa4>
    2c4c:	82 06 80 1a 	add  %i2, %i2, %g1
    2c50:	80 a6 e0 00 	cmp  %i3, 0
    2c54:	04 80 00 09 	ble  2c78 <ReferenceAdjustOne+0x7c>
    2c58:	82 10 20 01 	mov  1, %g1
    2c5c:	f0 06 20 04 	ld  [ %i0 + 4 ], %i0
    2c60:	83 28 40 18 	sll  %g1, %i0, %g1
    2c64:	80 a6 c0 01 	cmp  %i3, %g1
    2c68:	34 80 00 0d 	bg,a   2c9c <ReferenceAdjustOne+0xa0>
    2c6c:	b7 3e c0 18 	sra  %i3, %i0, %i3
    2c70:	10 80 00 0b 	b  2c9c <ReferenceAdjustOne+0xa0>
    2c74:	b6 10 20 01 	mov  1, %i3
    2c78:	16 80 00 0a 	bge  2ca0 <ReferenceAdjustOne+0xa4>
    2c7c:	82 06 80 1a 	add  %i2, %i2, %g1
    2c80:	f0 06 20 08 	ld  [ %i0 + 8 ], %i0
    2c84:	82 10 3f ff 	mov  -1, %g1
    2c88:	83 28 40 18 	sll  %g1, %i0, %g1
    2c8c:	80 a6 c0 01 	cmp  %i3, %g1
    2c90:	36 80 00 03 	bge,a   2c9c <ReferenceAdjustOne+0xa0>
    2c94:	b6 10 3f ff 	mov  -1, %i3
    2c98:	b7 3e c0 18 	sra  %i3, %i0, %i3
    2c9c:	82 06 80 1a 	add  %i2, %i2, %g1
    2ca0:	c2 13 c0 01 	lduh  [ %o7 + %g1 ], %g1
    2ca4:	b6 06 c0 01 	add  %i3, %g1, %i3
    2ca8:	80 8e a0 01 	btst  1, %i2
    2cac:	02 80 00 0d 	be  2ce0 <ReferenceAdjustOne+0xe4>
    2cb0:	bb 3e a0 1f 	sra  %i2, 0x1f, %i5
    2cb4:	bb 37 60 1f 	srl  %i5, 0x1f, %i5
    2cb8:	ba 06 80 1d 	add  %i2, %i5, %i5
    2cbc:	bb 3f 60 01 	sra  %i5, 1, %i5
    2cc0:	bb 2f 60 02 	sll  %i5, 2, %i5
    2cc4:	03 3f ff c0 	sethi  %hi(0xffff0000), %g1
    2cc8:	f8 06 40 1d 	ld  [ %i1 + %i5 ], %i4
    2ccc:	b8 0f 00 01 	and  %i4, %g1, %i4
    2cd0:	03 00 00 3f 	sethi  %hi(0xfc00), %g1
    2cd4:	82 10 63 ff 	or  %g1, 0x3ff, %g1	! ffff <_endtext+0x772f>
    2cd8:	10 80 00 0b 	b  2d04 <ReferenceAdjustOne+0x108>
    2cdc:	82 0e c0 01 	and  %i3, %g1, %g1
    2ce0:	bb 37 60 1f 	srl  %i5, 0x1f, %i5
    2ce4:	ba 06 80 1d 	add  %i2, %i5, %i5
    2ce8:	bb 3f 60 01 	sra  %i5, 1, %i5
    2cec:	bb 2f 60 02 	sll  %i5, 2, %i5
    2cf0:	03 00 00 3f 	sethi  %hi(0xfc00), %g1
    2cf4:	82 10 63 ff 	or  %g1, 0x3ff, %g1	! ffff <_endtext+0x772f>
    2cf8:	f8 06 40 1d 	ld  [ %i1 + %i5 ], %i4
    2cfc:	b8 0f 00 01 	and  %i4, %g1, %i4
    2d00:	83 2e e0 10 	sll  %i3, 0x10, %g1
    2d04:	b8 17 00 01 	or  %i4, %g1, %i4
    2d08:	f8 26 40 1d 	st  %i4, [ %i1 + %i5 ]
    2d0c:	81 c7 e0 08 	ret 
    2d10:	81 e8 00 00 	restore 

00002d14 <InterruptOut>:
    2d14:	9d e3 bf 98 	save  %sp, -104, %sp
    2d18:	83 3e 20 1f 	sra  %i0, 0x1f, %g1
    2d1c:	d0 00 23 20 	ld  [ 0x320 ], %o0
    2d20:	82 20 40 18 	sub  %g1, %i0, %g1
    2d24:	80 a2 20 00 	cmp  %o0, 0
    2d28:	02 80 00 15 	be  2d7c <InterruptOut+0x68>
    2d2c:	9b 30 60 1f 	srl  %g1, 0x1f, %o5
    2d30:	03 3f c0 00 	sethi  %hi(0xff000000), %g1
    2d34:	a0 10 60 20 	or  %g1, 0x20, %l0	! ff000020 <RAM_END+0xbf000020>
    2d38:	c2 00 23 1c 	ld  [ 0x31c ], %g1
    2d3c:	80 a0 00 01 	cmp  %g0, %g1
    2d40:	82 40 20 00 	addx  %g0, 0, %g1
    2d44:	80 88 40 0d 	btst  %g1, %o5
    2d48:	c2 00 23 18 	ld  [ 0x318 ], %g1
    2d4c:	02 80 00 09 	be  2d70 <InterruptOut+0x5c>
    2d50:	b0 1e 00 01 	xor  %i0, %g1, %i0
    2d54:	80 a0 00 01 	cmp  %g0, %g1
    2d58:	82 60 3f ff 	subx  %g0, -1, %g1
    2d5c:	7f ff f8 0e 	call  d94 <leon_delay>
    2d60:	c2 24 00 00 	st  %g1, [ %l0 ]
    2d64:	c2 00 23 18 	ld  [ 0x318 ], %g1
    2d68:	10 80 00 05 	b  2d7c <InterruptOut+0x68>
    2d6c:	c2 24 00 00 	st  %g1, [ %l0 ]
    2d70:	03 3f c0 00 	sethi  %hi(0xff000000), %g1
    2d74:	82 10 60 20 	or  %g1, 0x20, %g1	! ff000020 <RAM_END+0xbf000020>
    2d78:	f0 20 40 00 	st  %i0, [ %g1 ]
    2d7c:	81 c7 e0 08 	ret 
    2d80:	81 e8 00 00 	restore 

00002d84 <csensor_operate>:
    2d84:	9d e3 bf 98 	save  %sp, -104, %sp
    2d88:	7f ff f8 0c 	call  db8 <CacheFlush>
    2d8c:	01 00 00 00 	nop 
    2d90:	03 3f c0 40 	sethi  %hi(0xff010000), %g1
    2d94:	e2 00 25 00 	ld  [ 0x500 ], %l1
    2d98:	82 10 60 0c 	or  %g1, 0xc, %g1
    2d9c:	80 a4 60 58 	cmp  %l1, 0x58
    2da0:	08 80 00 13 	bleu  2dec <csensor_operate+0x68>
    2da4:	c0 20 40 00 	clr  [ %g1 ]
    2da8:	c0 20 25 84 	clr  [ 0x584 ]
    2dac:	a0 10 20 00 	clr  %l0
    2db0:	83 2c 20 02 	sll  %l0, 2, %g1
    2db4:	c2 00 6f 04 	ld  [ %g1 + 0xf04 ], %g1
    2db8:	80 a0 60 00 	cmp  %g1, 0
    2dbc:	02 80 00 7e 	be  2fb4 <csensor_operate+0x230>
    2dc0:	a0 04 20 01 	inc  %l0
    2dc4:	9f c0 40 00 	call  %g1
    2dc8:	01 00 00 00 	nop 
    2dcc:	c2 00 25 84 	ld  [ 0x584 ], %g1
    2dd0:	80 a0 60 00 	cmp  %g1, 0
    2dd4:	12 80 00 78 	bne  2fb4 <csensor_operate+0x230>
    2dd8:	80 a4 20 3b 	cmp  %l0, 0x3b
    2ddc:	24 bf ff f6 	ble,a   2db4 <csensor_operate+0x30>
    2de0:	83 2c 20 02 	sll  %l0, 2, %g1
    2de4:	10 80 00 75 	b  2fb8 <csensor_operate+0x234>
    2de8:	c2 00 25 00 	ld  [ 0x500 ], %g1
    2dec:	80 a4 60 00 	cmp  %l1, 0
    2df0:	12 80 00 1b 	bne  2e5c <csensor_operate+0xd8>
    2df4:	80 a4 60 14 	cmp  %l1, 0x14
    2df8:	19 16 96 83 	sethi  %hi(0x5a5a0c00), %o4
    2dfc:	9a 13 23 00 	or  %o4, 0x300, %o5	! 5a5a0f00 <RAM_END+0x1a5a0f00>
    2e00:	c2 00 2f 00 	ld  [ 0xf00 ], %g1
    2e04:	80 a0 40 0d 	cmp  %g1, %o5
    2e08:	12 80 00 06 	bne  2e20 <csensor_operate+0x9c>
    2e0c:	9a 13 23 fc 	or  %o4, 0x3fc, %o5
    2e10:	c2 00 2f fc 	ld  [ 0xffc ], %g1
    2e14:	80 a0 40 0d 	cmp  %g1, %o5
    2e18:	22 80 00 05 	be,a   2e2c <csensor_operate+0xa8>
    2e1c:	c2 00 2f f4 	ld  [ 0xff4 ], %g1
    2e20:	40 00 16 15 	call  8674 <MainTest>
    2e24:	01 00 00 00 	nop 
    2e28:	c2 00 2f f4 	ld  [ 0xff4 ], %g1
    2e2c:	9f c0 40 00 	call  %g1
    2e30:	01 00 00 00 	nop 
    2e34:	7f ff f9 e4 	call  15c4 <ResetSensor>
    2e38:	90 10 20 00 	clr  %o0	! 0 <PROM_START>
    2e3c:	c2 48 22 e5 	ldsb  [ 0x2e5 ], %g1
    2e40:	80 a0 60 00 	cmp  %g1, 0
    2e44:	32 80 00 5d 	bne,a   2fb8 <csensor_operate+0x234>
    2e48:	c2 00 25 00 	ld  [ 0x500 ], %g1
    2e4c:	7f ff f9 cd 	call  1580 <WriteRegisterConfig>
    2e50:	90 10 20 01 	mov  1, %o0
    2e54:	10 80 00 59 	b  2fb8 <csensor_operate+0x234>
    2e58:	c2 00 25 00 	ld  [ 0x500 ], %g1
    2e5c:	18 80 00 0c 	bgu  2e8c <csensor_operate+0x108>
    2e60:	80 a4 60 15 	cmp  %l1, 0x15
    2e64:	80 8c 60 01 	btst  1, %l1
    2e68:	32 80 00 54 	bne,a   2fb8 <csensor_operate+0x234>
    2e6c:	c2 00 25 00 	ld  [ 0x500 ], %g1
    2e70:	90 04 7f fe 	add  %l1, -2, %o0
    2e74:	7f ff f9 87 	call  1490 <DacAdjust>
    2e78:	91 32 20 01 	srl  %o0, 1, %o0
    2e7c:	7f ff f9 5f 	call  13f8 <SetDrvOrder>
    2e80:	01 00 00 00 	nop 
    2e84:	10 80 00 4d 	b  2fb8 <csensor_operate+0x234>
    2e88:	c2 00 25 00 	ld  [ 0x500 ], %g1
    2e8c:	18 80 00 11 	bgu  2ed0 <csensor_operate+0x14c>
    2e90:	80 a4 60 18 	cmp  %l1, 0x18
    2e94:	03 3f c1 80 	sethi  %hi(0xff060000), %g1
    2e98:	da 00 25 b0 	ld  [ 0x5b0 ], %o5
    2e9c:	82 10 60 38 	or  %g1, 0x38, %g1
    2ea0:	da 20 40 00 	st  %o5, [ %g1 ]
    2ea4:	03 3f c2 00 	sethi  %hi(0xff080000), %g1
    2ea8:	da 00 23 2c 	ld  [ 0x32c ], %o5
    2eac:	82 10 60 74 	or  %g1, 0x74, %g1
    2eb0:	da 20 40 00 	st  %o5, [ %g1 ]
    2eb4:	7f ff f9 b3 	call  1580 <WriteRegisterConfig>
    2eb8:	90 10 20 00 	clr  %o0
    2ebc:	c2 00 2f f4 	ld  [ 0xff4 ], %g1
    2ec0:	9f c0 40 00 	call  %g1
    2ec4:	01 00 00 00 	nop 
    2ec8:	10 80 00 3c 	b  2fb8 <csensor_operate+0x234>
    2ecc:	c2 00 25 00 	ld  [ 0x500 ], %g1
    2ed0:	18 80 00 07 	bgu  2eec <csensor_operate+0x168>
    2ed4:	80 a4 60 58 	cmp  %l1, 0x58
    2ed8:	11 00 00 18 	sethi  %hi(0x6000), %o0
    2edc:	7f ff fe d9 	call  2a40 <DatasetZero48>
    2ee0:	90 12 23 68 	or  %o0, 0x368, %o0	! 6368 <GetAAPointNumHrz+0x4a0>
    2ee4:	10 80 00 35 	b  2fb8 <csensor_operate+0x234>
    2ee8:	c2 00 25 00 	ld  [ 0x500 ], %g1
    2eec:	38 80 00 33 	bgu,a   2fb8 <csensor_operate+0x234>
    2ef0:	c2 00 25 00 	ld  [ 0x500 ], %g1
    2ef4:	c2 00 2f e8 	ld  [ 0xfe8 ], %g1
    2ef8:	80 a0 60 00 	cmp  %g1, 0
    2efc:	02 80 00 04 	be  2f0c <csensor_operate+0x188>
    2f00:	01 00 00 00 	nop 
    2f04:	9f c0 40 00 	call  %g1
    2f08:	01 00 00 00 	nop 
    2f0c:	7f ff f8 dd 	call  1280 <GetBase>
    2f10:	a0 10 20 00 	clr  %l0	! 0 <PROM_START>
    2f14:	15 00 00 18 	sethi  %hi(0x6000), %o2
    2f18:	96 12 a3 68 	or  %o2, 0x368, %o3	! 6368 <GetAAPointNumHrz+0x4a0>
    2f1c:	82 04 00 10 	add  %l0, %l0, %g1
    2f20:	99 2c 20 02 	sll  %l0, 2, %o4
    2f24:	da 12 00 01 	lduh  [ %o0 + %g1 ], %o5
    2f28:	c2 03 00 0b 	ld  [ %o4 + %o3 ], %g1
    2f2c:	82 00 40 0d 	add  %g1, %o5, %g1
    2f30:	a0 04 20 01 	inc  %l0
    2f34:	80 a4 20 2f 	cmp  %l0, 0x2f
    2f38:	04 bf ff f9 	ble  2f1c <csensor_operate+0x198>
    2f3c:	c2 23 00 0b 	st  %g1, [ %o4 + %o3 ]
    2f40:	80 a4 60 58 	cmp  %l1, 0x58
    2f44:	32 80 00 1d 	bne,a   2fb8 <csensor_operate+0x234>
    2f48:	c2 00 25 00 	ld  [ 0x500 ], %g1
    2f4c:	90 12 a3 68 	or  %o2, 0x368, %o0
    2f50:	7f ff fe c4 	call  2a60 <BaseAverage>
    2f54:	92 10 20 40 	mov  0x40, %o1
    2f58:	c2 08 24 7b 	ldub  [ 0x47b ], %g1
    2f5c:	80 a0 60 01 	cmp  %g1, 1
    2f60:	32 80 00 16 	bne,a   2fb8 <csensor_operate+0x234>
    2f64:	c2 00 25 00 	ld  [ 0x500 ], %g1
    2f68:	1b 00 00 17 	sethi  %hi(0x5c00), %o5
    2f6c:	a0 13 62 64 	or  %o5, 0x264, %l0	! 5e64 <PointNumOverflowHrz+0x8>
    2f70:	c2 04 00 00 	ld  [ %l0 ], %g1
    2f74:	90 00 40 01 	add  %g1, %g1, %o0
    2f78:	90 02 00 01 	add  %o0, %g1, %o0
    2f7c:	9a 13 61 68 	or  %o5, 0x168, %o5
    2f80:	91 2a 20 05 	sll  %o0, 5, %o0
    2f84:	90 02 00 0d 	add  %o0, %o5, %o0
    2f88:	92 10 25 b0 	mov  0x5b0, %o1
    2f8c:	7f ff fc 60 	call  210c <CopyData>
    2f90:	94 10 20 18 	mov  0x18, %o2
    2f94:	c2 04 00 00 	ld  [ %l0 ], %g1
    2f98:	80 a0 60 01 	cmp  %g1, 1
    2f9c:	32 80 00 07 	bne,a   2fb8 <csensor_operate+0x234>
    2fa0:	c2 00 25 00 	ld  [ 0x500 ], %g1
    2fa4:	a2 10 3f ff 	mov  -1, %l1
    2fa8:	c0 24 00 00 	clr  [ %l0 ]
    2fac:	7f ff fa 35 	call  1880 <chl_setting_sel>
    2fb0:	e2 20 25 00 	st  %l1, [ 0x500 ]
    2fb4:	c2 00 25 00 	ld  [ 0x500 ], %g1
    2fb8:	80 a4 40 01 	cmp  %l1, %g1
    2fbc:	12 80 00 0f 	bne  2ff8 <csensor_operate+0x274>
    2fc0:	80 a4 7f ff 	cmp  %l1, -1
    2fc4:	12 80 00 04 	bne  2fd4 <csensor_operate+0x250>
    2fc8:	03 1f ff ff 	sethi  %hi(0x7ffffc00), %g1
    2fcc:	10 80 00 07 	b  2fe8 <csensor_operate+0x264>
    2fd0:	a2 10 20 00 	clr  %l1
    2fd4:	82 10 63 f0 	or  %g1, 0x3f0, %g1
    2fd8:	80 a4 40 01 	cmp  %l1, %g1
    2fdc:	38 80 00 03 	bgu,a   2fe8 <csensor_operate+0x264>
    2fe0:	23 04 00 00 	sethi  %hi(0x10000000), %l1
    2fe4:	a2 04 60 01 	inc  %l1
    2fe8:	03 3f c1 80 	sethi  %hi(0xff060000), %g1
    2fec:	82 10 60 34 	or  %g1, 0x34, %g1	! ff060034 <RAM_END+0xbf060034>
    2ff0:	e2 20 40 00 	st  %l1, [ %g1 ]
    2ff4:	e2 20 25 00 	st  %l1, [ 0x500 ]
    2ff8:	81 c7 e0 08 	ret 
    2ffc:	81 e8 00 00 	restore 

00003000 <ProgramEnd>:
    3000:	81 c3 e0 08 	retl 
    3004:	01 00 00 00 	nop 

00003008 <Chl_Sel_Test>:
    3008:	9d e3 bf 98 	save  %sp, -104, %sp
    300c:	c2 08 24 7b 	ldub  [ 0x47b ], %g1
    3010:	80 a0 60 00 	cmp  %g1, 0
    3014:	02 80 01 34 	be  34e4 <Chl_Sel_Test+0x4dc>
    3018:	01 00 00 00 	nop 
    301c:	da 48 22 e5 	ldsb  [ 0x2e5 ], %o5
    3020:	80 a3 60 02 	cmp  %o5, 2
    3024:	12 80 00 1f 	bne  30a0 <Chl_Sel_Test+0x98>
    3028:	80 a3 60 01 	cmp  %o5, 1
    302c:	3b 3f c2 00 	sethi  %hi(0xff080000), %i5
    3030:	03 00 00 d6 	sethi  %hi(0x35800), %g1
    3034:	b8 17 60 a0 	or  %i5, 0xa0, %i4
    3038:	82 10 60 d1 	or  %g1, 0xd1, %g1
    303c:	c2 27 00 00 	st  %g1, [ %i4 ]
    3040:	03 00 90 b1 	sethi  %hi(0x242c400), %g1
    3044:	b6 17 60 a4 	or  %i5, 0xa4, %i3
    3048:	82 10 62 8a 	or  %g1, 0x28a, %g1
    304c:	c2 26 c0 00 	st  %g1, [ %i3 ]
    3050:	03 01 20 8d 	sethi  %hi(0x4823400), %g1
    3054:	b4 17 60 a8 	or  %i5, 0xa8, %i2
    3058:	82 10 60 53 	or  %g1, 0x53, %g1
    305c:	c2 26 80 00 	st  %g1, [ %i2 ]
    3060:	03 01 b0 45 	sethi  %hi(0x6c11400), %g1
    3064:	b2 17 60 ac 	or  %i5, 0xac, %i1
    3068:	82 10 60 9c 	or  %g1, 0x9c, %g1
    306c:	c2 26 40 00 	st  %g1, [ %i1 ]
    3070:	03 02 40 29 	sethi  %hi(0x900a400), %g1
    3074:	b0 17 60 b0 	or  %i5, 0xb0, %i0
    3078:	82 10 62 e5 	or  %g1, 0x2e5, %g1
    307c:	c2 26 00 00 	st  %g1, [ %i0 ]
    3080:	9e 17 60 b8 	or  %i5, 0xb8, %o7
    3084:	03 02 d0 4e 	sethi  %hi(0xb413800), %g1
    3088:	82 10 61 2e 	or  %g1, 0x12e, %g1	! b41392e <PROM_END+0xb40392e>
    308c:	ba 17 60 b4 	or  %i5, 0xb4, %i5
    3090:	c2 27 40 00 	st  %g1, [ %i5 ]
    3094:	03 03 64 ff 	sethi  %hi(0xd93fc00), %g1
    3098:	82 10 63 ff 	or  %g1, 0x3ff, %g1	! d93ffff <PROM_END+0xd92ffff>
    309c:	c2 23 c0 00 	st  %g1, [ %o7 ]
    30a0:	32 80 00 20 	bne,a   3120 <Chl_Sel_Test+0x118>
    30a4:	c2 48 22 bd 	ldsb  [ 0x2bd ], %g1
    30a8:	3b 3f c2 00 	sethi  %hi(0xff080000), %i5
    30ac:	03 00 00 24 	sethi  %hi(0x9000), %g1
    30b0:	b8 17 60 a0 	or  %i5, 0xa0, %i4
    30b4:	82 10 62 49 	or  %g1, 0x249, %g1
    30b8:	c2 27 00 00 	st  %g1, [ %i4 ]
    30bc:	03 00 90 49 	sethi  %hi(0x2412400), %g1
    30c0:	b6 17 60 a4 	or  %i5, 0xa4, %i3
    30c4:	82 10 60 92 	or  %g1, 0x92, %g1
    30c8:	c2 26 c0 00 	st  %g1, [ %i3 ]
    30cc:	03 01 20 6d 	sethi  %hi(0x481b400), %g1
    30d0:	b4 17 60 a8 	or  %i5, 0xa8, %i2
    30d4:	82 10 62 db 	or  %g1, 0x2db, %g1
    30d8:	c2 26 80 00 	st  %g1, [ %i2 ]
    30dc:	03 01 b0 92 	sethi  %hi(0x6c24800), %g1
    30e0:	b2 17 60 ac 	or  %i5, 0xac, %i1
    30e4:	82 10 61 24 	or  %g1, 0x124, %g1
    30e8:	c2 26 40 00 	st  %g1, [ %i1 ]
    30ec:	03 02 40 b6 	sethi  %hi(0x902d800), %g1
    30f0:	b0 17 60 b0 	or  %i5, 0xb0, %i0
    30f4:	82 10 63 6d 	or  %g1, 0x36d, %g1
    30f8:	c2 26 00 00 	st  %g1, [ %i0 ]
    30fc:	9e 17 60 b8 	or  %i5, 0xb8, %o7
    3100:	03 02 d0 db 	sethi  %hi(0xb436c00), %g1
    3104:	82 10 61 b6 	or  %g1, 0x1b6, %g1	! b436db6 <PROM_END+0xb426db6>
    3108:	ba 17 60 b4 	or  %i5, 0xb4, %i5
    310c:	c2 27 40 00 	st  %g1, [ %i5 ]
    3110:	03 03 64 ff 	sethi  %hi(0xd93fc00), %g1
    3114:	82 10 63 ff 	or  %g1, 0x3ff, %g1	! d93ffff <PROM_END+0xd92ffff>
    3118:	c2 23 c0 00 	st  %g1, [ %o7 ]
    311c:	c2 48 22 bd 	ldsb  [ 0x2bd ], %g1
    3120:	80 a0 60 01 	cmp  %g1, 1
    3124:	32 80 00 18 	bne,a   3184 <Chl_Sel_Test+0x17c>
    3128:	c2 48 22 bd 	ldsb  [ 0x2bd ], %g1
    312c:	03 00 00 ff 	sethi  %hi(0x3fc00), %g1
    3130:	9e 10 63 ff 	or  %g1, 0x3ff, %o7	! 3ffff <PROM_END+0x2ffff>
    3134:	03 3f c2 00 	sethi  %hi(0xff080000), %g1
    3138:	b0 10 60 a0 	or  %g1, 0xa0, %i0	! ff0800a0 <RAM_END+0xbf0800a0>
    313c:	b6 10 20 00 	clr  %i3
    3140:	b2 10 20 07 	mov  7, %i1
    3144:	35 3f ff 00 	sethi  %hi(0xfffc0000), %i2
    3148:	fa 48 22 bf 	ldsb  [ 0x2bf ], %i5
    314c:	82 07 40 1d 	add  %i5, %i5, %g1
    3150:	b9 2e e0 02 	sll  %i3, 2, %i4
    3154:	82 00 40 1d 	add  %g1, %i5, %g1
    3158:	fa 07 2e 80 	ld  [ %i4 + 0xe80 ], %i5
    315c:	83 2e 40 01 	sll  %i1, %g1, %g1
    3160:	82 0f 40 01 	and  %i5, %g1, %g1
    3164:	82 08 40 0f 	and  %g1, %o7, %g1
    3168:	ba 0f 40 1a 	and  %i5, %i2, %i5
    316c:	ba 07 40 01 	add  %i5, %g1, %i5
    3170:	b6 06 e0 01 	inc  %i3
    3174:	80 a6 e0 06 	cmp  %i3, 6
    3178:	04 bf ff f4 	ble  3148 <Chl_Sel_Test+0x140>
    317c:	fa 27 00 18 	st  %i5, [ %i4 + %i0 ]
    3180:	c2 48 22 bd 	ldsb  [ 0x2bd ], %g1
    3184:	80 a0 60 02 	cmp  %g1, 2
    3188:	32 80 00 80 	bne,a   3388 <Chl_Sel_Test+0x380>
    318c:	31 00 00 19 	sethi  %hi(0x6400), %i0
    3190:	03 00 00 16 	sethi  %hi(0x5800), %g1
    3194:	b8 10 62 68 	or  %g1, 0x268, %i4	! 5a68 <RefeAdjust+0x6c>
    3198:	b4 10 20 00 	clr  %i2
    319c:	ba 10 3f ff 	mov  -1, %i5
    31a0:	83 2e a0 02 	sll  %i2, 2, %g1
    31a4:	b4 06 a0 01 	inc  %i2
    31a8:	80 a6 a0 2f 	cmp  %i2, 0x2f
    31ac:	04 bf ff fd 	ble  31a0 <Chl_Sel_Test+0x198>
    31b0:	fa 20 40 1c 	st  %i5, [ %g1 + %i4 ]
    31b4:	b4 10 20 00 	clr  %i2
    31b8:	c2 00 23 00 	ld  [ 0x300 ], %g1
    31bc:	80 a6 80 01 	cmp  %i2, %g1
    31c0:	1a 80 00 33 	bcc  328c <Chl_Sel_Test+0x284>
    31c4:	3b 00 00 16 	sethi  %hi(0x5800), %i5
    31c8:	03 0a aa aa 	sethi  %hi(0x2aaaa800), %g1
    31cc:	98 10 62 ab 	or  %g1, 0x2ab, %o4	! 2aaaaaab <PROM_END+0x2aa9aaab>
    31d0:	96 10 00 1d 	mov  %i5, %o3
    31d4:	9a 17 62 68 	or  %i5, 0x268, %o5
    31d8:	fa 0e a4 00 	ldub  [ %i2 + 0x400 ], %i5
    31dc:	f8 0e a4 20 	ldub  [ %i2 + 0x420 ], %i4
    31e0:	ba 1f 60 01 	xor  %i5, 1, %i5
    31e4:	b8 1f 20 01 	xor  %i4, 1, %i4
    31e8:	bb 2f 60 18 	sll  %i5, 0x18, %i5
    31ec:	b9 2f 20 18 	sll  %i4, 0x18, %i4
    31f0:	b3 3f 60 18 	sra  %i5, 0x18, %i1
    31f4:	9f 3f 20 18 	sra  %i4, 0x18, %o7
    31f8:	bb 3f 60 1f 	sra  %i5, 0x1f, %i5
    31fc:	b9 3f 20 1f 	sra  %i4, 0x1f, %i4
    3200:	80 5e 40 0c 	smul  %i1, %o4, %g0
    3204:	b7 40 00 00 	rd  %y, %i3
    3208:	80 5b c0 0c 	smul  %o7, %o4, %g0
    320c:	83 40 00 00 	rd  %y, %g1
    3210:	b6 26 c0 1d 	sub  %i3, %i5, %i3
    3214:	82 20 40 1c 	sub  %g1, %i4, %g1
    3218:	80 a6 c0 01 	cmp  %i3, %g1
    321c:	32 80 00 18 	bne,a   327c <Chl_Sel_Test+0x274>
    3220:	b4 06 a0 01 	inc  %i2
    3224:	82 06 c0 1b 	add  %i3, %i3, %g1
    3228:	82 00 40 1b 	add  %g1, %i3, %g1
    322c:	b6 00 40 01 	add  %g1, %g1, %i3
    3230:	82 06 e0 06 	add  %i3, 6, %g1
    3234:	b8 10 00 01 	mov  %g1, %i4
    3238:	ba 10 3f ff 	mov  -1, %i5
    323c:	b0 12 e2 68 	or  %o3, 0x268, %i0
    3240:	83 2e e0 02 	sll  %i3, 2, %g1
    3244:	c2 00 40 18 	ld  [ %g1 + %i0 ], %g1
    3248:	80 a0 40 1d 	cmp  %g1, %i5
    324c:	04 80 00 03 	ble  3258 <Chl_Sel_Test+0x250>
    3250:	b6 06 e0 01 	inc  %i3
    3254:	ba 10 00 01 	mov  %g1, %i5
    3258:	80 a6 c0 1c 	cmp  %i3, %i4
    325c:	06 bf ff fa 	bl  3244 <Chl_Sel_Test+0x23c>
    3260:	83 2e e0 02 	sll  %i3, 2, %g1
    3264:	82 07 60 01 	add  %i5, 1, %g1
    3268:	bb 2e 60 02 	sll  %i1, 2, %i5
    326c:	c2 27 40 0d 	st  %g1, [ %i5 + %o5 ]
    3270:	bb 2b e0 02 	sll  %o7, 2, %i5
    3274:	c2 27 40 0d 	st  %g1, [ %i5 + %o5 ]
    3278:	b4 06 a0 01 	inc  %i2
    327c:	c2 00 23 00 	ld  [ 0x300 ], %g1
    3280:	80 a6 80 01 	cmp  %i2, %g1
    3284:	2a bf ff d6 	bcs,a   31dc <Chl_Sel_Test+0x1d4>
    3288:	fa 0e a4 00 	ldub  [ %i2 + 0x400 ], %i5
    328c:	03 00 00 16 	sethi  %hi(0x5800), %g1
    3290:	94 10 62 68 	or  %g1, 0x268, %o2	! 5a68 <RefeAdjust+0x6c>
    3294:	03 00 00 ff 	sethi  %hi(0x3fc00), %g1
    3298:	96 10 63 ff 	or  %g1, 0x3ff, %o3	! 3ffff <PROM_END+0x2ffff>
    329c:	03 3f c2 00 	sethi  %hi(0xff080000), %g1
    32a0:	98 10 60 a0 	or  %g1, 0xa0, %o4	! ff0800a0 <RAM_END+0xbf0800a0>
    32a4:	b4 10 20 00 	clr  %i2
    32a8:	9a 10 20 07 	mov  7, %o5
    32ac:	1f 3f ff 00 	sethi  %hi(0xfffc0000), %o7
    32b0:	82 06 80 1a 	add  %i2, %i2, %g1
    32b4:	82 00 40 1a 	add  %g1, %i2, %g1
    32b8:	83 28 60 03 	sll  %g1, 3, %g1
    32bc:	ba 00 40 0a 	add  %g1, %o2, %i5
    32c0:	b2 10 3f ff 	mov  -1, %i1
    32c4:	b0 10 3f ff 	mov  -1, %i0
    32c8:	b6 10 20 00 	clr  %i3
    32cc:	f8 48 22 bf 	ldsb  [ 0x2bf ], %i4
    32d0:	c2 07 40 00 	ld  [ %i5 ], %g1
    32d4:	80 a0 40 1c 	cmp  %g1, %i4
    32d8:	32 80 00 0a 	bne,a   3300 <Chl_Sel_Test+0x2f8>
    32dc:	b6 06 e0 01 	inc  %i3
    32e0:	80 a6 7f ff 	cmp  %i1, -1
    32e4:	12 80 00 04 	bne  32f4 <Chl_Sel_Test+0x2ec>
    32e8:	80 a6 3f ff 	cmp  %i0, -1
    32ec:	10 80 00 04 	b  32fc <Chl_Sel_Test+0x2f4>
    32f0:	b2 10 00 1b 	mov  %i3, %i1
    32f4:	22 80 00 02 	be,a   32fc <Chl_Sel_Test+0x2f4>
    32f8:	b0 10 00 1b 	mov  %i3, %i0
    32fc:	b6 06 e0 01 	inc  %i3
    3300:	80 a6 e0 05 	cmp  %i3, 5
    3304:	04 bf ff f3 	ble  32d0 <Chl_Sel_Test+0x2c8>
    3308:	ba 07 60 04 	add  %i5, 4, %i5
    330c:	82 38 00 19 	xnor  %g0, %i1, %g1
    3310:	80 a0 00 01 	cmp  %g0, %g1
    3314:	ba 40 20 00 	addx  %g0, 0, %i5
    3318:	82 38 00 18 	xnor  %g0, %i0, %g1
    331c:	80 a0 00 01 	cmp  %g0, %g1
    3320:	82 40 20 00 	addx  %g0, 0, %g1
    3324:	80 8f 40 01 	btst  %i5, %g1
    3328:	b6 06 a0 01 	add  %i2, 1, %i3
    332c:	02 80 00 0f 	be  3368 <Chl_Sel_Test+0x360>
    3330:	b9 2e a0 02 	sll  %i2, 2, %i4
    3334:	ba 06 40 19 	add  %i1, %i1, %i5
    3338:	82 06 00 18 	add  %i0, %i0, %g1
    333c:	ba 07 40 19 	add  %i5, %i1, %i5
    3340:	82 00 40 18 	add  %g1, %i0, %g1
    3344:	bb 2b 40 1d 	sll  %o5, %i5, %i5
    3348:	83 2b 40 01 	sll  %o5, %g1, %g1
    334c:	b2 07 40 01 	add  %i5, %g1, %i1
    3350:	c2 07 2e 80 	ld  [ %i4 + 0xe80 ], %g1
    3354:	ba 08 40 19 	and  %g1, %i1, %i5
    3358:	b0 0f 40 0b 	and  %i5, %o3, %i0
    335c:	82 08 40 0f 	and  %g1, %o7, %g1
    3360:	10 80 00 05 	b  3374 <Chl_Sel_Test+0x36c>
    3364:	82 00 40 18 	add  %g1, %i0, %g1
    3368:	c2 07 2e 80 	ld  [ %i4 + 0xe80 ], %g1
    336c:	82 08 40 0f 	and  %g1, %o7, %g1
    3370:	82 00 40 0b 	add  %g1, %o3, %g1
    3374:	c2 27 00 0c 	st  %g1, [ %i4 + %o4 ]
    3378:	80 a6 e0 06 	cmp  %i3, 6
    337c:	04 bf ff cd 	ble  32b0 <Chl_Sel_Test+0x2a8>
    3380:	b4 10 00 1b 	mov  %i3, %i2
    3384:	31 00 00 19 	sethi  %hi(0x6400), %i0
    3388:	17 3f c2 00 	sethi  %hi(0xff080000), %o3
    338c:	b4 10 20 00 	clr  %i2
    3390:	b2 10 20 00 	clr  %i1
    3394:	98 16 23 28 	or  %i0, 0x328, %o4
    3398:	9a 12 e0 a0 	or  %o3, 0xa0, %o5
    339c:	9f 2e 60 02 	sll  %i1, 2, %o7
    33a0:	b6 10 20 00 	clr  %i3
    33a4:	b8 10 20 05 	mov  5, %i4
    33a8:	c2 03 c0 0d 	ld  [ %o7 + %o5 ], %g1
    33ac:	83 38 40 1b 	sra  %g1, %i3, %g1
    33b0:	82 08 60 07 	and  %g1, 7, %g1
    33b4:	bb 2e a0 02 	sll  %i2, 2, %i5
    33b8:	82 00 7f ff 	add  %g1, -1, %g1
    33bc:	c2 27 40 0c 	st  %g1, [ %i5 + %o4 ]
    33c0:	b4 06 a0 01 	inc  %i2
    33c4:	b8 87 3f ff 	addcc  %i4, -1, %i4
    33c8:	1c bf ff f8 	bpos  33a8 <Chl_Sel_Test+0x3a0>
    33cc:	b6 06 e0 03 	add  %i3, 3, %i3
    33d0:	b2 06 60 01 	inc  %i1
    33d4:	80 a6 60 06 	cmp  %i1, 6
    33d8:	04 bf ff f2 	ble  33a0 <Chl_Sel_Test+0x398>
    33dc:	9f 2e 60 02 	sll  %i1, 2, %o7
    33e0:	82 16 23 d0 	or  %i0, 0x3d0, %g1
    33e4:	c0 20 40 00 	clr  [ %g1 ]
    33e8:	03 1f df df 	sethi  %hi(0x7f7f7c00), %g1
    33ec:	ba 16 23 d4 	or  %i0, 0x3d4, %i5
    33f0:	92 10 63 7f 	or  %g1, 0x37f, %o1
    33f4:	31 3f c2 00 	sethi  %hi(0xff080000), %i0
    33f8:	1b 00 00 19 	sethi  %hi(0x6400), %o5
    33fc:	b4 12 e1 2c 	or  %o3, 0x12c, %i2
    3400:	03 00 00 3f 	sethi  %hi(0xfc00), %g1
    3404:	c0 27 40 00 	clr  [ %i5 ]
    3408:	94 10 63 ff 	or  %g1, 0x3ff, %o2
    340c:	b2 10 20 00 	clr  %i1
    3410:	9e 10 20 01 	mov  1, %o7
    3414:	96 13 63 34 	or  %o5, 0x334, %o3
    3418:	98 16 21 6c 	or  %i0, 0x16c, %o4
    341c:	82 16 21 40 	or  %i0, 0x140, %g1
    3420:	80 a6 80 01 	cmp  %i2, %g1
    3424:	12 80 00 04 	bne  3434 <Chl_Sel_Test+0x42c>
    3428:	82 16 21 60 	or  %i0, 0x160, %g1
    342c:	10 80 00 05 	b  3440 <Chl_Sel_Test+0x438>
    3430:	b4 16 21 4c 	or  %i0, 0x14c, %i2
    3434:	80 a6 80 01 	cmp  %i2, %g1
    3438:	22 80 00 02 	be,a   3440 <Chl_Sel_Test+0x438>
    343c:	b4 16 21 6c 	or  %i0, 0x16c, %i2
    3440:	bb 2e 60 04 	sll  %i1, 4, %i5
    3444:	82 13 63 2c 	or  %o5, 0x32c, %g1
    3448:	f6 07 40 01 	ld  [ %i5 + %g1 ], %i3
    344c:	82 13 63 28 	or  %o5, 0x328, %g1
    3450:	b8 13 63 30 	or  %o5, 0x330, %i4
    3454:	c2 07 40 01 	ld  [ %i5 + %g1 ], %g1
    3458:	f8 07 40 1c 	ld  [ %i5 + %i4 ], %i4
    345c:	b6 06 e0 08 	add  %i3, 8, %i3
    3460:	83 2b c0 01 	sll  %o7, %g1, %g1
    3464:	b7 2b c0 1b 	sll  %o7, %i3, %i3
    3468:	b8 07 20 10 	add  %i4, 0x10, %i4
    346c:	fa 07 40 0b 	ld  [ %i5 + %o3 ], %i5
    3470:	82 00 40 1b 	add  %g1, %i3, %g1
    3474:	b9 2b c0 1c 	sll  %o7, %i4, %i4
    3478:	ba 07 60 18 	add  %i5, 0x18, %i5
    347c:	bb 2b c0 1d 	sll  %o7, %i5, %i5
    3480:	82 00 40 1c 	add  %g1, %i4, %g1
    3484:	82 00 40 1d 	add  %g1, %i5, %g1
    3488:	80 a6 80 0c 	cmp  %i2, %o4
    348c:	12 80 00 03 	bne  3498 <Chl_Sel_Test+0x490>
    3490:	ba 22 40 01 	sub  %o1, %g1, %i5
    3494:	ba 0f 40 0a 	and  %i5, %o2, %i5
    3498:	c2 48 22 e4 	ldsb  [ 0x2e4 ], %g1
    349c:	80 a0 60 00 	cmp  %g1, 0
    34a0:	12 80 00 08 	bne  34c0 <Chl_Sel_Test+0x4b8>
    34a4:	c2 48 22 bd 	ldsb  [ 0x2bd ], %g1
    34a8:	80 a0 60 01 	cmp  %g1, 1
    34ac:	02 80 00 05 	be  34c0 <Chl_Sel_Test+0x4b8>
    34b0:	80 a0 60 02 	cmp  %g1, 2
    34b4:	32 80 00 08 	bne,a   34d4 <Chl_Sel_Test+0x4cc>
    34b8:	fa 26 80 00 	st  %i5, [ %i2 ]
    34bc:	c2 48 22 bd 	ldsb  [ 0x2bd ], %g1
    34c0:	82 18 60 03 	xor  %g1, 3, %g1
    34c4:	80 a0 00 01 	cmp  %g0, %g1
    34c8:	82 40 3f ff 	addx  %g0, -1, %g1
    34cc:	ba 0f 40 01 	and  %i5, %g1, %i5
    34d0:	fa 26 80 00 	st  %i5, [ %i2 ]
    34d4:	b2 06 60 01 	inc  %i1
    34d8:	80 a6 60 0a 	cmp  %i1, 0xa
    34dc:	04 bf ff d0 	ble  341c <Chl_Sel_Test+0x414>
    34e0:	b4 06 a0 04 	add  %i2, 4, %i2
    34e4:	81 c7 e0 08 	ret 
    34e8:	81 e8 00 00 	restore 

000034ec <Three_Mod_Switch>:
    34ec:	9d e3 bf 98 	save  %sp, -104, %sp
    34f0:	c2 48 22 bd 	ldsb  [ 0x2bd ], %g1
    34f4:	80 a0 60 01 	cmp  %g1, 1
    34f8:	12 80 00 61 	bne  367c <Three_Mod_Switch+0x190>
    34fc:	80 a0 60 02 	cmp  %g1, 2
    3500:	a8 10 20 00 	clr  %l4
    3504:	ac 10 20 00 	clr  %l6
    3508:	e6 48 22 bf 	ldsb  [ 0x2bf ], %l3
    350c:	7f ff f7 d1 	call  1450 <DacOrder>
    3510:	90 10 00 13 	mov  %l3, %o0
    3514:	92 10 00 08 	mov  %o0, %o1
    3518:	7f ff f7 78 	call  12f8 <DacGet>
    351c:	90 10 00 14 	mov  %l4, %o0
    3520:	a4 05 80 13 	add  %l6, %l3, %l2
    3524:	23 00 00 17 	sethi  %hi(0x5c00), %l1
    3528:	82 14 60 a8 	or  %l1, 0xa8, %g1	! 5ca8 <RefeAdjust+0x2ac>
    352c:	a5 2c a0 02 	sll  %l2, 2, %l2
    3530:	7f ff f7 54 	call  1280 <GetBase>
    3534:	d0 24 80 01 	st  %o0, [ %l2 + %g1 ]
    3538:	94 10 00 08 	mov  %o0, %o2
    353c:	92 10 00 13 	mov  %l3, %o1
    3540:	7f ff f7 a7 	call  13dc <GetAverage>
    3544:	90 10 00 14 	mov  %l4, %o0
    3548:	21 00 00 16 	sethi  %hi(0x5800), %l0
    354c:	82 14 21 a8 	or  %l0, 0x1a8, %g1	! 59a8 <RawDataSum+0x1ac>
    3550:	d0 24 80 01 	st  %o0, [ %l2 + %g1 ]
    3554:	a6 04 e0 06 	add  %l3, 6, %l3
    3558:	7f ff f7 be 	call  1450 <DacOrder>
    355c:	90 10 00 13 	mov  %l3, %o0
    3560:	92 10 00 08 	mov  %o0, %o1
    3564:	7f ff f7 65 	call  12f8 <DacGet>
    3568:	90 10 00 14 	mov  %l4, %o0
    356c:	a2 14 60 c0 	or  %l1, 0xc0, %l1
    3570:	7f ff f7 44 	call  1280 <GetBase>
    3574:	d0 24 80 11 	st  %o0, [ %l2 + %l1 ]
    3578:	94 10 00 08 	mov  %o0, %o2
    357c:	90 10 00 14 	mov  %l4, %o0
    3580:	7f ff f7 97 	call  13dc <GetAverage>
    3584:	92 10 00 13 	mov  %l3, %o1
    3588:	a0 14 21 c0 	or  %l0, 0x1c0, %l0
    358c:	a8 05 20 01 	inc  %l4
    3590:	d0 24 80 10 	st  %o0, [ %l2 + %l0 ]
    3594:	80 a5 20 03 	cmp  %l4, 3
    3598:	04 bf ff dc 	ble  3508 <Three_Mod_Switch+0x1c>
    359c:	ac 05 a0 0c 	add  %l6, 0xc, %l6
    35a0:	c2 48 22 bf 	ldsb  [ 0x2bf ], %g1
    35a4:	80 a0 60 04 	cmp  %g1, 4
    35a8:	14 80 00 0c 	bg  35d8 <Three_Mod_Switch+0xec>
    35ac:	80 a0 60 05 	cmp  %g1, 5
    35b0:	c2 48 22 be 	ldsb  [ 0x2be ], %g1
    35b4:	80 a0 60 01 	cmp  %g1, 1
    35b8:	32 80 00 07 	bne,a   35d4 <Three_Mod_Switch+0xe8>
    35bc:	c2 48 22 bf 	ldsb  [ 0x2bf ], %g1
    35c0:	c2 00 22 bc 	ld  [ 0x2bc ], %g1
    35c4:	82 00 60 01 	inc  %g1
    35c8:	7f ff f2 8e 	call  0 <PROM_START>
    35cc:	c2 20 22 bc 	st  %g1, [ 0x2bc ]
    35d0:	c2 48 22 bf 	ldsb  [ 0x2bf ], %g1
    35d4:	80 a0 60 05 	cmp  %g1, 5
    35d8:	32 80 00 28 	bne,a   3678 <Three_Mod_Switch+0x18c>
    35dc:	c2 48 22 bd 	ldsb  [ 0x2bd ], %g1
    35e0:	a2 10 20 00 	clr  %l1
    35e4:	c2 00 23 d4 	ld  [ 0x3d4 ], %g1
    35e8:	80 a4 40 01 	cmp  %l1, %g1
    35ec:	3a 80 00 1c 	bcc,a   365c <Three_Mod_Switch+0x170>
    35f0:	da 48 22 bc 	ldsb  [ 0x2bc ], %o5
    35f4:	a4 10 20 00 	clr  %l2
    35f8:	a8 10 20 00 	clr  %l4
    35fc:	c2 00 24 7c 	ld  [ 0x47c ], %g1
    3600:	80 a5 00 01 	cmp  %l4, %g1
    3604:	3a 80 00 11 	bcc,a   3648 <Three_Mod_Switch+0x15c>
    3608:	a2 04 60 01 	inc  %l1
    360c:	a1 2c a0 02 	sll  %l2, 2, %l0
    3610:	7f ff f7 90 	call  1450 <DacOrder>
    3614:	90 10 00 14 	mov  %l4, %o0
    3618:	03 00 00 17 	sethi  %hi(0x5c00), %g1
    361c:	82 10 60 a8 	or  %g1, 0xa8, %g1	! 5ca8 <RefeAdjust+0x2ac>
    3620:	92 10 00 08 	mov  %o0, %o1
    3624:	d4 04 00 01 	ld  [ %l0 + %g1 ], %o2
    3628:	7f ff f7 40 	call  1328 <DacSet1>
    362c:	90 10 00 11 	mov  %l1, %o0
    3630:	a8 05 20 01 	inc  %l4
    3634:	c2 00 24 7c 	ld  [ 0x47c ], %g1
    3638:	80 a5 00 01 	cmp  %l4, %g1
    363c:	0a bf ff f5 	bcs  3610 <Three_Mod_Switch+0x124>
    3640:	a0 04 20 04 	add  %l0, 4, %l0
    3644:	a2 04 60 01 	inc  %l1
    3648:	c2 00 23 d4 	ld  [ 0x3d4 ], %g1
    364c:	80 a4 40 01 	cmp  %l1, %g1
    3650:	0a bf ff ea 	bcs  35f8 <Three_Mod_Switch+0x10c>
    3654:	a4 04 a0 0c 	add  %l2, 0xc, %l2
    3658:	da 48 22 bc 	ldsb  [ 0x2bc ], %o5
    365c:	03 00 00 80 	sethi  %hi(0x20000), %g1
    3660:	9b 2b 60 18 	sll  %o5, 0x18, %o5
    3664:	82 10 61 00 	or  %g1, 0x100, %g1
    3668:	9a 03 40 01 	add  %o5, %g1, %o5
    366c:	7f ff f2 65 	call  0 <PROM_START>
    3670:	da 20 22 bc 	st  %o5, [ 0x2bc ]
    3674:	c2 48 22 bd 	ldsb  [ 0x2bd ], %g1
    3678:	80 a0 60 02 	cmp  %g1, 2
    367c:	32 80 00 6a 	bne,a   3824 <Three_Mod_Switch+0x338>
    3680:	c2 48 22 bd 	ldsb  [ 0x2bd ], %g1
    3684:	c2 48 22 bf 	ldsb  [ 0x2bf ], %g1
    3688:	80 a0 60 00 	cmp  %g1, 0
    368c:	12 80 00 0a 	bne  36b4 <Three_Mod_Switch+0x1c8>
    3690:	a8 10 20 00 	clr  %l4
    3694:	03 00 00 16 	sethi  %hi(0x5800), %g1
    3698:	9a 10 63 e8 	or  %g1, 0x3e8, %o5	! 5be8 <RefeAdjust+0x1ec>
    369c:	83 2d 20 02 	sll  %l4, 2, %g1
    36a0:	a8 05 20 01 	inc  %l4
    36a4:	80 a5 20 2f 	cmp  %l4, 0x2f
    36a8:	04 bf ff fd 	ble  369c <Three_Mod_Switch+0x1b0>
    36ac:	c0 20 40 0d 	clr  [ %g1 + %o5 ]
    36b0:	a8 10 20 00 	clr  %l4
    36b4:	a4 10 20 00 	clr  %l2
    36b8:	a6 10 20 00 	clr  %l3
    36bc:	a1 2c a0 02 	sll  %l2, 2, %l0
    36c0:	23 00 00 16 	sethi  %hi(0x5800), %l1
    36c4:	82 14 62 68 	or  %l1, 0x268, %g1	! 5a68 <RefeAdjust+0x6c>
    36c8:	da 04 00 01 	ld  [ %l0 + %g1 ], %o5
    36cc:	c2 48 22 bf 	ldsb  [ 0x2bf ], %g1
    36d0:	80 a3 40 01 	cmp  %o5, %g1
    36d4:	12 80 00 10 	bne  3714 <Three_Mod_Switch+0x228>
    36d8:	90 10 00 13 	mov  %l3, %o0
    36dc:	7f ff f7 5d 	call  1450 <DacOrder>
    36e0:	01 00 00 00 	nop 
    36e4:	92 10 00 08 	mov  %o0, %o1
    36e8:	7f ff f7 04 	call  12f8 <DacGet>
    36ec:	90 10 00 14 	mov  %l4, %o0
    36f0:	82 14 63 e8 	or  %l1, 0x3e8, %g1
    36f4:	7f ff f6 e3 	call  1280 <GetBase>
    36f8:	d0 24 00 01 	st  %o0, [ %l0 + %g1 ]
    36fc:	94 10 00 08 	mov  %o0, %o2
    3700:	90 10 00 14 	mov  %l4, %o0
    3704:	7f ff f7 36 	call  13dc <GetAverage>
    3708:	92 10 00 13 	mov  %l3, %o1
    370c:	82 14 60 e8 	or  %l1, 0xe8, %g1
    3710:	d0 24 00 01 	st  %o0, [ %l0 + %g1 ]
    3714:	a6 04 e0 01 	inc  %l3
    3718:	80 a4 e0 0b 	cmp  %l3, 0xb
    371c:	04 bf ff e9 	ble  36c0 <Three_Mod_Switch+0x1d4>
    3720:	a0 04 20 04 	add  %l0, 4, %l0
    3724:	a8 05 20 01 	inc  %l4
    3728:	80 a5 20 03 	cmp  %l4, 3
    372c:	04 bf ff e3 	ble  36b8 <Three_Mod_Switch+0x1cc>
    3730:	a4 04 a0 0c 	add  %l2, 0xc, %l2
    3734:	c2 48 22 bf 	ldsb  [ 0x2bf ], %g1
    3738:	80 a0 60 01 	cmp  %g1, 1
    373c:	14 80 00 0c 	bg  376c <Three_Mod_Switch+0x280>
    3740:	80 a0 60 02 	cmp  %g1, 2
    3744:	c2 48 22 be 	ldsb  [ 0x2be ], %g1
    3748:	80 a0 60 01 	cmp  %g1, 1
    374c:	32 80 00 07 	bne,a   3768 <Three_Mod_Switch+0x27c>
    3750:	c2 48 22 bf 	ldsb  [ 0x2bf ], %g1
    3754:	c2 00 22 bc 	ld  [ 0x2bc ], %g1
    3758:	82 00 60 01 	inc  %g1
    375c:	7f ff f2 29 	call  0 <PROM_START>
    3760:	c2 20 22 bc 	st  %g1, [ 0x2bc ]
    3764:	c2 48 22 bf 	ldsb  [ 0x2bf ], %g1
    3768:	80 a0 60 02 	cmp  %g1, 2
    376c:	32 80 00 2e 	bne,a   3824 <Three_Mod_Switch+0x338>
    3770:	c2 48 22 bd 	ldsb  [ 0x2bd ], %g1
    3774:	c2 48 22 be 	ldsb  [ 0x2be ], %g1
    3778:	80 a0 60 01 	cmp  %g1, 1
    377c:	32 80 00 2a 	bne,a   3824 <Three_Mod_Switch+0x338>
    3780:	c2 48 22 bd 	ldsb  [ 0x2bd ], %g1
    3784:	a2 10 20 00 	clr  %l1
    3788:	c2 00 23 d4 	ld  [ 0x3d4 ], %g1
    378c:	80 a4 40 01 	cmp  %l1, %g1
    3790:	1a 80 00 1b 	bcc  37fc <Three_Mod_Switch+0x310>
    3794:	01 00 00 00 	nop 
    3798:	a4 10 20 00 	clr  %l2	! 0 <PROM_START>
    379c:	a8 10 20 00 	clr  %l4
    37a0:	c2 00 24 7c 	ld  [ 0x47c ], %g1
    37a4:	80 a5 00 01 	cmp  %l4, %g1
    37a8:	3a 80 00 11 	bcc,a   37ec <Three_Mod_Switch+0x300>
    37ac:	a2 04 60 01 	inc  %l1
    37b0:	a1 2c a0 02 	sll  %l2, 2, %l0
    37b4:	7f ff f7 27 	call  1450 <DacOrder>
    37b8:	90 10 00 14 	mov  %l4, %o0
    37bc:	03 00 00 16 	sethi  %hi(0x5800), %g1
    37c0:	82 10 63 e8 	or  %g1, 0x3e8, %g1	! 5be8 <RefeAdjust+0x1ec>
    37c4:	92 10 00 08 	mov  %o0, %o1
    37c8:	d4 04 00 01 	ld  [ %l0 + %g1 ], %o2
    37cc:	7f ff f6 d7 	call  1328 <DacSet1>
    37d0:	90 10 00 11 	mov  %l1, %o0
    37d4:	a8 05 20 01 	inc  %l4
    37d8:	c2 00 24 7c 	ld  [ 0x47c ], %g1
    37dc:	80 a5 00 01 	cmp  %l4, %g1
    37e0:	0a bf ff f5 	bcs  37b4 <Three_Mod_Switch+0x2c8>
    37e4:	a0 04 20 04 	add  %l0, 4, %l0
    37e8:	a2 04 60 01 	inc  %l1
    37ec:	c2 00 23 d4 	ld  [ 0x3d4 ], %g1
    37f0:	80 a4 40 01 	cmp  %l1, %g1
    37f4:	0a bf ff ea 	bcs  379c <Three_Mod_Switch+0x2b0>
    37f8:	a4 04 a0 0c 	add  %l2, 0xc, %l2
    37fc:	7f ff f6 aa 	call  12a4 <DacWriteAll>
    3800:	90 10 25 b0 	mov  0x5b0, %o0
    3804:	da 48 22 bc 	ldsb  [ 0x2bc ], %o5
    3808:	03 00 00 c0 	sethi  %hi(0x30000), %g1
    380c:	9b 2b 60 18 	sll  %o5, 0x18, %o5
    3810:	82 10 61 00 	or  %g1, 0x100, %g1
    3814:	9a 03 40 01 	add  %o5, %g1, %o5
    3818:	7f ff f1 fa 	call  0 <PROM_START>
    381c:	da 20 22 bc 	st  %o5, [ 0x2bc ]
    3820:	c2 48 22 bd 	ldsb  [ 0x2bd ], %g1
    3824:	80 a0 60 03 	cmp  %g1, 3
    3828:	12 80 00 c5 	bne  3b3c <Three_Mod_Switch+0x650>
    382c:	a8 10 20 00 	clr  %l4
    3830:	a4 10 20 00 	clr  %l2
    3834:	a6 10 20 00 	clr  %l3
    3838:	a3 2c a0 02 	sll  %l2, 2, %l1
    383c:	7f ff f7 05 	call  1450 <DacOrder>
    3840:	90 10 00 13 	mov  %l3, %o0
    3844:	92 10 00 08 	mov  %o0, %o1
    3848:	7f ff f6 ac 	call  12f8 <DacGet>
    384c:	90 10 00 14 	mov  %l4, %o0
    3850:	21 00 00 16 	sethi  %hi(0x5800), %l0
    3854:	82 14 23 28 	or  %l0, 0x328, %g1	! 5b28 <RefeAdjust+0x12c>
    3858:	7f ff f6 8a 	call  1280 <GetBase>
    385c:	d0 24 40 01 	st  %o0, [ %l1 + %g1 ]
    3860:	94 10 00 08 	mov  %o0, %o2
    3864:	92 10 00 13 	mov  %l3, %o1
    3868:	7f ff f6 dd 	call  13dc <GetAverage>
    386c:	90 10 00 14 	mov  %l4, %o0
    3870:	a0 14 20 28 	or  %l0, 0x28, %l0
    3874:	d0 24 40 10 	st  %o0, [ %l1 + %l0 ]
    3878:	a6 04 e0 01 	inc  %l3
    387c:	80 a4 e0 0b 	cmp  %l3, 0xb
    3880:	04 bf ff ef 	ble  383c <Three_Mod_Switch+0x350>
    3884:	a2 04 60 04 	add  %l1, 4, %l1
    3888:	a8 05 20 01 	inc  %l4
    388c:	80 a5 20 03 	cmp  %l4, 3
    3890:	04 bf ff e9 	ble  3834 <Three_Mod_Switch+0x348>
    3894:	a4 04 a0 0c 	add  %l2, 0xc, %l2
    3898:	c2 48 22 bc 	ldsb  [ 0x2bc ], %g1
    389c:	1b 00 01 00 	sethi  %hi(0x40000), %o5
    38a0:	83 28 60 18 	sll  %g1, 0x18, %g1
    38a4:	9a 13 61 00 	or  %o5, 0x100, %o5
    38a8:	82 00 40 0d 	add  %g1, %o5, %g1
    38ac:	c2 20 22 bc 	st  %g1, [ 0x2bc ]
    38b0:	a2 10 20 00 	clr  %l1
    38b4:	c2 00 23 d4 	ld  [ 0x3d4 ], %g1
    38b8:	80 a4 40 01 	cmp  %l1, %g1
    38bc:	1a 80 00 48 	bcc  39dc <Three_Mod_Switch+0x4f0>
    38c0:	a4 10 20 00 	clr  %l2
    38c4:	a8 10 20 00 	clr  %l4
    38c8:	c2 00 24 7c 	ld  [ 0x47c ], %g1
    38cc:	80 a5 00 01 	cmp  %l4, %g1
    38d0:	3a 80 00 3f 	bcc,a   39cc <Three_Mod_Switch+0x4e0>
    38d4:	a2 04 60 01 	inc  %l1
    38d8:	a1 2c a0 02 	sll  %l2, 2, %l0
    38dc:	7f ff f6 dd 	call  1450 <DacOrder>
    38e0:	90 10 00 14 	mov  %l4, %o0
    38e4:	1b 00 00 16 	sethi  %hi(0x5800), %o5
    38e8:	98 13 63 28 	or  %o5, 0x328, %o4	! 5b28 <RefeAdjust+0x12c>
    38ec:	03 00 00 17 	sethi  %hi(0x5c00), %g1
    38f0:	9a 13 63 e8 	or  %o5, 0x3e8, %o5
    38f4:	82 10 60 a8 	or  %g1, 0xa8, %g1
    38f8:	d6 04 00 01 	ld  [ %l0 + %g1 ], %o3
    38fc:	d4 04 00 0d 	ld  [ %l0 + %o5 ], %o2
    3900:	d2 04 00 0c 	ld  [ %l0 + %o4 ], %o1
    3904:	82 0a e0 03 	and  %o3, 3, %g1
    3908:	9a 0a a0 03 	and  %o2, 3, %o5
    390c:	98 0a 60 03 	and  %o1, 3, %o4
    3910:	83 28 60 06 	sll  %g1, 6, %g1
    3914:	9b 2b 60 06 	sll  %o5, 6, %o5
    3918:	99 2b 20 06 	sll  %o4, 6, %o4
    391c:	97 3a e0 02 	sra  %o3, 2, %o3
    3920:	95 3a a0 02 	sra  %o2, 2, %o2
    3924:	93 3a 60 02 	sra  %o1, 2, %o1
    3928:	de 48 22 bc 	ldsb  [ 0x2bc ], %o7
    392c:	96 02 c0 01 	add  %o3, %g1, %o3
    3930:	94 02 80 0d 	add  %o2, %o5, %o2
    3934:	80 a3 e0 01 	cmp  %o7, 1
    3938:	12 80 00 04 	bne  3948 <Three_Mod_Switch+0x45c>
    393c:	92 02 40 0c 	add  %o1, %o4, %o1
    3940:	10 80 00 15 	b  3994 <Three_Mod_Switch+0x4a8>
    3944:	aa 10 00 0b 	mov  %o3, %l5
    3948:	80 a3 e0 02 	cmp  %o7, 2
    394c:	12 80 00 04 	bne  395c <Three_Mod_Switch+0x470>
    3950:	80 a3 e0 03 	cmp  %o7, 3
    3954:	10 80 00 10 	b  3994 <Three_Mod_Switch+0x4a8>
    3958:	aa 10 00 0a 	mov  %o2, %l5
    395c:	12 80 00 04 	bne  396c <Three_Mod_Switch+0x480>
    3960:	80 a3 e0 12 	cmp  %o7, 0x12
    3964:	10 80 00 0c 	b  3994 <Three_Mod_Switch+0x4a8>
    3968:	aa 10 00 09 	mov  %o1, %l5
    396c:	12 80 00 04 	bne  397c <Three_Mod_Switch+0x490>
    3970:	80 a3 e0 13 	cmp  %o7, 0x13
    3974:	10 80 00 08 	b  3994 <Three_Mod_Switch+0x4a8>
    3978:	aa 22 c0 0a 	sub  %o3, %o2, %l5
    397c:	12 80 00 04 	bne  398c <Three_Mod_Switch+0x4a0>
    3980:	80 a3 e0 23 	cmp  %o7, 0x23
    3984:	10 80 00 04 	b  3994 <Three_Mod_Switch+0x4a8>
    3988:	aa 22 c0 09 	sub  %o3, %o1, %l5
    398c:	22 80 00 02 	be,a   3994 <Three_Mod_Switch+0x4a8>
    3990:	aa 22 80 09 	sub  %o2, %o1, %l5
    3994:	82 0d 60 3f 	and  %l5, 0x3f, %g1
    3998:	83 28 60 02 	sll  %g1, 2, %g1
    399c:	9b 3d 60 06 	sra  %l5, 6, %o5
    39a0:	aa 03 40 01 	add  %o5, %g1, %l5
    39a4:	92 10 00 08 	mov  %o0, %o1
    39a8:	90 10 00 11 	mov  %l1, %o0
    39ac:	7f ff f6 5f 	call  1328 <DacSet1>
    39b0:	94 10 00 15 	mov  %l5, %o2
    39b4:	a8 05 20 01 	inc  %l4
    39b8:	c2 00 24 7c 	ld  [ 0x47c ], %g1
    39bc:	80 a5 00 01 	cmp  %l4, %g1
    39c0:	0a bf ff c7 	bcs  38dc <Three_Mod_Switch+0x3f0>
    39c4:	a0 04 20 04 	add  %l0, 4, %l0
    39c8:	a2 04 60 01 	inc  %l1
    39cc:	c2 00 23 d4 	ld  [ 0x3d4 ], %g1
    39d0:	80 a4 40 01 	cmp  %l1, %g1
    39d4:	0a bf ff bc 	bcs  38c4 <Three_Mod_Switch+0x3d8>
    39d8:	a4 04 a0 0c 	add  %l2, 0xc, %l2
    39dc:	1b 00 00 16 	sethi  %hi(0x5800), %o5
    39e0:	03 00 00 17 	sethi  %hi(0x5c00), %g1
    39e4:	a4 10 60 a8 	or  %g1, 0xa8, %l2	! 5ca8 <RefeAdjust+0x2ac>
    39e8:	a2 13 63 28 	or  %o5, 0x328, %l1
    39ec:	a8 10 20 00 	clr  %l4
    39f0:	a0 13 63 e8 	or  %o5, 0x3e8, %l0
    39f4:	9e 10 20 00 	clr  %o7
    39f8:	90 10 00 0f 	mov  %o7, %o0
    39fc:	a6 10 20 0b 	mov  0xb, %l3
    3a00:	c2 02 00 12 	ld  [ %o0 + %l2 ], %g1
    3a04:	da 02 00 10 	ld  [ %o0 + %l0 ], %o5
    3a08:	96 08 60 03 	and  %g1, 3, %o3
    3a0c:	d8 02 00 11 	ld  [ %o0 + %l1 ], %o4
    3a10:	94 0b 60 03 	and  %o5, 3, %o2
    3a14:	97 2a e0 06 	sll  %o3, 6, %o3
    3a18:	83 38 60 02 	sra  %g1, 2, %g1
    3a1c:	92 0b 20 03 	and  %o4, 3, %o1
    3a20:	95 2a a0 06 	sll  %o2, 6, %o2
    3a24:	9b 3b 60 02 	sra  %o5, 2, %o5
    3a28:	82 00 40 0b 	add  %g1, %o3, %g1
    3a2c:	c2 22 00 12 	st  %g1, [ %o0 + %l2 ]
    3a30:	93 2a 60 06 	sll  %o1, 6, %o1
    3a34:	99 3b 20 02 	sra  %o4, 2, %o4
    3a38:	9a 03 40 0a 	add  %o5, %o2, %o5
    3a3c:	da 22 00 10 	st  %o5, [ %o0 + %l0 ]
    3a40:	98 03 00 09 	add  %o4, %o1, %o4
    3a44:	d8 22 00 11 	st  %o4, [ %o0 + %l1 ]
    3a48:	a6 84 ff ff 	addcc  %l3, -1, %l3
    3a4c:	1c bf ff ed 	bpos  3a00 <Three_Mod_Switch+0x514>
    3a50:	90 02 20 04 	add  %o0, 4, %o0
    3a54:	a8 05 20 01 	inc  %l4
    3a58:	80 a5 20 03 	cmp  %l4, 3
    3a5c:	04 bf ff e7 	ble  39f8 <Three_Mod_Switch+0x50c>
    3a60:	9e 03 e0 30 	add  %o7, 0x30, %o7
    3a64:	13 00 00 16 	sethi  %hi(0x5800), %o1
    3a68:	03 00 00 17 	sethi  %hi(0x5c00), %g1
    3a6c:	9e 10 60 a8 	or  %g1, 0xa8, %o7	! 5ca8 <RefeAdjust+0x2ac>
    3a70:	a8 10 20 00 	clr  %l4
    3a74:	aa 12 61 a8 	or  %o1, 0x1a8, %l5
    3a78:	a4 12 60 e8 	or  %o1, 0xe8, %l2
    3a7c:	a0 12 63 28 	or  %o1, 0x328, %l0
    3a80:	a2 12 60 28 	or  %o1, 0x28, %l1
    3a84:	90 10 20 00 	clr  %o0
    3a88:	96 10 00 08 	mov  %o0, %o3
    3a8c:	a6 10 20 0b 	mov  0xb, %l3
    3a90:	c2 02 c0 15 	ld  [ %o3 + %l5 ], %g1
    3a94:	da 00 23 48 	ld  [ 0x348 ], %o5
    3a98:	9a 23 40 01 	sub  %o5, %g1, %o5
    3a9c:	83 2b 60 02 	sll  %o5, 2, %g1
    3aa0:	d8 02 c0 0f 	ld  [ %o3 + %o7 ], %o4
    3aa4:	82 00 40 0d 	add  %g1, %o5, %g1
    3aa8:	9a 5b 23 e8 	smul  %o4, 0x3e8, %o5
    3aac:	9a 03 40 01 	add  %o5, %g1, %o5
    3ab0:	da 22 c0 0f 	st  %o5, [ %o3 + %o7 ]
    3ab4:	94 12 63 e8 	or  %o1, 0x3e8, %o2
    3ab8:	80 a3 20 7f 	cmp  %o4, 0x7f
    3abc:	04 80 00 03 	ble  3ac8 <Three_Mod_Switch+0x5dc>
    3ac0:	9a 03 6d ac 	add  %o5, 0xdac, %o5
    3ac4:	da 22 c0 0f 	st  %o5, [ %o3 + %o7 ]
    3ac8:	c2 02 c0 12 	ld  [ %o3 + %l2 ], %g1
    3acc:	da 00 23 48 	ld  [ 0x348 ], %o5
    3ad0:	9a 23 40 01 	sub  %o5, %g1, %o5
    3ad4:	83 2b 60 02 	sll  %o5, 2, %g1
    3ad8:	d8 02 c0 0a 	ld  [ %o3 + %o2 ], %o4
    3adc:	82 00 40 0d 	add  %g1, %o5, %g1
    3ae0:	9a 5b 23 e8 	smul  %o4, 0x3e8, %o5
    3ae4:	9a 03 40 01 	add  %o5, %g1, %o5
    3ae8:	da 22 c0 0a 	st  %o5, [ %o3 + %o2 ]
    3aec:	80 a3 20 7f 	cmp  %o4, 0x7f
    3af0:	04 80 00 03 	ble  3afc <Three_Mod_Switch+0x610>
    3af4:	9a 03 6d ac 	add  %o5, 0xdac, %o5
    3af8:	da 22 c0 0a 	st  %o5, [ %o3 + %o2 ]
    3afc:	c2 02 c0 11 	ld  [ %o3 + %l1 ], %g1
    3b00:	da 00 23 48 	ld  [ 0x348 ], %o5
    3b04:	9a 23 40 01 	sub  %o5, %g1, %o5
    3b08:	d8 02 c0 10 	ld  [ %o3 + %l0 ], %o4
    3b0c:	83 2b 60 02 	sll  %o5, 2, %g1
    3b10:	82 00 40 0d 	add  %g1, %o5, %g1
    3b14:	98 5b 23 e8 	smul  %o4, 0x3e8, %o4
    3b18:	98 03 00 01 	add  %o4, %g1, %o4
    3b1c:	d8 22 c0 10 	st  %o4, [ %o3 + %l0 ]
    3b20:	a6 84 ff ff 	addcc  %l3, -1, %l3
    3b24:	1c bf ff db 	bpos  3a90 <Three_Mod_Switch+0x5a4>
    3b28:	96 02 e0 04 	add  %o3, 4, %o3
    3b2c:	a8 05 20 01 	inc  %l4
    3b30:	80 a5 20 03 	cmp  %l4, 3
    3b34:	04 bf ff d5 	ble  3a88 <Three_Mod_Switch+0x59c>
    3b38:	90 02 20 30 	add  %o0, 0x30, %o0
    3b3c:	81 c7 e0 08 	ret 
    3b40:	81 e8 00 00 	restore 

00003b44 <SearchPointOneHrz>:
    3b44:	9d e3 bf 98 	save  %sp, -104, %sp
    3b48:	94 10 00 18 	mov  %i0, %o2
    3b4c:	b0 06 3f ff 	add  %i0, -1, %i0
    3b50:	98 02 a0 01 	add  %o2, 1, %o4
    3b54:	92 10 00 1a 	mov  %i2, %o1
    3b58:	80 a6 00 0c 	cmp  %i0, %o4
    3b5c:	14 80 00 1d 	bg  3bd0 <SearchPointOneHrz+0x8c>
    3b60:	9e 10 20 00 	clr  %o7
    3b64:	03 00 00 19 	sethi  %hi(0x6400), %g1
    3b68:	96 10 63 28 	or  %g1, 0x328, %o3	! 6728 <get_Press+0x4>
    3b6c:	b7 2b e0 02 	sll  %o7, 2, %i3
    3b70:	80 a6 20 00 	cmp  %i0, 0
    3b74:	06 80 00 13 	bl  3bc0 <SearchPointOneHrz+0x7c>
    3b78:	c0 26 40 1b 	clr  [ %i1 + %i3 ]
    3b7c:	c2 00 23 00 	ld  [ 0x300 ], %g1
    3b80:	80 a6 00 01 	cmp  %i0, %g1
    3b84:	3a 80 00 10 	bcc,a   3bc4 <SearchPointOneHrz+0x80>
    3b88:	b0 06 20 01 	inc  %i0
    3b8c:	83 2e 20 03 	sll  %i0, 3, %g1
    3b90:	b8 00 40 0b 	add  %g1, %o3, %i4
    3b94:	b4 10 20 01 	mov  1, %i2
    3b98:	c2 07 00 00 	ld  [ %i4 ], %g1
    3b9c:	ba 38 00 01 	xnor  %g0, %g1, %i5
    3ba0:	bb 3f 60 1f 	sra  %i5, 0x1f, %i5
    3ba4:	82 08 40 1d 	and  %g1, %i5, %g1
    3ba8:	fa 06 40 1b 	ld  [ %i1 + %i3 ], %i5
    3bac:	ba 07 40 01 	add  %i5, %g1, %i5
    3bb0:	fa 26 40 1b 	st  %i5, [ %i1 + %i3 ]
    3bb4:	b4 86 bf ff 	addcc  %i2, -1, %i2
    3bb8:	1c bf ff f8 	bpos  3b98 <SearchPointOneHrz+0x54>
    3bbc:	b8 07 20 04 	add  %i4, 4, %i4
    3bc0:	b0 06 20 01 	inc  %i0
    3bc4:	80 a6 00 0c 	cmp  %i0, %o4
    3bc8:	04 bf ff e9 	ble  3b6c <SearchPointOneHrz+0x28>
    3bcc:	9e 03 e0 01 	inc  %o7
    3bd0:	f6 06 60 04 	ld  [ %i1 + 4 ], %i3
    3bd4:	f8 06 40 00 	ld  [ %i1 ], %i4
    3bd8:	80 a6 c0 1c 	cmp  %i3, %i4
    3bdc:	24 80 00 96 	ble,a   3e34 <SearchPointOneHrz+0x2f0>
    3be0:	b0 10 20 00 	clr  %i0
    3be4:	f2 06 60 08 	ld  [ %i1 + 8 ], %i1
    3be8:	80 a6 c0 19 	cmp  %i3, %i1
    3bec:	26 80 00 92 	bl,a   3e34 <SearchPointOneHrz+0x2f0>
    3bf0:	b0 10 20 00 	clr  %i0
    3bf4:	03 00 00 17 	sethi  %hi(0x5c00), %g1
    3bf8:	82 10 62 4c 	or  %g1, 0x24c, %g1	! 5e4c <KeyMaskAAHrz+0x78>
    3bfc:	c2 00 40 00 	ld  [ %g1 ], %g1
    3c00:	80 a0 60 00 	cmp  %g1, 0
    3c04:	02 80 00 04 	be  3c14 <SearchPointOneHrz+0xd0>
    3c08:	de 10 23 b6 	lduh  [ 0x3b6 ], %o7
    3c0c:	c2 08 22 b6 	ldub  [ 0x2b6 ], %g1
    3c10:	9e 03 c0 01 	add  %o7, %g1, %o7
    3c14:	ba 5b c0 09 	smul  %o7, %o1, %i5
    3c18:	83 3f 60 1f 	sra  %i5, 0x1f, %g1
    3c1c:	83 30 60 19 	srl  %g1, 0x19, %g1
    3c20:	ba 07 40 01 	add  %i5, %g1, %i5
    3c24:	9f 3f 60 07 	sra  %i5, 7, %o7
    3c28:	d8 00 24 70 	ld  [ 0x470 ], %o4
    3c2c:	ba 5b c0 0c 	smul  %o7, %o4, %i5
    3c30:	83 3f 60 1f 	sra  %i5, 0x1f, %g1
    3c34:	83 30 60 18 	srl  %g1, 0x18, %g1
    3c38:	ba 07 40 01 	add  %i5, %g1, %i5
    3c3c:	bb 3f 60 08 	sra  %i5, 8, %i5
    3c40:	80 a6 c0 1d 	cmp  %i3, %i5
    3c44:	06 80 00 7c 	bl  3e34 <SearchPointOneHrz+0x2f0>
    3c48:	b0 10 20 00 	clr  %i0
    3c4c:	80 a2 a0 00 	cmp  %o2, 0
    3c50:	32 80 00 08 	bne,a   3c70 <SearchPointOneHrz+0x12c>
    3c54:	c2 00 23 00 	ld  [ 0x300 ], %g1
    3c58:	82 26 c0 19 	sub  %i3, %i1, %g1
    3c5c:	80 a6 40 01 	cmp  %i1, %g1
    3c60:	16 80 00 11 	bge  3ca4 <SearchPointOneHrz+0x160>
    3c64:	b4 10 00 19 	mov  %i1, %i2
    3c68:	10 80 00 0f 	b  3ca4 <SearchPointOneHrz+0x160>
    3c6c:	b4 10 00 01 	mov  %g1, %i2
    3c70:	82 00 7f ff 	add  %g1, -1, %g1
    3c74:	80 a2 80 01 	cmp  %o2, %g1
    3c78:	12 80 00 08 	bne  3c98 <SearchPointOneHrz+0x154>
    3c7c:	80 a7 00 19 	cmp  %i4, %i1
    3c80:	b4 26 c0 1c 	sub  %i3, %i4, %i2
    3c84:	80 a6 80 1c 	cmp  %i2, %i4
    3c88:	16 80 00 08 	bge  3ca8 <SearchPointOneHrz+0x164>
    3c8c:	80 a7 00 19 	cmp  %i4, %i1
    3c90:	10 80 00 06 	b  3ca8 <SearchPointOneHrz+0x164>
    3c94:	b4 10 00 1c 	mov  %i4, %i2
    3c98:	06 80 00 03 	bl  3ca4 <SearchPointOneHrz+0x160>
    3c9c:	b4 10 00 19 	mov  %i1, %i2
    3ca0:	b4 10 00 1c 	mov  %i4, %i2
    3ca4:	80 a7 00 19 	cmp  %i4, %i1
    3ca8:	b4 06 80 1b 	add  %i2, %i3, %i2
    3cac:	14 80 00 03 	bg  3cb8 <SearchPointOneHrz+0x174>
    3cb0:	96 26 c0 19 	sub  %i3, %i1, %o3
    3cb4:	96 26 c0 1c 	sub  %i3, %i4, %o3
    3cb8:	ba 5b c0 0c 	smul  %o7, %o4, %i5
    3cbc:	83 3f 60 1f 	sra  %i5, 0x1f, %g1
    3cc0:	83 30 60 19 	srl  %g1, 0x19, %g1
    3cc4:	ba 07 40 01 	add  %i5, %g1, %i5
    3cc8:	b0 10 20 03 	mov  3, %i0
    3ccc:	80 a6 20 03 	cmp  %i0, 3
    3cd0:	12 80 00 04 	bne  3ce0 <SearchPointOneHrz+0x19c>
    3cd4:	80 a6 20 02 	cmp  %i0, 2
    3cd8:	10 80 00 04 	b  3ce8 <SearchPointOneHrz+0x1a4>
    3cdc:	9a 10 00 0f 	mov  %o7, %o5
    3ce0:	22 80 00 02 	be,a   3ce8 <SearchPointOneHrz+0x1a4>
    3ce4:	9b 3f 60 07 	sra  %i5, 7, %o5
    3ce8:	83 33 60 1f 	srl  %o5, 0x1f, %g1
    3cec:	82 03 40 01 	add  %o5, %g1, %g1
    3cf0:	80 a6 80 0d 	cmp  %i2, %o5
    3cf4:	04 80 00 05 	ble  3d08 <SearchPointOneHrz+0x1c4>
    3cf8:	83 38 60 01 	sra  %g1, 1, %g1
    3cfc:	80 a2 c0 01 	cmp  %o3, %g1
    3d00:	34 80 00 06 	bg,a   3d18 <SearchPointOneHrz+0x1d4>
    3d04:	c2 00 23 00 	ld  [ 0x300 ], %g1
    3d08:	b0 86 3f ff 	addcc  %i0, -1, %i0
    3d0c:	1c bf ff f1 	bpos  3cd0 <SearchPointOneHrz+0x18c>
    3d10:	80 a6 20 03 	cmp  %i0, 3
    3d14:	c2 00 23 00 	ld  [ 0x300 ], %g1
    3d18:	82 00 7f ff 	add  %g1, -1, %g1
    3d1c:	80 a2 80 01 	cmp  %o2, %g1
    3d20:	12 80 00 42 	bne  3e28 <SearchPointOneHrz+0x2e4>
    3d24:	80 a6 20 01 	cmp  %i0, 1
    3d28:	b8 10 20 00 	clr  %i4
    3d2c:	f2 00 23 04 	ld  [ 0x304 ], %i1
    3d30:	80 a7 00 19 	cmp  %i4, %i1
    3d34:	1a 80 00 0e 	bcc  3d6c <SearchPointOneHrz+0x228>
    3d38:	b6 10 20 00 	clr  %i3
    3d3c:	03 00 00 19 	sethi  %hi(0x6400), %g1
    3d40:	98 10 63 c0 	or  %g1, 0x3c0, %o4	! 67c0 <get_Press+0x9c>
    3d44:	bb 2f 20 02 	sll  %i4, 2, %i5
    3d48:	c2 07 40 0c 	ld  [ %i5 + %o4 ], %g1
    3d4c:	80 a0 60 00 	cmp  %g1, 0
    3d50:	04 80 00 04 	ble  3d60 <SearchPointOneHrz+0x21c>
    3d54:	b8 07 20 01 	inc  %i4
    3d58:	c2 07 40 0c 	ld  [ %i5 + %o4 ], %g1
    3d5c:	b6 06 c0 01 	add  %i3, %g1, %i3
    3d60:	80 a7 00 19 	cmp  %i4, %i1
    3d64:	0a bf ff f9 	bcs  3d48 <SearchPointOneHrz+0x204>
    3d68:	bb 2f 20 02 	sll  %i4, 2, %i5
    3d6c:	c2 00 21 d8 	ld  [ 0x1d8 ], %g1
    3d70:	82 5e c0 01 	smul  %i3, %g1, %g1
    3d74:	bb 38 60 1f 	sra  %g1, 0x1f, %i5
    3d78:	bb 37 60 19 	srl  %i5, 0x19, %i5
    3d7c:	82 00 40 1d 	add  %g1, %i5, %g1
    3d80:	83 38 60 07 	sra  %g1, 7, %g1
    3d84:	9e 03 c0 01 	add  %o7, %g1, %o7
    3d88:	b8 10 20 03 	mov  3, %i4
    3d8c:	80 a7 20 03 	cmp  %i4, 3
    3d90:	12 80 00 04 	bne  3da0 <SearchPointOneHrz+0x25c>
    3d94:	80 a7 20 02 	cmp  %i4, 2
    3d98:	10 80 00 0a 	b  3dc0 <SearchPointOneHrz+0x27c>
    3d9c:	9a 10 00 0f 	mov  %o7, %o5
    3da0:	32 80 00 09 	bne,a   3dc4 <SearchPointOneHrz+0x280>
    3da4:	83 33 60 1f 	srl  %o5, 0x1f, %g1
    3da8:	fa 00 24 70 	ld  [ 0x470 ], %i5
    3dac:	ba 5b c0 1d 	smul  %o7, %i5, %i5
    3db0:	83 3f 60 1f 	sra  %i5, 0x1f, %g1
    3db4:	83 30 60 19 	srl  %g1, 0x19, %g1
    3db8:	ba 07 40 01 	add  %i5, %g1, %i5
    3dbc:	9b 3f 60 07 	sra  %i5, 7, %o5
    3dc0:	83 33 60 1f 	srl  %o5, 0x1f, %g1
    3dc4:	82 03 40 01 	add  %o5, %g1, %g1
    3dc8:	80 a6 80 0d 	cmp  %i2, %o5
    3dcc:	04 80 00 05 	ble  3de0 <SearchPointOneHrz+0x29c>
    3dd0:	83 38 60 01 	sra  %g1, 1, %g1
    3dd4:	80 a2 c0 01 	cmp  %o3, %g1
    3dd8:	14 80 00 06 	bg  3df0 <SearchPointOneHrz+0x2ac>
    3ddc:	80 a6 20 01 	cmp  %i0, 1
    3de0:	b8 87 3f ff 	addcc  %i4, -1, %i4
    3de4:	1c bf ff eb 	bpos  3d90 <SearchPointOneHrz+0x24c>
    3de8:	80 a7 20 03 	cmp  %i4, 3
    3dec:	80 a6 20 01 	cmp  %i0, 1
    3df0:	14 80 00 03 	bg  3dfc <SearchPointOneHrz+0x2b8>
    3df4:	ba 10 20 01 	mov  1, %i5
    3df8:	ba 10 20 00 	clr  %i5
    3dfc:	80 a7 20 01 	cmp  %i4, 1
    3e00:	04 80 00 03 	ble  3e0c <SearchPointOneHrz+0x2c8>
    3e04:	82 10 20 01 	mov  1, %g1
    3e08:	82 10 20 00 	clr  %g1
    3e0c:	80 8f 40 01 	btst  %i5, %g1
    3e10:	02 80 00 06 	be  3e28 <SearchPointOneHrz+0x2e4>
    3e14:	80 a6 20 01 	cmp  %i0, 1
    3e18:	03 00 00 48 	sethi  %hi(0x12000), %g1
    3e1c:	82 10 63 45 	or  %g1, 0x345, %g1	! 12345 <PROM_END+0x2345>
    3e20:	10 80 00 04 	b  3e30 <SearchPointOneHrz+0x2ec>
    3e24:	c2 20 26 f8 	st  %g1, [ 0x6f8 ]
    3e28:	14 80 00 03 	bg  3e34 <SearchPointOneHrz+0x2f0>
    3e2c:	01 00 00 00 	nop 
    3e30:	b0 10 20 00 	clr  %i0	! 0 <PROM_START>
    3e34:	81 c7 e0 08 	ret 
    3e38:	81 e8 00 00 	restore 

00003e3c <SearchPointOneVrt>:
    3e3c:	9d e3 bf 10 	save  %sp, -240, %sp
    3e40:	c2 00 23 00 	ld  [ 0x300 ], %g1
    3e44:	99 30 60 01 	srl  %g1, 1, %o4
    3e48:	b8 10 00 18 	mov  %i0, %i4
    3e4c:	92 10 00 19 	mov  %i1, %o1
    3e50:	9a 10 00 1a 	mov  %i2, %o5
    3e54:	80 a6 00 0c 	cmp  %i0, %o4
    3e58:	0a 80 00 03 	bcs  3e64 <SearchPointOneVrt+0x28>
    3e5c:	96 06 20 01 	add  %i0, 1, %o3
    3e60:	96 06 20 03 	add  %i0, 3, %o3
    3e64:	82 02 c0 0c 	add  %o3, %o4, %g1
    3e68:	80 a2 c0 0c 	cmp  %o3, %o4
    3e6c:	08 80 00 04 	bleu  3e7c <SearchPointOneVrt+0x40>
    3e70:	90 00 60 02 	add  %g1, 2, %o0
    3e74:	82 22 c0 0c 	sub  %o3, %o4, %g1
    3e78:	90 00 7f fe 	add  %g1, -2, %o0
    3e7c:	03 00 00 17 	sethi  %hi(0x5c00), %g1
    3e80:	82 10 62 4c 	or  %g1, 0x24c, %g1	! 5e4c <KeyMaskAAHrz+0x78>
    3e84:	c2 00 40 00 	ld  [ %g1 ], %g1
    3e88:	80 a0 60 00 	cmp  %g1, 0
    3e8c:	02 80 00 04 	be  3e9c <SearchPointOneVrt+0x60>
    3e90:	f4 10 23 b6 	lduh  [ 0x3b6 ], %i2
    3e94:	c2 08 22 b6 	ldub  [ 0x2b6 ], %g1
    3e98:	b4 06 80 01 	add  %i2, %g1, %i2
    3e9c:	9a 5e 80 0d 	smul  %i2, %o5, %o5
    3ea0:	83 3b 60 1f 	sra  %o5, 0x1f, %g1
    3ea4:	83 30 60 19 	srl  %g1, 0x19, %g1
    3ea8:	9a 03 40 01 	add  %o5, %g1, %o5
    3eac:	b5 3b 60 07 	sra  %o5, 7, %i2
    3eb0:	da 00 24 70 	ld  [ 0x470 ], %o5
    3eb4:	9a 5e 80 0d 	smul  %i2, %o5, %o5
    3eb8:	83 3b 60 1f 	sra  %o5, 0x1f, %g1
    3ebc:	af 2a e0 02 	sll  %o3, 2, %l7
    3ec0:	83 30 60 19 	srl  %g1, 0x19, %g1
    3ec4:	96 05 c0 09 	add  %l7, %o1, %o3
    3ec8:	82 03 40 01 	add  %o5, %g1, %g1
    3ecc:	d8 02 40 17 	ld  [ %o1 + %l7 ], %o4
    3ed0:	d4 02 ff fc 	ld  [ %o3 + -4 ], %o2
    3ed4:	9b 38 60 07 	sra  %g1, 7, %o5
    3ed8:	80 a3 00 0a 	cmp  %o4, %o2
    3edc:	04 80 00 06 	ble  3ef4 <SearchPointOneVrt+0xb8>
    3ee0:	da 27 bf 80 	st  %o5, [ %fp + -128 ]
    3ee4:	d6 02 e0 04 	ld  [ %o3 + 4 ], %o3
    3ee8:	80 a3 00 0b 	cmp  %o4, %o3
    3eec:	16 80 00 04 	bge  3efc <SearchPointOneVrt+0xc0>
    3ef0:	b3 2a 20 02 	sll  %o0, 2, %i1
    3ef4:	10 80 02 18 	b  4754 <SearchPointOneVrt+0x918>
    3ef8:	b0 10 20 00 	clr  %i0
    3efc:	80 a2 80 0b 	cmp  %o2, %o3
    3f00:	04 80 00 0b 	ble  3f2c <SearchPointOneVrt+0xf0>
    3f04:	91 38 60 1f 	sra  %g1, 0x1f, %o0
    3f08:	82 06 40 09 	add  %i1, %o1, %g1
    3f0c:	da 02 40 19 	ld  [ %o1 + %i1 ], %o5
    3f10:	c2 00 7f fc 	ld  [ %g1 + -4 ], %g1
    3f14:	9a 03 40 01 	add  %o5, %g1, %o5
    3f18:	96 23 00 0b 	sub  %o4, %o3, %o3
    3f1c:	da 27 bf 78 	st  %o5, [ %fp + -136 ]
    3f20:	d6 27 bf 7c 	st  %o3, [ %fp + -132 ]
    3f24:	10 80 00 0a 	b  3f4c <SearchPointOneVrt+0x110>
    3f28:	ba 03 00 0a 	add  %o4, %o2, %i5
    3f2c:	82 06 40 09 	add  %i1, %o1, %g1
    3f30:	da 02 40 19 	ld  [ %o1 + %i1 ], %o5
    3f34:	c2 00 60 04 	ld  [ %g1 + 4 ], %g1
    3f38:	9a 03 40 01 	add  %o5, %g1, %o5
    3f3c:	94 23 00 0a 	sub  %o4, %o2, %o2
    3f40:	da 27 bf 78 	st  %o5, [ %fp + -136 ]
    3f44:	d4 27 bf 7c 	st  %o2, [ %fp + -132 ]
    3f48:	ba 03 00 0b 	add  %o4, %o3, %i5
    3f4c:	83 32 20 1f 	srl  %o0, 0x1f, %g1
    3f50:	d6 07 bf 80 	ld  [ %fp + -128 ], %o3
    3f54:	82 02 c0 01 	add  %o3, %g1, %g1
    3f58:	83 38 60 01 	sra  %g1, 1, %g1
    3f5c:	80 a7 40 01 	cmp  %i5, %g1
    3f60:	06 80 01 fd 	bl  4754 <SearchPointOneVrt+0x918>
    3f64:	b0 10 20 00 	clr  %i0
    3f68:	c2 00 25 14 	ld  [ 0x514 ], %g1
    3f6c:	83 28 60 02 	sll  %g1, 2, %g1
    3f70:	f8 20 67 20 	st  %i4, [ %g1 + 0x720 ]
    3f74:	c2 00 25 14 	ld  [ 0x514 ], %g1
    3f78:	83 28 60 02 	sll  %g1, 2, %g1
    3f7c:	c2 27 bf 74 	st  %g1, [ %fp + -140 ]
    3f80:	c2 00 67 20 	ld  [ %g1 + 0x720 ], %g1
    3f84:	92 08 6f ff 	and  %g1, 0xfff, %o1
    3f88:	c2 00 23 00 	ld  [ 0x300 ], %g1
    3f8c:	99 30 60 01 	srl  %g1, 1, %o4
    3f90:	80 a2 40 0c 	cmp  %o1, %o4
    3f94:	16 80 00 03 	bge  3fa0 <SearchPointOneVrt+0x164>
    3f98:	b6 10 20 01 	mov  1, %i3
    3f9c:	b6 10 20 00 	clr  %i3
    3fa0:	9a 02 7f fe 	add  %o1, -2, %o5
    3fa4:	a2 02 60 02 	add  %o1, 2, %l1
    3fa8:	80 a3 40 11 	cmp  %o5, %l1
    3fac:	14 80 00 26 	bg  4044 <SearchPointOneVrt+0x208>
    3fb0:	a6 5e c0 0c 	smul  %i3, %o4, %l3
    3fb4:	83 2b 60 03 	sll  %o5, 3, %g1
    3fb8:	9e 00 60 04 	add  %g1, 4, %o7
    3fbc:	a4 04 c0 0c 	add  %l3, %o4, %l2
    3fc0:	94 07 bf f8 	add  %fp, -8, %o2
    3fc4:	c0 22 bf e8 	clr  [ %o2 + -24 ]
    3fc8:	80 a3 40 13 	cmp  %o5, %l3
    3fcc:	06 80 00 19 	bl  4030 <SearchPointOneVrt+0x1f4>
    3fd0:	c0 22 bf b8 	clr  [ %o2 + -72 ]
    3fd4:	80 a3 40 12 	cmp  %o5, %l2
    3fd8:	36 80 00 17 	bge,a   4034 <SearchPointOneVrt+0x1f8>
    3fdc:	9a 03 60 01 	inc  %o5
    3fe0:	03 00 00 19 	sethi  %hi(0x6400), %g1
    3fe4:	a0 10 63 28 	or  %g1, 0x328, %l0	! 6728 <get_Press+0x4>
    3fe8:	83 2b 60 03 	sll  %o5, 3, %g1
    3fec:	96 00 40 10 	add  %g1, %l0, %o3
    3ff0:	90 10 20 00 	clr  %o0
    3ff4:	d8 02 c0 00 	ld  [ %o3 ], %o4
    3ff8:	80 a3 20 00 	cmp  %o4, 0
    3ffc:	04 80 00 09 	ble  4020 <SearchPointOneVrt+0x1e4>
    4000:	96 02 e0 04 	add  %o3, 4, %o3
    4004:	c2 02 bf e8 	ld  [ %o2 + -24 ], %g1
    4008:	82 00 40 0c 	add  %g1, %o4, %g1
    400c:	80 a2 20 01 	cmp  %o0, 1
    4010:	12 80 00 04 	bne  4020 <SearchPointOneVrt+0x1e4>
    4014:	c2 22 bf e8 	st  %g1, [ %o2 + -24 ]
    4018:	c2 03 c0 10 	ld  [ %o7 + %l0 ], %g1
    401c:	c2 22 bf b8 	st  %g1, [ %o2 + -72 ]
    4020:	90 02 20 01 	inc  %o0
    4024:	80 a2 20 01 	cmp  %o0, 1
    4028:	24 bf ff f4 	ble,a   3ff8 <SearchPointOneVrt+0x1bc>
    402c:	d8 02 c0 00 	ld  [ %o3 ], %o4
    4030:	9a 03 60 01 	inc  %o5
    4034:	9e 03 e0 08 	add  %o7, 8, %o7
    4038:	80 a3 40 11 	cmp  %o5, %l1
    403c:	04 bf ff e2 	ble  3fc4 <SearchPointOneVrt+0x188>
    4040:	94 02 a0 04 	add  %o2, 4, %o2
    4044:	90 10 20 20 	mov  0x20, %o0
    4048:	aa 10 20 00 	clr  %l5
    404c:	a8 10 20 40 	mov  0x40, %l4
    4050:	80 a2 20 20 	cmp  %o0, 0x20
    4054:	04 80 00 0b 	ble  4080 <SearchPointOneVrt+0x244>
    4058:	82 10 20 20 	mov  0x20, %g1
    405c:	82 10 20 60 	mov  0x60, %g1
    4060:	82 20 40 08 	sub  %g1, %o0, %g1
    4064:	9a 02 3f e0 	add  %o0, -32, %o5
    4068:	c2 27 bf cc 	st  %g1, [ %fp + -52 ]
    406c:	da 27 bf d8 	st  %o5, [ %fp + -40 ]
    4070:	c0 27 bf c8 	clr  [ %fp + -56 ]
    4074:	e8 27 bf d0 	st  %l4, [ %fp + -48 ]
    4078:	10 80 00 09 	b  409c <SearchPointOneVrt+0x260>
    407c:	e8 27 bf d4 	st  %l4, [ %fp + -44 ]
    4080:	82 20 40 08 	sub  %g1, %o0, %g1
    4084:	9a 02 20 20 	add  %o0, 0x20, %o5
    4088:	c2 27 bf c8 	st  %g1, [ %fp + -56 ]
    408c:	da 27 bf d4 	st  %o5, [ %fp + -44 ]
    4090:	e8 27 bf cc 	st  %l4, [ %fp + -52 ]
    4094:	e8 27 bf d0 	st  %l4, [ %fp + -48 ]
    4098:	c0 27 bf d8 	clr  [ %fp + -40 ]
    409c:	9e 10 20 00 	clr  %o7
    40a0:	b0 10 20 00 	clr  %i0
    40a4:	a4 10 20 00 	clr  %l2
    40a8:	ac 10 20 00 	clr  %l6
    40ac:	90 10 20 00 	clr  %o0
    40b0:	b2 07 bf f8 	add  %fp, -8, %i1
    40b4:	a3 2a 20 02 	sll  %o0, 2, %l1
    40b8:	82 04 40 19 	add  %l1, %i1, %g1
    40bc:	d6 00 7f d0 	ld  [ %g1 + -48 ], %o3
    40c0:	d8 00 7f e8 	ld  [ %g1 + -24 ], %o4
    40c4:	98 5b 00 0b 	smul  %o4, %o3, %o4
    40c8:	83 3b 20 1f 	sra  %o4, 0x1f, %g1
    40cc:	83 30 60 1a 	srl  %g1, 0x1a, %g1
    40d0:	98 03 00 01 	add  %o4, %g1, %o4
    40d4:	9b 2a 20 07 	sll  %o0, 7, %o5
    40d8:	82 23 40 0b 	sub  %o5, %o3, %g1
    40dc:	99 3b 20 06 	sra  %o4, 6, %o4
    40e0:	9a 03 40 0b 	add  %o5, %o3, %o5
    40e4:	82 00 60 80 	add  %g1, 0x80, %g1
    40e8:	82 5b 00 01 	smul  %o4, %g1, %g1
    40ec:	9a 5b 00 0d 	smul  %o4, %o5, %o5
    40f0:	97 30 60 1f 	srl  %g1, 0x1f, %o3
    40f4:	95 33 60 1f 	srl  %o5, 0x1f, %o2
    40f8:	82 00 40 0b 	add  %g1, %o3, %g1
    40fc:	9a 03 40 0a 	add  %o5, %o2, %o5
    4100:	83 38 60 01 	sra  %g1, 1, %g1
    4104:	9b 3b 60 01 	sra  %o5, 1, %o5
    4108:	80 a2 20 02 	cmp  %o0, 2
    410c:	94 06 00 0c 	add  %i0, %o4, %o2
    4110:	a0 05 80 0c 	add  %l6, %o4, %l0
    4114:	14 80 00 04 	bg  4124 <SearchPointOneVrt+0x2e8>
    4118:	96 02 20 01 	add  %o0, 1, %o3
    411c:	10 80 00 03 	b  4128 <SearchPointOneVrt+0x2ec>
    4120:	9e 03 c0 01 	add  %o7, %g1, %o7
    4124:	9e 03 c0 0d 	add  %o7, %o5, %o7
    4128:	82 04 40 19 	add  %l1, %i1, %g1
    412c:	d8 00 7f d0 	ld  [ %g1 + -48 ], %o4
    4130:	da 00 7f b8 	ld  [ %g1 + -72 ], %o5
    4134:	9a 5b 40 0c 	smul  %o5, %o4, %o5
    4138:	83 3b 60 1f 	sra  %o5, 0x1f, %g1
    413c:	83 30 60 1a 	srl  %g1, 0x1a, %g1
    4140:	9a 03 40 01 	add  %o5, %g1, %o5
    4144:	9b 3b 60 06 	sra  %o5, 6, %o5
    4148:	90 10 00 0b 	mov  %o3, %o0
    414c:	a4 04 80 0d 	add  %l2, %o5, %l2
    4150:	80 a2 e0 04 	cmp  %o3, 4
    4154:	b0 10 00 0a 	mov  %o2, %i0
    4158:	04 bf ff d7 	ble  40b4 <SearchPointOneVrt+0x278>
    415c:	ac 10 00 10 	mov  %l0, %l6
    4160:	99 3b e0 1f 	sra  %o7, 0x1f, %o4
    4164:	81 83 20 00 	mov  %o4, %y
    4168:	01 00 00 00 	nop 
    416c:	01 00 00 00 	nop 
    4170:	01 00 00 00 	nop 
    4174:	82 7b c0 0a 	sdiv  %o7, %o2, %g1
    4178:	aa 05 60 01 	inc  %l5
    417c:	80 a5 60 02 	cmp  %l5, 2
    4180:	04 bf ff b4 	ble  4050 <SearchPointOneVrt+0x214>
    4184:	90 00 7f 80 	add  %g1, -128, %o0
    4188:	82 22 40 13 	sub  %o1, %l3, %g1
    418c:	83 28 60 06 	sll  %g1, 6, %g1
    4190:	a2 02 00 01 	add  %o0, %g1, %l1
    4194:	9b 2c a0 0a 	sll  %l2, 0xa, %o5
    4198:	97 3b 60 1f 	sra  %o5, 0x1f, %o3
    419c:	81 82 e0 00 	mov  %o3, %y
    41a0:	01 00 00 00 	nop 
    41a4:	01 00 00 00 	nop 
    41a8:	01 00 00 00 	nop 
    41ac:	a0 7b 40 10 	sdiv  %o5, %l0, %l0
    41b0:	83 2e e0 0a 	sll  %i3, 0xa, %g1
    41b4:	a0 04 00 01 	add  %l0, %g1, %l0
    41b8:	92 10 00 1b 	mov  %i3, %o1
    41bc:	7f ff f9 03 	call  25c8 <mg_crt>
    41c0:	90 10 00 11 	mov  %l1, %o0
    41c4:	80 a4 60 00 	cmp  %l1, 0
    41c8:	14 80 00 03 	bg  41d4 <SearchPointOneVrt+0x398>
    41cc:	a0 04 00 08 	add  %l0, %o0, %l0
    41d0:	a2 10 20 01 	mov  1, %l1
    41d4:	83 2c 20 10 	sll  %l0, 0x10, %g1
    41d8:	9a 0c 6f ff 	and  %l1, 0xfff, %o5
    41dc:	82 00 40 0d 	add  %g1, %o5, %g1
    41e0:	d8 07 bf 74 	ld  [ %fp + -140 ], %o4
    41e4:	c2 23 27 20 	st  %g1, [ %o4 + 0x720 ]
    41e8:	7f ff f9 69 	call  278c <CenterStretchOnePoint>
    41ec:	d0 00 25 14 	ld  [ 0x514 ], %o0
    41f0:	e0 00 25 14 	ld  [ 0x514 ], %l0
    41f4:	83 2c 20 02 	sll  %l0, 2, %g1
    41f8:	c2 10 67 20 	lduh  [ %g1 + 0x720 ], %g1
    41fc:	82 08 6f ff 	and  %g1, 0xfff, %g1
    4200:	98 00 7c 00 	add  %g1, -1024, %o4
    4204:	83 3b 20 1f 	sra  %o4, 0x1f, %g1
    4208:	98 1b 00 01 	xor  %o4, %g1, %o4
    420c:	98 23 00 01 	sub  %o4, %g1, %o4
    4210:	83 33 20 1f 	srl  %o4, 0x1f, %g1
    4214:	82 03 00 01 	add  %o4, %g1, %g1
    4218:	83 38 60 01 	sra  %g1, 1, %g1
    421c:	98 00 60 80 	add  %g1, 0x80, %o4
    4220:	80 a3 21 00 	cmp  %o4, 0x100
    4224:	34 80 00 02 	bg,a   422c <SearchPointOneVrt+0x3f0>
    4228:	98 10 21 00 	mov  0x100, %o4
    422c:	c2 07 bf 78 	ld  [ %fp + -136 ], %g1
    4230:	9a 07 40 01 	add  %i5, %g1, %o5
    4234:	90 10 20 00 	clr  %o0
    4238:	92 10 20 03 	mov  3, %o1
    423c:	80 a2 60 03 	cmp  %o1, 3
    4240:	12 80 00 04 	bne  4250 <SearchPointOneVrt+0x414>
    4244:	80 a2 60 02 	cmp  %o1, 2
    4248:	10 80 00 06 	b  4260 <SearchPointOneVrt+0x424>
    424c:	f4 27 bf 84 	st  %i2, [ %fp + -124 ]
    4250:	12 80 00 05 	bne  4264 <SearchPointOneVrt+0x428>
    4254:	c2 07 bf 84 	ld  [ %fp + -124 ], %g1
    4258:	d6 07 bf 80 	ld  [ %fp + -128 ], %o3
    425c:	d6 27 bf 84 	st  %o3, [ %fp + -124 ]
    4260:	c2 07 bf 84 	ld  [ %fp + -124 ], %g1
    4264:	96 58 40 0c 	smul  %g1, %o4, %o3
    4268:	95 3a e0 1f 	sra  %o3, 0x1f, %o2
    426c:	83 32 a0 18 	srl  %o2, 0x18, %g1
    4270:	82 02 c0 01 	add  %o3, %g1, %g1
    4274:	83 38 60 08 	sra  %g1, 8, %g1
    4278:	80 a7 40 01 	cmp  %i5, %g1
    427c:	24 80 00 0d 	ble,a   42b0 <SearchPointOneVrt+0x474>
    4280:	92 02 7f ff 	add  %o1, -1, %o1
    4284:	83 32 a0 17 	srl  %o2, 0x17, %g1
    4288:	82 02 c0 01 	add  %o3, %g1, %g1
    428c:	d6 07 bf 84 	ld  [ %fp + -124 ], %o3
    4290:	80 a3 40 0b 	cmp  %o5, %o3
    4294:	04 80 00 06 	ble  42ac <SearchPointOneVrt+0x470>
    4298:	83 38 60 09 	sra  %g1, 9, %g1
    429c:	d6 07 bf 7c 	ld  [ %fp + -132 ], %o3
    42a0:	80 a2 c0 01 	cmp  %o3, %g1
    42a4:	34 80 00 02 	bg,a   42ac <SearchPointOneVrt+0x470>
    42a8:	90 10 00 09 	mov  %o1, %o0
    42ac:	92 02 7f ff 	add  %o1, -1, %o1
    42b0:	80 a2 60 01 	cmp  %o1, 1
    42b4:	14 bf ff e3 	bg  4240 <SearchPointOneVrt+0x404>
    42b8:	80 a2 60 03 	cmp  %o1, 3
    42bc:	80 a2 20 00 	cmp  %o0, 0
    42c0:	02 80 01 25 	be  4754 <SearchPointOneVrt+0x918>
    42c4:	b0 10 20 00 	clr  %i0
    42c8:	15 00 00 18 	sethi  %hi(0x6000), %o2
    42cc:	82 12 a2 a8 	or  %o2, 0x2a8, %g1	! 62a8 <GetAAPointNumHrz+0x3e0>
    42d0:	da 05 c0 01 	ld  [ %l7 + %g1 ], %o5
    42d4:	90 12 a2 a4 	or  %o2, 0x2a4, %o0
    42d8:	c2 05 c0 08 	ld  [ %l7 + %o0 ], %g1
    42dc:	82 00 40 0d 	add  %g1, %o5, %g1
    42e0:	92 12 a2 ac 	or  %o2, 0x2ac, %o1
    42e4:	d8 00 23 00 	ld  [ 0x300 ], %o4
    42e8:	da 05 c0 09 	ld  [ %l7 + %o1 ], %o5
    42ec:	97 33 20 01 	srl  %o4, 1, %o3
    42f0:	80 a7 00 0b 	cmp  %i4, %o3
    42f4:	1a 80 00 0b 	bcc  4320 <SearchPointOneVrt+0x4e4>
    42f8:	9e 00 40 0d 	add  %g1, %o5, %o7
    42fc:	83 33 20 02 	srl  %o4, 2, %g1
    4300:	80 a7 00 01 	cmp  %i4, %g1
    4304:	1a 80 00 05 	bcc  4318 <SearchPointOneVrt+0x4dc>
    4308:	83 2a e0 02 	sll  %o3, 2, %g1
    430c:	82 12 a2 b0 	or  %o2, 0x2b0, %g1
    4310:	10 80 00 0f 	b  434c <SearchPointOneVrt+0x510>
    4314:	da 00 40 00 	ld  [ %g1 ], %o5
    4318:	10 80 00 0d 	b  434c <SearchPointOneVrt+0x510>
    431c:	da 00 40 08 	ld  [ %g1 + %o0 ], %o5
    4320:	82 03 00 0c 	add  %o4, %o4, %g1
    4324:	82 00 40 0c 	add  %g1, %o4, %g1
    4328:	83 30 60 02 	srl  %g1, 2, %g1
    432c:	80 a7 00 01 	cmp  %i4, %g1
    4330:	1a 80 00 06 	bcc  4348 <SearchPointOneVrt+0x50c>
    4334:	83 2b 20 02 	sll  %o4, 2, %g1
    4338:	9b 2a e0 02 	sll  %o3, 2, %o5
    433c:	82 12 a2 b8 	or  %o2, 0x2b8, %g1
    4340:	10 80 00 03 	b  434c <SearchPointOneVrt+0x510>
    4344:	da 03 40 01 	ld  [ %o5 + %g1 ], %o5
    4348:	da 00 40 09 	ld  [ %g1 + %o1 ], %o5
    434c:	03 00 00 3f 	sethi  %hi(0xfc00), %g1
    4350:	82 10 63 ff 	or  %g1, 0x3ff, %g1	! ffff <_endtext+0x772f>
    4354:	82 0b 40 01 	and  %o5, %g1, %g1
    4358:	9b 2b e0 10 	sll  %o7, 0x10, %o5
    435c:	9a 13 40 01 	or  %o5, %g1, %o5
    4360:	83 2c 20 02 	sll  %l0, 2, %g1
    4364:	da 20 67 30 	st  %o5, [ %g1 + 0x730 ]
    4368:	c2 00 25 14 	ld  [ 0x514 ], %g1
    436c:	83 28 60 02 	sll  %g1, 2, %g1
    4370:	f8 20 67 e0 	st  %i4, [ %g1 + 0x7e0 ]
    4374:	c2 00 23 00 	ld  [ 0x300 ], %g1
    4378:	83 30 60 01 	srl  %g1, 1, %g1
    437c:	1b 00 00 17 	sethi  %hi(0x5c00), %o5
    4380:	80 a7 00 01 	cmp  %i4, %g1
    4384:	0a 80 00 04 	bcs  4394 <SearchPointOneVrt+0x558>
    4388:	9a 13 62 50 	or  %o5, 0x250, %o5
    438c:	1b 00 00 17 	sethi  %hi(0x5c00), %o5
    4390:	9a 13 62 54 	or  %o5, 0x254, %o5	! 5e54 <KeyMaskAAHrz+0x80>
    4394:	c2 03 40 00 	ld  [ %o5 ], %g1
    4398:	82 00 60 01 	inc  %g1
    439c:	c2 23 40 00 	st  %g1, [ %o5 ]
    43a0:	03 00 00 17 	sethi  %hi(0x5c00), %g1
    43a4:	82 10 62 60 	or  %g1, 0x260, %g1	! 5e60 <PointNumOverflowHrz+0x4>
    43a8:	c2 00 40 00 	ld  [ %g1 ], %g1
    43ac:	80 a0 60 01 	cmp  %g1, 1
    43b0:	32 80 00 03 	bne,a   43bc <SearchPointOneVrt+0x580>
    43b4:	c2 50 21 52 	ldsh  [ 0x152 ], %g1
    43b8:	c2 50 21 50 	ldsh  [ 0x150 ], %g1
    43bc:	e6 00 25 14 	ld  [ 0x514 ], %l3
    43c0:	a5 28 60 05 	sll  %g1, 5, %l2
    43c4:	80 a4 e0 00 	cmp  %l3, 0
    43c8:	aa 10 20 40 	mov  0x40, %l5
    43cc:	02 80 00 df 	be  4748 <SearchPointOneVrt+0x90c>
    43d0:	9e 10 20 00 	clr  %o7
    43d4:	a8 10 20 00 	clr  %l4
    43d8:	b4 10 20 00 	clr  %i2
    43dc:	1b 00 00 17 	sethi  %hi(0x5c00), %o5
    43e0:	82 13 62 60 	or  %o5, 0x260, %g1	! 5e60 <PointNumOverflowHrz+0x4>
    43e4:	c2 00 40 00 	ld  [ %g1 ], %g1
    43e8:	80 a0 60 01 	cmp  %g1, 1
    43ec:	32 80 00 5c 	bne,a   455c <SearchPointOneVrt+0x720>
    43f0:	d6 00 23 00 	ld  [ 0x300 ], %o3
    43f4:	82 13 62 90 	or  %o5, 0x290, %g1
    43f8:	c2 00 40 00 	ld  [ %g1 ], %g1
    43fc:	80 a0 60 00 	cmp  %g1, 0
    4400:	22 80 00 57 	be,a   455c <SearchPointOneVrt+0x720>
    4404:	d6 00 23 00 	ld  [ 0x300 ], %o3
    4408:	d0 00 23 5c 	ld  [ 0x35c ], %o0
    440c:	80 a2 20 00 	cmp  %o0, 0
    4410:	22 80 00 53 	be,a   455c <SearchPointOneVrt+0x720>
    4414:	d6 00 23 00 	ld  [ 0x300 ], %o3
    4418:	da 00 23 00 	ld  [ 0x300 ], %o5
    441c:	9b 33 60 01 	srl  %o5, 1, %o5
    4420:	c2 06 a7 e0 	ld  [ %i2 + 0x7e0 ], %g1
    4424:	80 a0 40 0d 	cmp  %g1, %o5
    4428:	93 2c e0 02 	sll  %l3, 2, %o1
    442c:	98 40 20 00 	addx  %g0, 0, %o4
    4430:	c2 02 67 e0 	ld  [ %o1 + 0x7e0 ], %g1
    4434:	80 a0 40 0d 	cmp  %g1, %o5
    4438:	82 40 20 00 	addx  %g0, 0, %g1
    443c:	80 a3 00 01 	cmp  %o4, %g1
    4440:	22 80 00 47 	be,a   455c <SearchPointOneVrt+0x720>
    4444:	d6 00 23 00 	ld  [ 0x300 ], %o3
    4448:	c2 16 a7 30 	lduh  [ %i2 + 0x730 ], %g1
    444c:	da 12 67 30 	lduh  [ %o1 + 0x730 ], %o5
    4450:	80 a0 40 0d 	cmp  %g1, %o5
    4454:	28 80 00 02 	bleu,a   445c <SearchPointOneVrt+0x620>
    4458:	82 10 00 0d 	mov  %o5, %g1
    445c:	9b 28 60 04 	sll  %g1, 4, %o5
    4460:	9a 23 40 01 	sub  %o5, %g1, %o5
    4464:	03 00 00 17 	sethi  %hi(0x5c00), %g1
    4468:	82 10 62 90 	or  %g1, 0x290, %g1	! 5e90 <PointNumOverflowHrz+0x34>
    446c:	d4 50 60 02 	ldsh  [ %g1 + 2 ], %o2
    4470:	9b 2b 60 03 	sll  %o5, 3, %o5
    4474:	d6 16 a7 30 	lduh  [ %i2 + 0x730 ], %o3
    4478:	d8 12 67 30 	lduh  [ %o1 + 0x730 ], %o4
    447c:	82 5a a0 64 	smul  %o2, 0x64, %g1
    4480:	80 a0 40 0d 	cmp  %g1, %o5
    4484:	14 80 00 09 	bg  44a8 <SearchPointOneVrt+0x66c>
    4488:	96 02 c0 0c 	add  %o3, %o4, %o3
    448c:	83 2a a0 04 	sll  %o2, 4, %g1
    4490:	82 20 40 0a 	sub  %g1, %o2, %g1
    4494:	9a 5a e0 64 	smul  %o3, 0x64, %o5
    4498:	83 28 60 03 	sll  %g1, 3, %g1
    449c:	80 a3 40 01 	cmp  %o5, %g1
    44a0:	36 80 00 2f 	bge,a   455c <SearchPointOneVrt+0x720>
    44a4:	d6 00 23 00 	ld  [ 0x300 ], %o3
    44a8:	c2 06 a7 20 	ld  [ %i2 + 0x720 ], %g1
    44ac:	98 08 6f ff 	and  %g1, 0xfff, %o4
    44b0:	da 02 67 20 	ld  [ %o1 + 0x720 ], %o5
    44b4:	82 0b 6f ff 	and  %o5, 0xfff, %g1
    44b8:	80 a3 00 01 	cmp  %o4, %g1
    44bc:	24 80 00 03 	ble,a   44c8 <SearchPointOneVrt+0x68c>
    44c0:	82 20 40 0c 	sub  %g1, %o4, %g1
    44c4:	82 23 00 01 	sub  %o4, %g1, %g1
    44c8:	80 a0 60 3f 	cmp  %g1, 0x3f
    44cc:	34 80 00 24 	bg,a   455c <SearchPointOneVrt+0x720>
    44d0:	d6 00 23 00 	ld  [ 0x300 ], %o3
    44d4:	c2 16 a7 20 	lduh  [ %i2 + 0x720 ], %g1
    44d8:	da 12 67 20 	lduh  [ %o1 + 0x720 ], %o5
    44dc:	98 08 6f ff 	and  %g1, 0xfff, %o4
    44e0:	82 0b 6f ff 	and  %o5, 0xfff, %g1
    44e4:	80 a3 00 01 	cmp  %o4, %g1
    44e8:	04 80 00 04 	ble  44f8 <SearchPointOneVrt+0x6bc>
    44ec:	9b 2a 20 05 	sll  %o0, 5, %o5
    44f0:	10 80 00 03 	b  44fc <SearchPointOneVrt+0x6c0>
    44f4:	82 23 00 01 	sub  %o4, %g1, %g1
    44f8:	82 20 40 0c 	sub  %g1, %o4, %g1
    44fc:	80 a0 40 0d 	cmp  %g1, %o5
    4500:	28 80 00 17 	bleu,a   455c <SearchPointOneVrt+0x720>
    4504:	d6 00 23 00 	ld  [ 0x300 ], %o3
    4508:	c2 16 a7 20 	lduh  [ %i2 + 0x720 ], %g1
    450c:	98 08 6f ff 	and  %g1, 0xfff, %o4
    4510:	da 12 67 20 	lduh  [ %o1 + 0x720 ], %o5
    4514:	82 0b 6f ff 	and  %o5, 0xfff, %g1
    4518:	80 a3 00 01 	cmp  %o4, %g1
    451c:	24 80 00 03 	ble,a   4528 <SearchPointOneVrt+0x6ec>
    4520:	82 20 40 0c 	sub  %g1, %o4, %g1
    4524:	82 23 00 01 	sub  %o4, %g1, %g1
    4528:	80 a0 63 ff 	cmp  %g1, 0x3ff
    452c:	34 80 00 0c 	bg,a   455c <SearchPointOneVrt+0x720>
    4530:	d6 00 23 00 	ld  [ 0x300 ], %o3
    4534:	1b 00 00 17 	sethi  %hi(0x5c00), %o5
    4538:	82 13 62 40 	or  %o5, 0x240, %g1	! 5e40 <KeyMaskAAHrz+0x6c>
    453c:	c2 00 40 00 	ld  [ %g1 ], %g1
    4540:	80 a0 60 02 	cmp  %g1, 2
    4544:	32 80 00 06 	bne,a   455c <SearchPointOneVrt+0x720>
    4548:	d6 00 23 00 	ld  [ 0x300 ], %o3
    454c:	9a 13 62 70 	or  %o5, 0x270, %o5
    4550:	82 10 20 01 	mov  1, %g1
    4554:	c2 23 40 00 	st  %g1, [ %o5 ]
    4558:	d6 00 23 00 	ld  [ 0x300 ], %o3
    455c:	9b 32 e0 01 	srl  %o3, 1, %o5
    4560:	c2 06 a7 e0 	ld  [ %i2 + 0x7e0 ], %g1
    4564:	80 a0 40 0d 	cmp  %g1, %o5
    4568:	a3 2c e0 02 	sll  %l3, 2, %l1
    456c:	98 40 20 00 	addx  %g0, 0, %o4
    4570:	c2 04 67 e0 	ld  [ %l1 + 0x7e0 ], %g1
    4574:	80 a0 40 0d 	cmp  %g1, %o5
    4578:	82 40 20 00 	addx  %g0, 0, %g1
    457c:	80 a3 00 01 	cmp  %o4, %g1
    4580:	02 80 00 10 	be  45c0 <SearchPointOneVrt+0x784>
    4584:	1b 00 00 17 	sethi  %hi(0x5c00), %o5
    4588:	c2 06 a7 20 	ld  [ %i2 + 0x720 ], %g1
    458c:	98 08 6f ff 	and  %g1, 0xfff, %o4
    4590:	da 04 67 20 	ld  [ %l1 + 0x720 ], %o5
    4594:	82 0b 6f ff 	and  %o5, 0xfff, %g1
    4598:	80 a3 00 01 	cmp  %o4, %g1
    459c:	24 80 00 03 	ble,a   45a8 <SearchPointOneVrt+0x76c>
    45a0:	82 20 40 0c 	sub  %g1, %o4, %g1
    45a4:	82 23 00 01 	sub  %o4, %g1, %g1
    45a8:	80 a0 60 60 	cmp  %g1, 0x60
    45ac:	04 80 00 05 	ble  45c0 <SearchPointOneVrt+0x784>
    45b0:	1b 00 00 17 	sethi  %hi(0x5c00), %o5
    45b4:	03 00 00 17 	sethi  %hi(0x5c00), %g1
    45b8:	82 10 62 70 	or  %g1, 0x270, %g1	! 5e70 <PointNumOverflowHrz+0x14>
    45bc:	c0 20 40 00 	clr  [ %g1 ]
    45c0:	82 13 62 70 	or  %o5, 0x270, %g1
    45c4:	c2 00 40 00 	ld  [ %g1 ], %g1
    45c8:	80 a0 60 01 	cmp  %g1, 1
    45cc:	02 80 00 06 	be  45e4 <SearchPointOneVrt+0x7a8>
    45d0:	82 13 62 6c 	or  %o5, 0x26c, %g1
    45d4:	c2 00 40 00 	ld  [ %g1 ], %g1
    45d8:	80 a0 60 02 	cmp  %g1, 2
    45dc:	32 80 00 05 	bne,a   45f0 <SearchPointOneVrt+0x7b4>
    45e0:	c2 06 a7 20 	ld  [ %i2 + 0x720 ], %g1
    45e4:	a4 10 24 00 	mov  0x400, %l2
    45e8:	aa 10 20 60 	mov  0x60, %l5
    45ec:	c2 06 a7 20 	ld  [ %i2 + 0x720 ], %g1
    45f0:	98 08 6f ff 	and  %g1, 0xfff, %o4
    45f4:	da 04 67 20 	ld  [ %l1 + 0x720 ], %o5
    45f8:	82 0b 6f ff 	and  %o5, 0xfff, %g1
    45fc:	80 a3 00 01 	cmp  %o4, %g1
    4600:	24 80 00 03 	ble,a   460c <SearchPointOneVrt+0x7d0>
    4604:	82 20 40 0c 	sub  %g1, %o4, %g1
    4608:	82 23 00 01 	sub  %o4, %g1, %g1
    460c:	80 a0 40 15 	cmp  %g1, %l5
    4610:	36 80 00 46 	bge,a   4728 <SearchPointOneVrt+0x8ec>
    4614:	c2 00 25 14 	ld  [ 0x514 ], %g1
    4618:	c2 16 a7 20 	lduh  [ %i2 + 0x720 ], %g1
    461c:	98 08 6f ff 	and  %g1, 0xfff, %o4
    4620:	da 14 67 20 	lduh  [ %l1 + 0x720 ], %o5
    4624:	82 0b 6f ff 	and  %o5, 0xfff, %g1
    4628:	80 a3 00 01 	cmp  %o4, %g1
    462c:	24 80 00 03 	ble,a   4638 <SearchPointOneVrt+0x7fc>
    4630:	82 20 40 0c 	sub  %g1, %o4, %g1
    4634:	82 23 00 01 	sub  %o4, %g1, %g1
    4638:	80 a0 40 12 	cmp  %g1, %l2
    463c:	36 80 00 3b 	bge,a   4728 <SearchPointOneVrt+0x8ec>
    4640:	c2 00 25 14 	ld  [ 0x514 ], %g1
    4644:	9b 32 e0 01 	srl  %o3, 1, %o5
    4648:	c2 06 a7 e0 	ld  [ %i2 + 0x7e0 ], %g1
    464c:	80 a0 40 0d 	cmp  %g1, %o5
    4650:	98 40 20 00 	addx  %g0, 0, %o4
    4654:	c2 04 67 e0 	ld  [ %l1 + 0x7e0 ], %g1
    4658:	80 a0 40 0d 	cmp  %g1, %o5
    465c:	82 40 20 00 	addx  %g0, 0, %g1
    4660:	80 a3 00 01 	cmp  %o4, %g1
    4664:	22 80 00 31 	be,a   4728 <SearchPointOneVrt+0x8ec>
    4668:	c2 00 25 14 	ld  [ 0x514 ], %g1
    466c:	e0 16 a7 30 	lduh  [ %i2 + 0x730 ], %l0
    4670:	c2 14 67 30 	lduh  [ %l1 + 0x730 ], %g1
    4674:	92 10 00 10 	mov  %l0, %o1
    4678:	a0 04 00 01 	add  %l0, %g1, %l0
    467c:	90 10 00 01 	mov  %g1, %o0
    4680:	7f ff f8 1f 	call  26fc <getpro>
    4684:	94 10 20 00 	clr  %o2
    4688:	d4 04 67 20 	ld  [ %l1 + 0x720 ], %o2
    468c:	da 06 a7 20 	ld  [ %i2 + 0x720 ], %o5
    4690:	83 33 60 10 	srl  %o5, 0x10, %g1
    4694:	97 32 a0 10 	srl  %o2, 0x10, %o3
    4698:	98 10 21 00 	mov  0x100, %o4
    469c:	98 23 00 08 	sub  %o4, %o0, %o4
    46a0:	82 08 6f ff 	and  %g1, 0xfff, %g1
    46a4:	96 0a ef ff 	and  %o3, 0xfff, %o3
    46a8:	9a 0b 6f ff 	and  %o5, 0xfff, %o5
    46ac:	94 0a af ff 	and  %o2, 0xfff, %o2
    46b0:	96 5a c0 0c 	smul  %o3, %o4, %o3
    46b4:	94 5a 80 0c 	smul  %o2, %o4, %o2
    46b8:	9a 5b 40 08 	smul  %o5, %o0, %o5
    46bc:	82 58 40 08 	smul  %g1, %o0, %g1
    46c0:	82 00 40 0b 	add  %g1, %o3, %g1
    46c4:	9a 03 40 0a 	add  %o5, %o2, %o5
    46c8:	99 38 60 1f 	sra  %g1, 0x1f, %o4
    46cc:	97 3b 60 1f 	sra  %o5, 0x1f, %o3
    46d0:	99 33 20 18 	srl  %o4, 0x18, %o4
    46d4:	97 32 e0 18 	srl  %o3, 0x18, %o3
    46d8:	82 00 40 0c 	add  %g1, %o4, %g1
    46dc:	9a 03 40 0b 	add  %o5, %o3, %o5
    46e0:	83 38 60 08 	sra  %g1, 8, %g1
    46e4:	9b 3b 60 08 	sra  %o5, 8, %o5
    46e8:	9a 0b 6f ff 	and  %o5, 0xfff, %o5
    46ec:	83 28 60 10 	sll  %g1, 0x10, %g1
    46f0:	82 00 40 0d 	add  %g1, %o5, %g1
    46f4:	c2 26 a7 20 	st  %g1, [ %i2 + 0x720 ]
    46f8:	da 16 a7 32 	lduh  [ %i2 + 0x732 ], %o5
    46fc:	c2 14 67 32 	lduh  [ %l1 + 0x732 ], %g1
    4700:	9a 03 40 01 	add  %o5, %g1, %o5
    4704:	03 00 00 3f 	sethi  %hi(0xfc00), %g1
    4708:	82 10 63 ff 	or  %g1, 0x3ff, %g1	! ffff <_endtext+0x772f>
    470c:	9a 0b 40 01 	and  %o5, %g1, %o5
    4710:	a1 2c 20 10 	sll  %l0, 0x10, %l0
    4714:	9a 13 40 10 	or  %o5, %l0, %o5
    4718:	da 26 a7 30 	st  %o5, [ %i2 + 0x730 ]
    471c:	c0 24 67 20 	clr  [ %l1 + 0x720 ]
    4720:	9e 10 20 01 	mov  1, %o7
    4724:	c2 00 25 14 	ld  [ 0x514 ], %g1
    4728:	a8 05 20 01 	inc  %l4
    472c:	82 00 7f ff 	add  %g1, -1, %g1
    4730:	80 a5 00 01 	cmp  %l4, %g1
    4734:	08 bf ff 2a 	bleu  43dc <SearchPointOneVrt+0x5a0>
    4738:	b4 06 a0 04 	add  %i2, 4, %i2
    473c:	80 a3 e0 00 	cmp  %o7, 0
    4740:	12 80 00 05 	bne  4754 <SearchPointOneVrt+0x918>
    4744:	01 00 00 00 	nop 
    4748:	c2 00 25 14 	ld  [ 0x514 ], %g1
    474c:	82 00 60 01 	inc  %g1
    4750:	c2 20 25 14 	st  %g1, [ 0x514 ]
    4754:	81 c7 e0 08 	ret 
    4758:	81 e8 00 00 	restore 

0000475c <DoubleClick>:
    475c:	9d e3 bf 88 	save  %sp, -120, %sp
    4760:	c2 00 27 10 	ld  [ 0x710 ], %g1
    4764:	80 a0 60 0e 	cmp  %g1, 0xe
    4768:	32 80 00 0a 	bne,a   4790 <DoubleClick+0x34>
    476c:	da 00 25 48 	ld  [ 0x548 ], %o5
    4770:	96 10 20 00 	clr  %o3
    4774:	83 2a e0 02 	sll  %o3, 2, %g1
    4778:	96 02 e0 01 	inc  %o3
    477c:	80 a2 e0 07 	cmp  %o3, 7
    4780:	04 bf ff fd 	ble  4774 <DoubleClick+0x18>
    4784:	c0 20 68 a0 	clr  [ %g1 + 0x8a0 ]
    4788:	c0 20 25 78 	clr  [ 0x578 ]
    478c:	da 00 25 48 	ld  [ 0x548 ], %o5
    4790:	83 33 60 10 	srl  %o5, 0x10, %g1
    4794:	80 88 60 01 	btst  1, %g1
    4798:	02 80 00 ac 	be  4a48 <DoubleClick+0x2ec>
    479c:	01 00 00 00 	nop 
    47a0:	c2 00 27 10 	ld  [ 0x710 ], %g1
    47a4:	80 a0 60 0d 	cmp  %g1, 0xd
    47a8:	14 80 00 a8 	bg  4a48 <DoubleClick+0x2ec>
    47ac:	01 00 00 00 	nop 
    47b0:	c2 00 25 58 	ld  [ 0x558 ], %g1
    47b4:	80 a0 60 01 	cmp  %g1, 1
    47b8:	08 80 00 a4 	bleu  4a48 <DoubleClick+0x2ec>
    47bc:	03 00 00 10 	sethi  %hi(0x4000), %g1
    47c0:	82 13 40 01 	or  %o5, %g1, %g1
    47c4:	da 00 25 14 	ld  [ 0x514 ], %o5
    47c8:	80 a3 60 01 	cmp  %o5, 1
    47cc:	18 80 00 06 	bgu  47e4 <DoubleClick+0x88>
    47d0:	c2 20 25 48 	st  %g1, [ 0x548 ]
    47d4:	c2 00 25 5c 	ld  [ 0x55c ], %g1
    47d8:	80 a0 60 00 	cmp  %g1, 0
    47dc:	02 80 00 0a 	be  4804 <DoubleClick+0xa8>
    47e0:	80 a3 60 00 	cmp  %o5, 0
    47e4:	96 10 20 00 	clr  %o3
    47e8:	83 2a e0 02 	sll  %o3, 2, %g1
    47ec:	96 02 e0 01 	inc  %o3
    47f0:	80 a2 e0 07 	cmp  %o3, 7
    47f4:	04 bf ff fd 	ble  47e8 <DoubleClick+0x8c>
    47f8:	c0 20 68 a0 	clr  [ %g1 + 0x8a0 ]
    47fc:	10 80 00 93 	b  4a48 <DoubleClick+0x2ec>
    4800:	c0 20 25 78 	clr  [ 0x578 ]
    4804:	22 80 00 1c 	be,a   4874 <DoubleClick+0x118>
    4808:	c2 00 25 14 	ld  [ 0x514 ], %g1
    480c:	c2 00 25 78 	ld  [ 0x578 ], %g1
    4810:	80 a0 60 00 	cmp  %g1, 0
    4814:	32 80 00 18 	bne,a   4874 <DoubleClick+0x118>
    4818:	c2 00 25 14 	ld  [ 0x514 ], %g1
    481c:	96 10 20 03 	mov  3, %o3
    4820:	9b 2a e0 02 	sll  %o3, 2, %o5
    4824:	96 02 ff ff 	add  %o3, -1, %o3
    4828:	c2 03 68 ac 	ld  [ %o5 + 0x8ac ], %g1
    482c:	80 a2 e0 00 	cmp  %o3, 0
    4830:	14 bf ff fc 	bg  4820 <DoubleClick+0xc4>
    4834:	c2 23 68 b0 	st  %g1, [ %o5 + 0x8b0 ]
    4838:	c2 00 25 00 	ld  [ 0x500 ], %g1
    483c:	c2 20 28 b0 	st  %g1, [ 0x8b0 ]
    4840:	96 10 20 03 	mov  3, %o3
    4844:	9b 2a e0 02 	sll  %o3, 2, %o5
    4848:	96 02 ff ff 	add  %o3, -1, %o3
    484c:	c2 03 68 98 	ld  [ %o5 + 0x898 ], %g1
    4850:	80 a2 e0 01 	cmp  %o3, 1
    4854:	14 bf ff fc 	bg  4844 <DoubleClick+0xe8>
    4858:	c2 23 68 a0 	st  %g1, [ %o5 + 0x8a0 ]
    485c:	03 3c 00 3c 	sethi  %hi(0xf000f000), %g1
    4860:	da 00 27 20 	ld  [ 0x720 ], %o5
    4864:	82 2b 40 01 	andn  %o5, %g1, %g1
    4868:	c2 20 28 a4 	st  %g1, [ 0x8a4 ]
    486c:	c2 20 28 a0 	st  %g1, [ 0x8a0 ]
    4870:	c2 00 25 14 	ld  [ 0x514 ], %g1
    4874:	80 a0 60 00 	cmp  %g1, 0
    4878:	22 80 00 15 	be,a   48cc <DoubleClick+0x170>
    487c:	c2 00 25 48 	ld  [ 0x548 ], %g1
    4880:	c2 00 25 78 	ld  [ 0x578 ], %g1
    4884:	80 a0 60 00 	cmp  %g1, 0
    4888:	22 80 00 11 	be,a   48cc <DoubleClick+0x170>
    488c:	c2 00 25 48 	ld  [ 0x548 ], %g1
    4890:	92 10 27 20 	mov  0x720, %o1
    4894:	7f ff f8 aa 	call  2b3c <PointDistance>
    4898:	90 10 28 a4 	mov  0x8a4, %o0
    489c:	a0 10 00 08 	mov  %o0, %l0
    48a0:	90 10 28 a4 	mov  0x8a4, %o0
    48a4:	7f ff f8 a6 	call  2b3c <PointDistance>
    48a8:	92 10 28 a0 	mov  0x8a0, %o1
    48ac:	80 a4 00 08 	cmp  %l0, %o0
    48b0:	24 80 00 07 	ble,a   48cc <DoubleClick+0x170>
    48b4:	c2 00 25 48 	ld  [ 0x548 ], %g1
    48b8:	03 3c 00 3c 	sethi  %hi(0xf000f000), %g1
    48bc:	da 00 27 20 	ld  [ 0x720 ], %o5
    48c0:	82 2b 40 01 	andn  %o5, %g1, %g1
    48c4:	c2 20 28 a0 	st  %g1, [ 0x8a0 ]
    48c8:	c2 00 25 48 	ld  [ 0x548 ], %g1
    48cc:	80 88 60 40 	btst  0x40, %g1
    48d0:	22 80 00 07 	be,a   48ec <DoubleClick+0x190>
    48d4:	c2 00 25 14 	ld  [ 0x514 ], %g1
    48d8:	c2 00 28 a0 	ld  [ 0x8a0 ], %g1
    48dc:	1b 00 00 10 	sethi  %hi(0x4000), %o5
    48e0:	82 10 40 0d 	or  %g1, %o5, %g1
    48e4:	c2 20 28 a0 	st  %g1, [ 0x8a0 ]
    48e8:	c2 00 25 14 	ld  [ 0x514 ], %g1
    48ec:	80 a0 60 00 	cmp  %g1, 0
    48f0:	32 80 00 55 	bne,a   4a44 <DoubleClick+0x2e8>
    48f4:	c2 08 25 17 	ldub  [ 0x517 ], %g1
    48f8:	c2 00 25 78 	ld  [ 0x578 ], %g1
    48fc:	80 a0 60 00 	cmp  %g1, 0
    4900:	22 80 00 51 	be,a   4a44 <DoubleClick+0x2e8>
    4904:	c2 08 25 17 	ldub  [ 0x517 ], %g1
    4908:	96 10 20 03 	mov  3, %o3
    490c:	9b 2a e0 02 	sll  %o3, 2, %o5
    4910:	96 02 ff ff 	add  %o3, -1, %o3
    4914:	c2 03 68 ac 	ld  [ %o5 + 0x8ac ], %g1
    4918:	80 a2 e0 00 	cmp  %o3, 0
    491c:	14 bf ff fc 	bg  490c <DoubleClick+0x1b0>
    4920:	c2 23 68 b0 	st  %g1, [ %o5 + 0x8b0 ]
    4924:	c2 00 25 00 	ld  [ 0x500 ], %g1
    4928:	c2 20 28 b0 	st  %g1, [ 0x8b0 ]
    492c:	03 00 00 3f 	sethi  %hi(0xfc00), %g1
    4930:	92 10 63 ff 	or  %g1, 0x3ff, %o1	! ffff <_endtext+0x772f>
    4934:	96 10 20 00 	clr  %o3
    4938:	94 07 bf f8 	add  %fp, -8, %o2
    493c:	83 2a e0 02 	sll  %o3, 2, %g1
    4940:	d8 00 68 b4 	ld  [ %g1 + 0x8b4 ], %o4
    4944:	da 00 68 b0 	ld  [ %g1 + 0x8b0 ], %o5
    4948:	9a 23 40 0c 	sub  %o5, %o4, %o5
    494c:	9a 0b 40 09 	and  %o5, %o1, %o5
    4950:	96 02 e0 01 	inc  %o3
    4954:	82 00 40 0a 	add  %g1, %o2, %g1
    4958:	80 a2 e0 02 	cmp  %o3, 2
    495c:	04 bf ff f8 	ble  493c <DoubleClick+0x1e0>
    4960:	da 20 7f f0 	st  %o5, [ %g1 + -16 ]
    4964:	c2 00 28 a8 	ld  [ 0x8a8 ], %g1
    4968:	83 30 60 0e 	srl  %g1, 0xe, %g1
    496c:	80 88 60 01 	btst  1, %g1
    4970:	22 80 00 35 	be,a   4a44 <DoubleClick+0x2e8>
    4974:	c2 08 25 17 	ldub  [ 0x517 ], %g1
    4978:	c2 08 21 6a 	ldub  [ 0x16a ], %g1
    497c:	9b 28 60 04 	sll  %g1, 4, %o5
    4980:	c2 07 bf e8 	ld  [ %fp + -24 ], %g1
    4984:	80 a0 40 0d 	cmp  %g1, %o5
    4988:	38 80 00 2f 	bgu,a   4a44 <DoubleClick+0x2e8>
    498c:	c2 08 25 17 	ldub  [ 0x517 ], %g1
    4990:	c2 07 bf ec 	ld  [ %fp + -20 ], %g1
    4994:	80 a0 40 0d 	cmp  %g1, %o5
    4998:	38 80 00 2b 	bgu,a   4a44 <DoubleClick+0x2e8>
    499c:	c2 08 25 17 	ldub  [ 0x517 ], %g1
    49a0:	c2 07 bf f0 	ld  [ %fp + -16 ], %g1
    49a4:	80 a0 40 0d 	cmp  %g1, %o5
    49a8:	38 80 00 27 	bgu,a   4a44 <DoubleClick+0x2e8>
    49ac:	c2 08 25 17 	ldub  [ 0x517 ], %g1
    49b0:	90 10 28 a0 	mov  0x8a0, %o0
    49b4:	7f ff f8 62 	call  2b3c <PointDistance>
    49b8:	92 10 28 a4 	mov  0x8a4, %o1
    49bc:	03 00 00 04 	sethi  %hi(0x1000), %g1
    49c0:	80 a2 00 01 	cmp  %o0, %g1
    49c4:	34 80 00 20 	bg,a   4a44 <DoubleClick+0x2e8>
    49c8:	c2 08 25 17 	ldub  [ 0x517 ], %g1
    49cc:	90 10 28 a8 	mov  0x8a8, %o0
    49d0:	7f ff f8 5b 	call  2b3c <PointDistance>
    49d4:	92 10 28 ac 	mov  0x8ac, %o1
    49d8:	03 00 00 09 	sethi  %hi(0x2400), %g1
    49dc:	80 a2 00 01 	cmp  %o0, %g1
    49e0:	34 80 00 19 	bg,a   4a44 <DoubleClick+0x2e8>
    49e4:	c2 08 25 17 	ldub  [ 0x517 ], %g1
    49e8:	90 10 28 a4 	mov  0x8a4, %o0
    49ec:	7f ff f8 54 	call  2b3c <PointDistance>
    49f0:	92 10 28 ac 	mov  0x8ac, %o1
    49f4:	03 00 00 10 	sethi  %hi(0x4000), %g1
    49f8:	80 a2 00 01 	cmp  %o0, %g1
    49fc:	34 80 00 12 	bg,a   4a44 <DoubleClick+0x2e8>
    4a00:	c2 08 25 17 	ldub  [ 0x517 ], %g1
    4a04:	03 3f c1 80 	sethi  %hi(0xff060000), %g1
    4a08:	98 10 60 04 	or  %g1, 4, %o4	! ff060004 <RAM_END+0xbf060004>
    4a0c:	96 10 20 00 	clr  %o3
    4a10:	83 2a e0 02 	sll  %o3, 2, %g1
    4a14:	da 00 68 a0 	ld  [ %g1 + 0x8a0 ], %o5
    4a18:	da 20 40 0c 	st  %o5, [ %g1 + %o4 ]
    4a1c:	96 02 e0 01 	inc  %o3
    4a20:	80 a2 e0 07 	cmp  %o3, 7
    4a24:	04 bf ff fb 	ble  4a10 <DoubleClick+0x2b4>
    4a28:	c0 20 68 a0 	clr  [ %g1 + 0x8a0 ]
    4a2c:	da 08 21 6b 	ldub  [ 0x16b ], %o5
    4a30:	82 10 20 2a 	mov  0x2a, %g1
    4a34:	c2 20 27 14 	st  %g1, [ 0x714 ]
    4a38:	da 20 25 60 	st  %o5, [ 0x560 ]
    4a3c:	c0 20 27 10 	clr  [ 0x710 ]
    4a40:	c2 08 25 17 	ldub  [ 0x517 ], %g1
    4a44:	c2 20 25 78 	st  %g1, [ 0x578 ]
    4a48:	81 c7 e0 08 	ret 
    4a4c:	81 e8 00 00 	restore 

00004a50 <GesturePush>:
    4a50:	9d e3 bf 90 	save  %sp, -112, %sp
    4a54:	da 00 25 48 	ld  [ 0x548 ], %o5
    4a58:	83 33 60 10 	srl  %o5, 0x10, %g1
    4a5c:	80 88 60 01 	btst  1, %g1
    4a60:	02 80 00 71 	be  4c24 <GesturePush+0x1d4>
    4a64:	03 00 00 10 	sethi  %hi(0x4000), %g1
    4a68:	82 13 40 01 	or  %o5, %g1, %g1
    4a6c:	da 08 25 17 	ldub  [ 0x517 ], %o5
    4a70:	80 a3 60 00 	cmp  %o5, 0
    4a74:	02 80 00 06 	be  4a8c <GesturePush+0x3c>
    4a78:	c2 20 25 48 	st  %g1, [ 0x548 ]
    4a7c:	c2 00 25 58 	ld  [ 0x558 ], %g1
    4a80:	80 a0 60 01 	cmp  %g1, 1
    4a84:	38 80 00 1d 	bgu,a   4af8 <GesturePush+0xa8>
    4a88:	d2 00 27 10 	ld  [ 0x710 ], %o1
    4a8c:	c2 08 21 6d 	ldub  [ 0x16d ], %g1
    4a90:	da 00 27 08 	ld  [ 0x708 ], %o5
    4a94:	80 a3 40 01 	cmp  %o5, %g1
    4a98:	36 80 00 05 	bge,a   4aac <GesturePush+0x5c>
    4a9c:	c2 00 27 10 	ld  [ 0x710 ], %g1
    4aa0:	82 03 60 01 	add  %o5, 1, %g1
    4aa4:	10 80 00 60 	b  4c24 <GesturePush+0x1d4>
    4aa8:	c2 20 27 08 	st  %g1, [ 0x708 ]
    4aac:	80 a0 60 00 	cmp  %g1, 0
    4ab0:	02 80 00 5d 	be  4c24 <GesturePush+0x1d4>
    4ab4:	01 00 00 00 	nop 
    4ab8:	da 08 21 69 	ldub  [ 0x169 ], %o5
    4abc:	80 a3 60 00 	cmp  %o5, 0
    4ac0:	02 80 00 07 	be  4adc <GesturePush+0x8c>
    4ac4:	80 a0 60 03 	cmp  %g1, 3
    4ac8:	80 a0 40 0d 	cmp  %g1, %o5
    4acc:	16 80 00 07 	bge  4ae8 <GesturePush+0x98>
    4ad0:	82 10 3f ff 	mov  -1, %g1
    4ad4:	10 80 00 07 	b  4af0 <GesturePush+0xa0>
    4ad8:	c0 20 27 10 	clr  [ 0x710 ]
    4adc:	24 80 00 05 	ble,a   4af0 <GesturePush+0xa0>
    4ae0:	c0 20 27 10 	clr  [ 0x710 ]
    4ae4:	82 10 3f ff 	mov  -1, %g1
    4ae8:	10 80 00 4f 	b  4c24 <GesturePush+0x1d4>
    4aec:	c2 20 27 14 	st  %g1, [ 0x714 ]
    4af0:	10 80 00 4d 	b  4c24 <GesturePush+0x1d4>
    4af4:	c0 20 27 08 	clr  [ 0x708 ]
    4af8:	80 a2 60 00 	cmp  %o1, 0
    4afc:	06 80 00 4a 	bl  4c24 <GesturePush+0x1d4>
    4b00:	80 a3 60 01 	cmp  %o5, 1
    4b04:	12 80 00 1d 	bne  4b78 <GesturePush+0x128>
    4b08:	80 a3 60 02 	cmp  %o5, 2
    4b0c:	c2 00 27 08 	ld  [ 0x708 ], %g1
    4b10:	80 a0 60 00 	cmp  %g1, 0
    4b14:	34 80 00 02 	bg,a   4b1c <GesturePush+0xcc>
    4b18:	c0 20 27 08 	clr  [ 0x708 ]
    4b1c:	80 a2 60 5f 	cmp  %o1, 0x5f
    4b20:	14 80 00 41 	bg  4c24 <GesturePush+0x1d4>
    4b24:	80 a2 60 00 	cmp  %o1, 0
    4b28:	32 80 00 06 	bne,a   4b40 <GesturePush+0xf0>
    4b2c:	93 2a 60 02 	sll  %o1, 2, %o1
    4b30:	c2 00 27 20 	ld  [ 0x720 ], %g1
    4b34:	c2 20 28 60 	st  %g1, [ 0x860 ]
    4b38:	10 80 00 3b 	b  4c24 <GesturePush+0x1d4>
    4b3c:	da 20 27 10 	st  %o5, [ 0x710 ]
    4b40:	92 02 68 5c 	add  %o1, 0x85c, %o1
    4b44:	7f ff f7 fe 	call  2b3c <PointDistance>
    4b48:	90 10 27 20 	mov  0x720, %o0
    4b4c:	c2 08 21 6f 	ldub  [ 0x16f ], %g1
    4b50:	82 58 40 01 	smul  %g1, %g1, %g1
    4b54:	80 a2 00 01 	cmp  %o0, %g1
    4b58:	04 80 00 33 	ble  4c24 <GesturePush+0x1d4>
    4b5c:	01 00 00 00 	nop 
    4b60:	c2 00 27 10 	ld  [ 0x710 ], %g1
    4b64:	99 28 60 02 	sll  %g1, 2, %o4
    4b68:	da 00 27 20 	ld  [ 0x720 ], %o5
    4b6c:	da 23 28 60 	st  %o5, [ %o4 + 0x860 ]
    4b70:	10 80 00 2c 	b  4c20 <GesturePush+0x1d0>
    4b74:	82 00 60 01 	inc  %g1
    4b78:	12 80 00 2a 	bne  4c20 <GesturePush+0x1d0>
    4b7c:	82 10 3f ff 	mov  -1, %g1
    4b80:	80 a2 60 5f 	cmp  %o1, 0x5f
    4b84:	14 80 00 28 	bg  4c24 <GesturePush+0x1d4>
    4b88:	19 3f ff c3 	sethi  %hi(0xffff0c00), %o4
    4b8c:	98 13 23 ff 	or  %o4, 0x3ff, %o4	! ffff0fff <RAM_END+0xbfff0fff>
    4b90:	da 00 27 20 	ld  [ 0x720 ], %o5
    4b94:	82 10 3f ff 	mov  -1, %g1
    4b98:	c2 20 27 08 	st  %g1, [ 0x708 ]
    4b9c:	9a 0b 40 0c 	and  %o5, %o4, %o5
    4ba0:	da 27 bf f4 	st  %o5, [ %fp + -12 ]
    4ba4:	c2 00 27 24 	ld  [ 0x724 ], %g1
    4ba8:	82 08 40 0c 	and  %g1, %o4, %g1
    4bac:	9a 03 40 01 	add  %o5, %g1, %o5
    4bb0:	9b 33 60 01 	srl  %o5, 1, %o5
    4bb4:	9a 0b 40 0c 	and  %o5, %o4, %o5
    4bb8:	da 27 bf f4 	st  %o5, [ %fp + -12 ]
    4bbc:	d2 00 27 10 	ld  [ 0x710 ], %o1
    4bc0:	80 a2 60 00 	cmp  %o1, 0
    4bc4:	12 80 00 06 	bne  4bdc <GesturePush+0x18c>
    4bc8:	03 00 00 08 	sethi  %hi(0x2000), %g1
    4bcc:	82 13 40 01 	or  %o5, %g1, %g1
    4bd0:	c2 20 28 60 	st  %g1, [ 0x860 ]
    4bd4:	10 80 00 13 	b  4c20 <GesturePush+0x1d0>
    4bd8:	82 10 20 01 	mov  1, %g1
    4bdc:	93 2a 60 02 	sll  %o1, 2, %o1
    4be0:	92 02 68 5c 	add  %o1, 0x85c, %o1
    4be4:	7f ff f7 d6 	call  2b3c <PointDistance>
    4be8:	90 07 bf f4 	add  %fp, -12, %o0
    4bec:	c2 08 21 6f 	ldub  [ 0x16f ], %g1
    4bf0:	82 58 40 01 	smul  %g1, %g1, %g1
    4bf4:	80 a2 00 01 	cmp  %o0, %g1
    4bf8:	04 80 00 0b 	ble  4c24 <GesturePush+0x1d4>
    4bfc:	c2 07 bf f4 	ld  [ %fp + -12 ], %g1
    4c00:	1b 00 00 08 	sethi  %hi(0x2000), %o5
    4c04:	d8 00 27 10 	ld  [ 0x710 ], %o4
    4c08:	82 10 40 0d 	or  %g1, %o5, %g1
    4c0c:	9b 2b 20 02 	sll  %o4, 2, %o5
    4c10:	c2 23 68 60 	st  %g1, [ %o5 + 0x860 ]
    4c14:	98 03 20 01 	inc  %o4
    4c18:	10 80 00 03 	b  4c24 <GesturePush+0x1d4>
    4c1c:	d8 20 27 10 	st  %o4, [ 0x710 ]
    4c20:	c2 20 27 10 	st  %g1, [ 0x710 ]
    4c24:	81 c7 e0 08 	ret 
    4c28:	81 e8 00 00 	restore 

00004c2c <GestureResetDead>:
    4c2c:	9d e3 bf 98 	save  %sp, -104, %sp
    4c30:	c2 10 25 48 	lduh  [ 0x548 ], %g1
    4c34:	80 88 60 01 	btst  1, %g1
    4c38:	02 80 00 56 	be  4d90 <GestureResetDead+0x164>
    4c3c:	a8 10 20 00 	clr  %l4
    4c40:	c2 00 23 e8 	ld  [ 0x3e8 ], %g1
    4c44:	80 a0 60 00 	cmp  %g1, 0
    4c48:	02 80 00 52 	be  4d90 <GestureResetDead+0x164>
    4c4c:	a4 10 20 01 	mov  1, %l2
    4c50:	a2 10 20 08 	mov  8, %l1
    4c54:	c2 04 67 40 	ld  [ %l1 + 0x740 ], %g1
    4c58:	80 a0 60 00 	cmp  %g1, 0
    4c5c:	22 80 00 2d 	be,a   4d10 <GestureResetDead+0xe4>
    4c60:	a4 04 a0 01 	inc  %l2
    4c64:	a0 10 20 00 	clr  %l0
    4c68:	c2 00 25 14 	ld  [ 0x514 ], %g1
    4c6c:	80 a4 00 01 	cmp  %l0, %g1
    4c70:	a6 10 20 00 	clr  %l3
    4c74:	1a 80 00 13 	bcc  4cc0 <GestureResetDead+0x94>
    4c78:	83 2c 20 02 	sll  %l0, 2, %g1
    4c7c:	92 00 67 20 	add  %g1, 0x720, %o1
    4c80:	c2 00 67 20 	ld  [ %g1 + 0x720 ], %g1
    4c84:	90 04 67 40 	add  %l1, 0x740, %o0
    4c88:	80 a0 60 00 	cmp  %g1, 0
    4c8c:	02 80 00 0a 	be  4cb4 <GestureResetDead+0x88>
    4c90:	a0 04 20 01 	inc  %l0
    4c94:	7f ff f7 aa 	call  2b3c <PointDistance>
    4c98:	01 00 00 00 	nop 
    4c9c:	82 10 20 01 	mov  1, %g1	! 1 <PROM_START+0x1>
    4ca0:	9b 28 40 12 	sll  %g1, %l2, %o5
    4ca4:	c2 00 23 e8 	ld  [ 0x3e8 ], %g1
    4ca8:	80 a2 00 01 	cmp  %o0, %g1
    4cac:	2a 80 00 02 	bcs,a   4cb4 <GestureResetDead+0x88>
    4cb0:	a6 14 c0 0d 	or  %l3, %o5, %l3
    4cb4:	c2 00 25 14 	ld  [ 0x514 ], %g1
    4cb8:	10 bf ff ef 	b  4c74 <GestureResetDead+0x48>
    4cbc:	80 a4 00 01 	cmp  %l0, %g1
    4cc0:	80 a4 e0 00 	cmp  %l3, 0
    4cc4:	12 80 00 05 	bne  4cd8 <GestureResetDead+0xac>
    4cc8:	a8 15 00 13 	or  %l4, %l3, %l4
    4ccc:	c0 24 67 40 	clr  [ %l1 + 0x740 ]
    4cd0:	10 80 00 0f 	b  4d0c <GestureResetDead+0xe0>
    4cd4:	c0 24 67 44 	clr  [ %l1 + 0x744 ]
    4cd8:	c2 14 67 46 	lduh  [ %l1 + 0x746 ], %g1
    4cdc:	80 a0 60 00 	cmp  %g1, 0
    4ce0:	02 80 00 0a 	be  4d08 <GestureResetDead+0xdc>
    4ce4:	82 10 3f ff 	mov  -1, %g1
    4ce8:	c2 04 67 44 	ld  [ %l1 + 0x744 ], %g1
    4cec:	82 00 7f ff 	add  %g1, -1, %g1
    4cf0:	c2 24 67 44 	st  %g1, [ %l1 + 0x744 ]
    4cf4:	c2 14 67 46 	lduh  [ %l1 + 0x746 ], %g1
    4cf8:	80 a0 60 00 	cmp  %g1, 0
    4cfc:	32 80 00 05 	bne,a   4d10 <GestureResetDead+0xe4>
    4d00:	a4 04 a0 01 	inc  %l2
    4d04:	82 10 3f ff 	mov  -1, %g1
    4d08:	c2 20 27 10 	st  %g1, [ 0x710 ]
    4d0c:	a4 04 a0 01 	inc  %l2
    4d10:	80 a4 a0 13 	cmp  %l2, 0x13
    4d14:	04 bf ff d0 	ble  4c54 <GestureResetDead+0x28>
    4d18:	a2 04 60 08 	add  %l1, 8, %l1
    4d1c:	a4 10 20 00 	clr  %l2
    4d20:	c2 00 25 14 	ld  [ 0x514 ], %g1
    4d24:	80 a4 80 01 	cmp  %l2, %g1
    4d28:	1a 80 00 1a 	bcc  4d90 <GestureResetDead+0x164>
    4d2c:	96 10 20 01 	mov  1, %o3
    4d30:	83 2a c0 12 	sll  %o3, %l2, %g1
    4d34:	80 8d 00 01 	btst  %l4, %g1
    4d38:	32 80 00 12 	bne,a   4d80 <GestureResetDead+0x154>
    4d3c:	a4 04 a0 01 	inc  %l2
    4d40:	a0 10 20 01 	mov  1, %l0
    4d44:	99 2c a0 02 	sll  %l2, 2, %o4
    4d48:	9b 2c 20 03 	sll  %l0, 3, %o5
    4d4c:	c2 03 67 40 	ld  [ %o5 + 0x740 ], %g1
    4d50:	80 a0 60 00 	cmp  %g1, 0
    4d54:	12 80 00 07 	bne  4d70 <GestureResetDead+0x144>
    4d58:	a0 04 20 01 	inc  %l0
    4d5c:	c2 03 27 20 	ld  [ %o4 + 0x720 ], %g1
    4d60:	c2 23 67 40 	st  %g1, [ %o5 + 0x740 ]
    4d64:	c2 00 23 ec 	ld  [ 0x3ec ], %g1
    4d68:	10 80 00 05 	b  4d7c <GestureResetDead+0x150>
    4d6c:	c2 23 67 44 	st  %g1, [ %o5 + 0x744 ]
    4d70:	80 a4 20 13 	cmp  %l0, 0x13
    4d74:	04 bf ff f6 	ble  4d4c <GestureResetDead+0x120>
    4d78:	9b 2c 20 03 	sll  %l0, 3, %o5
    4d7c:	a4 04 a0 01 	inc  %l2
    4d80:	c2 00 25 14 	ld  [ 0x514 ], %g1
    4d84:	80 a4 80 01 	cmp  %l2, %g1
    4d88:	0a bf ff eb 	bcs  4d34 <GestureResetDead+0x108>
    4d8c:	83 2a c0 12 	sll  %o3, %l2, %g1
    4d90:	81 c7 e0 08 	ret 
    4d94:	81 e8 00 00 	restore 

00004d98 <GestureInterrupt>:
    4d98:	9d e3 bf 98 	save  %sp, -104, %sp
    4d9c:	da 00 27 14 	ld  [ 0x714 ], %o5
    4da0:	80 a3 60 00 	cmp  %o5, 0
    4da4:	36 80 00 15 	bge,a   4df8 <GestureInterrupt+0x60>
    4da8:	c2 00 25 48 	ld  [ 0x548 ], %g1
    4dac:	19 3f c1 80 	sethi  %hi(0xff060000), %o4
    4db0:	da 00 22 08 	ld  [ 0x208 ], %o5
    4db4:	d2 08 21 6b 	ldub  [ 0x16b ], %o1
    4db8:	82 10 28 60 	mov  0x860, %g1
    4dbc:	96 13 20 04 	or  %o4, 4, %o3
    4dc0:	c2 22 c0 00 	st  %g1, [ %o3 ]
    4dc4:	c2 00 27 10 	ld  [ 0x710 ], %g1
    4dc8:	94 13 20 08 	or  %o4, 8, %o2
    4dcc:	c2 22 80 00 	st  %g1, [ %o2 ]
    4dd0:	03 16 c0 20 	sethi  %hi(0x5b008000), %g1
    4dd4:	82 10 60 02 	or  %g1, 2, %g1	! 5b008002 <RAM_END+0x1b008002>
    4dd8:	c2 23 00 00 	st  %g1, [ %o4 ]
    4ddc:	9a 03 60 01 	inc  %o5
    4de0:	82 10 20 01 	mov  1, %g1
    4de4:	da 20 25 58 	st  %o5, [ 0x558 ]
    4de8:	d2 20 25 60 	st  %o1, [ 0x560 ]
    4dec:	c2 20 27 14 	st  %g1, [ 0x714 ]
    4df0:	10 80 00 14 	b  4e40 <GestureInterrupt+0xa8>
    4df4:	c0 20 27 10 	clr  [ 0x710 ]
    4df8:	83 30 60 0e 	srl  %g1, 0xe, %g1
    4dfc:	80 88 60 01 	btst  1, %g1
    4e00:	22 80 00 11 	be,a   4e44 <GestureInterrupt+0xac>
    4e04:	d8 00 25 48 	ld  [ 0x548 ], %o4
    4e08:	c2 00 25 60 	ld  [ 0x560 ], %g1
    4e0c:	80 a0 60 00 	cmp  %g1, 0
    4e10:	22 80 00 0d 	be,a   4e44 <GestureInterrupt+0xac>
    4e14:	d8 00 25 48 	ld  [ 0x548 ], %o4
    4e18:	80 a3 60 01 	cmp  %o5, 1
    4e1c:	24 80 00 0a 	ble,a   4e44 <GestureInterrupt+0xac>
    4e20:	d8 00 25 48 	ld  [ 0x548 ], %o4
    4e24:	83 2b 60 10 	sll  %o5, 0x10, %g1
    4e28:	1b 16 80 20 	sethi  %hi(0x5a008000), %o5
    4e2c:	82 10 40 0d 	or  %g1, %o5, %g1
    4e30:	1b 3f c1 80 	sethi  %hi(0xff060000), %o5
    4e34:	c2 23 40 00 	st  %g1, [ %o5 ]
    4e38:	c2 00 22 08 	ld  [ 0x208 ], %g1
    4e3c:	c2 20 25 58 	st  %g1, [ 0x558 ]
    4e40:	d8 00 25 48 	ld  [ 0x548 ], %o4
    4e44:	83 33 20 0e 	srl  %o4, 0xe, %g1
    4e48:	80 88 60 01 	btst  1, %g1
    4e4c:	22 80 00 07 	be,a   4e68 <GestureInterrupt+0xd0>
    4e50:	c2 10 25 16 	lduh  [ 0x516 ], %g1
    4e54:	c2 00 27 14 	ld  [ 0x714 ], %g1
    4e58:	80 a0 60 00 	cmp  %g1, 0
    4e5c:	22 80 00 29 	be,a   4f00 <GestureInterrupt+0x168>
    4e60:	da 00 25 48 	ld  [ 0x548 ], %o5
    4e64:	c2 10 25 16 	lduh  [ 0x516 ], %g1
    4e68:	80 a0 60 00 	cmp  %g1, 0
    4e6c:	02 80 00 06 	be  4e84 <GestureInterrupt+0xec>
    4e70:	9b 33 20 02 	srl  %o4, 2, %o5
    4e74:	80 8b 20 04 	btst  4, %o4
    4e78:	02 80 00 09 	be  4e9c <GestureInterrupt+0x104>
    4e7c:	83 33 20 0e 	srl  %o4, 0xe, %g1
    4e80:	9b 33 20 02 	srl  %o4, 2, %o5
    4e84:	83 33 20 03 	srl  %o4, 3, %g1
    4e88:	9a 0b 60 01 	and  %o5, 1, %o5
    4e8c:	82 08 60 01 	and  %g1, 1, %g1
    4e90:	80 a3 40 01 	cmp  %o5, %g1
    4e94:	02 80 00 0b 	be  4ec0 <GestureInterrupt+0x128>
    4e98:	83 33 20 0e 	srl  %o4, 0xe, %g1
    4e9c:	80 88 60 01 	btst  1, %g1
    4ea0:	32 80 00 09 	bne,a   4ec4 <GestureInterrupt+0x12c>
    4ea4:	c2 00 25 60 	ld  [ 0x560 ], %g1
    4ea8:	c2 00 23 1c 	ld  [ 0x31c ], %g1
    4eac:	80 a0 60 00 	cmp  %g1, 0
    4eb0:	22 80 00 08 	be,a   4ed0 <GestureInterrupt+0x138>
    4eb4:	82 10 20 14 	mov  0x14, %g1
    4eb8:	10 80 00 06 	b  4ed0 <GestureInterrupt+0x138>
    4ebc:	82 10 20 05 	mov  5, %g1
    4ec0:	c2 00 25 60 	ld  [ 0x560 ], %g1
    4ec4:	80 a0 60 00 	cmp  %g1, 0
    4ec8:	02 80 00 07 	be  4ee4 <GestureInterrupt+0x14c>
    4ecc:	82 00 7f ff 	add  %g1, -1, %g1
    4ed0:	c2 20 25 60 	st  %g1, [ 0x560 ]
    4ed4:	7f ff f7 90 	call  2d14 <InterruptOut>
    4ed8:	90 10 20 01 	mov  1, %o0
    4edc:	10 80 00 09 	b  4f00 <GestureInterrupt+0x168>
    4ee0:	da 00 25 48 	ld  [ 0x548 ], %o5
    4ee4:	7f ff f7 8c 	call  2d14 <InterruptOut>
    4ee8:	90 10 20 00 	clr  %o0
    4eec:	03 3f c1 80 	sethi  %hi(0xff060000), %g1
    4ef0:	c0 20 40 00 	clr  [ %g1 ]
    4ef4:	c0 20 27 14 	clr  [ 0x714 ]
    4ef8:	c0 20 27 10 	clr  [ 0x710 ]
    4efc:	da 00 25 48 	ld  [ 0x548 ], %o5
    4f00:	82 03 40 0d 	add  %o5, %o5, %g1
    4f04:	82 08 60 08 	and  %g1, 8, %g1
    4f08:	9a 0b 7f f7 	and  %o5, -9, %o5
    4f0c:	9a 13 40 01 	or  %o5, %g1, %o5
    4f10:	03 00 00 10 	sethi  %hi(0x4000), %g1
    4f14:	82 2b 40 01 	andn  %o5, %g1, %g1
    4f18:	9b 30 60 10 	srl  %g1, 0x10, %o5
    4f1c:	80 8b 60 01 	btst  1, %o5
    4f20:	12 80 00 04 	bne  4f30 <GestureInterrupt+0x198>
    4f24:	c2 20 25 48 	st  %g1, [ 0x548 ]
    4f28:	7f ff f2 9d 	call  199c <SetSensorSwitch>
    4f2c:	91 e8 20 01 	restore  %g0, 1, %o0
    4f30:	01 00 00 00 	nop 
    4f34:	81 c7 e0 08 	ret 
    4f38:	81 e8 00 00 	restore 

00004f3c <CheckNone>:
    4f3c:	03 16 96 96 	sethi  %hi(0x5a5a5800), %g1
    4f40:	da 00 21 80 	ld  [ 0x180 ], %o5
    4f44:	82 10 62 5a 	or  %g1, 0x25a, %g1
    4f48:	80 a3 40 01 	cmp  %o5, %g1
    4f4c:	94 10 20 00 	clr  %o2
    4f50:	12 80 00 06 	bne  4f68 <CheckNone+0x2c>
    4f54:	96 10 20 00 	clr  %o3
    4f58:	03 3f c1 80 	sethi  %hi(0xff060000), %g1
    4f5c:	82 10 60 30 	or  %g1, 0x30, %g1	! ff060030 <RAM_END+0xbf060030>
    4f60:	10 80 00 20 	b  4fe0 <CheckNone+0xa4>
    4f64:	da 20 40 00 	st  %o5, [ %g1 ]
    4f68:	c2 02 c0 00 	ld  [ %o3 ], %g1
    4f6c:	96 02 e0 04 	add  %o3, 4, %o3
    4f70:	80 a2 e4 ff 	cmp  %o3, 0x4ff
    4f74:	08 bf ff fd 	bleu  4f68 <CheckNone+0x2c>
    4f78:	94 02 80 01 	add  %o2, %g1, %o2
    4f7c:	96 10 2d 00 	mov  0xd00, %o3
    4f80:	d2 00 2f f8 	ld  [ 0xff8 ], %o1
    4f84:	03 00 00 19 	sethi  %hi(0x6400), %g1
    4f88:	80 a2 c0 09 	cmp  %o3, %o1
    4f8c:	1a 80 00 0b 	bcc  4fb8 <CheckNone+0x7c>
    4f90:	90 10 63 ff 	or  %g1, 0x3ff, %o0
    4f94:	d8 02 c0 00 	ld  [ %o3 ], %o4
    4f98:	96 02 e0 04 	add  %o3, 4, %o3
    4f9c:	80 a2 c0 09 	cmp  %o3, %o1
    4fa0:	9a 40 20 00 	addx  %g0, 0, %o5
    4fa4:	80 a2 00 0b 	cmp  %o0, %o3
    4fa8:	82 60 3f ff 	subx  %g0, -1, %g1
    4fac:	80 8b 40 01 	btst  %o5, %g1
    4fb0:	12 bf ff f9 	bne  4f94 <CheckNone+0x58>
    4fb4:	94 02 80 0c 	add  %o2, %o4, %o2
    4fb8:	03 16 96 96 	sethi  %hi(0x5a5a5800), %g1
    4fbc:	82 10 62 5a 	or  %g1, 0x25a, %g1	! 5a5a5a5a <RAM_END+0x1a5a5a5a>
    4fc0:	80 a2 80 01 	cmp  %o2, %g1
    4fc4:	03 3f c1 80 	sethi  %hi(0xff060000), %g1
    4fc8:	82 10 60 30 	or  %g1, 0x30, %g1	! ff060030 <RAM_END+0xbf060030>
    4fcc:	02 80 00 05 	be  4fe0 <CheckNone+0xa4>
    4fd0:	d4 20 40 00 	st  %o2, [ %g1 ]
    4fd4:	03 00 00 0b 	sethi  %hi(0x2c00), %g1
    4fd8:	81 c0 61 14 	jmp  %g1 + 0x114	! 2d14 <InterruptOut>
    4fdc:	90 10 20 01 	mov  1, %o0
    4fe0:	01 00 00 00 	nop 
    4fe4:	81 c3 e0 08 	retl 
    4fe8:	01 00 00 00 	nop 

00004fec <Water_Proof_HW>:
    4fec:	9d e3 bf 98 	save  %sp, -104, %sp
    4ff0:	d8 08 22 b4 	ldub  [ 0x2b4 ], %o4
    4ff4:	80 a3 20 00 	cmp  %o4, 0
    4ff8:	02 80 00 38 	be  50d8 <Water_Proof_HW+0xec>
    4ffc:	21 00 00 17 	sethi  %hi(0x5c00), %l0
    5000:	82 14 22 64 	or  %l0, 0x264, %g1	! 5e64 <PointNumOverflowHrz+0x8>
    5004:	c2 00 40 00 	ld  [ %g1 ], %g1
    5008:	80 a0 60 00 	cmp  %g1, 0
    500c:	12 80 00 1c 	bne  507c <Water_Proof_HW+0x90>
    5010:	9a 14 22 68 	or  %l0, 0x268, %o5
    5014:	c2 03 40 00 	ld  [ %o5 ], %g1
    5018:	82 00 60 01 	inc  %g1
    501c:	c2 23 40 00 	st  %g1, [ %o5 ]
    5020:	c2 00 25 14 	ld  [ 0x514 ], %g1
    5024:	80 a0 60 00 	cmp  %g1, 0
    5028:	22 80 00 05 	be,a   503c <Water_Proof_HW+0x50>
    502c:	c2 03 40 00 	ld  [ %o5 ], %g1
    5030:	82 10 3f f6 	mov  -10, %g1
    5034:	c2 23 40 00 	st  %g1, [ %o5 ]
    5038:	c2 03 40 00 	ld  [ %o5 ], %g1
    503c:	80 a0 40 0c 	cmp  %g1, %o4
    5040:	26 80 00 05 	bl,a   5054 <Water_Proof_HW+0x68>
    5044:	9a 14 22 6c 	or  %l0, 0x26c, %o5
    5048:	7f ff f4 3d 	call  213c <water_mode_change>
    504c:	c0 23 40 00 	clr  [ %o5 ]
    5050:	9a 14 22 6c 	or  %l0, 0x26c, %o5
    5054:	c2 03 40 00 	ld  [ %o5 ], %g1
    5058:	80 a0 60 01 	cmp  %g1, 1
    505c:	12 80 00 1f 	bne  50d8 <Water_Proof_HW+0xec>
    5060:	01 00 00 00 	nop 
    5064:	c2 00 25 14 	ld  [ 0x514 ], %g1
    5068:	80 a0 60 00 	cmp  %g1, 0
    506c:	12 80 00 1b 	bne  50d8 <Water_Proof_HW+0xec>
    5070:	82 10 20 02 	mov  2, %g1
    5074:	10 80 00 19 	b  50d8 <Water_Proof_HW+0xec>
    5078:	c2 23 40 00 	st  %g1, [ %o5 ]
    507c:	7f ff f4 30 	call  213c <water_mode_change>
    5080:	01 00 00 00 	nop 
    5084:	9a 14 22 6c 	or  %l0, 0x26c, %o5
    5088:	c2 03 40 00 	ld  [ %o5 ], %g1
    508c:	80 a0 60 00 	cmp  %g1, 0
    5090:	12 80 00 08 	bne  50b0 <Water_Proof_HW+0xc4>
    5094:	c2 00 25 14 	ld  [ 0x514 ], %g1
    5098:	80 a0 60 00 	cmp  %g1, 0
    509c:	02 80 00 09 	be  50c0 <Water_Proof_HW+0xd4>
    50a0:	03 00 00 17 	sethi  %hi(0x5c00), %g1
    50a4:	82 10 20 01 	mov  1, %g1
    50a8:	c2 23 40 00 	st  %g1, [ %o5 ]
    50ac:	c2 00 25 14 	ld  [ 0x514 ], %g1
    50b0:	80 a0 60 00 	cmp  %g1, 0
    50b4:	12 80 00 08 	bne  50d4 <Water_Proof_HW+0xe8>
    50b8:	82 10 20 01 	mov  1, %g1
    50bc:	03 00 00 17 	sethi  %hi(0x5c00), %g1
    50c0:	9a 10 62 70 	or  %g1, 0x270, %o5	! 5e70 <PointNumOverflowHrz+0x14>
    50c4:	82 10 62 6c 	or  %g1, 0x26c, %g1
    50c8:	c0 20 40 00 	clr  [ %g1 ]
    50cc:	c0 23 40 00 	clr  [ %o5 ]
    50d0:	82 10 20 01 	mov  1, %g1
    50d4:	c2 20 25 84 	st  %g1, [ 0x584 ]
    50d8:	81 c7 e0 08 	ret 
    50dc:	81 e8 00 00 	restore 

000050e0 <PointReport>:
    50e0:	9d e3 bf 98 	save  %sp, -104, %sp
    50e4:	7f ff f3 ab 	call  1f90 <press_deal>
    50e8:	01 00 00 00 	nop 
    50ec:	03 00 00 15 	sethi  %hi(0x5400), %g1
    50f0:	82 10 63 68 	or  %g1, 0x368, %g1	! 5768 <EsdCheck+0xdc>
    50f4:	c2 00 40 00 	ld  [ %g1 ], %g1
    50f8:	80 a0 60 01 	cmp  %g1, 1
    50fc:	22 80 00 02 	be,a   5104 <PointReport+0x24>
    5100:	c0 20 25 14 	clr  [ 0x514 ]
    5104:	da 00 25 48 	ld  [ 0x548 ], %o5
    5108:	80 8b 60 40 	btst  0x40, %o5
    510c:	32 80 00 0b 	bne,a   5138 <PointReport+0x58>
    5110:	c2 00 22 80 	ld  [ 0x280 ], %g1
    5114:	c2 00 27 04 	ld  [ 0x704 ], %g1
    5118:	80 a0 60 00 	cmp  %g1, 0
    511c:	04 80 00 03 	ble  5128 <PointReport+0x48>
    5120:	82 00 7f ff 	add  %g1, -1, %g1
    5124:	c2 20 27 04 	st  %g1, [ 0x704 ]
    5128:	80 8b 60 40 	btst  0x40, %o5
    512c:	02 80 00 05 	be  5140 <PointReport+0x60>
    5130:	83 33 60 0e 	srl  %o5, 0xe, %g1
    5134:	c2 00 22 80 	ld  [ 0x280 ], %g1
    5138:	c2 20 27 04 	st  %g1, [ 0x704 ]
    513c:	83 33 60 0e 	srl  %o5, 0xe, %g1
    5140:	80 88 60 01 	btst  1, %g1
    5144:	12 80 00 56 	bne  529c <PointReport+0x1bc>
    5148:	98 10 20 00 	clr  %o4
    514c:	c2 00 25 14 	ld  [ 0x514 ], %g1
    5150:	80 a3 00 01 	cmp  %o4, %g1
    5154:	1a 80 00 0b 	bcc  5180 <PointReport+0xa0>
    5158:	03 3f c1 80 	sethi  %hi(0xff060000), %g1
    515c:	96 10 60 04 	or  %g1, 4, %o3	! ff060004 <RAM_END+0xbf060004>
    5160:	83 2b 20 02 	sll  %o4, 2, %g1
    5164:	da 00 67 20 	ld  [ %g1 + 0x720 ], %o5
    5168:	da 20 40 0b 	st  %o5, [ %g1 + %o3 ]
    516c:	98 03 20 01 	inc  %o4
    5170:	c2 00 25 14 	ld  [ 0x514 ], %g1
    5174:	80 a3 00 01 	cmp  %o4, %g1
    5178:	0a bf ff fb 	bcs  5164 <PointReport+0x84>
    517c:	83 2b 20 02 	sll  %o4, 2, %g1
    5180:	da 00 25 4c 	ld  [ 0x54c ], %o5
    5184:	80 8b 60 01 	btst  1, %o5
    5188:	32 80 00 08 	bne,a   51a8 <PointReport+0xc8>
    518c:	c2 08 25 4e 	ldub  [ 0x54e ], %g1
    5190:	c2 00 25 14 	ld  [ 0x514 ], %g1
    5194:	9a 13 60 01 	or  %o5, 1, %o5
    5198:	82 10 61 00 	or  %g1, 0x100, %g1
    519c:	da 20 25 4c 	st  %o5, [ 0x54c ]
    51a0:	c2 20 25 14 	st  %g1, [ 0x514 ]
    51a4:	c2 08 25 4e 	ldub  [ 0x54e ], %g1
    51a8:	80 a0 60 00 	cmp  %g1, 0
    51ac:	32 80 00 0b 	bne,a   51d8 <PointReport+0xf8>
    51b0:	d8 00 23 c8 	ld  [ 0x3c8 ], %o4
    51b4:	c2 00 23 c8 	ld  [ 0x3c8 ], %g1
    51b8:	83 30 60 16 	srl  %g1, 0x16, %g1
    51bc:	80 88 60 01 	btst  1, %g1
    51c0:	22 80 00 06 	be,a   51d8 <PointReport+0xf8>
    51c4:	d8 00 23 c8 	ld  [ 0x3c8 ], %o4
    51c8:	c2 00 25 14 	ld  [ 0x514 ], %g1
    51cc:	82 10 62 00 	or  %g1, 0x200, %g1
    51d0:	c2 20 25 14 	st  %g1, [ 0x514 ]
    51d4:	d8 00 23 c8 	ld  [ 0x3c8 ], %o4
    51d8:	83 33 20 0c 	srl  %o4, 0xc, %g1
    51dc:	80 88 60 01 	btst  1, %g1
    51e0:	12 80 00 0f 	bne  521c <PointReport+0x13c>
    51e4:	c2 08 25 17 	ldub  [ 0x517 ], %g1
    51e8:	80 a0 60 00 	cmp  %g1, 0
    51ec:	32 80 00 07 	bne,a   5208 <PointReport+0x128>
    51f0:	da 00 25 00 	ld  [ 0x500 ], %o5
    51f4:	c2 00 25 60 	ld  [ 0x560 ], %g1
    51f8:	80 a0 60 00 	cmp  %g1, 0
    51fc:	22 80 00 08 	be,a   521c <PointReport+0x13c>
    5200:	c2 08 25 17 	ldub  [ 0x517 ], %g1
    5204:	da 00 25 00 	ld  [ 0x500 ], %o5
    5208:	c2 00 25 14 	ld  [ 0x514 ], %g1
    520c:	9b 2b 60 10 	sll  %o5, 0x10, %o5
    5210:	82 10 40 0d 	or  %g1, %o5, %g1
    5214:	c2 20 25 14 	st  %g1, [ 0x514 ]
    5218:	c2 08 25 17 	ldub  [ 0x517 ], %g1
    521c:	80 a0 60 00 	cmp  %g1, 0
    5220:	22 80 00 10 	be,a   5260 <PointReport+0x180>
    5224:	c2 00 25 74 	ld  [ 0x574 ], %g1
    5228:	c2 00 25 48 	ld  [ 0x548 ], %g1
    522c:	80 88 68 00 	btst  0x800, %g1
    5230:	02 80 00 05 	be  5244 <PointReport+0x164>
    5234:	80 a3 20 00 	cmp  %o4, 0
    5238:	c2 00 25 14 	ld  [ 0x514 ], %g1
    523c:	82 10 64 00 	or  %g1, 0x400, %g1
    5240:	c2 20 25 14 	st  %g1, [ 0x514 ]
    5244:	36 80 00 07 	bge,a   5260 <PointReport+0x180>
    5248:	c2 00 25 74 	ld  [ 0x574 ], %g1
    524c:	c2 00 25 14 	ld  [ 0x514 ], %g1
    5250:	1b 00 00 04 	sethi  %hi(0x1000), %o5
    5254:	82 10 40 0d 	or  %g1, %o5, %g1
    5258:	c2 20 25 14 	st  %g1, [ 0x514 ]
    525c:	c2 00 25 74 	ld  [ 0x574 ], %g1
    5260:	80 a0 60 00 	cmp  %g1, 0
    5264:	22 80 00 0c 	be,a   5294 <PointReport+0x1b4>
    5268:	da 00 25 14 	ld  [ 0x514 ], %o5
    526c:	82 00 7f ff 	add  %g1, -1, %g1
    5270:	da 08 25 17 	ldub  [ 0x517 ], %o5
    5274:	80 a3 60 00 	cmp  %o5, 0
    5278:	02 80 00 06 	be  5290 <PointReport+0x1b0>
    527c:	c2 20 25 74 	st  %g1, [ 0x574 ]
    5280:	c2 00 25 14 	ld  [ 0x514 ], %g1
    5284:	1b 00 00 08 	sethi  %hi(0x2000), %o5
    5288:	82 10 40 0d 	or  %g1, %o5, %g1
    528c:	c2 20 25 14 	st  %g1, [ 0x514 ]
    5290:	da 00 25 14 	ld  [ 0x514 ], %o5
    5294:	03 3f c1 80 	sethi  %hi(0xff060000), %g1
    5298:	da 20 40 00 	st  %o5, [ %g1 ]
    529c:	81 c7 e0 08 	ret 
    52a0:	81 e8 00 00 	restore 

000052a4 <ResetCheck>:
    52a4:	9d e3 bf 98 	save  %sp, -104, %sp
    52a8:	7f ff f3 d6 	call  2200 <PointNumSure>
    52ac:	01 00 00 00 	nop 
    52b0:	c2 08 25 4d 	ldub  [ 0x54d ], %g1
    52b4:	80 a0 60 00 	cmp  %g1, 0
    52b8:	02 80 00 19 	be  531c <ResetCheck+0x78>
    52bc:	03 3f c1 80 	sethi  %hi(0xff060000), %g1
    52c0:	c0 20 40 00 	clr  [ %g1 ]
    52c4:	b0 10 20 02 	mov  2, %i0
    52c8:	7f ff f6 93 	call  2d14 <InterruptOut>
    52cc:	90 10 20 01 	mov  1, %o0
    52d0:	11 00 00 99 	sethi  %hi(0x26400), %o0
    52d4:	7f ff ee b0 	call  d94 <leon_delay>
    52d8:	90 12 23 3c 	or  %o0, 0x33c, %o0	! 2673c <PROM_END+0x1673c>
    52dc:	b0 86 3f ff 	addcc  %i0, -1, %i0
    52e0:	1c bf ff fa 	bpos  52c8 <ResetCheck+0x24>
    52e4:	01 00 00 00 	nop 
    52e8:	c2 10 25 4c 	lduh  [ 0x54c ], %g1
    52ec:	80 88 60 01 	btst  1, %g1
    52f0:	32 80 00 02 	bne,a   52f8 <ResetCheck+0x54>
    52f4:	c0 20 25 0c 	clr  [ 0x50c ]
    52f8:	7f ff f0 b3 	call  15c4 <ResetSensor>
    52fc:	90 10 20 15 	mov  0x15, %o0
    5300:	da 10 25 48 	lduh  [ 0x548 ], %o5
    5304:	82 10 20 01 	mov  1, %g1
    5308:	80 8b 60 01 	btst  1, %o5
    530c:	12 80 00 04 	bne  531c <ResetCheck+0x78>
    5310:	c2 20 25 84 	st  %g1, [ 0x584 ]
    5314:	7f ff f1 a2 	call  199c <SetSensorSwitch>
    5318:	91 e8 20 01 	restore  %g0, 1, %o0
    531c:	01 00 00 00 	nop 
    5320:	81 c7 e0 08 	ret 
    5324:	81 e8 00 00 	restore 

00005328 <SoEasyID>:
    5328:	9d e3 bf 90 	save  %sp, -112, %sp
    532c:	c2 00 22 d4 	ld  [ 0x2d4 ], %g1
    5330:	80 88 60 10 	btst  0x10, %g1
    5334:	03 1f ff ff 	sethi  %hi(0x7ffffc00), %g1
    5338:	ac 10 63 ff 	or  %g1, 0x3ff, %l6	! 7fffffff <RAM_END+0x3fffffff>
    533c:	ae 10 20 00 	clr  %l7
    5340:	c2 00 23 00 	ld  [ 0x300 ], %g1
    5344:	02 80 00 05 	be  5358 <SoEasyID+0x30>
    5348:	fa 00 25 14 	ld  [ 0x514 ], %i5
    534c:	99 28 60 06 	sll  %g1, 6, %o4
    5350:	10 80 00 05 	b  5364 <SoEasyID+0x3c>
    5354:	96 10 24 00 	mov  0x400, %o3
    5358:	83 28 60 06 	sll  %g1, 6, %g1
    535c:	97 30 60 01 	srl  %g1, 1, %o3
    5360:	98 10 28 00 	mov  0x800, %o4
    5364:	b0 10 20 00 	clr  %i0
    5368:	80 a6 00 1d 	cmp  %i0, %i5
    536c:	1a 80 00 4e 	bcc  54a4 <SoEasyID+0x17c>
    5370:	9b 2e 20 02 	sll  %i0, 2, %o5
    5374:	c2 03 67 20 	ld  [ %o5 + 0x720 ], %g1
    5378:	bb 30 60 0c 	srl  %g1, 0xc, %i5
    537c:	b7 30 60 10 	srl  %g1, 0x10, %i3
    5380:	b6 0e ef ff 	and  %i3, 0xfff, %i3
    5384:	9e 8f 60 01 	andcc  %i5, 1, %o7
    5388:	12 80 00 14 	bne  53d8 <SoEasyID+0xb0>
    538c:	b8 08 6f ff 	and  %g1, 0xfff, %i4
    5390:	c2 50 22 9e 	ldsh  [ 0x29e ], %g1
    5394:	fa 50 22 a2 	ldsh  [ 0x2a2 ], %i5
    5398:	82 27 00 01 	sub  %i4, %g1, %g1
    539c:	ba 26 c0 1d 	sub  %i3, %i5, %i5
    53a0:	f8 50 22 9c 	ldsh  [ 0x29c ], %i4
    53a4:	f6 50 22 a0 	ldsh  [ 0x2a0 ], %i3
    53a8:	82 58 40 1c 	smul  %g1, %i4, %g1
    53ac:	ba 5f 40 1b 	smul  %i5, %i3, %i5
    53b0:	82 00 68 00 	add  %g1, 0x800, %g1
    53b4:	ba 07 68 00 	add  %i5, 0x800, %i5
    53b8:	b9 38 60 1f 	sra  %g1, 0x1f, %i4
    53bc:	b7 3f 60 1f 	sra  %i5, 0x1f, %i3
    53c0:	b9 37 20 14 	srl  %i4, 0x14, %i4
    53c4:	b7 36 e0 14 	srl  %i3, 0x14, %i3
    53c8:	82 00 40 1c 	add  %g1, %i4, %g1
    53cc:	ba 07 40 1b 	add  %i5, %i3, %i5
    53d0:	b9 38 60 0c 	sra  %g1, 0xc, %i4
    53d4:	b7 3f 60 0c 	sra  %i5, 0xc, %i3
    53d8:	f4 00 23 24 	ld  [ 0x324 ], %i2
    53dc:	82 5f 00 1a 	smul  %i4, %i2, %g1
    53e0:	f2 00 23 28 	ld  [ 0x328 ], %i1
    53e4:	ba 5e c0 19 	smul  %i3, %i1, %i5
    53e8:	95 38 60 1f 	sra  %g1, 0x1f, %o2
    53ec:	81 82 a0 00 	mov  %o2, %y
    53f0:	01 00 00 00 	nop 
    53f4:	01 00 00 00 	nop 
    53f8:	01 00 00 00 	nop 
    53fc:	b8 78 40 0b 	sdiv  %g1, %o3, %i4
    5400:	83 3f 60 1f 	sra  %i5, 0x1f, %g1
    5404:	81 80 60 00 	mov  %g1, %y
    5408:	01 00 00 00 	nop 
    540c:	01 00 00 00 	nop 
    5410:	01 00 00 00 	nop 
    5414:	b6 7f 40 0c 	sdiv  %i5, %o4, %i3
    5418:	80 a3 e0 00 	cmp  %o7, 0
    541c:	12 80 00 1c 	bne  548c <SoEasyID+0x164>
    5420:	83 2f 20 10 	sll  %i4, 0x10, %g1
    5424:	80 a7 20 00 	cmp  %i4, 0
    5428:	24 80 00 02 	ble,a   5430 <SoEasyID+0x108>
    542c:	b8 10 20 01 	mov  1, %i4
    5430:	80 a7 00 1a 	cmp  %i4, %i2
    5434:	3a 80 00 02 	bcc,a   543c <SoEasyID+0x114>
    5438:	b8 06 bf ff 	add  %i2, -1, %i4
    543c:	80 a6 e0 00 	cmp  %i3, 0
    5440:	24 80 00 02 	ble,a   5448 <SoEasyID+0x120>
    5444:	b6 10 20 01 	mov  1, %i3
    5448:	80 a6 c0 19 	cmp  %i3, %i1
    544c:	3a 80 00 02 	bcc,a   5454 <SoEasyID+0x12c>
    5450:	b6 06 7f ff 	add  %i1, -1, %i3
    5454:	c2 00 23 c8 	ld  [ 0x3c8 ], %g1
    5458:	80 88 60 02 	btst  2, %g1
    545c:	32 80 00 02 	bne,a   5464 <SoEasyID+0x13c>
    5460:	b8 26 80 1c 	sub  %i2, %i4, %i4
    5464:	80 88 60 04 	btst  4, %g1
    5468:	32 80 00 02 	bne,a   5470 <SoEasyID+0x148>
    546c:	b6 26 40 1b 	sub  %i1, %i3, %i3
    5470:	80 88 60 08 	btst  8, %g1
    5474:	02 80 00 06 	be  548c <SoEasyID+0x164>
    5478:	83 2f 20 10 	sll  %i4, 0x10, %g1
    547c:	b8 1f 00 1b 	xor  %i4, %i3, %i4
    5480:	b6 1e c0 1c 	xor  %i3, %i4, %i3
    5484:	b8 1f 00 1b 	xor  %i4, %i3, %i4
    5488:	83 2f 20 10 	sll  %i4, 0x10, %g1
    548c:	82 00 40 1b 	add  %g1, %i3, %g1
    5490:	c2 23 67 20 	st  %g1, [ %o5 + 0x720 ]
    5494:	b0 06 20 01 	inc  %i0
    5498:	c2 00 25 14 	ld  [ 0x514 ], %g1
    549c:	10 bf ff b4 	b  536c <SoEasyID+0x44>
    54a0:	80 a6 00 01 	cmp  %i0, %g1
    54a4:	03 00 00 17 	sethi  %hi(0x5c00), %g1
    54a8:	aa 10 62 34 	or  %g1, 0x234, %l5	! 5e34 <KeyMaskAAHrz+0x60>
    54ac:	b0 10 20 00 	clr  %i0
    54b0:	a8 10 20 01 	mov  1, %l4
    54b4:	a6 10 20 02 	mov  2, %l3
    54b8:	80 a6 20 00 	cmp  %i0, 0
    54bc:	32 80 00 05 	bne,a   54d0 <SoEasyID+0x1a8>
    54c0:	e6 27 bf f0 	st  %l3, [ %fp + -16 ]
    54c4:	e8 27 bf f0 	st  %l4, [ %fp + -16 ]
    54c8:	10 80 00 03 	b  54d4 <SoEasyID+0x1ac>
    54cc:	e6 27 bf f4 	st  %l3, [ %fp + -12 ]
    54d0:	e8 27 bf f4 	st  %l4, [ %fp + -12 ]
    54d4:	b4 10 20 00 	clr  %i2
    54d8:	d2 00 25 14 	ld  [ 0x514 ], %o1
    54dc:	80 a6 80 09 	cmp  %i2, %o1
    54e0:	98 10 20 00 	clr  %o4
    54e4:	1a 80 00 30 	bcc  55a4 <SoEasyID+0x27c>
    54e8:	9a 10 20 00 	clr  %o5
    54ec:	23 00 00 17 	sethi  %hi(0x5c00), %l1
    54f0:	e0 05 40 00 	ld  [ %l5 ], %l0
    54f4:	a4 14 62 34 	or  %l1, 0x234, %l2
    54f8:	9e 10 20 00 	clr  %o7
    54fc:	80 a3 c0 10 	cmp  %o7, %l0
    5500:	36 80 00 26 	bge,a   5598 <SoEasyID+0x270>
    5504:	9a 03 60 01 	inc  %o5
    5508:	b7 2b 60 02 	sll  %o5, 2, %i3
    550c:	82 06 c0 1e 	add  %i3, %fp, %g1
    5510:	d4 00 7f f0 	ld  [ %g1 + -16 ], %o2
    5514:	90 14 62 38 	or  %l1, 0x238, %o0
    5518:	d6 04 80 00 	ld  [ %l2 ], %o3
    551c:	b3 2b e0 02 	sll  %o7, 2, %i1
    5520:	c2 06 40 08 	ld  [ %i1 + %o0 ], %g1
    5524:	bb 30 60 10 	srl  %g1, 0x10, %i5
    5528:	83 30 60 1c 	srl  %g1, 0x1c, %g1
    552c:	9e 03 e0 01 	inc  %o7
    5530:	80 a0 40 0a 	cmp  %g1, %o2
    5534:	12 80 00 15 	bne  5588 <SoEasyID+0x260>
    5538:	ba 0f 6f ff 	and  %i5, 0xfff, %i5
    553c:	c2 16 e7 20 	lduh  [ %i3 + 0x720 ], %g1
    5540:	82 08 6f ff 	and  %g1, 0xfff, %g1
    5544:	80 a7 40 01 	cmp  %i5, %g1
    5548:	98 03 20 01 	inc  %o4
    554c:	14 80 00 03 	bg  5558 <SoEasyID+0x230>
    5550:	b8 27 40 01 	sub  %i5, %g1, %i4
    5554:	b8 20 40 1d 	sub  %g1, %i5, %i4
    5558:	b8 5f 00 1c 	smul  %i4, %i4, %i4
    555c:	c2 06 40 08 	ld  [ %i1 + %o0 ], %g1
    5560:	fa 06 e7 20 	ld  [ %i3 + 0x720 ], %i5
    5564:	82 08 6f ff 	and  %g1, 0xfff, %g1
    5568:	ba 0f 6f ff 	and  %i5, 0xfff, %i5
    556c:	b4 06 80 1c 	add  %i2, %i4, %i2
    5570:	80 a0 40 1d 	cmp  %g1, %i5
    5574:	14 80 00 03 	bg  5580 <SoEasyID+0x258>
    5578:	b8 20 40 1d 	sub  %g1, %i5, %i4
    557c:	b8 27 40 01 	sub  %i5, %g1, %i4
    5580:	b8 5f 00 1c 	smul  %i4, %i4, %i4
    5584:	b4 06 80 1c 	add  %i2, %i4, %i2
    5588:	80 a3 c0 0b 	cmp  %o7, %o3
    558c:	06 bf ff e5 	bl  5520 <SoEasyID+0x1f8>
    5590:	b3 2b e0 02 	sll  %o7, 2, %i1
    5594:	9a 03 60 01 	inc  %o5
    5598:	80 a3 40 09 	cmp  %o5, %o1
    559c:	2a bf ff d8 	bcs,a   54fc <SoEasyID+0x1d4>
    55a0:	9e 10 20 00 	clr  %o7
    55a4:	80 a6 80 16 	cmp  %i2, %l6
    55a8:	06 80 00 03 	bl  55b4 <SoEasyID+0x28c>
    55ac:	ba 10 20 01 	mov  1, %i5
    55b0:	ba 10 20 00 	clr  %i5
    55b4:	80 a0 00 0c 	cmp  %g0, %o4
    55b8:	82 40 20 00 	addx  %g0, 0, %g1
    55bc:	80 8f 40 01 	btst  %i5, %g1
    55c0:	22 80 00 05 	be,a   55d4 <SoEasyID+0x2ac>
    55c4:	b0 06 20 01 	inc  %i0
    55c8:	ac 10 00 1a 	mov  %i2, %l6
    55cc:	ae 10 00 18 	mov  %i0, %l7
    55d0:	b0 06 20 01 	inc  %i0
    55d4:	80 a6 20 01 	cmp  %i0, 1
    55d8:	04 bf ff b9 	ble  54bc <SoEasyID+0x194>
    55dc:	80 a6 20 00 	cmp  %i0, 0
    55e0:	80 a5 e0 00 	cmp  %l7, 0
    55e4:	12 80 00 06 	bne  55fc <SoEasyID+0x2d4>
    55e8:	b0 10 20 02 	mov  2, %i0
    55ec:	82 10 20 01 	mov  1, %g1
    55f0:	c2 27 bf f0 	st  %g1, [ %fp + -16 ]
    55f4:	10 80 00 05 	b  5608 <SoEasyID+0x2e0>
    55f8:	f0 27 bf f4 	st  %i0, [ %fp + -12 ]
    55fc:	82 10 20 01 	mov  1, %g1
    5600:	f0 27 bf f0 	st  %i0, [ %fp + -16 ]
    5604:	c2 27 bf f4 	st  %g1, [ %fp + -12 ]
    5608:	03 00 00 17 	sethi  %hi(0x5c00), %g1
    560c:	ba 10 62 38 	or  %g1, 0x238, %i5	! 5e38 <KeyMaskAAHrz+0x64>
    5610:	c2 00 25 14 	ld  [ 0x514 ], %g1
    5614:	b0 10 20 00 	clr  %i0
    5618:	80 a6 00 01 	cmp  %i0, %g1
    561c:	c0 27 40 00 	clr  [ %i5 ]
    5620:	1a 80 00 15 	bcc  5674 <SoEasyID+0x34c>
    5624:	c0 27 60 04 	clr  [ %i5 + 4 ]
    5628:	b2 10 00 1d 	mov  %i5, %i1
    562c:	b4 07 bf f8 	add  %fp, -8, %i2
    5630:	b7 2e 20 02 	sll  %i0, 2, %i3
    5634:	82 06 c0 1a 	add  %i3, %i2, %g1
    5638:	fa 00 7f f8 	ld  [ %g1 + -8 ], %i5
    563c:	f8 06 e7 20 	ld  [ %i3 + 0x720 ], %i4
    5640:	03 03 ff c0 	sethi  %hi(0xfff0000), %g1
    5644:	82 0f 00 01 	and  %i4, %g1, %g1
    5648:	bb 2f 60 1c 	sll  %i5, 0x1c, %i5
    564c:	ba 07 40 01 	add  %i5, %g1, %i5
    5650:	b8 0f 2f ff 	and  %i4, 0xfff, %i4
    5654:	ba 07 40 1c 	add  %i5, %i4, %i5
    5658:	fa 26 e7 20 	st  %i5, [ %i3 + 0x720 ]
    565c:	fa 26 c0 19 	st  %i5, [ %i3 + %i1 ]
    5660:	b0 06 20 01 	inc  %i0
    5664:	c2 00 25 14 	ld  [ 0x514 ], %g1
    5668:	80 a6 00 01 	cmp  %i0, %g1
    566c:	0a bf ff f2 	bcs  5634 <SoEasyID+0x30c>
    5670:	b7 2e 20 02 	sll  %i0, 2, %i3
    5674:	03 00 00 17 	sethi  %hi(0x5c00), %g1
    5678:	fa 00 25 14 	ld  [ 0x514 ], %i5
    567c:	82 10 62 34 	or  %g1, 0x234, %g1
    5680:	fa 20 40 00 	st  %i5, [ %g1 ]
    5684:	81 c7 e0 08 	ret 
    5688:	81 e8 00 00 	restore 

0000568c <EsdCheck>:
    568c:	9d e3 bf 98 	save  %sp, -104, %sp
    5690:	d8 00 22 2c 	ld  [ 0x22c ], %o4
    5694:	80 a3 20 00 	cmp  %o4, 0
    5698:	22 80 00 34 	be,a   5768 <EsdCheck+0xdc>
    569c:	c2 00 22 24 	ld  [ 0x224 ], %g1
    56a0:	1b 00 00 07 	sethi  %hi(0x1c00), %o5
    56a4:	9a 13 63 ff 	or  %o5, 0x3ff, %o5	! 1fff <press_deal+0x6f>
    56a8:	83 33 20 0d 	srl  %o4, 0xd, %g1
    56ac:	92 08 40 0d 	and  %g1, %o5, %o1
    56b0:	03 00 00 18 	sethi  %hi(0x6000), %g1
    56b4:	9e 10 63 68 	or  %g1, 0x368, %o7	! 6368 <GetAAPointNumHrz+0x4a0>
    56b8:	82 00 64 00 	add  %g1, 0x400, %g1
    56bc:	90 10 62 68 	or  %g1, 0x268, %o0
    56c0:	94 0b 00 0d 	and  %o4, %o5, %o2
    56c4:	a2 10 20 00 	clr  %l1
    56c8:	96 10 20 00 	clr  %o3
    56cc:	a0 10 20 00 	clr  %l0
    56d0:	83 2c 20 02 	sll  %l0, 2, %g1
    56d4:	9a 04 00 10 	add  %l0, %l0, %o5
    56d8:	c2 00 40 0f 	ld  [ %g1 + %o7 ], %g1
    56dc:	80 a0 40 0a 	cmp  %g1, %o2
    56e0:	0a 80 00 05 	bcs  56f4 <EsdCheck+0x68>
    56e4:	a0 04 20 01 	inc  %l0
    56e8:	80 a0 40 09 	cmp  %g1, %o1
    56ec:	28 80 00 04 	bleu,a   56fc <EsdCheck+0x70>
    56f0:	c2 13 40 08 	lduh  [ %o5 + %o0 ], %g1
    56f4:	a2 04 60 01 	inc  %l1
    56f8:	c2 13 40 08 	lduh  [ %o5 + %o0 ], %g1
    56fc:	80 a0 40 0a 	cmp  %g1, %o2
    5700:	2a 80 00 06 	bcs,a   5718 <EsdCheck+0x8c>
    5704:	96 02 e0 01 	inc  %o3
    5708:	80 a0 40 09 	cmp  %g1, %o1
    570c:	08 80 00 04 	bleu  571c <EsdCheck+0x90>
    5710:	80 a4 20 29 	cmp  %l0, 0x29
    5714:	96 02 e0 01 	inc  %o3
    5718:	80 a4 20 29 	cmp  %l0, 0x29
    571c:	04 bf ff ee 	ble  56d4 <EsdCheck+0x48>
    5720:	83 2c 20 02 	sll  %l0, 2, %g1
    5724:	a1 33 20 1a 	srl  %o4, 0x1a, %l0
    5728:	80 a4 40 10 	cmp  %l1, %l0
    572c:	14 80 00 03 	bg  5738 <EsdCheck+0xac>
    5730:	9a 10 20 01 	mov  1, %o5
    5734:	9a 10 20 00 	clr  %o5
    5738:	80 a2 c0 10 	cmp  %o3, %l0
    573c:	14 80 00 03 	bg  5748 <EsdCheck+0xbc>
    5740:	82 10 20 01 	mov  1, %g1
    5744:	82 10 20 00 	clr  %g1
    5748:	80 93 40 01 	orcc  %o5, %g1, %g0
    574c:	22 80 00 07 	be,a   5768 <EsdCheck+0xdc>
    5750:	c2 00 22 24 	ld  [ 0x224 ], %g1
    5754:	03 3f c1 80 	sethi  %hi(0xff060000), %g1
    5758:	1b 00 80 00 	sethi  %hi(0x2000000), %o5
    575c:	82 10 60 3c 	or  %g1, 0x3c, %g1
    5760:	da 20 40 00 	st  %o5, [ %g1 ]
    5764:	c2 00 22 24 	ld  [ 0x224 ], %g1
    5768:	80 a0 60 00 	cmp  %g1, 0
    576c:	02 80 00 22 	be  57f4 <EsdCheck+0x168>
    5770:	a2 10 20 00 	clr  %l1
    5774:	c2 00 23 d4 	ld  [ 0x3d4 ], %g1
    5778:	80 a4 40 01 	cmp  %l1, %g1
    577c:	a4 10 20 00 	clr  %l2
    5780:	1a 80 00 16 	bcc  57d8 <EsdCheck+0x14c>
    5784:	a0 10 20 00 	clr  %l0
    5788:	c2 00 24 7c 	ld  [ 0x47c ], %g1
    578c:	80 a4 00 01 	cmp  %l0, %g1
    5790:	3a 80 00 0f 	bcc,a   57cc <EsdCheck+0x140>
    5794:	a4 04 a0 01 	inc  %l2
    5798:	7f ff ef 2e 	call  1450 <DacOrder>
    579c:	90 10 00 10 	mov  %l0, %o0
    57a0:	92 10 00 08 	mov  %o0, %o1
    57a4:	7f ff ee d5 	call  12f8 <DacGet>
    57a8:	90 10 00 12 	mov  %l2, %o0
    57ac:	03 00 00 3f 	sethi  %hi(0xfc00), %g1
    57b0:	da 00 22 24 	ld  [ 0x224 ], %o5
    57b4:	82 10 63 ff 	or  %g1, 0x3ff, %g1
    57b8:	9a 0b 40 01 	and  %o5, %g1, %o5
    57bc:	80 a2 00 0d 	cmp  %o0, %o5
    57c0:	a2 40 00 11 	addx  %g0, %l1, %l1
    57c4:	10 bf ff f1 	b  5788 <EsdCheck+0xfc>
    57c8:	a0 04 20 01 	inc  %l0
    57cc:	c2 00 23 d4 	ld  [ 0x3d4 ], %g1
    57d0:	10 bf ff ec 	b  5780 <EsdCheck+0xf4>
    57d4:	80 a4 80 01 	cmp  %l2, %g1
    57d8:	c2 10 22 24 	lduh  [ 0x224 ], %g1
    57dc:	80 a4 40 01 	cmp  %l1, %g1
    57e0:	08 80 00 05 	bleu  57f4 <EsdCheck+0x168>
    57e4:	03 3f c1 80 	sethi  %hi(0xff060000), %g1
    57e8:	1b 00 40 00 	sethi  %hi(0x1000000), %o5
    57ec:	82 10 60 3c 	or  %g1, 0x3c, %g1
    57f0:	da 20 40 00 	st  %o5, [ %g1 ]
    57f4:	81 c7 e0 08 	ret 
    57f8:	81 e8 00 00 	restore 

000057fc <RawDataSum>:
    57fc:	9d e3 bf 88 	save  %sp, -120, %sp
    5800:	7f ff ee a0 	call  1280 <GetBase>
    5804:	ac 10 20 01 	mov  1, %l6
    5808:	a8 10 00 08 	mov  %o0, %l4
    580c:	c0 27 bf e8 	clr  [ %fp + -24 ]
    5810:	c0 27 bf ec 	clr  [ %fp + -20 ]
    5814:	7f ff f2 6b 	call  21c0 <no_fast_rest_all>
    5818:	c0 27 bf f0 	clr  [ %fp + -16 ]
    581c:	80 a2 20 00 	cmp  %o0, 0
    5820:	02 80 00 0d 	be  5854 <RawDataSum+0x58>
    5824:	ae 10 20 00 	clr  %l7
    5828:	03 00 00 17 	sethi  %hi(0x5c00), %g1
    582c:	82 10 62 64 	or  %g1, 0x264, %g1	! 5e64 <PointNumOverflowHrz+0x8>
    5830:	c2 00 40 00 	ld  [ %g1 ], %g1
    5834:	80 a0 60 00 	cmp  %g1, 0
    5838:	12 80 00 05 	bne  584c <RawDataSum+0x50>
    583c:	82 10 20 40 	mov  0x40, %g1
    5840:	c2 27 bf ec 	st  %g1, [ %fp + -20 ]
    5844:	10 80 00 07 	b  5860 <RawDataSum+0x64>
    5848:	c2 27 bf e8 	st  %g1, [ %fp + -24 ]
    584c:	10 80 00 05 	b  5860 <RawDataSum+0x64>
    5850:	c2 27 bf f0 	st  %g1, [ %fp + -16 ]
    5854:	82 10 20 08 	mov  8, %g1
    5858:	c2 27 bf e8 	st  %g1, [ %fp + -24 ]
    585c:	ae 10 20 01 	mov  1, %l7
    5860:	a2 10 20 00 	clr  %l1
    5864:	a6 10 20 00 	clr  %l3
    5868:	a4 10 20 00 	clr  %l2
    586c:	03 00 00 17 	sethi  %hi(0x5c00), %g1
    5870:	a1 2c 60 02 	sll  %l1, 2, %l0
    5874:	82 10 62 28 	or  %g1, 0x228, %g1
    5878:	c2 04 00 01 	ld  [ %l0 + %g1 ], %g1
    587c:	80 a0 60 00 	cmp  %g1, 0
    5880:	12 80 00 07 	bne  589c <RawDataSum+0xa0>
    5884:	aa 07 bf f8 	add  %fp, -8, %l5
    5888:	11 00 00 18 	sethi  %hi(0x6000), %o0
    588c:	90 12 20 68 	or  %o0, 0x68, %o0	! 6068 <GetAAPointNumHrz+0x1a0>
    5890:	7f ff f4 6c 	call  2a40 <DatasetZero48>
    5894:	90 04 c0 08 	add  %l3, %o0, %o0
    5898:	aa 07 bf f8 	add  %fp, -8, %l5
    589c:	82 04 00 15 	add  %l0, %l5, %g1
    58a0:	c2 00 7f f0 	ld  [ %g1 + -16 ], %g1
    58a4:	80 a0 60 00 	cmp  %g1, 0
    58a8:	22 80 00 15 	be,a   58fc <RawDataSum+0x100>
    58ac:	a2 04 60 01 	inc  %l1
    58b0:	03 00 00 18 	sethi  %hi(0x6000), %g1
    58b4:	94 10 60 68 	or  %g1, 0x68, %o2	! 6068 <GetAAPointNumHrz+0x1a0>
    58b8:	96 10 20 00 	clr  %o3
    58bc:	98 10 00 12 	mov  %l2, %o4
    58c0:	82 02 c0 0b 	add  %o3, %o3, %g1
    58c4:	da 15 00 01 	lduh  [ %l4 + %g1 ], %o5
    58c8:	c2 03 00 0a 	ld  [ %o4 + %o2 ], %g1
    58cc:	82 00 40 0d 	add  %g1, %o5, %g1
    58d0:	c2 23 00 0a 	st  %g1, [ %o4 + %o2 ]
    58d4:	96 02 e0 01 	inc  %o3
    58d8:	80 a2 e0 2f 	cmp  %o3, 0x2f
    58dc:	04 bf ff f9 	ble  58c0 <RawDataSum+0xc4>
    58e0:	98 03 20 04 	add  %o4, 4, %o4
    58e4:	1b 00 00 17 	sethi  %hi(0x5c00), %o5
    58e8:	9a 13 62 28 	or  %o5, 0x228, %o5	! 5e28 <KeyMaskAAHrz+0x54>
    58ec:	c2 04 00 0d 	ld  [ %l0 + %o5 ], %g1
    58f0:	82 00 60 01 	inc  %g1
    58f4:	c2 24 00 0d 	st  %g1, [ %l0 + %o5 ]
    58f8:	a2 04 60 01 	inc  %l1
    58fc:	a4 04 a0 c0 	add  %l2, 0xc0, %l2
    5900:	80 a4 60 02 	cmp  %l1, 2
    5904:	04 bf ff da 	ble  586c <RawDataSum+0x70>
    5908:	a6 04 e0 c0 	add  %l3, 0xc0, %l3
    590c:	a2 10 20 00 	clr  %l1
    5910:	a4 10 20 00 	clr  %l2
    5914:	a1 2c 60 02 	sll  %l1, 2, %l0
    5918:	82 04 00 15 	add  %l0, %l5, %g1
    591c:	da 00 7f f0 	ld  [ %g1 + -16 ], %o5
    5920:	80 a3 60 00 	cmp  %o5, 0
    5924:	22 80 00 30 	be,a   59e4 <RawDataSum+0x1e8>
    5928:	a2 04 60 01 	inc  %l1
    592c:	17 00 00 17 	sethi  %hi(0x5c00), %o3
    5930:	98 12 e2 28 	or  %o3, 0x228, %o4	! 5e28 <KeyMaskAAHrz+0x54>
    5934:	c2 04 00 0c 	ld  [ %l0 + %o4 ], %g1
    5938:	80 a0 40 0d 	cmp  %g1, %o5
    593c:	24 80 00 2a 	ble,a   59e4 <RawDataSum+0x1e8>
    5940:	a2 04 60 01 	inc  %l1
    5944:	11 00 00 18 	sethi  %hi(0x6000), %o0
    5948:	82 12 20 68 	or  %o0, 0x68, %g1	! 6068 <GetAAPointNumHrz+0x1a0>
    594c:	92 10 00 0b 	mov  %o3, %o1
    5950:	a6 10 00 0c 	mov  %o4, %l3
    5954:	98 04 80 01 	add  %l2, %g1, %o4
    5958:	96 10 20 00 	clr  %o3
    595c:	94 12 23 68 	or  %o0, 0x368, %o2
    5960:	c2 03 00 00 	ld  [ %o4 ], %g1
    5964:	9b 2a e0 02 	sll  %o3, 2, %o5
    5968:	9f 38 60 1f 	sra  %g1, 0x1f, %o7
    596c:	81 83 e0 00 	mov  %o7, %y
    5970:	de 04 00 13 	ld  [ %l0 + %l3 ], %o7
    5974:	01 00 00 00 	nop 
    5978:	01 00 00 00 	nop 
    597c:	82 78 40 0f 	sdiv  %g1, %o7, %g1
    5980:	96 02 e0 01 	inc  %o3
    5984:	c2 23 40 0a 	st  %g1, [ %o5 + %o2 ]
    5988:	80 a2 e0 2f 	cmp  %o3, 0x2f
    598c:	04 bf ff f5 	ble  5960 <RawDataSum+0x164>
    5990:	98 03 20 04 	add  %o4, 4, %o4
    5994:	82 12 62 64 	or  %o1, 0x264, %g1
    5998:	da 00 40 00 	ld  [ %g1 ], %o5
    599c:	82 03 40 0d 	add  %o5, %o5, %g1
    59a0:	82 00 40 0d 	add  %g1, %o5, %g1
    59a4:	13 00 00 19 	sethi  %hi(0x6400), %o1
    59a8:	83 28 60 05 	sll  %g1, 5, %g1
    59ac:	92 12 62 68 	or  %o1, 0x268, %o1
    59b0:	92 00 40 09 	add  %g1, %o1, %o1
    59b4:	7f ff f3 d9 	call  2918 <RawBaseToSub>
    59b8:	90 12 23 68 	or  %o0, 0x368, %o0
    59bc:	c2 00 26 e4 	ld  [ 0x6e4 ], %g1
    59c0:	82 00 60 01 	inc  %g1
    59c4:	c2 20 26 e4 	st  %g1, [ 0x6e4 ]
    59c8:	c0 24 00 13 	clr  [ %l0 + %l3 ]
    59cc:	80 a5 e0 00 	cmp  %l7, 0
    59d0:	02 80 00 04 	be  59e0 <RawDataSum+0x1e4>
    59d4:	ac 10 20 00 	clr  %l6
    59d8:	7f ff f1 f1 	call  219c <ini_raw_data_sum_cnt>
    59dc:	01 00 00 00 	nop 
    59e0:	a2 04 60 01 	inc  %l1
    59e4:	80 a4 60 02 	cmp  %l1, 2
    59e8:	04 bf ff cb 	ble  5914 <RawDataSum+0x118>
    59ec:	a4 04 a0 c0 	add  %l2, 0xc0, %l2
    59f0:	ec 20 25 84 	st  %l6, [ 0x584 ]
    59f4:	81 c7 e0 08 	ret 
    59f8:	81 e8 00 00 	restore 

000059fc <RefeAdjust>:
    59fc:	9d e3 bf 78 	save  %sp, -136, %sp
    5a00:	03 00 00 17 	sethi  %hi(0x5c00), %g1
    5a04:	82 10 62 64 	or  %g1, 0x264, %g1	! 5e64 <PointNumOverflowHrz+0x8>
    5a08:	c2 00 40 00 	ld  [ %g1 ], %g1
    5a0c:	80 a0 60 00 	cmp  %g1, 0
    5a10:	12 80 00 93 	bne  5c5c <RefeAdjust+0x260>
    5a14:	c2 08 25 4e 	ldub  [ 0x54e ], %g1
    5a18:	80 a0 00 01 	cmp  %g0, %g1
    5a1c:	82 60 20 00 	subx  %g0, 0, %g1
    5a20:	a0 08 7f fe 	and  %g1, -2, %l0
    5a24:	d8 00 25 48 	ld  [ 0x548 ], %o4
    5a28:	83 33 20 10 	srl  %o4, 0x10, %g1
    5a2c:	80 88 60 01 	btst  1, %g1
    5a30:	02 80 00 0c 	be  5a60 <RefeAdjust+0x64>
    5a34:	a0 04 20 03 	add  %l0, 3, %l0
    5a38:	83 33 20 11 	srl  %o4, 0x11, %g1
    5a3c:	80 88 60 01 	btst  1, %g1
    5a40:	02 80 00 30 	be  5b00 <RefeAdjust+0x104>
    5a44:	a0 10 20 00 	clr  %l0
    5a48:	c2 00 25 58 	ld  [ 0x558 ], %g1
    5a4c:	80 a0 60 01 	cmp  %g1, 1
    5a50:	28 80 00 81 	bleu,a   5c54 <RefeAdjust+0x258>
    5a54:	c0 20 26 e4 	clr  [ 0x6e4 ]
    5a58:	10 80 00 2b 	b  5b04 <RefeAdjust+0x108>
    5a5c:	c2 0c 23 14 	ldub  [ %l0 + 0x314 ], %g1
    5a60:	03 3f c2 00 	sethi  %hi(0xff080000), %g1
    5a64:	82 10 60 30 	or  %g1, 0x30, %g1	! ff080030 <RAM_END+0xbf080030>
    5a68:	da 00 40 00 	ld  [ %g1 ], %o5
    5a6c:	c2 00 25 70 	ld  [ 0x570 ], %g1
    5a70:	80 a3 40 01 	cmp  %o5, %g1
    5a74:	32 80 00 78 	bne,a   5c54 <RefeAdjust+0x258>
    5a78:	c0 20 26 e4 	clr  [ 0x6e4 ]
    5a7c:	80 8b 20 40 	btst  0x40, %o4
    5a80:	32 80 00 0f 	bne,a   5abc <RefeAdjust+0xc0>
    5a84:	21 00 00 19 	sethi  %hi(0x6400), %l0
    5a88:	c2 00 22 00 	ld  [ 0x200 ], %g1
    5a8c:	80 a0 60 00 	cmp  %g1, 0
    5a90:	32 80 00 0b 	bne,a   5abc <RefeAdjust+0xc0>
    5a94:	21 00 00 19 	sethi  %hi(0x6400), %l0
    5a98:	c2 00 25 5c 	ld  [ 0x55c ], %g1
    5a9c:	80 a0 60 01 	cmp  %g1, 1
    5aa0:	22 80 00 07 	be,a   5abc <RefeAdjust+0xc0>
    5aa4:	21 00 00 19 	sethi  %hi(0x6400), %l0
    5aa8:	c2 00 26 f8 	ld  [ 0x6f8 ], %g1
    5aac:	80 a0 60 00 	cmp  %g1, 0
    5ab0:	22 80 00 15 	be,a   5b04 <RefeAdjust+0x108>
    5ab4:	c2 0c 23 14 	ldub  [ %l0 + 0x314 ], %g1
    5ab8:	21 00 00 19 	sethi  %hi(0x6400), %l0
    5abc:	92 14 22 68 	or  %l0, 0x268, %o1	! 6668 <Avg_HalfScreen+0x128>
    5ac0:	94 10 20 18 	mov  0x18, %o2
    5ac4:	7f ff f1 92 	call  210c <CopyData>
    5ac8:	90 14 20 88 	or  %l0, 0x88, %o0
    5acc:	92 14 22 68 	or  %l0, 0x268, %o1
    5ad0:	90 14 20 28 	or  %l0, 0x28, %o0
    5ad4:	7f ff f1 8e 	call  210c <CopyData>
    5ad8:	94 10 20 18 	mov  0x18, %o2
    5adc:	da 08 21 91 	ldub  [ 0x191 ], %o5
    5ae0:	83 2b 60 02 	sll  %o5, 2, %g1
    5ae4:	82 00 40 0d 	add  %g1, %o5, %g1
    5ae8:	82 00 40 01 	add  %g1, %g1, %g1
    5aec:	82 20 00 01 	neg  %g1
    5af0:	c2 20 26 e4 	st  %g1, [ 0x6e4 ]
    5af4:	c0 20 26 ec 	clr  [ 0x6ec ]
    5af8:	10 80 00 73 	b  5cc4 <RefeAdjust+0x2c8>
    5afc:	c0 20 26 f0 	clr  [ 0x6f0 ]
    5b00:	c2 0c 23 14 	ldub  [ %l0 + 0x314 ], %g1
    5b04:	80 a0 60 00 	cmp  %g1, 0
    5b08:	22 80 00 53 	be,a   5c54 <RefeAdjust+0x258>
    5b0c:	c0 20 26 e4 	clr  [ 0x6e4 ]
    5b10:	c2 0c 23 4c 	ldub  [ %l0 + 0x34c ], %g1
    5b14:	c2 27 bf ec 	st  %g1, [ %fp + -20 ]
    5b18:	c2 0c 23 0c 	ldub  [ %l0 + 0x30c ], %g1
    5b1c:	c2 27 bf f0 	st  %g1, [ %fp + -16 ]
    5b20:	da 0c 23 14 	ldub  [ %l0 + 0x314 ], %o5
    5b24:	c2 00 26 e4 	ld  [ 0x6e4 ], %g1
    5b28:	80 a0 40 0d 	cmp  %g1, %o5
    5b2c:	06 80 00 66 	bl  5cc4 <RefeAdjust+0x2c8>
    5b30:	1b 00 00 c0 	sethi  %hi(0x30000), %o5
    5b34:	c2 00 25 48 	ld  [ 0x548 ], %g1
    5b38:	82 08 40 0d 	and  %g1, %o5, %g1
    5b3c:	80 a0 40 0d 	cmp  %g1, %o5
    5b40:	32 80 00 0f 	bne,a   5b7c <RefeAdjust+0x180>
    5b44:	da 08 21 91 	ldub  [ 0x191 ], %o5
    5b48:	da 08 21 69 	ldub  [ 0x169 ], %o5
    5b4c:	c2 00 27 10 	ld  [ 0x710 ], %g1
    5b50:	80 a0 40 0d 	cmp  %g1, %o5
    5b54:	26 80 00 0a 	bl,a   5b7c <RefeAdjust+0x180>
    5b58:	da 08 21 91 	ldub  [ 0x191 ], %o5
    5b5c:	c2 00 27 0c 	ld  [ 0x70c ], %g1
    5b60:	82 00 60 01 	inc  %g1
    5b64:	da 08 21 68 	ldub  [ 0x168 ], %o5
    5b68:	80 a0 40 0d 	cmp  %g1, %o5
    5b6c:	06 80 00 39 	bl  5c50 <RefeAdjust+0x254>
    5b70:	c2 20 27 0c 	st  %g1, [ 0x70c ]
    5b74:	c0 20 27 0c 	clr  [ 0x70c ]
    5b78:	da 08 21 91 	ldub  [ 0x191 ], %o5
    5b7c:	c2 00 26 ec 	ld  [ 0x6ec ], %g1
    5b80:	80 a0 40 0d 	cmp  %g1, %o5
    5b84:	26 80 00 0d 	bl,a   5bb8 <RefeAdjust+0x1bc>
    5b88:	d8 00 25 48 	ld  [ 0x548 ], %o4
    5b8c:	21 00 00 19 	sethi  %hi(0x6400), %l0
    5b90:	92 14 20 88 	or  %l0, 0x88, %o1	! 6488 <GetAAPointNumHrz+0x5c0>
    5b94:	94 10 20 18 	mov  0x18, %o2
    5b98:	7f ff f1 5d 	call  210c <CopyData>
    5b9c:	90 14 22 68 	or  %l0, 0x268, %o0
    5ba0:	92 14 20 28 	or  %l0, 0x28, %o1
    5ba4:	90 14 20 88 	or  %l0, 0x88, %o0
    5ba8:	7f ff f1 59 	call  210c <CopyData>
    5bac:	94 10 20 18 	mov  0x18, %o2
    5bb0:	c0 20 26 ec 	clr  [ 0x6ec ]
    5bb4:	d8 00 25 48 	ld  [ 0x548 ], %o4
    5bb8:	03 00 00 c0 	sethi  %hi(0x30000), %g1
    5bbc:	82 0b 00 01 	and  %o4, %g1, %g1
    5bc0:	1b 00 00 40 	sethi  %hi(0x10000), %o5
    5bc4:	80 a0 40 0d 	cmp  %g1, %o5
    5bc8:	32 80 00 10 	bne,a   5c08 <RefeAdjust+0x20c>
    5bcc:	c2 08 21 91 	ldub  [ 0x191 ], %g1
    5bd0:	c2 10 21 8e 	lduh  [ 0x18e ], %g1
    5bd4:	da 00 26 60 	ld  [ 0x660 ], %o5
    5bd8:	80 a3 40 01 	cmp  %o5, %g1
    5bdc:	14 80 00 05 	bg  5bf0 <RefeAdjust+0x1f4>
    5be0:	03 00 00 80 	sethi  %hi(0x20000), %g1
    5be4:	82 03 60 01 	add  %o5, 1, %g1
    5be8:	10 80 00 05 	b  5bfc <RefeAdjust+0x200>
    5bec:	c2 20 26 60 	st  %g1, [ 0x660 ]
    5bf0:	82 13 00 01 	or  %o4, %g1, %g1
    5bf4:	c2 20 25 48 	st  %g1, [ 0x548 ]
    5bf8:	c0 20 26 60 	clr  [ 0x660 ]
    5bfc:	c0 27 bf ec 	clr  [ %fp + -20 ]
    5c00:	c0 27 bf f0 	clr  [ %fp + -16 ]
    5c04:	c2 08 21 91 	ldub  [ 0x191 ], %g1
    5c08:	da 00 26 f0 	ld  [ 0x6f0 ], %o5
    5c0c:	80 a3 40 01 	cmp  %o5, %g1
    5c10:	06 80 00 0f 	bl  5c4c <RefeAdjust+0x250>
    5c14:	82 03 60 01 	add  %o5, 1, %g1
    5c18:	a0 10 20 00 	clr  %l0
    5c1c:	e0 27 bf e8 	st  %l0, [ %fp + -24 ]
    5c20:	7f ff f3 f7 	call  2bfc <ReferenceAdjustOne>
    5c24:	90 07 bf e8 	add  %fp, -24, %o0
    5c28:	a0 04 20 01 	inc  %l0
    5c2c:	80 a4 20 2f 	cmp  %l0, 0x2f
    5c30:	24 bf ff fc 	ble,a   5c20 <RefeAdjust+0x224>
    5c34:	e0 27 bf e8 	st  %l0, [ %fp + -24 ]
    5c38:	c2 00 26 ec 	ld  [ 0x6ec ], %g1
    5c3c:	82 00 60 01 	inc  %g1
    5c40:	c2 20 26 ec 	st  %g1, [ 0x6ec ]
    5c44:	10 80 00 20 	b  5cc4 <RefeAdjust+0x2c8>
    5c48:	c0 20 26 e4 	clr  [ 0x6e4 ]
    5c4c:	c2 20 26 f0 	st  %g1, [ 0x6f0 ]
    5c50:	c0 20 26 e4 	clr  [ 0x6e4 ]
    5c54:	10 80 00 1c 	b  5cc4 <RefeAdjust+0x2c8>
    5c58:	c0 20 26 ec 	clr  [ 0x6ec ]
    5c5c:	c2 00 25 48 	ld  [ 0x548 ], %g1
    5c60:	80 88 60 40 	btst  0x40, %g1
    5c64:	12 80 00 18 	bne  5cc4 <RefeAdjust+0x2c8>
    5c68:	01 00 00 00 	nop 
    5c6c:	c2 00 22 00 	ld  [ 0x200 ], %g1
    5c70:	80 a0 60 00 	cmp  %g1, 0
    5c74:	12 80 00 14 	bne  5cc4 <RefeAdjust+0x2c8>
    5c78:	01 00 00 00 	nop 
    5c7c:	c2 00 25 5c 	ld  [ 0x55c ], %g1
    5c80:	80 a0 60 01 	cmp  %g1, 1
    5c84:	02 80 00 10 	be  5cc4 <RefeAdjust+0x2c8>
    5c88:	01 00 00 00 	nop 
    5c8c:	c2 00 26 f8 	ld  [ 0x6f8 ], %g1
    5c90:	80 a0 60 00 	cmp  %g1, 0
    5c94:	12 80 00 0c 	bne  5cc4 <RefeAdjust+0x2c8>
    5c98:	82 10 20 04 	mov  4, %g1
    5c9c:	c2 27 bf e0 	st  %g1, [ %fp + -32 ]
    5ca0:	c2 27 bf dc 	st  %g1, [ %fp + -36 ]
    5ca4:	a0 10 20 00 	clr  %l0
    5ca8:	e0 27 bf d8 	st  %l0, [ %fp + -40 ]
    5cac:	7f ff f3 d4 	call  2bfc <ReferenceAdjustOne>
    5cb0:	90 07 bf d8 	add  %fp, -40, %o0
    5cb4:	a0 04 20 01 	inc  %l0
    5cb8:	80 a4 20 2f 	cmp  %l0, 0x2f
    5cbc:	24 bf ff fc 	ble,a   5cac <RefeAdjust+0x2b0>
    5cc0:	e0 27 bf d8 	st  %l0, [ %fp + -40 ]
    5cc4:	81 c7 e0 08 	ret 
    5cc8:	81 e8 00 00 	restore 

00005ccc <KeyRefeAdjust>:
    5ccc:	9d e3 bf 88 	save  %sp, -120, %sp
    5cd0:	03 00 00 17 	sethi  %hi(0x5c00), %g1
    5cd4:	82 10 62 64 	or  %g1, 0x264, %g1	! 5e64 <PointNumOverflowHrz+0x8>
    5cd8:	c2 00 40 00 	ld  [ %g1 ], %g1
    5cdc:	80 a0 60 01 	cmp  %g1, 1
    5ce0:	02 80 00 37 	be  5dbc <KeyRefeAdjust+0xf0>
    5ce4:	01 00 00 00 	nop 
    5ce8:	c2 08 25 4e 	ldub  [ 0x54e ], %g1
    5cec:	80 a0 00 01 	cmp  %g0, %g1
    5cf0:	da 10 25 48 	lduh  [ 0x548 ], %o5
    5cf4:	82 60 20 00 	subx  %g0, 0, %g1
    5cf8:	9a 0b 60 01 	and  %o5, 1, %o5
    5cfc:	80 a0 00 0d 	cmp  %g0, %o5
    5d00:	82 08 7f fe 	and  %g1, -2, %g1
    5d04:	9a 40 3f ff 	addx  %g0, -1, %o5
    5d08:	82 00 60 03 	add  %g1, 3, %g1
    5d0c:	82 08 40 0d 	and  %g1, %o5, %g1
    5d10:	da 08 63 14 	ldub  [ %g1 + 0x314 ], %o5
    5d14:	c2 00 26 e4 	ld  [ 0x6e4 ], %g1
    5d18:	80 a0 40 0d 	cmp  %g1, %o5
    5d1c:	06 80 00 28 	bl  5dbc <KeyRefeAdjust+0xf0>
    5d20:	80 a3 60 00 	cmp  %o5, 0
    5d24:	02 80 00 26 	be  5dbc <KeyRefeAdjust+0xf0>
    5d28:	01 00 00 00 	nop 
    5d2c:	da 00 25 4c 	ld  [ 0x54c ], %o5
    5d30:	83 33 60 18 	srl  %o5, 0x18, %g1
    5d34:	80 88 60 01 	btst  1, %g1
    5d38:	12 80 00 07 	bne  5d54 <KeyRefeAdjust+0x88>
    5d3c:	03 00 40 00 	sethi  %hi(0x1000000), %g1
    5d40:	c2 00 26 f4 	ld  [ 0x6f4 ], %g1
    5d44:	80 a0 60 00 	cmp  %g1, 0
    5d48:	22 80 00 08 	be,a   5d68 <KeyRefeAdjust+0x9c>
    5d4c:	c2 00 25 5c 	ld  [ 0x55c ], %g1
    5d50:	03 00 40 00 	sethi  %hi(0x1000000), %g1
    5d54:	82 2b 40 01 	andn  %o5, %g1, %g1
    5d58:	c2 20 25 4c 	st  %g1, [ 0x54c ]
    5d5c:	c0 27 bf ec 	clr  [ %fp + -20 ]
    5d60:	10 80 00 09 	b  5d84 <KeyRefeAdjust+0xb8>
    5d64:	c0 27 bf f0 	clr  [ %fp + -16 ]
    5d68:	80 a0 60 00 	cmp  %g1, 0
    5d6c:	12 80 00 14 	bne  5dbc <KeyRefeAdjust+0xf0>
    5d70:	01 00 00 00 	nop 
    5d74:	c2 08 22 1c 	ldub  [ 0x21c ], %g1
    5d78:	c2 27 bf ec 	st  %g1, [ %fp + -20 ]
    5d7c:	c2 08 22 1d 	ldub  [ 0x21d ], %g1
    5d80:	c2 27 bf f0 	st  %g1, [ %fp + -16 ]
    5d84:	a0 10 20 00 	clr  %l0
    5d88:	c2 00 23 04 	ld  [ 0x304 ], %g1
    5d8c:	80 a4 00 01 	cmp  %l0, %g1
    5d90:	1a 80 00 0b 	bcc  5dbc <KeyRefeAdjust+0xf0>
    5d94:	01 00 00 00 	nop 
    5d98:	c2 4c 23 80 	ldsb  [ %l0 + 0x380 ], %g1
    5d9c:	c2 27 bf e8 	st  %g1, [ %fp + -24 ]
    5da0:	7f ff f3 97 	call  2bfc <ReferenceAdjustOne>
    5da4:	90 07 bf e8 	add  %fp, -24, %o0
    5da8:	a0 04 20 01 	inc  %l0
    5dac:	c2 00 23 04 	ld  [ 0x304 ], %g1
    5db0:	80 a4 00 01 	cmp  %l0, %g1
    5db4:	2a bf ff fa 	bcs,a   5d9c <KeyRefeAdjust+0xd0>
    5db8:	c2 4c 23 80 	ldsb  [ %l0 + 0x380 ], %g1
    5dbc:	81 c7 e0 08 	ret 
    5dc0:	81 e8 00 00 	restore 

00005dc4 <AverageAARecord>:
    5dc4:	81 c3 e0 08 	retl 
    5dc8:	01 00 00 00 	nop 

00005dcc <CrosstalkElimination>:
    5dcc:	81 c3 e0 08 	retl 
    5dd0:	01 00 00 00 	nop 

00005dd4 <KeyMaskAAHrz>:
    5dd4:	98 10 20 00 	clr  %o4	! 0 <PROM_START>
    5dd8:	d6 00 23 04 	ld  [ 0x304 ], %o3
    5ddc:	80 a3 00 0b 	cmp  %o4, %o3
    5de0:	1a 80 00 0a 	bcc  5e08 <KeyMaskAAHrz+0x34>
    5de4:	9a 10 20 00 	clr  %o5
    5de8:	03 00 00 19 	sethi  %hi(0x6400), %g1
    5dec:	92 10 63 c0 	or  %g1, 0x3c0, %o1	! 67c0 <get_Press+0x9c>
    5df0:	83 2b 60 02 	sll  %o5, 2, %g1
    5df4:	c2 00 40 09 	ld  [ %g1 + %o1 ], %g1
    5df8:	9a 03 60 01 	inc  %o5
    5dfc:	80 a3 40 0b 	cmp  %o5, %o3
    5e00:	0a bf ff fc 	bcs  5df0 <KeyMaskAAHrz+0x1c>
    5e04:	98 03 00 01 	add  %o4, %g1, %o4
    5e08:	da 00 21 d8 	ld  [ 0x1d8 ], %o5
    5e0c:	9a 5b 00 0d 	smul  %o4, %o5, %o5
    5e10:	19 00 00 19 	sethi  %hi(0x6400), %o4
    5e14:	83 3b 60 1f 	sra  %o5, 0x1f, %g1
    5e18:	96 13 23 2c 	or  %o4, 0x32c, %o3
    5e1c:	83 30 60 19 	srl  %g1, 0x19, %g1
    5e20:	95 2a 20 03 	sll  %o0, 3, %o2
    5e24:	9a 03 40 01 	add  %o5, %g1, %o5
    5e28:	98 13 23 28 	or  %o4, 0x328, %o4
    5e2c:	d6 02 80 0b 	ld  [ %o2 + %o3 ], %o3
    5e30:	c2 02 80 0c 	ld  [ %o2 + %o4 ], %g1
    5e34:	82 00 40 0b 	add  %g1, %o3, %g1
    5e38:	9b 3b 60 07 	sra  %o5, 7, %o5
    5e3c:	80 a0 40 0d 	cmp  %g1, %o5
    5e40:	16 80 00 04 	bge  5e50 <KeyMaskAAHrz+0x7c>
    5e44:	82 10 20 01 	mov  1, %g1
    5e48:	c2 20 25 9c 	st  %g1, [ 0x59c ]
    5e4c:	30 80 00 02 	b,a   5e54 <KeyMaskAAHrz+0x80>
    5e50:	c0 20 25 9c 	clr  [ 0x59c ]
    5e54:	81 c3 e0 08 	retl 
    5e58:	01 00 00 00 	nop 

00005e5c <PointNumOverflowHrz>:
    5e5c:	03 1f ff ff 	sethi  %hi(0x7ffffc00), %g1
    5e60:	98 10 63 ff 	or  %g1, 0x3ff, %o4	! 7fffffff <RAM_END+0x3fffffff>
    5e64:	9a 10 20 00 	clr  %o5
    5e68:	83 2b 60 02 	sll  %o5, 2, %g1
    5e6c:	c2 10 67 30 	lduh  [ %g1 + 0x730 ], %g1
    5e70:	80 a0 40 0c 	cmp  %g1, %o4
    5e74:	36 80 00 05 	bge,a   5e88 <PointNumOverflowHrz+0x2c>
    5e78:	9a 03 60 01 	inc  %o5
    5e7c:	98 10 00 01 	mov  %g1, %o4
    5e80:	96 10 00 0d 	mov  %o5, %o3
    5e84:	9a 03 60 01 	inc  %o5
    5e88:	80 a3 60 03 	cmp  %o5, 3
    5e8c:	04 bf ff f8 	ble  5e6c <PointNumOverflowHrz+0x10>
    5e90:	83 2b 60 02 	sll  %o5, 2, %g1
    5e94:	80 a3 00 08 	cmp  %o4, %o0
    5e98:	16 80 00 0a 	bge  5ec0 <PointNumOverflowHrz+0x64>
    5e9c:	90 10 3f ff 	mov  -1, %o0
    5ea0:	83 2a e0 02 	sll  %o3, 2, %g1
    5ea4:	c0 20 67 e0 	clr  [ %g1 + 0x7e0 ]
    5ea8:	c0 20 67 20 	clr  [ %g1 + 0x720 ]
    5eac:	c0 20 67 30 	clr  [ %g1 + 0x730 ]
    5eb0:	c2 00 25 14 	ld  [ 0x514 ], %g1
    5eb4:	82 00 7f ff 	add  %g1, -1, %g1
    5eb8:	c2 20 25 14 	st  %g1, [ 0x514 ]
    5ebc:	90 10 00 0b 	mov  %o3, %o0
    5ec0:	81 c3 e0 08 	retl 
    5ec4:	01 00 00 00 	nop 

00005ec8 <GetAAPointNumHrz>:
    5ec8:	9d e3 bf 88 	save  %sp, -120, %sp
    5ecc:	82 10 26 a0 	mov  0x6a0, %g1
    5ed0:	c2 20 25 80 	st  %g1, [ 0x580 ]
    5ed4:	c0 20 26 f8 	clr  [ 0x6f8 ]
    5ed8:	90 10 20 00 	clr  %o0
    5edc:	96 10 20 00 	clr  %o3
    5ee0:	83 2a e0 02 	sll  %o3, 2, %g1
    5ee4:	96 02 e0 01 	inc  %o3
    5ee8:	c0 20 67 e0 	clr  [ %g1 + 0x7e0 ]
    5eec:	c0 20 67 20 	clr  [ %g1 + 0x720 ]
    5ef0:	80 a2 e0 03 	cmp  %o3, 3
    5ef4:	04 bf ff fb 	ble  5ee0 <GetAAPointNumHrz+0x18>
    5ef8:	c0 20 67 30 	clr  [ %g1 + 0x730 ]
    5efc:	03 00 00 18 	sethi  %hi(0x6000), %g1
    5f00:	c0 20 25 14 	clr  [ 0x514 ]
    5f04:	9a 10 62 a8 	or  %g1, 0x2a8, %o5
    5f08:	a0 10 20 00 	clr  %l0
    5f0c:	83 2c 20 02 	sll  %l0, 2, %g1
    5f10:	a0 04 20 01 	inc  %l0
    5f14:	80 a4 20 19 	cmp  %l0, 0x19
    5f18:	04 bf ff fd 	ble  5f0c <GetAAPointNumHrz+0x44>
    5f1c:	c0 20 40 0d 	clr  [ %g1 + %o5 ]
    5f20:	a0 10 20 00 	clr  %l0
    5f24:	c2 00 23 00 	ld  [ 0x300 ], %g1
    5f28:	80 a4 00 01 	cmp  %l0, %g1
    5f2c:	1a 80 00 18 	bcc  5f8c <GetAAPointNumHrz+0xc4>
    5f30:	03 00 00 18 	sethi  %hi(0x6000), %g1
    5f34:	92 10 62 ac 	or  %g1, 0x2ac, %o1	! 62ac <GetAAPointNumHrz+0x3e4>
    5f38:	82 00 64 00 	add  %g1, 0x400, %g1
    5f3c:	9e 10 63 28 	or  %g1, 0x328, %o7
    5f40:	83 2c 20 03 	sll  %l0, 3, %g1
    5f44:	98 00 40 0f 	add  %g1, %o7, %o4
    5f48:	95 2c 20 02 	sll  %l0, 2, %o2
    5f4c:	96 10 20 01 	mov  1, %o3
    5f50:	c2 03 00 00 	ld  [ %o4 ], %g1
    5f54:	9a 38 00 01 	xnor  %g0, %g1, %o5
    5f58:	9b 3b 60 1f 	sra  %o5, 0x1f, %o5
    5f5c:	82 08 40 0d 	and  %g1, %o5, %g1
    5f60:	da 02 80 09 	ld  [ %o2 + %o1 ], %o5
    5f64:	9a 03 40 01 	add  %o5, %g1, %o5
    5f68:	da 22 80 09 	st  %o5, [ %o2 + %o1 ]
    5f6c:	96 82 ff ff 	addcc  %o3, -1, %o3
    5f70:	1c bf ff f8 	bpos  5f50 <GetAAPointNumHrz+0x88>
    5f74:	98 03 20 04 	add  %o4, 4, %o4
    5f78:	a0 04 20 01 	inc  %l0
    5f7c:	c2 00 23 00 	ld  [ 0x300 ], %g1
    5f80:	80 a4 00 01 	cmp  %l0, %g1
    5f84:	0a bf ff f0 	bcs  5f44 <GetAAPointNumHrz+0x7c>
    5f88:	83 2c 20 03 	sll  %l0, 3, %g1
    5f8c:	a0 10 20 01 	mov  1, %l0
    5f90:	d8 00 23 00 	ld  [ 0x300 ], %o4
    5f94:	80 a4 00 0c 	cmp  %l0, %o4
    5f98:	1a 80 00 0f 	bcc  5fd4 <GetAAPointNumHrz+0x10c>
    5f9c:	03 00 00 18 	sethi  %hi(0x6000), %g1
    5fa0:	94 10 62 ac 	or  %g1, 0x2ac, %o2	! 62ac <GetAAPointNumHrz+0x3e4>
    5fa4:	96 10 62 a8 	or  %g1, 0x2a8, %o3
    5fa8:	83 2c 20 02 	sll  %l0, 2, %g1
    5fac:	da 00 40 0a 	ld  [ %g1 + %o2 ], %o5
    5fb0:	c2 00 40 0b 	ld  [ %g1 + %o3 ], %g1
    5fb4:	82 00 40 0d 	add  %g1, %o5, %g1
    5fb8:	80 a0 40 08 	cmp  %g1, %o0
    5fbc:	04 80 00 03 	ble  5fc8 <GetAAPointNumHrz+0x100>
    5fc0:	a0 04 20 01 	inc  %l0
    5fc4:	90 10 00 01 	mov  %g1, %o0
    5fc8:	80 a4 00 0c 	cmp  %l0, %o4
    5fcc:	0a bf ff f8 	bcs  5fac <GetAAPointNumHrz+0xe4>
    5fd0:	83 2c 20 02 	sll  %l0, 2, %g1
    5fd4:	1b 00 00 17 	sethi  %hi(0x5c00), %o5
    5fd8:	82 13 62 64 	or  %o5, 0x264, %g1	! 5e64 <PointNumOverflowHrz+0x8>
    5fdc:	c2 00 40 00 	ld  [ %g1 ], %g1
    5fe0:	80 a0 60 01 	cmp  %g1, 1
    5fe4:	12 80 00 1f 	bne  6060 <GetAAPointNumHrz+0x198>
    5fe8:	82 13 62 40 	or  %o5, 0x240, %g1
    5fec:	03 00 00 18 	sethi  %hi(0x6000), %g1
    5ff0:	92 10 62 ac 	or  %g1, 0x2ac, %o1	! 62ac <GetAAPointNumHrz+0x3e4>
    5ff4:	98 10 20 00 	clr  %o4
    5ff8:	96 10 20 01 	mov  1, %o3
    5ffc:	94 10 62 a8 	or  %g1, 0x2a8, %o2
    6000:	83 2a e0 02 	sll  %o3, 2, %g1
    6004:	da 00 40 09 	ld  [ %g1 + %o1 ], %o5
    6008:	c2 00 40 0a 	ld  [ %g1 + %o2 ], %g1
    600c:	82 00 40 0d 	add  %g1, %o5, %g1
    6010:	80 a0 40 0c 	cmp  %g1, %o4
    6014:	04 80 00 03 	ble  6020 <GetAAPointNumHrz+0x158>
    6018:	96 02 e0 01 	inc  %o3
    601c:	98 10 00 01 	mov  %g1, %o4
    6020:	80 a2 e0 15 	cmp  %o3, 0x15
    6024:	04 bf ff f8 	ble  6004 <GetAAPointNumHrz+0x13c>
    6028:	83 2a e0 02 	sll  %o3, 2, %g1
    602c:	c2 00 22 b0 	ld  [ 0x2b0 ], %g1
    6030:	80 a3 00 01 	cmp  %o4, %g1
    6034:	03 00 00 17 	sethi  %hi(0x5c00), %g1
    6038:	82 10 62 74 	or  %g1, 0x274, %g1	! 5e74 <PointNumOverflowHrz+0x18>
    603c:	08 80 00 f6 	bleu  6414 <GetAAPointNumHrz+0x54c>
    6040:	d8 20 40 00 	st  %o4, [ %g1 ]
    6044:	da 00 25 14 	ld  [ 0x514 ], %o5
    6048:	03 00 4d 40 	sethi  %hi(0x1350000), %g1
    604c:	9a 03 60 01 	inc  %o5
    6050:	82 10 60 e3 	or  %g1, 0xe3, %g1
    6054:	c2 20 27 20 	st  %g1, [ 0x720 ]
    6058:	10 80 00 ef 	b  6414 <GetAAPointNumHrz+0x54c>
    605c:	da 20 25 14 	st  %o5, [ 0x514 ]
    6060:	c2 00 40 00 	ld  [ %g1 ], %g1
    6064:	80 a0 60 01 	cmp  %g1, 1
    6068:	12 80 00 0e 	bne  60a0 <GetAAPointNumHrz+0x1d8>
    606c:	a0 10 20 00 	clr  %l0
    6070:	c2 10 22 ce 	lduh  [ 0x2ce ], %g1
    6074:	80 a2 00 01 	cmp  %o0, %g1
    6078:	04 80 00 04 	ble  6088 <GetAAPointNumHrz+0x1c0>
    607c:	9a 13 62 4c 	or  %o5, 0x24c, %o5
    6080:	10 80 00 06 	b  6098 <GetAAPointNumHrz+0x1d0>
    6084:	82 10 20 3c 	mov  0x3c, %g1
    6088:	c2 03 40 00 	ld  [ %o5 ], %g1
    608c:	80 a0 60 00 	cmp  %g1, 0
    6090:	04 80 00 03 	ble  609c <GetAAPointNumHrz+0x1d4>
    6094:	82 00 7f ff 	add  %g1, -1, %g1
    6098:	c2 23 40 00 	st  %g1, [ %o5 ]
    609c:	a0 10 20 00 	clr  %l0
    60a0:	c2 00 23 00 	ld  [ 0x300 ], %g1
    60a4:	80 a4 00 01 	cmp  %l0, %g1
    60a8:	1a 80 00 b4 	bcc  6378 <GetAAPointNumHrz+0x4b0>
    60ac:	a4 04 3f ff 	add  %l0, -1, %l2
    60b0:	92 04 20 02 	add  %l0, 2, %o1
    60b4:	80 a4 80 09 	cmp  %l2, %o1
    60b8:	9a 10 20 01 	mov  1, %o5
    60bc:	94 10 20 01 	mov  1, %o2
    60c0:	16 80 00 18 	bge  6120 <GetAAPointNumHrz+0x258>
    60c4:	98 10 00 12 	mov  %l2, %o4
    60c8:	03 00 00 19 	sethi  %hi(0x6400), %g1
    60cc:	9e 10 63 2c 	or  %g1, 0x32c, %o7	! 672c <get_Press+0x8>
    60d0:	90 10 63 28 	or  %g1, 0x328, %o0
    60d4:	80 a3 20 00 	cmp  %o4, 0
    60d8:	26 80 00 0f 	bl,a   6114 <GetAAPointNumHrz+0x24c>
    60dc:	98 03 20 01 	inc  %o4
    60e0:	c2 00 23 00 	ld  [ 0x300 ], %g1
    60e4:	80 a3 00 01 	cmp  %o4, %g1
    60e8:	1a 80 00 0a 	bcc  6110 <GetAAPointNumHrz+0x248>
    60ec:	97 2b 20 03 	sll  %o4, 3, %o3
    60f0:	c2 02 c0 08 	ld  [ %o3 + %o0 ], %g1
    60f4:	80 a0 60 00 	cmp  %g1, 0
    60f8:	34 80 00 02 	bg,a   6100 <GetAAPointNumHrz+0x238>
    60fc:	9a 03 40 01 	add  %o5, %g1, %o5
    6100:	c2 02 c0 0f 	ld  [ %o3 + %o7 ], %g1
    6104:	80 a0 60 00 	cmp  %g1, 0
    6108:	34 80 00 02 	bg,a   6110 <GetAAPointNumHrz+0x248>
    610c:	94 02 80 01 	add  %o2, %g1, %o2
    6110:	98 03 20 01 	inc  %o4
    6114:	80 a3 00 09 	cmp  %o4, %o1
    6118:	06 bf ff f0 	bl  60d8 <GetAAPointNumHrz+0x210>
    611c:	80 a3 20 00 	cmp  %o4, 0
    6120:	9a 03 40 0a 	add  %o5, %o2, %o5
    6124:	83 2a a0 08 	sll  %o2, 8, %g1
    6128:	99 38 60 1f 	sra  %g1, 0x1f, %o4
    612c:	81 83 20 00 	mov  %o4, %y
    6130:	01 00 00 00 	nop 
    6134:	01 00 00 00 	nop 
    6138:	01 00 00 00 	nop 
    613c:	82 78 40 0d 	sdiv  %g1, %o5, %g1
    6140:	94 00 7f 80 	add  %g1, -128, %o2
    6144:	83 3a a0 1f 	sra  %o2, 0x1f, %g1
    6148:	94 1a 80 01 	xor  %o2, %g1, %o2
    614c:	94 22 80 01 	sub  %o2, %g1, %o2
    6150:	82 10 20 80 	mov  0x80, %g1
    6154:	94 20 40 0a 	sub  %g1, %o2, %o2
    6158:	82 38 00 0a 	xnor  %g0, %o2, %g1
    615c:	83 38 60 1f 	sra  %g1, 0x1f, %g1
    6160:	94 0a 80 01 	and  %o2, %g1, %o2
    6164:	da 08 24 79 	ldub  [ 0x479 ], %o5
    6168:	9a 5a 80 0d 	smul  %o2, %o5, %o5
    616c:	83 3b 60 1f 	sra  %o5, 0x1f, %g1
    6170:	83 30 60 19 	srl  %g1, 0x19, %g1
    6174:	9a 03 40 01 	add  %o5, %g1, %o5
    6178:	9b 3b 60 07 	sra  %o5, 7, %o5
    617c:	c2 10 25 48 	lduh  [ 0x548 ], %g1
    6180:	80 88 60 01 	btst  1, %g1
    6184:	02 80 00 0a 	be  61ac <GetAAPointNumHrz+0x2e4>
    6188:	94 03 40 0d 	add  %o5, %o5, %o2
    618c:	c2 00 25 58 	ld  [ 0x558 ], %g1
    6190:	80 a0 60 00 	cmp  %g1, 0
    6194:	32 80 00 07 	bne,a   61b0 <GetAAPointNumHrz+0x2e8>
    6198:	94 02 a0 80 	add  %o2, 0x80, %o2
    619c:	90 10 00 10 	mov  %l0, %o0
    61a0:	92 07 bf e8 	add  %fp, -24, %o1
    61a4:	10 80 00 05 	b  61b8 <GetAAPointNumHrz+0x2f0>
    61a8:	d4 10 21 8c 	lduh  [ 0x18c ], %o2
    61ac:	94 02 a0 80 	add  %o2, 0x80, %o2
    61b0:	90 10 00 10 	mov  %l0, %o0
    61b4:	92 07 bf e8 	add  %fp, -24, %o1
    61b8:	c2 00 2f dc 	ld  [ 0xfdc ], %g1
    61bc:	9f c0 40 00 	call  %g1
    61c0:	01 00 00 00 	nop 
    61c4:	a2 92 20 00 	orcc  %o0, 0, %l1
    61c8:	22 bf ff b6 	be,a   60a0 <GetAAPointNumHrz+0x1d8>
    61cc:	a0 04 20 01 	inc  %l0
    61d0:	da 07 bf ec 	ld  [ %fp + -20 ], %o5
    61d4:	c2 07 bf e8 	ld  [ %fp + -24 ], %g1
    61d8:	82 00 40 0d 	add  %g1, %o5, %g1
    61dc:	da 07 bf f0 	ld  [ %fp + -16 ], %o5
    61e0:	a6 00 40 0d 	add  %g1, %o5, %l3
    61e4:	96 10 20 00 	clr  %o3
    61e8:	9b 2a e0 02 	sll  %o3, 2, %o5
    61ec:	96 02 e0 01 	inc  %o3
    61f0:	c2 03 68 40 	ld  [ %o5 + 0x840 ], %g1
    61f4:	80 a2 e0 03 	cmp  %o3, 3
    61f8:	04 bf ff fc 	ble  61e8 <GetAAPointNumHrz+0x320>
    61fc:	c2 23 68 50 	st  %g1, [ %o5 + 0x850 ]
    6200:	1b 00 00 19 	sethi  %hi(0x6400), %o5
    6204:	99 2c 20 03 	sll  %l0, 3, %o4
    6208:	92 13 63 28 	or  %o5, 0x328, %o1
    620c:	c2 03 00 09 	ld  [ %o4 + %o1 ], %g1
    6210:	c2 20 28 40 	st  %g1, [ 0x840 ]
    6214:	9a 13 63 2c 	or  %o5, 0x32c, %o5
    6218:	c2 03 00 0d 	ld  [ %o4 + %o5 ], %g1
    621c:	94 04 20 01 	add  %l0, 1, %o2
    6220:	96 10 00 12 	mov  %l2, %o3
    6224:	c2 20 28 44 	st  %g1, [ 0x844 ]
    6228:	c0 20 28 48 	clr  [ 0x848 ]
    622c:	80 a4 80 0a 	cmp  %l2, %o2
    6230:	14 80 00 17 	bg  628c <GetAAPointNumHrz+0x3c4>
    6234:	c0 20 28 4c 	clr  [ 0x84c ]
    6238:	90 10 00 09 	mov  %o1, %o0
    623c:	92 10 00 0d 	mov  %o5, %o1
    6240:	80 a2 e0 00 	cmp  %o3, 0
    6244:	26 80 00 0f 	bl,a   6280 <GetAAPointNumHrz+0x3b8>
    6248:	96 02 e0 01 	inc  %o3
    624c:	c2 00 23 00 	ld  [ 0x300 ], %g1
    6250:	80 a2 c0 01 	cmp  %o3, %g1
    6254:	1a 80 00 0a 	bcc  627c <GetAAPointNumHrz+0x3b4>
    6258:	99 2a e0 03 	sll  %o3, 3, %o4
    625c:	da 03 00 08 	ld  [ %o4 + %o0 ], %o5
    6260:	c2 00 28 48 	ld  [ 0x848 ], %g1
    6264:	82 00 40 0d 	add  %g1, %o5, %g1
    6268:	c2 20 28 48 	st  %g1, [ 0x848 ]
    626c:	da 03 00 09 	ld  [ %o4 + %o1 ], %o5
    6270:	c2 00 28 4c 	ld  [ 0x84c ], %g1
    6274:	82 00 40 0d 	add  %g1, %o5, %g1
    6278:	c2 20 28 4c 	st  %g1, [ 0x84c ]
    627c:	96 02 e0 01 	inc  %o3
    6280:	80 a2 c0 0a 	cmp  %o3, %o2
    6284:	04 bf ff f0 	ble  6244 <GetAAPointNumHrz+0x37c>
    6288:	80 a2 e0 00 	cmp  %o3, 0
    628c:	d0 00 25 14 	ld  [ 0x514 ], %o0
    6290:	80 a2 20 04 	cmp  %o0, 4
    6294:	12 80 00 0b 	bne  62c0 <GetAAPointNumHrz+0x3f8>
    6298:	80 a4 60 01 	cmp  %l1, 1
    629c:	c2 00 2f e4 	ld  [ 0xfe4 ], %g1
    62a0:	80 a0 60 00 	cmp  %g1, 0
    62a4:	02 80 00 07 	be  62c0 <GetAAPointNumHrz+0x3f8>
    62a8:	80 a4 60 01 	cmp  %l1, 1
    62ac:	9f c0 40 00 	call  %g1
    62b0:	90 10 00 13 	mov  %l3, %o0
    62b4:	80 a2 3f ff 	cmp  %o0, -1
    62b8:	02 80 00 2e 	be  6370 <GetAAPointNumHrz+0x4a8>
    62bc:	80 a4 60 01 	cmp  %l1, 1
    62c0:	12 80 00 07 	bne  62dc <GetAAPointNumHrz+0x414>
    62c4:	80 a4 60 02 	cmp  %l1, 2
    62c8:	03 00 00 08 	sethi  %hi(0x2000), %g1
    62cc:	82 04 00 01 	add  %l0, %g1, %g1
    62d0:	9b 2a 20 02 	sll  %o0, 2, %o5
    62d4:	10 80 00 09 	b  62f8 <GetAAPointNumHrz+0x430>
    62d8:	c2 23 67 20 	st  %g1, [ %o5 + 0x720 ]
    62dc:	12 80 00 06 	bne  62f4 <GetAAPointNumHrz+0x42c>
    62e0:	9b 2a 20 02 	sll  %o0, 2, %o5
    62e4:	03 00 00 10 	sethi  %hi(0x4000), %g1
    62e8:	82 04 00 01 	add  %l0, %g1, %g1
    62ec:	10 80 00 03 	b  62f8 <GetAAPointNumHrz+0x430>
    62f0:	c2 23 67 20 	st  %g1, [ %o5 + 0x720 ]
    62f4:	e0 23 67 20 	st  %l0, [ %o5 + 0x720 ]
    62f8:	da 00 23 00 	ld  [ 0x300 ], %o5
    62fc:	83 33 60 01 	srl  %o5, 1, %g1
    6300:	80 a4 00 01 	cmp  %l0, %g1
    6304:	1a 80 00 05 	bcc  6318 <GetAAPointNumHrz+0x450>
    6308:	03 00 00 18 	sethi  %hi(0x6000), %g1
    630c:	82 10 62 b0 	or  %g1, 0x2b0, %g1	! 62b0 <GetAAPointNumHrz+0x3e8>
    6310:	10 80 00 05 	b  6324 <GetAAPointNumHrz+0x45c>
    6314:	da 00 40 00 	ld  [ %g1 ], %o5
    6318:	9b 2b 60 02 	sll  %o5, 2, %o5
    631c:	82 10 62 a4 	or  %g1, 0x2a4, %g1
    6320:	da 03 40 01 	ld  [ %o5 + %g1 ], %o5
    6324:	03 00 00 3f 	sethi  %hi(0xfc00), %g1
    6328:	82 10 63 ff 	or  %g1, 0x3ff, %g1	! ffff <_endtext+0x772f>
    632c:	82 0b 40 01 	and  %o5, %g1, %g1
    6330:	9b 2c e0 10 	sll  %l3, 0x10, %o5
    6334:	99 2a 20 02 	sll  %o0, 2, %o4
    6338:	9a 13 40 01 	or  %o5, %g1, %o5
    633c:	c2 03 27 30 	ld  [ %o4 + 0x730 ], %g1
    6340:	82 10 40 0d 	or  %g1, %o5, %g1
    6344:	c2 23 27 30 	st  %g1, [ %o4 + 0x730 ]
    6348:	e0 23 27 e0 	st  %l0, [ %o4 + 0x7e0 ]
    634c:	c2 00 25 14 	ld  [ 0x514 ], %g1
    6350:	82 00 60 01 	inc  %g1
    6354:	80 a0 60 04 	cmp  %g1, 4
    6358:	12 80 00 06 	bne  6370 <GetAAPointNumHrz+0x4a8>
    635c:	c2 20 25 14 	st  %g1, [ 0x514 ]
    6360:	c2 00 2f e4 	ld  [ 0xfe4 ], %g1
    6364:	80 a0 60 00 	cmp  %g1, 0
    6368:	22 80 00 05 	be,a   637c <GetAAPointNumHrz+0x4b4>
    636c:	c2 00 25 14 	ld  [ 0x514 ], %g1
    6370:	10 bf ff 4c 	b  60a0 <GetAAPointNumHrz+0x1d8>
    6374:	a0 04 20 01 	inc  %l0
    6378:	c2 00 25 14 	ld  [ 0x514 ], %g1
    637c:	80 a0 60 00 	cmp  %g1, 0
    6380:	32 80 00 0c 	bne,a   63b0 <GetAAPointNumHrz+0x4e8>
    6384:	c2 00 25 20 	ld  [ 0x520 ], %g1
    6388:	96 10 20 00 	clr  %o3
    638c:	83 2a e0 02 	sll  %o3, 2, %g1
    6390:	96 02 e0 01 	inc  %o3
    6394:	c0 20 68 50 	clr  [ %g1 + 0x850 ]
    6398:	80 a2 e0 03 	cmp  %o3, 3
    639c:	04 bf ff fc 	ble  638c <GetAAPointNumHrz+0x4c4>
    63a0:	c0 20 68 40 	clr  [ %g1 + 0x840 ]
    63a4:	c2 00 26 a0 	ld  [ 0x6a0 ], %g1
    63a8:	10 80 00 07 	b  63c4 <GetAAPointNumHrz+0x4fc>
    63ac:	82 08 7b ff 	and  %g1, -1025, %g1
    63b0:	80 a0 60 00 	cmp  %g1, 0
    63b4:	22 80 00 06 	be,a   63cc <GetAAPointNumHrz+0x504>
    63b8:	96 10 20 00 	clr  %o3
    63bc:	c2 00 26 a0 	ld  [ 0x6a0 ], %g1
    63c0:	82 10 64 00 	or  %g1, 0x400, %g1
    63c4:	c2 20 26 a0 	st  %g1, [ 0x6a0 ]
    63c8:	96 10 20 00 	clr  %o3
    63cc:	d4 00 23 50 	ld  [ 0x350 ], %o2
    63d0:	99 2a e0 02 	sll  %o3, 2, %o4
    63d4:	da 03 28 50 	ld  [ %o4 + 0x850 ], %o5
    63d8:	9a 5b 40 0a 	smul  %o5, %o2, %o5
    63dc:	83 3b 60 1f 	sra  %o5, 0x1f, %g1
    63e0:	83 30 60 19 	srl  %g1, 0x19, %g1
    63e4:	9a 03 40 01 	add  %o5, %g1, %o5
    63e8:	c2 03 28 40 	ld  [ %o4 + 0x840 ], %g1
    63ec:	9b 3b 60 07 	sra  %o5, 7, %o5
    63f0:	80 a0 40 0d 	cmp  %g1, %o5
    63f4:	16 80 00 05 	bge  6408 <GetAAPointNumHrz+0x540>
    63f8:	96 02 e0 01 	inc  %o3
    63fc:	c2 00 26 a0 	ld  [ 0x6a0 ], %g1
    6400:	82 10 64 00 	or  %g1, 0x400, %g1
    6404:	c2 20 26 a0 	st  %g1, [ 0x6a0 ]
    6408:	80 a2 e0 03 	cmp  %o3, 3
    640c:	04 bf ff f2 	ble  63d4 <GetAAPointNumHrz+0x50c>
    6410:	99 2a e0 02 	sll  %o3, 2, %o4
    6414:	1b 00 00 17 	sethi  %hi(0x5c00), %o5
    6418:	82 13 62 40 	or  %o5, 0x240, %g1	! 5e40 <KeyMaskAAHrz+0x6c>
    641c:	c2 00 40 00 	ld  [ %g1 ], %g1
    6420:	80 a0 60 01 	cmp  %g1, 1
    6424:	12 80 00 45 	bne  6538 <GetAAPointNumHrz+0x670>
    6428:	82 13 62 64 	or  %o5, 0x264, %g1
    642c:	c2 00 40 00 	ld  [ %g1 ], %g1
    6430:	80 a0 60 01 	cmp  %g1, 1
    6434:	02 80 00 41 	be  6538 <GetAAPointNumHrz+0x670>
    6438:	9e 10 20 00 	clr  %o7
    643c:	da 00 25 14 	ld  [ 0x514 ], %o5
    6440:	c0 20 26 e0 	clr  [ 0x6e0 ]
    6444:	80 a3 c0 0d 	cmp  %o7, %o5
    6448:	a4 10 20 00 	clr  %l2
    644c:	a0 10 20 00 	clr  %l0
    6450:	1a 80 00 0a 	bcc  6478 <GetAAPointNumHrz+0x5b0>
    6454:	92 10 20 00 	clr  %o1
    6458:	98 10 20 01 	mov  1, %o4
    645c:	83 2a 60 02 	sll  %o1, 2, %g1
    6460:	c2 00 67 e0 	ld  [ %g1 + 0x7e0 ], %g1
    6464:	83 2b 00 01 	sll  %o4, %g1, %g1
    6468:	92 02 60 01 	inc  %o1
    646c:	80 a2 40 0d 	cmp  %o1, %o5
    6470:	0a bf ff fb 	bcs  645c <GetAAPointNumHrz+0x594>
    6474:	a4 14 80 01 	or  %l2, %g1, %l2
    6478:	92 10 20 00 	clr  %o1
    647c:	e2 00 25 14 	ld  [ 0x514 ], %l1
    6480:	80 a2 40 11 	cmp  %o1, %l1
    6484:	1a 80 00 26 	bcc  651c <GetAAPointNumHrz+0x654>
    6488:	03 00 00 19 	sethi  %hi(0x6400), %g1
    648c:	a8 10 63 2c 	or  %g1, 0x32c, %l4	! 672c <get_Press+0x8>
    6490:	a6 10 63 28 	or  %g1, 0x328, %l3
    6494:	83 2a 60 02 	sll  %o1, 2, %g1
    6498:	c2 00 67 e0 	ld  [ %g1 + 0x7e0 ], %g1
    649c:	94 00 7f fd 	add  %g1, -3, %o2
    64a0:	90 10 20 01 	mov  1, %o0
    64a4:	82 38 00 0a 	xnor  %g0, %o2, %g1
    64a8:	99 30 60 1f 	srl  %g1, 0x1f, %o4
    64ac:	83 3c 80 0a 	sra  %l2, %o2, %g1
    64b0:	80 88 60 01 	btst  1, %g1
    64b4:	32 80 00 14 	bne,a   6504 <GetAAPointNumHrz+0x63c>
    64b8:	90 82 3f ff 	addcc  %o0, -1, %o0
    64bc:	c2 00 23 00 	ld  [ 0x300 ], %g1
    64c0:	80 a2 80 01 	cmp  %o2, %g1
    64c4:	82 40 20 00 	addx  %g0, 0, %g1
    64c8:	80 88 40 0c 	btst  %g1, %o4
    64cc:	02 80 00 0d 	be  6500 <GetAAPointNumHrz+0x638>
    64d0:	9b 2a a0 03 	sll  %o2, 3, %o5
    64d4:	d8 03 40 13 	ld  [ %o5 + %l3 ], %o4
    64d8:	d6 03 40 14 	ld  [ %o5 + %l4 ], %o3
    64dc:	82 38 00 0c 	xnor  %g0, %o4, %g1
    64e0:	9a 38 00 0b 	xnor  %g0, %o3, %o5
    64e4:	83 38 60 1f 	sra  %g1, 0x1f, %g1
    64e8:	98 0b 00 01 	and  %o4, %g1, %o4
    64ec:	9b 3b 60 1f 	sra  %o5, 0x1f, %o5
    64f0:	98 04 00 0c 	add  %l0, %o4, %o4
    64f4:	96 0a c0 0d 	and  %o3, %o5, %o3
    64f8:	a0 03 00 0b 	add  %o4, %o3, %l0
    64fc:	9e 03 e0 01 	inc  %o7
    6500:	90 82 3f ff 	addcc  %o0, -1, %o0
    6504:	1c bf ff e8 	bpos  64a4 <GetAAPointNumHrz+0x5dc>
    6508:	94 02 a0 06 	add  %o2, 6, %o2
    650c:	92 02 60 01 	inc  %o1
    6510:	80 a2 40 11 	cmp  %o1, %l1
    6514:	0a bf ff e1 	bcs  6498 <GetAAPointNumHrz+0x5d0>
    6518:	83 2a 60 02 	sll  %o1, 2, %g1
    651c:	9b 3c 20 1f 	sra  %l0, 0x1f, %o5
    6520:	81 83 60 00 	mov  %o5, %y
    6524:	01 00 00 00 	nop 
    6528:	01 00 00 00 	nop 
    652c:	01 00 00 00 	nop 
    6530:	82 7c 00 0f 	sdiv  %l0, %o7, %g1
    6534:	c2 20 26 e0 	st  %g1, [ 0x6e0 ]
    6538:	81 c7 e0 08 	ret 
    653c:	81 e8 00 00 	restore 

00006540 <Avg_HalfScreen>:
    6540:	9d e3 bf 98 	save  %sp, -104, %sp
    6544:	da 50 24 58 	ldsh  [ 0x458 ], %o5
    6548:	80 a3 60 00 	cmp  %o5, 0
    654c:	02 80 00 74 	be  671c <Avg_HalfScreen+0x1dc>
    6550:	01 00 00 00 	nop 
    6554:	d8 00 23 00 	ld  [ 0x300 ], %o4
    6558:	82 03 00 0c 	add  %o4, %o4, %g1
    655c:	80 a3 40 01 	cmp  %o5, %g1
    6560:	1a 80 00 6f 	bcc  671c <Avg_HalfScreen+0x1dc>
    6564:	03 00 00 17 	sethi  %hi(0x5c00), %g1
    6568:	82 10 62 64 	or  %g1, 0x264, %g1	! 5e64 <PointNumOverflowHrz+0x8>
    656c:	c2 00 40 00 	ld  [ %g1 ], %g1
    6570:	80 a0 60 01 	cmp  %g1, 1
    6574:	02 80 00 6a 	be  671c <Avg_HalfScreen+0x1dc>
    6578:	83 2b 20 02 	sll  %o4, 2, %g1
    657c:	82 00 60 07 	add  %g1, 7, %g1
    6580:	82 08 7f f8 	and  %g1, -8, %g1
    6584:	ba 10 00 0e 	mov  %sp, %i5
    6588:	9c 23 80 01 	sub  %sp, %g1, %sp
    658c:	aa 03 a0 60 	add  %sp, 0x60, %l5
    6590:	ae 10 20 00 	clr  %l7
    6594:	80 a5 e0 00 	cmp  %l7, 0
    6598:	e2 50 24 5a 	ldsh  [ 0x45a ], %l1
    659c:	e0 50 24 58 	ldsh  [ 0x458 ], %l0
    65a0:	a4 10 20 00 	clr  %l2
    65a4:	12 80 00 08 	bne  65c4 <Avg_HalfScreen+0x84>
    65a8:	da 00 23 00 	ld  [ 0x300 ], %o5
    65ac:	03 00 00 17 	sethi  %hi(0x5c00), %g1
    65b0:	82 10 62 50 	or  %g1, 0x250, %g1	! 5e50 <KeyMaskAAHrz+0x7c>
    65b4:	a7 33 60 01 	srl  %o5, 1, %l3
    65b8:	e8 00 40 00 	ld  [ %g1 ], %l4
    65bc:	10 80 00 07 	b  65d8 <Avg_HalfScreen+0x98>
    65c0:	ac 10 20 00 	clr  %l6
    65c4:	03 00 00 17 	sethi  %hi(0x5c00), %g1
    65c8:	82 10 62 54 	or  %g1, 0x254, %g1	! 5e54 <KeyMaskAAHrz+0x80>
    65cc:	a6 10 00 0d 	mov  %o5, %l3
    65d0:	e8 00 40 00 	ld  [ %g1 ], %l4
    65d4:	ad 33 60 01 	srl  %o5, 1, %l6
    65d8:	98 10 00 16 	mov  %l6, %o4
    65dc:	80 a5 80 13 	cmp  %l6, %l3
    65e0:	16 80 00 12 	bge  6628 <Avg_HalfScreen+0xe8>
    65e4:	92 10 20 00 	clr  %o1
    65e8:	03 00 00 19 	sethi  %hi(0x6400), %g1
    65ec:	90 10 63 28 	or  %g1, 0x328, %o0	! 6728 <get_Press+0x4>
    65f0:	83 2b 20 03 	sll  %o4, 3, %g1
    65f4:	96 00 40 08 	add  %g1, %o0, %o3
    65f8:	94 10 20 01 	mov  1, %o2
    65fc:	9b 2a 60 02 	sll  %o1, 2, %o5
    6600:	c2 02 c0 00 	ld  [ %o3 ], %g1
    6604:	c2 25 40 0d 	st  %g1, [ %l5 + %o5 ]
    6608:	92 02 60 01 	inc  %o1
    660c:	94 82 bf ff 	addcc  %o2, -1, %o2
    6610:	1c bf ff fb 	bpos  65fc <Avg_HalfScreen+0xbc>
    6614:	96 02 e0 04 	add  %o3, 4, %o3
    6618:	98 03 20 01 	inc  %o4
    661c:	80 a3 00 13 	cmp  %o4, %l3
    6620:	06 bf ff f5 	bl  65f4 <Avg_HalfScreen+0xb4>
    6624:	83 2b 20 03 	sll  %o4, 3, %g1
    6628:	7f ff e9 eb 	call  dd4 <SortBubble>
    662c:	90 10 00 15 	mov  %l5, %o0
    6630:	80 a5 20 01 	cmp  %l4, 1
    6634:	14 80 00 05 	bg  6648 <Avg_HalfScreen+0x108>
    6638:	98 10 00 11 	mov  %l1, %o4
    663c:	a2 04 60 06 	add  %l1, 6, %l1
    6640:	a0 04 20 06 	add  %l0, 6, %l0
    6644:	98 10 00 11 	mov  %l1, %o4
    6648:	80 a3 00 10 	cmp  %o4, %l0
    664c:	14 80 00 06 	bg  6664 <Avg_HalfScreen+0x124>
    6650:	83 2b 20 02 	sll  %o4, 2, %g1
    6654:	c2 05 40 01 	ld  [ %l5 + %g1 ], %g1
    6658:	98 03 20 01 	inc  %o4
    665c:	10 bf ff fb 	b  6648 <Avg_HalfScreen+0x108>
    6660:	a4 04 80 01 	add  %l2, %g1, %l2
    6664:	82 24 00 11 	sub  %l0, %l1, %g1
    6668:	82 00 60 01 	inc  %g1
    666c:	9b 3c a0 1f 	sra  %l2, 0x1f, %o5
    6670:	81 83 60 00 	mov  %o5, %y
    6674:	01 00 00 00 	nop 
    6678:	01 00 00 00 	nop 
    667c:	01 00 00 00 	nop 
    6680:	a4 7c 80 01 	sdiv  %l2, %g1, %l2
    6684:	c2 50 21 ac 	ldsh  [ 0x1ac ], %g1
    6688:	80 a4 80 01 	cmp  %l2, %g1
    668c:	26 80 00 02 	bl,a   6694 <Avg_HalfScreen+0x154>
    6690:	a4 10 00 01 	mov  %g1, %l2
    6694:	80 a5 80 13 	cmp  %l6, %l3
    6698:	16 80 00 1c 	bge  6708 <Avg_HalfScreen+0x1c8>
    669c:	98 10 00 16 	mov  %l6, %o4
    66a0:	11 00 00 19 	sethi  %hi(0x6400), %o0
    66a4:	92 12 23 28 	or  %o0, 0x328, %o1	! 6728 <get_Press+0x4>
    66a8:	94 10 20 00 	clr  %o2
    66ac:	9b 2b 20 03 	sll  %o4, 3, %o5
    66b0:	80 a4 a0 00 	cmp  %l2, 0
    66b4:	04 80 00 0a 	ble  66dc <Avg_HalfScreen+0x19c>
    66b8:	96 12 23 28 	or  %o0, 0x328, %o3
    66bc:	c2 03 40 0b 	ld  [ %o5 + %o3 ], %g1
    66c0:	80 a0 60 00 	cmp  %g1, 0
    66c4:	06 80 00 09 	bl  66e8 <Avg_HalfScreen+0x1a8>
    66c8:	80 a0 40 12 	cmp  %g1, %l2
    66cc:	36 80 00 05 	bge,a   66e0 <Avg_HalfScreen+0x1a0>
    66d0:	c2 03 40 09 	ld  [ %o5 + %o1 ], %g1
    66d4:	10 80 00 05 	b  66e8 <Avg_HalfScreen+0x1a8>
    66d8:	c0 23 40 0b 	clr  [ %o5 + %o3 ]
    66dc:	c2 03 40 09 	ld  [ %o5 + %o1 ], %g1
    66e0:	82 20 40 12 	sub  %g1, %l2, %g1
    66e4:	c2 23 40 09 	st  %g1, [ %o5 + %o1 ]
    66e8:	94 02 a0 01 	inc  %o2
    66ec:	80 a2 a0 01 	cmp  %o2, 1
    66f0:	04 bf ff f0 	ble  66b0 <Avg_HalfScreen+0x170>
    66f4:	9a 03 60 04 	add  %o5, 4, %o5
    66f8:	98 03 20 01 	inc  %o4
    66fc:	80 a3 00 13 	cmp  %o4, %l3
    6700:	26 bf ff eb 	bl,a   66ac <Avg_HalfScreen+0x16c>
    6704:	94 10 20 00 	clr  %o2
    6708:	ae 05 e0 01 	inc  %l7
    670c:	80 a5 e0 01 	cmp  %l7, 1
    6710:	04 bf ff a2 	ble  6598 <Avg_HalfScreen+0x58>
    6714:	80 a5 e0 00 	cmp  %l7, 0
    6718:	9c 10 00 1d 	mov  %i5, %sp
    671c:	81 c7 e0 08 	ret 
    6720:	81 e8 00 00 	restore 

00006724 <get_Press>:
    6724:	9d e3 bf 98 	save  %sp, -104, %sp
    6728:	03 00 00 17 	sethi  %hi(0x5c00), %g1
    672c:	82 10 62 64 	or  %g1, 0x264, %g1	! 5e64 <PointNumOverflowHrz+0x8>
    6730:	c2 00 40 00 	ld  [ %g1 ], %g1
    6734:	80 a0 60 01 	cmp  %g1, 1
    6738:	02 80 00 66 	be  68d0 <get_Press+0x1ac>
    673c:	9a 10 20 00 	clr  %o5
    6740:	f8 00 25 14 	ld  [ 0x514 ], %i4
    6744:	c0 20 26 e0 	clr  [ 0x6e0 ]
    6748:	80 a3 40 1c 	cmp  %o5, %i4
    674c:	b0 10 20 00 	clr  %i0
    6750:	1a 80 00 0f 	bcc  678c <get_Press+0x68>
    6754:	b2 10 20 00 	clr  %i1
    6758:	c2 00 23 00 	ld  [ 0x300 ], %g1
    675c:	bb 30 60 01 	srl  %g1, 1, %i5
    6760:	b6 10 20 01 	mov  1, %i3
    6764:	83 2e 60 02 	sll  %i1, 2, %g1
    6768:	c2 00 67 e0 	ld  [ %g1 + 0x7e0 ], %g1
    676c:	80 a0 40 1d 	cmp  %g1, %i5
    6770:	0a 80 00 03 	bcs  677c <get_Press+0x58>
    6774:	b2 06 60 01 	inc  %i1
    6778:	82 20 40 1d 	sub  %g1, %i5, %g1
    677c:	83 2e c0 01 	sll  %i3, %g1, %g1
    6780:	80 a6 40 1c 	cmp  %i1, %i4
    6784:	0a bf ff f8 	bcs  6764 <get_Press+0x40>
    6788:	b0 16 00 01 	or  %i0, %g1, %i0
    678c:	3b 00 00 17 	sethi  %hi(0x5c00), %i5
    6790:	b4 17 62 5c 	or  %i5, 0x25c, %i2	! 5e5c <PointNumOverflowHrz>
    6794:	c2 00 23 00 	ld  [ 0x300 ], %g1
    6798:	b9 3e 20 01 	sra  %i0, 1, %i4
    679c:	ba 17 62 58 	or  %i5, 0x258, %i5
    67a0:	b8 16 00 1c 	or  %i0, %i4, %i4
    67a4:	b6 06 00 18 	add  %i0, %i0, %i3
    67a8:	83 30 60 01 	srl  %g1, 1, %g1
    67ac:	b2 10 20 00 	clr  %i1
    67b0:	c0 27 40 00 	clr  [ %i5 ]
    67b4:	b0 17 00 1b 	or  %i4, %i3, %i0
    67b8:	80 a6 40 01 	cmp  %i1, %g1
    67bc:	1a 80 00 2e 	bcc  6874 <get_Press+0x150>
    67c0:	c0 26 80 00 	clr  [ %i2 ]
    67c4:	94 10 00 01 	mov  %g1, %o2
    67c8:	03 00 00 19 	sethi  %hi(0x6400), %g1
    67cc:	98 10 63 28 	or  %g1, 0x328, %o4	! 6728 <get_Press+0x4>
    67d0:	96 10 63 2c 	or  %g1, 0x32c, %o3
    67d4:	82 00 78 00 	add  %g1, -2048, %g1
    67d8:	9e 10 62 58 	or  %g1, 0x258, %o7
    67dc:	92 10 62 5c 	or  %g1, 0x25c, %o1
    67e0:	83 3e 00 19 	sra  %i0, %i1, %g1
    67e4:	80 88 60 01 	btst  1, %g1
    67e8:	12 80 00 1f 	bne  6864 <get_Press+0x140>
    67ec:	bb 2e 60 03 	sll  %i1, 3, %i5
    67f0:	f6 07 40 0c 	ld  [ %i5 + %o4 ], %i3
    67f4:	82 38 00 1b 	xnor  %g0, %i3, %g1
    67f8:	f4 07 40 0b 	ld  [ %i5 + %o3 ], %i2
    67fc:	83 38 60 1f 	sra  %g1, 0x1f, %g1
    6800:	b6 0e c0 01 	and  %i3, %g1, %i3
    6804:	b8 38 00 1a 	xnor  %g0, %i2, %i4
    6808:	fa 03 c0 00 	ld  [ %o7 ], %i5
    680c:	c2 00 23 00 	ld  [ 0x300 ], %g1
    6810:	b9 3f 20 1f 	sra  %i4, 0x1f, %i4
    6814:	ba 07 40 1b 	add  %i5, %i3, %i5
    6818:	b4 0e 80 1c 	and  %i2, %i4, %i2
    681c:	83 30 60 01 	srl  %g1, 1, %g1
    6820:	ba 07 40 1a 	add  %i5, %i2, %i5
    6824:	82 00 40 19 	add  %g1, %i1, %g1
    6828:	fa 23 c0 00 	st  %i5, [ %o7 ]
    682c:	83 28 60 03 	sll  %g1, 3, %g1
    6830:	f6 00 40 0b 	ld  [ %g1 + %o3 ], %i3
    6834:	f8 00 40 0c 	ld  [ %g1 + %o4 ], %i4
    6838:	82 38 00 1c 	xnor  %g0, %i4, %g1
    683c:	83 38 60 1f 	sra  %g1, 0x1f, %g1
    6840:	ba 38 00 1b 	xnor  %g0, %i3, %i5
    6844:	b8 0f 00 01 	and  %i4, %g1, %i4
    6848:	c2 02 40 00 	ld  [ %o1 ], %g1
    684c:	bb 3f 60 1f 	sra  %i5, 0x1f, %i5
    6850:	82 00 40 1c 	add  %g1, %i4, %g1
    6854:	b6 0e c0 1d 	and  %i3, %i5, %i3
    6858:	82 00 40 1b 	add  %g1, %i3, %g1
    685c:	9a 03 60 01 	inc  %o5
    6860:	c2 22 40 00 	st  %g1, [ %o1 ]
    6864:	b2 06 60 01 	inc  %i1
    6868:	80 a6 40 0a 	cmp  %i1, %o2
    686c:	0a bf ff d8 	bcs  67cc <get_Press+0xa8>
    6870:	03 00 00 19 	sethi  %hi(0x6400), %g1
    6874:	37 00 00 17 	sethi  %hi(0x5c00), %i3
    6878:	82 16 e2 5c 	or  %i3, 0x25c, %g1	! 5e5c <PointNumOverflowHrz>
    687c:	b6 16 e2 58 	or  %i3, 0x258, %i3
    6880:	f8 06 c0 00 	ld  [ %i3 ], %i4
    6884:	c2 00 40 00 	ld  [ %g1 ], %g1
    6888:	82 07 00 01 	add  %i4, %g1, %g1
    688c:	99 38 60 1f 	sra  %g1, 0x1f, %o4
    6890:	81 83 20 00 	mov  %o4, %y
    6894:	01 00 00 00 	nop 
    6898:	01 00 00 00 	nop 
    689c:	01 00 00 00 	nop 
    68a0:	82 78 40 0d 	sdiv  %g1, %o5, %g1
    68a4:	bb 30 60 1f 	srl  %g1, 0x1f, %i5
    68a8:	82 00 40 1d 	add  %g1, %i5, %g1
    68ac:	99 3f 20 1f 	sra  %i4, 0x1f, %o4
    68b0:	81 83 20 00 	mov  %o4, %y
    68b4:	01 00 00 00 	nop 
    68b8:	01 00 00 00 	nop 
    68bc:	01 00 00 00 	nop 
    68c0:	b8 7f 00 0d 	sdiv  %i4, %o5, %i4
    68c4:	83 38 60 01 	sra  %g1, 1, %g1
    68c8:	f8 26 c0 00 	st  %i4, [ %i3 ]
    68cc:	c2 20 26 e0 	st  %g1, [ 0x6e0 ]
    68d0:	81 c7 e0 08 	ret 
    68d4:	81 e8 00 00 	restore 

000068d8 <Updata_point_val>:
    68d8:	17 00 00 17 	sethi  %hi(0x5c00), %o3
    68dc:	da 00 25 14 	ld  [ 0x514 ], %o5
    68e0:	82 12 e2 60 	or  %o3, 0x260, %g1
    68e4:	80 a3 60 01 	cmp  %o5, 1
    68e8:	12 80 00 10 	bne  6928 <Updata_point_val+0x50>
    68ec:	da 20 40 00 	st  %o5, [ %g1 ]
    68f0:	94 12 e2 74 	or  %o3, 0x274, %o2
    68f4:	98 10 20 09 	mov  9, %o4
    68f8:	96 12 e2 78 	or  %o3, 0x278, %o3
    68fc:	9b 2b 20 02 	sll  %o4, 2, %o5
    6900:	98 03 3f ff 	add  %o4, -1, %o4
    6904:	c2 03 40 0a 	ld  [ %o5 + %o2 ], %g1
    6908:	80 a3 20 00 	cmp  %o4, 0
    690c:	14 bf ff fc 	bg  68fc <Updata_point_val+0x24>
    6910:	c2 23 40 0b 	st  %g1, [ %o5 + %o3 ]
    6914:	da 00 27 e0 	ld  [ 0x7e0 ], %o5
    6918:	c2 10 27 30 	lduh  [ 0x730 ], %g1
    691c:	9b 2b 60 10 	sll  %o5, 0x10, %o5
    6920:	82 00 40 0d 	add  %g1, %o5, %g1
    6924:	c2 22 c0 00 	st  %g1, [ %o3 ]
    6928:	c2 00 25 14 	ld  [ 0x514 ], %g1
    692c:	80 a0 60 00 	cmp  %g1, 0
    6930:	12 80 00 09 	bne  6954 <Updata_point_val+0x7c>
    6934:	03 00 00 17 	sethi  %hi(0x5c00), %g1
    6938:	9a 10 62 78 	or  %g1, 0x278, %o5	! 5e78 <PointNumOverflowHrz+0x1c>
    693c:	98 10 20 00 	clr  %o4
    6940:	83 2b 20 02 	sll  %o4, 2, %g1
    6944:	98 03 20 01 	inc  %o4
    6948:	80 a3 20 09 	cmp  %o4, 9
    694c:	04 bf ff fd 	ble  6940 <Updata_point_val+0x68>
    6950:	c0 20 40 0d 	clr  [ %g1 + %o5 ]
    6954:	81 c3 e0 08 	retl 
    6958:	01 00 00 00 	nop 

0000695c <KeyMaskAAVrt>:
    695c:	81 c3 e0 08 	retl 
    6960:	01 00 00 00 	nop 

00006964 <PointNumOverflowVrt>:
    6964:	81 c3 e0 08 	retl 
    6968:	90 10 20 01 	mov  1, %o0	! 1 <PROM_START+0x1>

0000696c <GetAAPointNumVrt>:
    696c:	9d e3 bf 88 	save  %sp, -120, %sp
    6970:	c2 10 25 48 	lduh  [ 0x548 ], %g1
    6974:	80 88 60 01 	btst  1, %g1
    6978:	02 80 00 08 	be  6998 <GetAAPointNumVrt+0x2c>
    697c:	a6 10 20 80 	mov  0x80, %l3
    6980:	c2 00 25 58 	ld  [ 0x558 ], %g1
    6984:	80 a0 60 00 	cmp  %g1, 0
    6988:	12 80 00 05 	bne  699c <GetAAPointNumVrt+0x30>
    698c:	03 00 00 17 	sethi  %hi(0x5c00), %g1
    6990:	10 80 00 03 	b  699c <GetAAPointNumVrt+0x30>
    6994:	e6 10 21 8c 	lduh  [ 0x18c ], %l3
    6998:	03 00 00 17 	sethi  %hi(0x5c00), %g1
    699c:	9a 10 62 54 	or  %g1, 0x254, %o5	! 5e54 <KeyMaskAAHrz+0x80>
    69a0:	82 10 62 50 	or  %g1, 0x250, %g1
    69a4:	c0 20 40 00 	clr  [ %g1 ]
    69a8:	c0 23 40 00 	clr  [ %o5 ]
    69ac:	a2 10 20 00 	clr  %l1
    69b0:	83 2c 60 02 	sll  %l1, 2, %g1
    69b4:	a2 04 60 01 	inc  %l1
    69b8:	c0 20 67 e0 	clr  [ %g1 + 0x7e0 ]
    69bc:	c0 20 67 20 	clr  [ %g1 + 0x720 ]
    69c0:	80 a4 60 03 	cmp  %l1, 3
    69c4:	04 bf ff fb 	ble  69b0 <GetAAPointNumVrt+0x44>
    69c8:	c0 20 67 30 	clr  [ %g1 + 0x730 ]
    69cc:	03 00 00 17 	sethi  %hi(0x5c00), %g1
    69d0:	9a 10 62 54 	or  %g1, 0x254, %o5	! 5e54 <KeyMaskAAHrz+0x80>
    69d4:	82 10 62 50 	or  %g1, 0x250, %g1
    69d8:	c0 20 40 00 	clr  [ %g1 ]
    69dc:	c0 23 40 00 	clr  [ %o5 ]
    69e0:	03 00 00 18 	sethi  %hi(0x6000), %g1
    69e4:	c0 20 25 14 	clr  [ 0x514 ]
    69e8:	9a 10 62 a8 	or  %g1, 0x2a8, %o5
    69ec:	a4 10 20 00 	clr  %l2
    69f0:	90 10 20 00 	clr  %o0
    69f4:	83 2a 20 02 	sll  %o0, 2, %g1
    69f8:	90 02 20 01 	inc  %o0
    69fc:	80 a2 20 1b 	cmp  %o0, 0x1b
    6a00:	04 bf ff fd 	ble  69f4 <GetAAPointNumVrt+0x88>
    6a04:	c0 20 40 0d 	clr  [ %g1 + %o5 ]
    6a08:	90 10 20 00 	clr  %o0
    6a0c:	d8 00 23 00 	ld  [ 0x300 ], %o4
    6a10:	80 a2 00 0c 	cmp  %o0, %o4
    6a14:	1a 80 00 23 	bcc  6aa0 <GetAAPointNumVrt+0x134>
    6a18:	1b 00 00 18 	sethi  %hi(0x6000), %o5
    6a1c:	03 00 00 19 	sethi  %hi(0x6400), %g1
    6a20:	a0 10 00 0d 	mov  %o5, %l0
    6a24:	9e 10 63 28 	or  %g1, 0x328, %o7
    6a28:	92 13 62 a8 	or  %o5, 0x2a8, %o1
    6a2c:	83 33 20 01 	srl  %o4, 1, %g1
    6a30:	94 02 20 01 	add  %o0, 1, %o2
    6a34:	80 a2 00 01 	cmp  %o0, %g1
    6a38:	0a 80 00 03 	bcs  6a44 <GetAAPointNumVrt+0xd8>
    6a3c:	9a 10 00 0a 	mov  %o2, %o5
    6a40:	9a 02 20 03 	add  %o0, 3, %o5
    6a44:	83 2a 20 03 	sll  %o0, 3, %g1
    6a48:	99 2b 60 02 	sll  %o5, 2, %o4
    6a4c:	90 00 40 0f 	add  %g1, %o7, %o0
    6a50:	96 14 22 a8 	or  %l0, 0x2a8, %o3
    6a54:	a2 10 20 01 	mov  1, %l1
    6a58:	c2 02 00 00 	ld  [ %o0 ], %g1
    6a5c:	9a 38 00 01 	xnor  %g0, %g1, %o5
    6a60:	9b 3b 60 1f 	sra  %o5, 0x1f, %o5
    6a64:	82 08 40 0d 	and  %g1, %o5, %g1
    6a68:	da 03 00 0b 	ld  [ %o4 + %o3 ], %o5
    6a6c:	9a 03 40 01 	add  %o5, %g1, %o5
    6a70:	da 23 00 0b 	st  %o5, [ %o4 + %o3 ]
    6a74:	a2 84 7f ff 	addcc  %l1, -1, %l1
    6a78:	1c bf ff f8 	bpos  6a58 <GetAAPointNumVrt+0xec>
    6a7c:	90 02 20 04 	add  %o0, 4, %o0
    6a80:	c2 03 00 09 	ld  [ %o4 + %o1 ], %g1
    6a84:	80 a0 40 12 	cmp  %g1, %l2
    6a88:	34 80 00 02 	bg,a   6a90 <GetAAPointNumVrt+0x124>
    6a8c:	a4 10 00 01 	mov  %g1, %l2
    6a90:	d8 00 23 00 	ld  [ 0x300 ], %o4
    6a94:	80 a2 80 0c 	cmp  %o2, %o4
    6a98:	0a bf ff e5 	bcs  6a2c <GetAAPointNumVrt+0xc0>
    6a9c:	90 10 00 0a 	mov  %o2, %o0
    6aa0:	1b 00 00 18 	sethi  %hi(0x6000), %o5
    6aa4:	82 13 62 ac 	or  %o5, 0x2ac, %g1	! 62ac <GetAAPointNumHrz+0x3e4>
    6aa8:	d8 00 40 00 	ld  [ %g1 ], %o4
    6aac:	96 13 62 b0 	or  %o5, 0x2b0, %o3
    6ab0:	c2 02 c0 00 	ld  [ %o3 ], %g1
    6ab4:	80 a3 00 01 	cmp  %o4, %g1
    6ab8:	96 13 62 a8 	or  %o5, 0x2a8, %o3
    6abc:	14 80 00 03 	bg  6ac8 <GetAAPointNumVrt+0x15c>
    6ac0:	98 23 00 01 	sub  %o4, %g1, %o4
    6ac4:	98 10 20 00 	clr  %o4
    6ac8:	c2 00 23 00 	ld  [ 0x300 ], %g1
    6acc:	83 30 60 01 	srl  %g1, 1, %g1
    6ad0:	1b 00 00 18 	sethi  %hi(0x6000), %o5
    6ad4:	95 28 60 02 	sll  %g1, 2, %o2
    6ad8:	d8 22 c0 00 	st  %o4, [ %o3 ]
    6adc:	82 13 62 a8 	or  %o5, 0x2a8, %g1
    6ae0:	d8 02 80 01 	ld  [ %o2 + %g1 ], %o4
    6ae4:	96 13 62 a4 	or  %o5, 0x2a4, %o3
    6ae8:	c2 02 80 0b 	ld  [ %o2 + %o3 ], %g1
    6aec:	80 a3 00 01 	cmp  %o4, %g1
    6af0:	9a 13 62 ac 	or  %o5, 0x2ac, %o5
    6af4:	14 80 00 03 	bg  6b00 <GetAAPointNumVrt+0x194>
    6af8:	98 23 00 01 	sub  %o4, %g1, %o4
    6afc:	98 10 20 00 	clr  %o4
    6b00:	d8 22 80 0d 	st  %o4, [ %o2 + %o5 ]
    6b04:	c2 00 23 00 	ld  [ 0x300 ], %g1
    6b08:	83 30 60 01 	srl  %g1, 1, %g1
    6b0c:	1b 00 00 18 	sethi  %hi(0x6000), %o5
    6b10:	95 28 60 02 	sll  %g1, 2, %o2
    6b14:	82 13 62 b4 	or  %o5, 0x2b4, %g1
    6b18:	d8 02 80 01 	ld  [ %o2 + %g1 ], %o4
    6b1c:	96 13 62 b8 	or  %o5, 0x2b8, %o3
    6b20:	c2 02 80 0b 	ld  [ %o2 + %o3 ], %g1
    6b24:	80 a3 00 01 	cmp  %o4, %g1
    6b28:	9a 13 62 b0 	or  %o5, 0x2b0, %o5
    6b2c:	14 80 00 03 	bg  6b38 <GetAAPointNumVrt+0x1cc>
    6b30:	98 23 00 01 	sub  %o4, %g1, %o4
    6b34:	98 10 20 00 	clr  %o4
    6b38:	d8 22 80 0d 	st  %o4, [ %o2 + %o5 ]
    6b3c:	c2 00 23 00 	ld  [ 0x300 ], %g1
    6b40:	1b 00 00 18 	sethi  %hi(0x6000), %o5
    6b44:	95 28 60 02 	sll  %g1, 2, %o2
    6b48:	82 13 62 b0 	or  %o5, 0x2b0, %g1
    6b4c:	d8 02 80 01 	ld  [ %o2 + %g1 ], %o4
    6b50:	96 13 62 ac 	or  %o5, 0x2ac, %o3
    6b54:	c2 02 80 0b 	ld  [ %o2 + %o3 ], %g1
    6b58:	80 a3 00 01 	cmp  %o4, %g1
    6b5c:	9a 13 62 b4 	or  %o5, 0x2b4, %o5
    6b60:	14 80 00 03 	bg  6b6c <GetAAPointNumVrt+0x200>
    6b64:	98 23 00 01 	sub  %o4, %g1, %o4
    6b68:	98 10 20 00 	clr  %o4
    6b6c:	03 00 00 17 	sethi  %hi(0x5c00), %g1
    6b70:	d8 22 80 0d 	st  %o4, [ %o2 + %o5 ]
    6b74:	82 10 62 64 	or  %g1, 0x264, %g1
    6b78:	c2 00 40 00 	ld  [ %g1 ], %g1
    6b7c:	80 a0 60 01 	cmp  %g1, 1
    6b80:	32 80 00 1f 	bne,a   6bfc <GetAAPointNumVrt+0x290>
    6b84:	e0 00 23 00 	ld  [ 0x300 ], %l0
    6b88:	03 00 00 18 	sethi  %hi(0x6000), %g1
    6b8c:	94 10 62 ac 	or  %g1, 0x2ac, %o2	! 62ac <GetAAPointNumHrz+0x3e4>
    6b90:	98 10 20 00 	clr  %o4
    6b94:	a2 10 20 01 	mov  1, %l1
    6b98:	96 10 62 a8 	or  %g1, 0x2a8, %o3
    6b9c:	83 2c 60 02 	sll  %l1, 2, %g1
    6ba0:	da 00 40 0a 	ld  [ %g1 + %o2 ], %o5
    6ba4:	c2 00 40 0b 	ld  [ %g1 + %o3 ], %g1
    6ba8:	82 00 40 0d 	add  %g1, %o5, %g1
    6bac:	80 a0 40 0c 	cmp  %g1, %o4
    6bb0:	04 80 00 03 	ble  6bbc <GetAAPointNumVrt+0x250>
    6bb4:	a2 04 60 01 	inc  %l1
    6bb8:	98 10 00 01 	mov  %g1, %o4
    6bbc:	80 a4 60 15 	cmp  %l1, 0x15
    6bc0:	04 bf ff f8 	ble  6ba0 <GetAAPointNumVrt+0x234>
    6bc4:	83 2c 60 02 	sll  %l1, 2, %g1
    6bc8:	c2 00 22 b0 	ld  [ 0x2b0 ], %g1
    6bcc:	80 a3 00 01 	cmp  %o4, %g1
    6bd0:	03 00 00 17 	sethi  %hi(0x5c00), %g1
    6bd4:	82 10 62 74 	or  %g1, 0x274, %g1	! 5e74 <PointNumOverflowHrz+0x18>
    6bd8:	08 80 00 8f 	bleu  6e14 <GetAAPointNumVrt+0x4a8>
    6bdc:	d8 20 40 00 	st  %o4, [ %g1 ]
    6be0:	da 00 25 14 	ld  [ 0x514 ], %o5
    6be4:	03 00 4d 40 	sethi  %hi(0x1350000), %g1
    6be8:	9a 03 60 01 	inc  %o5
    6bec:	82 10 60 e3 	or  %g1, 0xe3, %g1
    6bf0:	c2 20 27 20 	st  %g1, [ 0x720 ]
    6bf4:	10 80 00 88 	b  6e14 <GetAAPointNumVrt+0x4a8>
    6bf8:	da 20 25 14 	st  %o5, [ 0x514 ]
    6bfc:	03 00 00 18 	sethi  %hi(0x6000), %g1
    6c00:	90 10 62 b0 	or  %g1, 0x2b0, %o0	! 62b0 <GetAAPointNumHrz+0x3e8>
    6c04:	92 10 62 b4 	or  %g1, 0x2b4, %o1
    6c08:	a3 34 20 01 	srl  %l0, 1, %l1
    6c0c:	96 10 62 ac 	or  %g1, 0x2ac, %o3
    6c10:	99 2c 60 02 	sll  %l1, 2, %o4
    6c14:	82 10 62 a8 	or  %g1, 0x2a8, %g1
    6c18:	d4 03 00 01 	ld  [ %o4 + %g1 ], %o2
    6c1c:	9b 2c 20 02 	sll  %l0, 2, %o5
    6c20:	c2 03 00 09 	ld  [ %o4 + %o1 ], %g1
    6c24:	da 03 40 08 	ld  [ %o5 + %o0 ], %o5
    6c28:	d8 08 22 c0 	ldub  [ 0x2c0 ], %o4
    6c2c:	d6 02 c0 00 	ld  [ %o3 ], %o3
    6c30:	d2 08 22 c1 	ldub  [ 0x2c1 ], %o1
    6c34:	d0 08 22 c2 	ldub  [ 0x2c2 ], %o0
    6c38:	de 08 22 c3 	ldub  [ 0x2c3 ], %o7
    6c3c:	96 5a c0 0c 	smul  %o3, %o4, %o3
    6c40:	82 58 40 09 	smul  %g1, %o1, %g1
    6c44:	9a 5b 40 0f 	smul  %o5, %o7, %o5
    6c48:	94 5a 80 08 	smul  %o2, %o0, %o2
    6c4c:	96 02 c0 01 	add  %o3, %g1, %o3
    6c50:	94 02 80 0d 	add  %o2, %o5, %o2
    6c54:	9b 3a e0 1f 	sra  %o3, 0x1f, %o5
    6c58:	99 3a a0 1f 	sra  %o2, 0x1f, %o4
    6c5c:	82 04 00 10 	add  %l0, %l0, %g1
    6c60:	82 00 40 10 	add  %g1, %l0, %g1
    6c64:	9b 33 60 18 	srl  %o5, 0x18, %o5
    6c68:	99 33 20 18 	srl  %o4, 0x18, %o4
    6c6c:	96 02 c0 0d 	add  %o3, %o5, %o3
    6c70:	94 02 80 0c 	add  %o2, %o4, %o2
    6c74:	83 30 60 02 	srl  %g1, 2, %g1
    6c78:	80 a4 40 01 	cmp  %l1, %g1
    6c7c:	97 3a e0 08 	sra  %o3, 8, %o3
    6c80:	1a 80 00 14 	bcc  6cd0 <GetAAPointNumVrt+0x364>
    6c84:	95 3a a0 08 	sra  %o2, 8, %o2
    6c88:	03 00 00 19 	sethi  %hi(0x6400), %g1
    6c8c:	90 10 63 2c 	or  %g1, 0x32c, %o0	! 672c <get_Press+0x8>
    6c90:	92 10 63 28 	or  %g1, 0x328, %o1
    6c94:	9b 2c 60 03 	sll  %l1, 3, %o5
    6c98:	c2 03 40 08 	ld  [ %o5 + %o0 ], %g1
    6c9c:	d8 03 40 09 	ld  [ %o5 + %o1 ], %o4
    6ca0:	82 20 40 0b 	sub  %g1, %o3, %g1
    6ca4:	c2 23 40 08 	st  %g1, [ %o5 + %o0 ]
    6ca8:	98 23 00 0b 	sub  %o4, %o3, %o4
    6cac:	d8 23 40 09 	st  %o4, [ %o5 + %o1 ]
    6cb0:	da 00 23 00 	ld  [ 0x300 ], %o5
    6cb4:	82 03 40 0d 	add  %o5, %o5, %g1
    6cb8:	82 00 40 0d 	add  %g1, %o5, %g1
    6cbc:	a2 04 60 01 	inc  %l1
    6cc0:	83 30 60 02 	srl  %g1, 2, %g1
    6cc4:	80 a4 40 01 	cmp  %l1, %g1
    6cc8:	0a bf ff f4 	bcs  6c98 <GetAAPointNumVrt+0x32c>
    6ccc:	9b 2c 60 03 	sll  %l1, 3, %o5
    6cd0:	da 00 23 00 	ld  [ 0x300 ], %o5
    6cd4:	82 03 40 0d 	add  %o5, %o5, %g1
    6cd8:	82 00 40 0d 	add  %g1, %o5, %g1
    6cdc:	a3 30 60 02 	srl  %g1, 2, %l1
    6ce0:	80 a4 40 0d 	cmp  %l1, %o5
    6ce4:	1a 80 00 10 	bcc  6d24 <GetAAPointNumVrt+0x3b8>
    6ce8:	03 00 00 19 	sethi  %hi(0x6400), %g1
    6cec:	92 10 63 2c 	or  %g1, 0x32c, %o1	! 672c <get_Press+0x8>
    6cf0:	96 10 63 28 	or  %g1, 0x328, %o3
    6cf4:	9b 2c 60 03 	sll  %l1, 3, %o5
    6cf8:	c2 03 40 09 	ld  [ %o5 + %o1 ], %g1
    6cfc:	d8 03 40 0b 	ld  [ %o5 + %o3 ], %o4
    6d00:	82 20 40 0a 	sub  %g1, %o2, %g1
    6d04:	c2 23 40 09 	st  %g1, [ %o5 + %o1 ]
    6d08:	98 23 00 0a 	sub  %o4, %o2, %o4
    6d0c:	d8 23 40 0b 	st  %o4, [ %o5 + %o3 ]
    6d10:	a2 04 60 01 	inc  %l1
    6d14:	c2 00 23 00 	ld  [ 0x300 ], %g1
    6d18:	80 a4 40 01 	cmp  %l1, %g1
    6d1c:	0a bf ff f7 	bcs  6cf8 <GetAAPointNumVrt+0x38c>
    6d20:	9b 2c 60 03 	sll  %l1, 3, %o5
    6d24:	90 10 20 00 	clr  %o0
    6d28:	da 00 23 00 	ld  [ 0x300 ], %o5
    6d2c:	80 a2 00 0d 	cmp  %o0, %o5
    6d30:	1a 80 00 39 	bcc  6e14 <GetAAPointNumVrt+0x4a8>
    6d34:	01 00 00 00 	nop 
    6d38:	c2 00 25 14 	ld  [ 0x514 ], %g1
    6d3c:	80 a0 60 03 	cmp  %g1, 3
    6d40:	18 80 00 35 	bgu  6e14 <GetAAPointNumVrt+0x4a8>
    6d44:	93 33 60 01 	srl  %o5, 1, %o1
    6d48:	a0 02 20 01 	add  %o0, 1, %l0
    6d4c:	80 a2 00 09 	cmp  %o0, %o1
    6d50:	0a 80 00 03 	bcs  6d5c <GetAAPointNumVrt+0x3f0>
    6d54:	9a 10 00 10 	mov  %l0, %o5
    6d58:	9a 02 20 03 	add  %o0, 3, %o5
    6d5c:	83 3c a0 1f 	sra  %l2, 0x1f, %g1
    6d60:	99 2b 60 02 	sll  %o5, 2, %o4
    6d64:	83 30 60 1e 	srl  %g1, 0x1e, %g1
    6d68:	17 00 00 18 	sethi  %hi(0x6000), %o3
    6d6c:	82 04 80 01 	add  %l2, %g1, %g1
    6d70:	9a 12 e2 a8 	or  %o3, 0x2a8, %o5
    6d74:	83 38 60 02 	sra  %g1, 2, %g1
    6d78:	d4 03 00 0d 	ld  [ %o4 + %o5 ], %o2
    6d7c:	80 a2 80 01 	cmp  %o2, %g1
    6d80:	26 80 00 1e 	bl,a   6df8 <GetAAPointNumVrt+0x48c>
    6d84:	da 00 23 00 	ld  [ 0x300 ], %o5
    6d88:	82 02 7f ff 	add  %o1, -1, %g1
    6d8c:	83 30 60 01 	srl  %g1, 1, %g1
    6d90:	80 a2 00 01 	cmp  %o0, %g1
    6d94:	32 80 00 14 	bne,a   6de4 <GetAAPointNumVrt+0x478>
    6d98:	13 00 00 18 	sethi  %hi(0x6000), %o1
    6d9c:	82 12 e2 b0 	or  %o3, 0x2b0, %g1
    6da0:	9a 12 e2 a0 	or  %o3, 0x2a0, %o5
    6da4:	d6 03 00 01 	ld  [ %o4 + %g1 ], %o3
    6da8:	da 03 00 0d 	ld  [ %o4 + %o5 ], %o5
    6dac:	80 a3 40 0b 	cmp  %o5, %o3
    6db0:	04 80 00 04 	ble  6dc0 <GetAAPointNumVrt+0x454>
    6db4:	c2 08 24 78 	ldub  [ 0x478 ], %g1
    6db8:	10 80 00 03 	b  6dc4 <GetAAPointNumVrt+0x458>
    6dbc:	9a 5a c0 01 	smul  %o3, %g1, %o5
    6dc0:	9a 5b 40 01 	smul  %o5, %g1, %o5
    6dc4:	83 3b 60 1f 	sra  %o5, 0x1f, %g1
    6dc8:	83 30 60 1b 	srl  %g1, 0x1b, %g1
    6dcc:	9a 03 40 01 	add  %o5, %g1, %o5
    6dd0:	9b 3b 60 05 	sra  %o5, 5, %o5
    6dd4:	80 a2 80 0d 	cmp  %o2, %o5
    6dd8:	26 80 00 08 	bl,a   6df8 <GetAAPointNumVrt+0x48c>
    6ddc:	da 00 23 00 	ld  [ 0x300 ], %o5
    6de0:	13 00 00 18 	sethi  %hi(0x6000), %o1
    6de4:	92 12 62 a8 	or  %o1, 0x2a8, %o1	! 62a8 <GetAAPointNumHrz+0x3e0>
    6de8:	c2 00 2f dc 	ld  [ 0xfdc ], %g1
    6dec:	9f c0 40 00 	call  %g1
    6df0:	94 10 00 13 	mov  %l3, %o2
    6df4:	da 00 23 00 	ld  [ 0x300 ], %o5
    6df8:	80 a4 00 0d 	cmp  %l0, %o5
    6dfc:	1a 80 00 06 	bcc  6e14 <GetAAPointNumVrt+0x4a8>
    6e00:	90 10 00 10 	mov  %l0, %o0
    6e04:	c2 00 25 14 	ld  [ 0x514 ], %g1
    6e08:	80 a0 60 03 	cmp  %g1, 3
    6e0c:	08 bf ff cf 	bleu  6d48 <GetAAPointNumVrt+0x3dc>
    6e10:	93 33 60 01 	srl  %o5, 1, %o1
    6e14:	81 c7 e0 08 	ret 
    6e18:	81 e8 00 00 	restore 

00006e1c <TouchNear>:
    6e1c:	1b 00 00 17 	sethi  %hi(0x5c00), %o5
    6e20:	82 13 62 64 	or  %o5, 0x264, %g1	! 5e64 <PointNumOverflowHrz+0x8>
    6e24:	c2 00 40 00 	ld  [ %g1 ], %g1
    6e28:	80 a0 60 01 	cmp  %g1, 1
    6e2c:	02 80 00 3a 	be  6f14 <TouchNear+0xf8>
    6e30:	01 00 00 00 	nop 
    6e34:	c2 00 22 00 	ld  [ 0x200 ], %g1
    6e38:	80 a0 60 00 	cmp  %g1, 0
    6e3c:	12 80 00 0a 	bne  6e64 <TouchNear+0x48>
    6e40:	82 13 62 58 	or  %o5, 0x258, %g1
    6e44:	c2 00 25 48 	ld  [ 0x548 ], %g1
    6e48:	82 08 7f fb 	and  %g1, -5, %g1
    6e4c:	c2 20 25 48 	st  %g1, [ 0x548 ]
    6e50:	03 3f c1 80 	sethi  %hi(0xff060000), %g1
    6e54:	82 10 60 2c 	or  %g1, 0x2c, %g1	! ff06002c <RAM_END+0xbf06002c>
    6e58:	c0 20 40 00 	clr  [ %g1 ]
    6e5c:	10 80 00 2e 	b  6f14 <TouchNear+0xf8>
    6e60:	c0 20 26 e8 	clr  [ 0x6e8 ]
    6e64:	da 00 40 00 	ld  [ %g1 ], %o5
    6e68:	c2 10 22 1a 	lduh  [ 0x21a ], %g1
    6e6c:	80 a3 40 01 	cmp  %o5, %g1
    6e70:	14 80 00 0a 	bg  6e98 <TouchNear+0x7c>
    6e74:	da 20 25 04 	st  %o5, [ 0x504 ]
    6e78:	da 10 22 18 	lduh  [ 0x218 ], %o5
    6e7c:	80 a3 60 00 	cmp  %o5, 0
    6e80:	22 80 00 0c 	be,a   6eb0 <TouchNear+0x94>
    6e84:	c2 00 25 48 	ld  [ 0x548 ], %g1
    6e88:	c2 08 25 17 	ldub  [ 0x517 ], %g1
    6e8c:	80 a0 40 0d 	cmp  %g1, %o5
    6e90:	2a 80 00 08 	bcs,a   6eb0 <TouchNear+0x94>
    6e94:	c2 00 25 48 	ld  [ 0x548 ], %g1
    6e98:	c2 00 25 48 	ld  [ 0x548 ], %g1
    6e9c:	80 88 60 08 	btst  8, %g1
    6ea0:	22 80 00 08 	be,a   6ec0 <TouchNear+0xa4>
    6ea4:	c2 00 26 e8 	ld  [ 0x6e8 ], %g1
    6ea8:	10 80 00 08 	b  6ec8 <TouchNear+0xac>
    6eac:	c0 20 26 e8 	clr  [ 0x6e8 ]
    6eb0:	80 88 60 08 	btst  8, %g1
    6eb4:	22 80 00 05 	be,a   6ec8 <TouchNear+0xac>
    6eb8:	c0 20 26 e8 	clr  [ 0x6e8 ]
    6ebc:	c2 00 26 e8 	ld  [ 0x6e8 ], %g1
    6ec0:	82 00 60 01 	inc  %g1
    6ec4:	c2 20 26 e8 	st  %g1, [ 0x6e8 ]
    6ec8:	da 00 26 e8 	ld  [ 0x6e8 ], %o5
    6ecc:	c2 00 22 90 	ld  [ 0x290 ], %g1
    6ed0:	80 a3 40 01 	cmp  %o5, %g1
    6ed4:	08 80 00 0b 	bleu  6f00 <TouchNear+0xe4>
    6ed8:	da 00 25 48 	ld  [ 0x548 ], %o5
    6edc:	83 33 60 03 	srl  %o5, 3, %g1
    6ee0:	82 08 60 01 	and  %g1, 1, %g1
    6ee4:	82 18 60 01 	xor  %g1, 1, %g1
    6ee8:	83 28 60 02 	sll  %g1, 2, %g1
    6eec:	9a 0b 7f fb 	and  %o5, -5, %o5
    6ef0:	9a 13 40 01 	or  %o5, %g1, %o5
    6ef4:	da 20 25 48 	st  %o5, [ 0x548 ]
    6ef8:	c0 20 26 e8 	clr  [ 0x6e8 ]
    6efc:	da 00 25 48 	ld  [ 0x548 ], %o5
    6f00:	9b 33 60 02 	srl  %o5, 2, %o5
    6f04:	03 3f c1 80 	sethi  %hi(0xff060000), %g1
    6f08:	9a 0b 60 01 	and  %o5, 1, %o5
    6f0c:	82 10 60 2c 	or  %g1, 0x2c, %g1
    6f10:	da 20 40 00 	st  %o5, [ %g1 ]
    6f14:	81 c3 e0 08 	retl 
    6f18:	01 00 00 00 	nop 

00006f1c <TouchNear_hrz>:
    6f1c:	9d e3 bf 98 	save  %sp, -104, %sp
    6f20:	03 00 00 17 	sethi  %hi(0x5c00), %g1
    6f24:	82 10 62 64 	or  %g1, 0x264, %g1	! 5e64 <PointNumOverflowHrz+0x8>
    6f28:	c2 00 40 00 	ld  [ %g1 ], %g1
    6f2c:	80 a0 60 01 	cmp  %g1, 1
    6f30:	02 80 00 5a 	be  7098 <TouchNear_hrz+0x17c>
    6f34:	01 00 00 00 	nop 
    6f38:	c2 00 25 14 	ld  [ 0x514 ], %g1
    6f3c:	80 a0 60 00 	cmp  %g1, 0
    6f40:	12 80 00 56 	bne  7098 <TouchNear_hrz+0x17c>
    6f44:	01 00 00 00 	nop 
    6f48:	de 00 22 00 	ld  [ 0x200 ], %o7
    6f4c:	80 a3 e0 00 	cmp  %o7, 0
    6f50:	12 80 00 0a 	bne  6f78 <TouchNear_hrz+0x5c>
    6f54:	03 00 00 19 	sethi  %hi(0x6400), %g1
    6f58:	c2 00 25 48 	ld  [ 0x548 ], %g1
    6f5c:	82 08 7f fb 	and  %g1, -5, %g1
    6f60:	c2 20 25 48 	st  %g1, [ 0x548 ]
    6f64:	03 3f c1 80 	sethi  %hi(0xff060000), %g1
    6f68:	82 10 60 2c 	or  %g1, 0x2c, %g1	! ff06002c <RAM_END+0xbf06002c>
    6f6c:	c0 20 40 00 	clr  [ %g1 ]
    6f70:	10 80 00 4a 	b  7098 <TouchNear_hrz+0x17c>
    6f74:	c0 20 26 e8 	clr  [ 0x6e8 ]
    6f78:	c0 20 25 04 	clr  [ 0x504 ]
    6f7c:	9a 10 63 28 	or  %g1, 0x328, %o5
    6f80:	b4 10 20 00 	clr  %i2
    6f84:	10 80 00 11 	b  6fc8 <TouchNear_hrz+0xac>
    6f88:	f0 10 22 14 	lduh  [ 0x214 ], %i0
    6f8c:	ba 00 40 0d 	add  %g1, %o5, %i5
    6f90:	f2 10 22 16 	lduh  [ 0x216 ], %i1
    6f94:	b6 10 20 01 	mov  1, %i3
    6f98:	c2 07 40 00 	ld  [ %i5 ], %g1
    6f9c:	ba 07 60 04 	add  %i5, 4, %i5
    6fa0:	80 a0 40 19 	cmp  %g1, %i1
    6fa4:	04 80 00 05 	ble  6fb8 <TouchNear_hrz+0x9c>
    6fa8:	b8 20 40 19 	sub  %g1, %i1, %i4
    6fac:	c2 00 25 04 	ld  [ 0x504 ], %g1
    6fb0:	82 00 40 1c 	add  %g1, %i4, %g1
    6fb4:	c2 20 25 04 	st  %g1, [ 0x504 ]
    6fb8:	b6 86 ff ff 	addcc  %i3, -1, %i3
    6fbc:	3c bf ff f8 	bpos,a   6f9c <TouchNear_hrz+0x80>
    6fc0:	c2 07 40 00 	ld  [ %i5 ], %g1
    6fc4:	b4 06 a0 01 	inc  %i2
    6fc8:	80 a6 20 00 	cmp  %i0, 0
    6fcc:	32 80 00 03 	bne,a   6fd8 <TouchNear_hrz+0xbc>
    6fd0:	80 a6 80 18 	cmp  %i2, %i0
    6fd4:	80 a6 80 0f 	cmp  %i2, %o7
    6fd8:	38 80 00 07 	bgu,a   6ff4 <TouchNear_hrz+0xd8>
    6fdc:	fa 10 22 1a 	lduh  [ 0x21a ], %i5
    6fe0:	c2 00 23 00 	ld  [ 0x300 ], %g1
    6fe4:	80 a6 80 01 	cmp  %i2, %g1
    6fe8:	08 bf ff e9 	bleu  6f8c <TouchNear_hrz+0x70>
    6fec:	83 2e a0 03 	sll  %i2, 3, %g1
    6ff0:	fa 10 22 1a 	lduh  [ 0x21a ], %i5
    6ff4:	c2 00 25 04 	ld  [ 0x504 ], %g1
    6ff8:	80 a0 40 1d 	cmp  %g1, %i5
    6ffc:	34 80 00 09 	bg,a   7020 <TouchNear_hrz+0x104>
    7000:	c2 00 25 48 	ld  [ 0x548 ], %g1
    7004:	c2 10 22 18 	lduh  [ 0x218 ], %g1
    7008:	80 a0 60 00 	cmp  %g1, 0
    700c:	22 80 00 0a 	be,a   7034 <TouchNear_hrz+0x118>
    7010:	c2 00 25 48 	ld  [ 0x548 ], %g1
    7014:	80 a0 60 00 	cmp  %g1, 0
    7018:	12 80 00 07 	bne  7034 <TouchNear_hrz+0x118>
    701c:	c2 00 25 48 	ld  [ 0x548 ], %g1
    7020:	80 88 60 08 	btst  8, %g1
    7024:	22 80 00 08 	be,a   7044 <TouchNear_hrz+0x128>
    7028:	c2 00 26 e8 	ld  [ 0x6e8 ], %g1
    702c:	10 80 00 08 	b  704c <TouchNear_hrz+0x130>
    7030:	c0 20 26 e8 	clr  [ 0x6e8 ]
    7034:	80 88 60 08 	btst  8, %g1
    7038:	22 80 00 05 	be,a   704c <TouchNear_hrz+0x130>
    703c:	c0 20 26 e8 	clr  [ 0x6e8 ]
    7040:	c2 00 26 e8 	ld  [ 0x6e8 ], %g1
    7044:	82 00 60 01 	inc  %g1
    7048:	c2 20 26 e8 	st  %g1, [ 0x6e8 ]
    704c:	fa 00 26 e8 	ld  [ 0x6e8 ], %i5
    7050:	c2 00 22 90 	ld  [ 0x290 ], %g1
    7054:	80 a7 40 01 	cmp  %i5, %g1
    7058:	08 80 00 0b 	bleu  7084 <TouchNear_hrz+0x168>
    705c:	fa 00 25 48 	ld  [ 0x548 ], %i5
    7060:	83 37 60 03 	srl  %i5, 3, %g1
    7064:	82 08 60 01 	and  %g1, 1, %g1
    7068:	82 18 60 01 	xor  %g1, 1, %g1
    706c:	83 28 60 02 	sll  %g1, 2, %g1
    7070:	ba 0f 7f fb 	and  %i5, -5, %i5
    7074:	ba 17 40 01 	or  %i5, %g1, %i5
    7078:	fa 20 25 48 	st  %i5, [ 0x548 ]
    707c:	c0 20 26 e8 	clr  [ 0x6e8 ]
    7080:	fa 00 25 48 	ld  [ 0x548 ], %i5
    7084:	bb 37 60 02 	srl  %i5, 2, %i5
    7088:	03 3f c1 80 	sethi  %hi(0xff060000), %g1
    708c:	ba 0f 60 01 	and  %i5, 1, %i5
    7090:	82 10 60 2c 	or  %g1, 0x2c, %g1
    7094:	fa 20 40 00 	st  %i5, [ %g1 ]
    7098:	81 c7 e0 08 	ret 
    709c:	81 e8 00 00 	restore 

000070a0 <ResetSub>:
    70a0:	9d e3 bf 58 	save  %sp, -168, %sp
    70a4:	03 00 00 17 	sethi  %hi(0x5c00), %g1
    70a8:	82 10 62 64 	or  %g1, 0x264, %g1	! 5e64 <PointNumOverflowHrz+0x8>
    70ac:	c2 00 40 00 	ld  [ %g1 ], %g1
    70b0:	80 a0 60 01 	cmp  %g1, 1
    70b4:	02 80 00 71 	be  7278 <ResetSub+0x1d8>
    70b8:	01 00 00 00 	nop 
    70bc:	f8 00 25 48 	ld  [ 0x548 ], %i4
    70c0:	83 37 20 0c 	srl  %i4, 0xc, %g1
    70c4:	80 88 60 01 	btst  1, %g1
    70c8:	12 80 00 6c 	bne  7278 <ResetSub+0x1d8>
    70cc:	01 00 00 00 	nop 
    70d0:	fa 00 25 00 	ld  [ 0x500 ], %i5
    70d4:	c2 00 21 f4 	ld  [ 0x1f4 ], %g1
    70d8:	80 a7 40 01 	cmp  %i5, %g1
    70dc:	18 80 00 67 	bgu  7278 <ResetSub+0x1d8>
    70e0:	83 37 20 10 	srl  %i4, 0x10, %g1
    70e4:	80 88 60 01 	btst  1, %g1
    70e8:	12 80 00 64 	bne  7278 <ResetSub+0x1d8>
    70ec:	01 00 00 00 	nop 
    70f0:	c2 00 25 4c 	ld  [ 0x54c ], %g1
    70f4:	83 30 60 0b 	srl  %g1, 0xb, %g1
    70f8:	82 08 60 01 	and  %g1, 1, %g1
    70fc:	80 a0 00 01 	cmp  %g0, %g1
    7100:	9e 60 3f ff 	subx  %g0, -1, %o7
    7104:	98 03 c0 0f 	add  %o7, %o7, %o4
    7108:	c2 53 22 10 	ldsh  [ %o4 + 0x210 ], %g1
    710c:	80 a0 60 00 	cmp  %g1, 0
    7110:	02 80 00 5a 	be  7278 <ResetSub+0x1d8>
    7114:	82 07 bf b8 	add  %fp, -72, %g1
    7118:	b8 10 20 0f 	mov  0xf, %i4
    711c:	c0 20 40 00 	clr  [ %g1 ]
    7120:	b8 87 3f ff 	addcc  %i4, -1, %i4
    7124:	1c bf ff fe 	bpos  711c <ResetSub+0x7c>
    7128:	82 00 60 04 	add  %g1, 4, %g1
    712c:	b2 10 20 00 	clr  %i1
    7130:	c2 00 23 00 	ld  [ 0x300 ], %g1
    7134:	80 a6 40 01 	cmp  %i1, %g1
    7138:	1a 80 00 37 	bcc  7214 <ResetSub+0x174>
    713c:	03 00 00 19 	sethi  %hi(0x6400), %g1
    7140:	96 10 63 28 	or  %g1, 0x328, %o3	! 6728 <get_Press+0x4>
    7144:	b4 10 20 00 	clr  %i2
    7148:	82 06 40 19 	add  %i1, %i1, %g1
    714c:	82 00 40 1a 	add  %g1, %i2, %g1
    7150:	83 28 60 02 	sll  %g1, 2, %g1
    7154:	fa 00 40 0b 	ld  [ %g1 + %o3 ], %i5
    7158:	c2 53 22 10 	ldsh  [ %o4 + 0x210 ], %g1
    715c:	80 a7 40 01 	cmp  %i5, %g1
    7160:	36 80 00 25 	bge,a   71f4 <ResetSub+0x154>
    7164:	b4 06 a0 01 	inc  %i2
    7168:	83 2e a0 18 	sll  %i2, 0x18, %g1
    716c:	bb 2e 60 10 	sll  %i1, 0x10, %i5
    7170:	82 00 40 1d 	add  %g1, %i5, %g1
    7174:	b0 00 60 01 	add  %g1, 1, %i0
    7178:	b8 10 20 00 	clr  %i4
    717c:	9a 10 20 01 	mov  1, %o5
    7180:	b6 07 bf b8 	add  %fp, -72, %i3
    7184:	bb 2f 20 02 	sll  %i4, 2, %i5
    7188:	c2 0f 67 f0 	ldub  [ %i5 + 0x7f0 ], %g1
    718c:	80 a6 80 01 	cmp  %i2, %g1
    7190:	12 80 00 0f 	bne  71cc <ResetSub+0x12c>
    7194:	b8 07 20 01 	inc  %i4
    7198:	c2 0f 67 f1 	ldub  [ %i5 + 0x7f1 ], %g1
    719c:	80 a6 40 01 	cmp  %i1, %g1
    71a0:	32 80 00 0c 	bne,a   71d0 <ResetSub+0x130>
    71a4:	c2 17 67 f0 	lduh  [ %i5 + 0x7f0 ], %g1
    71a8:	da 26 c0 00 	st  %o5, [ %i3 ]
    71ac:	c2 17 67 f2 	lduh  [ %i5 + 0x7f2 ], %g1
    71b0:	80 a0 61 fe 	cmp  %g1, 0x1fe
    71b4:	38 80 00 10 	bgu,a   71f4 <ResetSub+0x154>
    71b8:	b4 06 a0 01 	inc  %i2
    71bc:	c2 07 67 f0 	ld  [ %i5 + 0x7f0 ], %g1
    71c0:	82 00 60 01 	inc  %g1
    71c4:	10 80 00 0b 	b  71f0 <ResetSub+0x150>
    71c8:	c2 27 67 f0 	st  %g1, [ %i5 + 0x7f0 ]
    71cc:	c2 17 67 f0 	lduh  [ %i5 + 0x7f0 ], %g1
    71d0:	80 a0 60 00 	cmp  %g1, 0
    71d4:	12 80 00 05 	bne  71e8 <ResetSub+0x148>
    71d8:	80 a7 20 0f 	cmp  %i4, 0xf
    71dc:	da 26 c0 00 	st  %o5, [ %i3 ]
    71e0:	10 80 00 04 	b  71f0 <ResetSub+0x150>
    71e4:	f0 27 67 f0 	st  %i0, [ %i5 + 0x7f0 ]
    71e8:	08 bf ff e7 	bleu  7184 <ResetSub+0xe4>
    71ec:	b6 06 e0 04 	add  %i3, 4, %i3
    71f0:	b4 06 a0 01 	inc  %i2
    71f4:	80 a6 a0 01 	cmp  %i2, 1
    71f8:	08 bf ff d5 	bleu  714c <ResetSub+0xac>
    71fc:	82 06 40 19 	add  %i1, %i1, %g1
    7200:	b2 06 60 01 	inc  %i1
    7204:	c2 00 23 00 	ld  [ 0x300 ], %g1
    7208:	80 a6 40 01 	cmp  %i1, %g1
    720c:	0a bf ff cf 	bcs  7148 <ResetSub+0xa8>
    7210:	b4 10 20 00 	clr  %i2
    7214:	b4 10 20 00 	clr  %i2
    7218:	b8 10 20 00 	clr  %i4
    721c:	b6 07 bf f8 	add  %fp, -8, %i3
    7220:	bb 2f 20 02 	sll  %i4, 2, %i5
    7224:	82 07 40 1b 	add  %i5, %i3, %g1
    7228:	c2 00 7f c0 	ld  [ %g1 + -64 ], %g1
    722c:	80 a0 60 00 	cmp  %g1, 0
    7230:	32 80 00 04 	bne,a   7240 <ResetSub+0x1a0>
    7234:	fa 17 67 f2 	lduh  [ %i5 + 0x7f2 ], %i5
    7238:	10 80 00 05 	b  724c <ResetSub+0x1ac>
    723c:	c0 27 67 f0 	clr  [ %i5 + 0x7f0 ]
    7240:	c2 0b e3 cc 	ldub  [ %o7 + 0x3cc ], %g1
    7244:	80 a7 40 01 	cmp  %i5, %g1
    7248:	b4 66 bf ff 	subx  %i2, -1, %i2
    724c:	b8 07 20 01 	inc  %i4
    7250:	80 a7 20 0f 	cmp  %i4, 0xf
    7254:	08 bf ff f4 	bleu  7224 <ResetSub+0x184>
    7258:	bb 2f 20 02 	sll  %i4, 2, %i5
    725c:	c2 0b e3 ce 	ldub  [ %o7 + 0x3ce ], %g1
    7260:	80 a6 80 01 	cmp  %i2, %g1
    7264:	08 80 00 05 	bleu  7278 <ResetSub+0x1d8>
    7268:	3b 00 02 00 	sethi  %hi(0x80000), %i5
    726c:	c2 00 25 4c 	ld  [ 0x54c ], %g1
    7270:	82 10 40 1d 	or  %g1, %i5, %g1
    7274:	c2 20 25 4c 	st  %g1, [ 0x54c ]
    7278:	81 c7 e0 08 	ret 
    727c:	81 e8 00 00 	restore 

00007280 <NegSubRecord>:
    7280:	9d e3 bf 98 	save  %sp, -104, %sp
    7284:	03 00 00 17 	sethi  %hi(0x5c00), %g1
    7288:	82 10 62 64 	or  %g1, 0x264, %g1	! 5e64 <PointNumOverflowHrz+0x8>
    728c:	c2 00 40 00 	ld  [ %g1 ], %g1
    7290:	80 a0 60 01 	cmp  %g1, 1
    7294:	02 80 00 62 	be  741c <NegSubRecord+0x19c>
    7298:	01 00 00 00 	nop 
    729c:	c2 50 21 98 	ldsh  [ 0x198 ], %g1
    72a0:	80 a0 60 00 	cmp  %g1, 0
    72a4:	02 80 00 5e 	be  741c <NegSubRecord+0x19c>
    72a8:	01 00 00 00 	nop 
    72ac:	c2 10 25 48 	lduh  [ 0x548 ], %g1
    72b0:	80 88 60 01 	btst  1, %g1
    72b4:	12 80 00 5a 	bne  741c <NegSubRecord+0x19c>
    72b8:	94 10 20 00 	clr  %o2
    72bc:	c2 00 23 00 	ld  [ 0x300 ], %g1
    72c0:	80 a2 80 01 	cmp  %o2, %g1
    72c4:	1a 80 00 3c 	bcc  73b4 <NegSubRecord+0x134>
    72c8:	96 10 20 00 	clr  %o3
    72cc:	03 00 00 19 	sethi  %hi(0x6400), %g1
    72d0:	90 10 63 28 	or  %g1, 0x328, %o0	! 6728 <get_Press+0x4>
    72d4:	98 10 20 00 	clr  %o4
    72d8:	83 2a e0 03 	sll  %o3, 3, %g1
    72dc:	b0 00 40 08 	add  %g1, %o0, %i0
    72e0:	b2 10 20 00 	clr  %i1
    72e4:	b5 2b 20 10 	sll  %o4, 0x10, %i2
    72e8:	fa 50 21 98 	ldsh  [ 0x198 ], %i5
    72ec:	c2 06 00 00 	ld  [ %i0 ], %g1
    72f0:	80 a0 40 1d 	cmp  %g1, %i5
    72f4:	36 80 00 26 	bge,a   738c <NegSubRecord+0x10c>
    72f8:	b2 06 60 01 	inc  %i1
    72fc:	b6 10 20 00 	clr  %i3
    7300:	9a 03 00 19 	add  %o4, %i1, %o5
    7304:	92 10 20 01 	mov  1, %o1
    7308:	9e 16 a1 00 	or  %i2, 0x100, %o7
    730c:	bb 2e e0 02 	sll  %i3, 2, %i5
    7310:	f8 07 65 24 	ld  [ %i5 + 0x524 ], %i4
    7314:	80 a7 20 00 	cmp  %i4, 0
    7318:	22 80 00 12 	be,a   7360 <NegSubRecord+0xe0>
    731c:	c2 07 65 24 	ld  [ %i5 + 0x524 ], %g1
    7320:	c2 0f 65 25 	ldub  [ %i5 + 0x525 ], %g1
    7324:	80 a0 40 0d 	cmp  %g1, %o5
    7328:	32 80 00 0e 	bne,a   7360 <NegSubRecord+0xe0>
    732c:	c2 07 65 24 	ld  [ %i5 + 0x524 ], %g1
    7330:	82 07 21 00 	add  %i4, 0x100, %g1
    7334:	c2 27 65 24 	st  %g1, [ %i5 + 0x524 ]
    7338:	fa 0f 65 26 	ldub  [ %i5 + 0x526 ], %i5
    733c:	c2 08 21 9a 	ldub  [ 0x19a ], %g1
    7340:	80 a7 40 01 	cmp  %i5, %g1
    7344:	08 80 00 0c 	bleu  7374 <NegSubRecord+0xf4>
    7348:	83 2a 40 1b 	sll  %o1, %i3, %g1
    734c:	c2 00 25 4c 	ld  [ 0x54c ], %g1
    7350:	3b 00 02 00 	sethi  %hi(0x80000), %i5
    7354:	82 10 40 1d 	or  %g1, %i5, %g1
    7358:	10 80 00 31 	b  741c <NegSubRecord+0x19c>
    735c:	c2 20 25 4c 	st  %g1, [ 0x54c ]
    7360:	80 a0 60 00 	cmp  %g1, 0
    7364:	32 80 00 06 	bne,a   737c <NegSubRecord+0xfc>
    7368:	b6 06 e0 01 	inc  %i3
    736c:	83 2a 40 1b 	sll  %o1, %i3, %g1
    7370:	de 27 65 24 	st  %o7, [ %i5 + 0x524 ]
    7374:	10 80 00 05 	b  7388 <NegSubRecord+0x108>
    7378:	94 12 80 01 	or  %o2, %g1, %o2
    737c:	80 a6 e0 03 	cmp  %i3, 3
    7380:	04 bf ff e4 	ble  7310 <NegSubRecord+0x90>
    7384:	bb 2e e0 02 	sll  %i3, 2, %i5
    7388:	b2 06 60 01 	inc  %i1
    738c:	03 00 00 40 	sethi  %hi(0x10000), %g1
    7390:	b4 06 80 01 	add  %i2, %g1, %i2
    7394:	80 a6 60 01 	cmp  %i1, 1
    7398:	04 bf ff d4 	ble  72e8 <NegSubRecord+0x68>
    739c:	b0 06 20 04 	add  %i0, 4, %i0
    73a0:	96 02 e0 01 	inc  %o3
    73a4:	c2 00 23 00 	ld  [ 0x300 ], %g1
    73a8:	80 a2 c0 01 	cmp  %o3, %g1
    73ac:	0a bf ff cb 	bcs  72d8 <NegSubRecord+0x58>
    73b0:	98 03 20 02 	add  %o4, 2, %o4
    73b4:	b2 10 20 00 	clr  %i1
    73b8:	b6 10 20 00 	clr  %i3
    73bc:	b9 2e e0 02 	sll  %i3, 2, %i4
    73c0:	c2 07 25 24 	ld  [ %i4 + 0x524 ], %g1
    73c4:	b4 00 60 01 	add  %g1, 1, %i2
    73c8:	bb 3a 80 1b 	sra  %o2, %i3, %i5
    73cc:	80 a0 60 00 	cmp  %g1, 0
    73d0:	02 80 00 13 	be  741c <NegSubRecord+0x19c>
    73d4:	b1 2e 60 02 	sll  %i1, 2, %i0
    73d8:	80 8f 60 01 	btst  1, %i5
    73dc:	32 80 00 0a 	bne,a   7404 <NegSubRecord+0x184>
    73e0:	c2 07 25 24 	ld  [ %i4 + 0x524 ], %g1
    73e4:	f4 27 25 24 	st  %i2, [ %i4 + 0x524 ]
    73e8:	fa 0f 25 27 	ldub  [ %i4 + 0x527 ], %i5
    73ec:	c2 08 21 9b 	ldub  [ 0x19b ], %g1
    73f0:	80 a7 40 01 	cmp  %i5, %g1
    73f4:	28 80 00 04 	bleu,a   7404 <NegSubRecord+0x184>
    73f8:	c2 07 25 24 	ld  [ %i4 + 0x524 ], %g1
    73fc:	10 80 00 04 	b  740c <NegSubRecord+0x18c>
    7400:	c0 27 25 24 	clr  [ %i4 + 0x524 ]
    7404:	b2 06 60 01 	inc  %i1
    7408:	c2 26 25 24 	st  %g1, [ %i0 + 0x524 ]
    740c:	b6 06 e0 01 	inc  %i3
    7410:	80 a6 e0 03 	cmp  %i3, 3
    7414:	04 bf ff eb 	ble  73c0 <NegSubRecord+0x140>
    7418:	b9 2e e0 02 	sll  %i3, 2, %i4
    741c:	81 c7 e0 08 	ret 
    7420:	81 e8 00 00 	restore 

00007424 <BigStressDataDeal>:
    7424:	9d e3 bf 80 	save  %sp, -128, %sp
    7428:	03 00 00 17 	sethi  %hi(0x5c00), %g1
    742c:	82 10 62 64 	or  %g1, 0x264, %g1	! 5e64 <PointNumOverflowHrz+0x8>
    7430:	c2 00 40 00 	ld  [ %g1 ], %g1
    7434:	80 a0 60 01 	cmp  %g1, 1
    7438:	02 80 00 e5 	be  77cc <BigStressDataDeal+0x3a8>
    743c:	01 00 00 00 	nop 
    7440:	c2 00 21 44 	ld  [ 0x144 ], %g1
    7444:	80 a0 60 00 	cmp  %g1, 0
    7448:	02 80 00 e1 	be  77cc <BigStressDataDeal+0x3a8>
    744c:	a8 10 20 00 	clr  %l4
    7450:	c2 00 25 14 	ld  [ 0x514 ], %g1
    7454:	80 a5 00 01 	cmp  %l4, %g1
    7458:	1a 80 00 dd 	bcc  77cc <BigStressDataDeal+0x3a8>
    745c:	2b 00 00 19 	sethi  %hi(0x6400), %l5
    7460:	96 10 20 00 	clr  %o3
    7464:	ac 15 63 28 	or  %l5, 0x328, %l6
    7468:	98 10 20 00 	clr  %o4
    746c:	92 10 20 00 	clr  %o1
    7470:	a4 10 20 03 	mov  3, %l2
    7474:	94 10 20 01 	mov  1, %o2
    7478:	c2 02 e7 20 	ld  [ %o3 + 0x720 ], %g1
    747c:	82 08 6f ff 	and  %g1, 0xfff, %g1
    7480:	9a 20 40 12 	sub  %g1, %l2, %o5
    7484:	82 02 80 0a 	add  %o2, %o2, %g1
    7488:	a6 03 40 01 	add  %o5, %g1, %l3
    748c:	b4 10 20 00 	clr  %i2
    7490:	9f 2a 60 02 	sll  %o1, 2, %o7
    7494:	b0 03 40 0d 	add  %o5, %o5, %i0
    7498:	80 a3 40 13 	cmp  %o5, %l3
    749c:	02 80 00 2c 	be  754c <BigStressDataDeal+0x128>
    74a0:	b8 10 00 0d 	mov  %o5, %i4
    74a4:	83 2e 20 02 	sll  %i0, 2, %g1
    74a8:	b6 00 40 16 	add  %g1, %l6, %i3
    74ac:	a2 05 3f ff 	add  %l4, -1, %l1
    74b0:	a0 05 20 01 	add  %l4, 1, %l0
    74b4:	b2 07 bf f8 	add  %fp, -8, %i1
    74b8:	91 2a a0 03 	sll  %o2, 3, %o0
    74bc:	80 a7 20 00 	cmp  %i4, 0
    74c0:	06 80 00 1e 	bl  7538 <BigStressDataDeal+0x114>
    74c4:	c0 26 7f e8 	clr  [ %i1 + -24 ]
    74c8:	c2 00 23 00 	ld  [ 0x300 ], %g1
    74cc:	80 a7 00 01 	cmp  %i4, %g1
    74d0:	3a 80 00 1b 	bcc,a   753c <BigStressDataDeal+0x118>
    74d4:	b8 07 00 0a 	add  %i4, %o2, %i4
    74d8:	80 a4 60 00 	cmp  %l1, 0
    74dc:	26 80 00 09 	bl,a   7500 <BigStressDataDeal+0xdc>
    74e0:	c2 00 25 14 	ld  [ 0x514 ], %g1
    74e4:	c2 02 e7 1c 	ld  [ %o3 + 0x71c ], %g1
    74e8:	82 08 6f ff 	and  %g1, 0xfff, %g1
    74ec:	82 00 60 01 	inc  %g1
    74f0:	80 a7 00 01 	cmp  %i4, %g1
    74f4:	24 80 00 12 	ble,a   753c <BigStressDataDeal+0x118>
    74f8:	b8 07 00 0a 	add  %i4, %o2, %i4
    74fc:	c2 00 25 14 	ld  [ 0x514 ], %g1
    7500:	80 a4 00 01 	cmp  %l0, %g1
    7504:	3a 80 00 09 	bcc,a   7528 <BigStressDataDeal+0x104>
    7508:	fa 06 c0 00 	ld  [ %i3 ], %i5
    750c:	c2 02 e7 24 	ld  [ %o3 + 0x724 ], %g1
    7510:	82 08 6f ff 	and  %g1, 0xfff, %g1
    7514:	82 00 7f ff 	add  %g1, -1, %g1
    7518:	80 a7 00 01 	cmp  %i4, %g1
    751c:	36 80 00 08 	bge,a   753c <BigStressDataDeal+0x118>
    7520:	b8 07 00 0a 	add  %i4, %o2, %i4
    7524:	fa 06 c0 00 	ld  [ %i3 ], %i5
    7528:	82 38 00 1d 	xnor  %g0, %i5, %g1
    752c:	83 38 60 1f 	sra  %g1, 0x1f, %g1
    7530:	ba 0f 40 01 	and  %i5, %g1, %i5
    7534:	fa 26 7f e8 	st  %i5, [ %i1 + -24 ]
    7538:	b8 07 00 0a 	add  %i4, %o2, %i4
    753c:	b6 06 c0 08 	add  %i3, %o0, %i3
    7540:	80 a7 00 13 	cmp  %i4, %l3
    7544:	12 bf ff de 	bne  74bc <BigStressDataDeal+0x98>
    7548:	b2 06 60 04 	add  %i1, 4, %i1
    754c:	c2 07 bf e0 	ld  [ %fp + -32 ], %g1
    7550:	80 a0 60 00 	cmp  %g1, 0
    7554:	b6 07 bf f8 	add  %fp, -8, %i3
    7558:	12 80 00 07 	bne  7574 <BigStressDataDeal+0x150>
    755c:	f8 07 bf e4 	ld  [ %fp + -28 ], %i4
    7560:	82 02 40 1a 	add  %o1, %i2, %g1
    7564:	83 28 60 02 	sll  %g1, 2, %g1
    7568:	82 00 40 1b 	add  %g1, %i3, %g1
    756c:	10 80 00 0b 	b  7598 <BigStressDataDeal+0x174>
    7570:	f8 20 7f f0 	st  %i4, [ %g1 + -16 ]
    7574:	82 27 00 01 	sub  %i4, %g1, %g1
    7578:	bb 30 60 1f 	srl  %g1, 0x1f, %i5
    757c:	82 00 40 1d 	add  %g1, %i5, %g1
    7580:	ba 02 40 1a 	add  %o1, %i2, %i5
    7584:	bb 2f 60 02 	sll  %i5, 2, %i5
    7588:	83 38 60 01 	sra  %g1, 1, %g1
    758c:	ba 07 40 1b 	add  %i5, %i3, %i5
    7590:	82 07 00 01 	add  %i4, %g1, %g1
    7594:	c2 27 7f f0 	st  %g1, [ %i5 + -16 ]
    7598:	b2 07 bf f8 	add  %fp, -8, %i1
    759c:	b8 03 c0 19 	add  %o7, %i1, %i4
    75a0:	fa 07 3f f0 	ld  [ %i4 + -16 ], %i5
    75a4:	82 38 00 1d 	xnor  %g0, %i5, %g1
    75a8:	83 38 60 1f 	sra  %g1, 0x1f, %g1
    75ac:	ba 0f 40 01 	and  %i5, %g1, %i5
    75b0:	b4 06 a0 01 	inc  %i2
    75b4:	fa 27 3f f0 	st  %i5, [ %i4 + -16 ]
    75b8:	b0 06 20 01 	inc  %i0
    75bc:	80 a6 a0 01 	cmp  %i2, 1
    75c0:	04 bf ff b6 	ble  7498 <BigStressDataDeal+0x74>
    75c4:	9e 03 e0 04 	add  %o7, 4, %o7
    75c8:	98 03 20 01 	inc  %o4
    75cc:	94 02 bf fe 	add  %o2, -2, %o2
    75d0:	a4 04 bf fa 	add  %l2, -6, %l2
    75d4:	80 a3 20 01 	cmp  %o4, 1
    75d8:	04 bf ff a8 	ble  7478 <BigStressDataDeal+0x54>
    75dc:	92 02 60 02 	add  %o1, 2, %o1
    75e0:	b4 10 20 00 	clr  %i2
    75e4:	83 2e a0 02 	sll  %i2, 2, %g1
    75e8:	b8 00 40 19 	add  %g1, %i1, %i4
    75ec:	f6 07 3f f0 	ld  [ %i4 + -16 ], %i3
    75f0:	80 a6 e0 00 	cmp  %i3, 0
    75f4:	b4 06 a0 01 	inc  %i2
    75f8:	12 80 00 0a 	bne  7620 <BigStressDataDeal+0x1fc>
    75fc:	fa 07 3f f8 	ld  [ %i4 + -8 ], %i5
    7600:	c2 00 21 44 	ld  [ 0x144 ], %g1
    7604:	82 5f 40 01 	smul  %i5, %g1, %g1
    7608:	bb 38 60 1f 	sra  %g1, 0x1f, %i5
    760c:	bb 37 60 19 	srl  %i5, 0x19, %i5
    7610:	82 00 40 1d 	add  %g1, %i5, %g1
    7614:	83 38 60 07 	sra  %g1, 7, %g1
    7618:	10 80 00 0c 	b  7648 <BigStressDataDeal+0x224>
    761c:	c2 27 3f f0 	st  %g1, [ %i4 + -16 ]
    7620:	80 a7 60 00 	cmp  %i5, 0
    7624:	12 80 00 0a 	bne  764c <BigStressDataDeal+0x228>
    7628:	80 a6 a0 01 	cmp  %i2, 1
    762c:	c2 00 21 44 	ld  [ 0x144 ], %g1
    7630:	82 5e c0 01 	smul  %i3, %g1, %g1
    7634:	bb 38 60 1f 	sra  %g1, 0x1f, %i5
    7638:	bb 37 60 19 	srl  %i5, 0x19, %i5
    763c:	82 00 40 1d 	add  %g1, %i5, %g1
    7640:	83 38 60 07 	sra  %g1, 7, %g1
    7644:	c2 27 3f f8 	st  %g1, [ %i4 + -8 ]
    7648:	80 a6 a0 01 	cmp  %i2, 1
    764c:	04 bf ff e7 	ble  75e8 <BigStressDataDeal+0x1c4>
    7650:	83 2e a0 02 	sll  %i2, 2, %g1
    7654:	b4 10 20 00 	clr  %i2
    7658:	21 00 00 19 	sethi  %hi(0x6400), %l0
    765c:	90 15 63 28 	or  %l5, 0x328, %o0
    7660:	c2 02 e7 20 	ld  [ %o3 + 0x720 ], %g1
    7664:	82 08 6f ff 	and  %g1, 0xfff, %g1
    7668:	b8 00 7f ff 	add  %g1, -1, %i4
    766c:	82 07 00 1c 	add  %i4, %i4, %g1
    7670:	82 00 40 1a 	add  %g1, %i2, %g1
    7674:	b1 28 60 02 	sll  %g1, 2, %i0
    7678:	98 10 20 00 	clr  %o4
    767c:	13 00 00 19 	sethi  %hi(0x6400), %o1
    7680:	94 15 63 28 	or  %l5, 0x328, %o2
    7684:	9f 2e a0 02 	sll  %i2, 2, %o7
    7688:	80 a7 20 00 	cmp  %i4, 0
    768c:	06 80 00 1d 	bl  7700 <BigStressDataDeal+0x2dc>
    7690:	b6 07 bf f8 	add  %fp, -8, %i3
    7694:	c2 00 23 00 	ld  [ 0x300 ], %g1
    7698:	80 a7 00 01 	cmp  %i4, %g1
    769c:	ba 03 c0 1b 	add  %o7, %i3, %i5
    76a0:	1a 80 00 18 	bcc  7700 <BigStressDataDeal+0x2dc>
    76a4:	82 03 00 0c 	add  %o4, %o4, %g1
    76a8:	f2 07 7f f0 	ld  [ %i5 + -16 ], %i1
    76ac:	9a 12 63 28 	or  %o1, 0x328, %o5
    76b0:	80 a6 60 00 	cmp  %i1, 0
    76b4:	06 80 00 13 	bl  7700 <BigStressDataDeal+0x2dc>
    76b8:	ba 07 00 1c 	add  %i4, %i4, %i5
    76bc:	82 00 40 1a 	add  %g1, %i2, %g1
    76c0:	83 28 60 02 	sll  %g1, 2, %g1
    76c4:	ba 07 40 1a 	add  %i5, %i2, %i5
    76c8:	82 00 40 1b 	add  %g1, %i3, %g1
    76cc:	b7 2f 60 02 	sll  %i5, 2, %i3
    76d0:	fa 06 00 0d 	ld  [ %i0 + %o5 ], %i5
    76d4:	80 a7 60 00 	cmp  %i5, 0
    76d8:	04 80 00 06 	ble  76f0 <BigStressDataDeal+0x2cc>
    76dc:	80 a7 40 19 	cmp  %i5, %i1
    76e0:	36 80 00 05 	bge,a   76f4 <BigStressDataDeal+0x2d0>
    76e4:	fa 00 7f f0 	ld  [ %g1 + -16 ], %i5
    76e8:	10 80 00 06 	b  7700 <BigStressDataDeal+0x2dc>
    76ec:	c0 26 00 0d 	clr  [ %i0 + %o5 ]
    76f0:	fa 00 7f f0 	ld  [ %g1 + -16 ], %i5
    76f4:	c2 06 c0 0a 	ld  [ %i3 + %o2 ], %g1
    76f8:	82 20 40 1d 	sub  %g1, %i5, %g1
    76fc:	c2 26 c0 0a 	st  %g1, [ %i3 + %o2 ]
    7700:	c2 02 e7 20 	ld  [ %o3 + 0x720 ], %g1
    7704:	82 08 6f ff 	and  %g1, 0xfff, %g1
    7708:	b8 07 20 02 	add  %i4, 2, %i4
    770c:	82 00 60 01 	inc  %g1
    7710:	80 a7 00 01 	cmp  %i4, %g1
    7714:	b0 06 20 10 	add  %i0, 0x10, %i0
    7718:	98 03 20 01 	inc  %o4
    771c:	04 bf ff db 	ble  7688 <BigStressDataDeal+0x264>
    7720:	9e 03 e0 08 	add  %o7, 8, %o7
    7724:	ba 07 bf f8 	add  %fp, -8, %i5
    7728:	83 2e a0 02 	sll  %i2, 2, %g1
    772c:	82 00 40 1d 	add  %g1, %i5, %g1
    7730:	fa 00 7f f8 	ld  [ %g1 + -8 ], %i5
    7734:	c2 00 7f f0 	ld  [ %g1 + -16 ], %g1
    7738:	82 00 40 1d 	add  %g1, %i5, %g1
    773c:	bb 30 60 1f 	srl  %g1, 0x1f, %i5
    7740:	82 00 40 1d 	add  %g1, %i5, %g1
    7744:	b9 38 60 01 	sra  %g1, 1, %i4
    7748:	80 a7 20 00 	cmp  %i4, 0
    774c:	06 80 00 17 	bl  77a8 <BigStressDataDeal+0x384>
    7750:	b6 14 23 28 	or  %l0, 0x328, %i3
    7754:	c2 02 e7 20 	ld  [ %o3 + 0x720 ], %g1
    7758:	82 08 6f ff 	and  %g1, 0xfff, %g1
    775c:	82 00 40 01 	add  %g1, %g1, %g1
    7760:	82 00 40 1a 	add  %g1, %i2, %g1
    7764:	83 28 60 02 	sll  %g1, 2, %g1
    7768:	fa 00 40 1b 	ld  [ %g1 + %i3 ], %i5
    776c:	80 a7 60 00 	cmp  %i5, 0
    7770:	04 80 00 06 	ble  7788 <BigStressDataDeal+0x364>
    7774:	80 a7 40 1c 	cmp  %i5, %i4
    7778:	36 80 00 05 	bge,a   778c <BigStressDataDeal+0x368>
    777c:	c2 02 e7 20 	ld  [ %o3 + 0x720 ], %g1
    7780:	10 80 00 0a 	b  77a8 <BigStressDataDeal+0x384>
    7784:	c0 20 40 1b 	clr  [ %g1 + %i3 ]
    7788:	c2 02 e7 20 	ld  [ %o3 + 0x720 ], %g1
    778c:	82 08 6f ff 	and  %g1, 0xfff, %g1
    7790:	82 00 40 01 	add  %g1, %g1, %g1
    7794:	82 00 40 1a 	add  %g1, %i2, %g1
    7798:	83 28 60 02 	sll  %g1, 2, %g1
    779c:	fa 00 40 08 	ld  [ %g1 + %o0 ], %i5
    77a0:	ba 27 40 1c 	sub  %i5, %i4, %i5
    77a4:	fa 20 40 08 	st  %i5, [ %g1 + %o0 ]
    77a8:	b4 06 a0 01 	inc  %i2
    77ac:	80 a6 a0 01 	cmp  %i2, 1
    77b0:	24 bf ff ad 	ble,a   7664 <BigStressDataDeal+0x240>
    77b4:	c2 02 e7 20 	ld  [ %o3 + 0x720 ], %g1
    77b8:	a8 05 20 01 	inc  %l4
    77bc:	c2 00 25 14 	ld  [ 0x514 ], %g1
    77c0:	80 a5 00 01 	cmp  %l4, %g1
    77c4:	0a bf ff 29 	bcs  7468 <BigStressDataDeal+0x44>
    77c8:	96 02 e0 04 	add  %o3, 4, %o3
    77cc:	81 c7 e0 08 	ret 
    77d0:	81 e8 00 00 	restore 

000077d4 <CoorCalcuGravityHrz>:
    77d4:	9d e3 bf 28 	save  %sp, -216, %sp
    77d8:	b1 2e 20 02 	sll  %i0, 2, %i0
    77dc:	c2 06 27 20 	ld  [ %i0 + 0x720 ], %g1
    77e0:	a2 08 6f ff 	and  %g1, 0xfff, %l1
    77e4:	7f ff e9 9c 	call  1e54 <ColAverage1>
    77e8:	90 10 00 11 	mov  %l1, %o0
    77ec:	9a 04 7f fe 	add  %l1, -2, %o5
    77f0:	a0 04 60 02 	add  %l1, 2, %l0
    77f4:	80 a3 40 10 	cmp  %o5, %l0
    77f8:	14 80 00 25 	bg  788c <CoorCalcuGravityHrz+0xb8>
    77fc:	83 2b 60 03 	sll  %o5, 3, %g1
    7800:	90 00 60 04 	add  %g1, 4, %o0
    7804:	94 07 bf f8 	add  %fp, -8, %o2
    7808:	25 00 00 19 	sethi  %hi(0x6400), %l2
    780c:	c0 22 bf e8 	clr  [ %o2 + -24 ]
    7810:	80 a3 60 00 	cmp  %o5, 0
    7814:	06 80 00 19 	bl  7878 <CoorCalcuGravityHrz+0xa4>
    7818:	c0 22 bf b8 	clr  [ %o2 + -72 ]
    781c:	c2 00 23 00 	ld  [ 0x300 ], %g1
    7820:	80 a3 40 01 	cmp  %o5, %g1
    7824:	3a 80 00 16 	bcc,a   787c <CoorCalcuGravityHrz+0xa8>
    7828:	9a 03 60 01 	inc  %o5
    782c:	9e 14 a3 28 	or  %l2, 0x328, %o7
    7830:	83 2b 60 03 	sll  %o5, 3, %g1
    7834:	96 00 40 0f 	add  %g1, %o7, %o3
    7838:	92 10 20 00 	clr  %o1
    783c:	d8 02 c0 00 	ld  [ %o3 ], %o4
    7840:	80 a3 20 00 	cmp  %o4, 0
    7844:	04 80 00 09 	ble  7868 <CoorCalcuGravityHrz+0x94>
    7848:	96 02 e0 04 	add  %o3, 4, %o3
    784c:	c2 02 bf e8 	ld  [ %o2 + -24 ], %g1
    7850:	82 00 40 0c 	add  %g1, %o4, %g1
    7854:	80 a2 60 01 	cmp  %o1, 1
    7858:	12 80 00 04 	bne  7868 <CoorCalcuGravityHrz+0x94>
    785c:	c2 22 bf e8 	st  %g1, [ %o2 + -24 ]
    7860:	c2 02 00 0f 	ld  [ %o0 + %o7 ], %g1
    7864:	c2 22 bf b8 	st  %g1, [ %o2 + -72 ]
    7868:	92 02 60 01 	inc  %o1
    786c:	80 a2 60 01 	cmp  %o1, 1
    7870:	24 bf ff f4 	ble,a   7840 <CoorCalcuGravityHrz+0x6c>
    7874:	d8 02 c0 00 	ld  [ %o3 ], %o4
    7878:	9a 03 60 01 	inc  %o5
    787c:	90 02 20 08 	add  %o0, 8, %o0
    7880:	80 a3 40 10 	cmp  %o5, %l0
    7884:	04 bf ff e2 	ble  780c <CoorCalcuGravityHrz+0x38>
    7888:	94 02 a0 04 	add  %o2, 4, %o2
    788c:	9a 10 20 20 	mov  0x20, %o5
    7890:	a8 10 20 00 	clr  %l4
    7894:	a6 10 20 40 	mov  0x40, %l3
    7898:	80 a3 60 20 	cmp  %o5, 0x20
    789c:	04 80 00 0b 	ble  78c8 <CoorCalcuGravityHrz+0xf4>
    78a0:	82 10 20 20 	mov  0x20, %g1
    78a4:	82 10 20 60 	mov  0x60, %g1
    78a8:	82 20 40 0d 	sub  %g1, %o5, %g1
    78ac:	9a 03 7f e0 	add  %o5, -32, %o5
    78b0:	c2 27 bf cc 	st  %g1, [ %fp + -52 ]
    78b4:	da 27 bf d8 	st  %o5, [ %fp + -40 ]
    78b8:	c0 27 bf c8 	clr  [ %fp + -56 ]
    78bc:	e6 27 bf d0 	st  %l3, [ %fp + -48 ]
    78c0:	10 80 00 09 	b  78e4 <CoorCalcuGravityHrz+0x110>
    78c4:	e6 27 bf d4 	st  %l3, [ %fp + -44 ]
    78c8:	82 20 40 0d 	sub  %g1, %o5, %g1
    78cc:	9a 03 60 20 	add  %o5, 0x20, %o5
    78d0:	c2 27 bf c8 	st  %g1, [ %fp + -56 ]
    78d4:	da 27 bf d4 	st  %o5, [ %fp + -44 ]
    78d8:	e6 27 bf cc 	st  %l3, [ %fp + -52 ]
    78dc:	e6 27 bf d0 	st  %l3, [ %fp + -48 ]
    78e0:	c0 27 bf d8 	clr  [ %fp + -40 ]
    78e4:	90 10 20 00 	clr  %o0
    78e8:	a4 10 20 00 	clr  %l2
    78ec:	ac 10 20 00 	clr  %l6
    78f0:	aa 10 20 00 	clr  %l5
    78f4:	92 10 20 00 	clr  %o1
    78f8:	ae 07 bf f8 	add  %fp, -8, %l7
    78fc:	a1 2a 60 02 	sll  %o1, 2, %l0
    7900:	82 04 00 17 	add  %l0, %l7, %g1
    7904:	d6 00 7f d0 	ld  [ %g1 + -48 ], %o3
    7908:	d8 00 7f e8 	ld  [ %g1 + -24 ], %o4
    790c:	98 5b 00 0b 	smul  %o4, %o3, %o4
    7910:	83 3b 20 1f 	sra  %o4, 0x1f, %g1
    7914:	83 30 60 1a 	srl  %g1, 0x1a, %g1
    7918:	98 03 00 01 	add  %o4, %g1, %o4
    791c:	9b 2a 60 07 	sll  %o1, 7, %o5
    7920:	82 23 40 0b 	sub  %o5, %o3, %g1
    7924:	99 3b 20 06 	sra  %o4, 6, %o4
    7928:	9a 03 40 0b 	add  %o5, %o3, %o5
    792c:	82 00 60 80 	add  %g1, 0x80, %g1
    7930:	82 5b 00 01 	smul  %o4, %g1, %g1
    7934:	9a 5b 00 0d 	smul  %o4, %o5, %o5
    7938:	97 30 60 1f 	srl  %g1, 0x1f, %o3
    793c:	95 33 60 1f 	srl  %o5, 0x1f, %o2
    7940:	82 00 40 0b 	add  %g1, %o3, %g1
    7944:	9a 03 40 0a 	add  %o5, %o2, %o5
    7948:	83 38 60 01 	sra  %g1, 1, %g1
    794c:	9b 3b 60 01 	sra  %o5, 1, %o5
    7950:	80 a2 60 02 	cmp  %o1, 2
    7954:	94 05 80 0c 	add  %l6, %o4, %o2
    7958:	9e 05 40 0c 	add  %l5, %o4, %o7
    795c:	14 80 00 04 	bg  796c <CoorCalcuGravityHrz+0x198>
    7960:	96 02 60 01 	add  %o1, 1, %o3
    7964:	10 80 00 03 	b  7970 <CoorCalcuGravityHrz+0x19c>
    7968:	90 02 00 01 	add  %o0, %g1, %o0
    796c:	90 02 00 0d 	add  %o0, %o5, %o0
    7970:	82 04 00 17 	add  %l0, %l7, %g1
    7974:	d8 00 7f d0 	ld  [ %g1 + -48 ], %o4
    7978:	da 00 7f b8 	ld  [ %g1 + -72 ], %o5
    797c:	9a 5b 40 0c 	smul  %o5, %o4, %o5
    7980:	83 3b 60 1f 	sra  %o5, 0x1f, %g1
    7984:	83 30 60 1a 	srl  %g1, 0x1a, %g1
    7988:	9a 03 40 01 	add  %o5, %g1, %o5
    798c:	9b 3b 60 06 	sra  %o5, 6, %o5
    7990:	92 10 00 0b 	mov  %o3, %o1
    7994:	a4 04 80 0d 	add  %l2, %o5, %l2
    7998:	80 a2 e0 04 	cmp  %o3, 4
    799c:	ac 10 00 0a 	mov  %o2, %l6
    79a0:	04 bf ff d7 	ble  78fc <CoorCalcuGravityHrz+0x128>
    79a4:	aa 10 00 0f 	mov  %o7, %l5
    79a8:	9b 3a 20 1f 	sra  %o0, 0x1f, %o5
    79ac:	81 83 60 00 	mov  %o5, %y
    79b0:	01 00 00 00 	nop 
    79b4:	01 00 00 00 	nop 
    79b8:	01 00 00 00 	nop 
    79bc:	82 7a 00 0a 	sdiv  %o0, %o2, %g1
    79c0:	a8 05 20 01 	inc  %l4
    79c4:	80 a5 20 02 	cmp  %l4, 2
    79c8:	04 bf ff b4 	ble  7898 <CoorCalcuGravityHrz+0xc4>
    79cc:	9a 00 7f 80 	add  %g1, -128, %o5
    79d0:	a1 2c 60 06 	sll  %l1, 6, %l0
    79d4:	a0 03 40 10 	add  %o5, %l0, %l0
    79d8:	a3 2c a0 0a 	sll  %l2, 0xa, %l1
    79dc:	83 3c 60 1f 	sra  %l1, 0x1f, %g1
    79e0:	81 80 60 00 	mov  %g1, %y
    79e4:	01 00 00 00 	nop 
    79e8:	01 00 00 00 	nop 
    79ec:	01 00 00 00 	nop 
    79f0:	a2 7c 40 0f 	sdiv  %l1, %o7, %l1
    79f4:	92 10 20 00 	clr  %o1
    79f8:	7f ff ea f4 	call  25c8 <mg_crt>
    79fc:	90 10 00 10 	mov  %l0, %o0
    7a00:	a2 04 40 08 	add  %l1, %o0, %l1
    7a04:	94 10 00 11 	mov  %l1, %o2
    7a08:	90 10 00 10 	mov  %l0, %o0
    7a0c:	7f ff ea 83 	call  2418 <mg_crt1>
    7a10:	92 10 20 00 	clr  %o1
    7a14:	c2 06 27 20 	ld  [ %i0 + 0x720 ], %g1
    7a18:	1b 00 00 10 	sethi  %hi(0x4000), %o5
    7a1c:	a2 04 40 08 	add  %l1, %o0, %l1
    7a20:	80 88 40 0d 	btst  %g1, %o5
    7a24:	91 2c 20 10 	sll  %l0, 0x10, %o0
    7a28:	02 80 00 05 	be  7a3c <CoorCalcuGravityHrz+0x268>
    7a2c:	82 0c 6f ff 	and  %l1, 0xfff, %g1
    7a30:	82 02 00 01 	add  %o0, %g1, %g1
    7a34:	10 80 00 03 	b  7a40 <CoorCalcuGravityHrz+0x26c>
    7a38:	82 00 40 0d 	add  %g1, %o5, %g1
    7a3c:	82 02 00 01 	add  %o0, %g1, %g1
    7a40:	c2 26 27 20 	st  %g1, [ %i0 + 0x720 ]
    7a44:	81 c7 e0 08 	ret 
    7a48:	81 e8 00 00 	restore 

00007a4c <PointCoordinateHrz>:
    7a4c:	9d e3 bf 98 	save  %sp, -104, %sp
    7a50:	7f ff eb e2 	call  29d8 <Sync>
    7a54:	90 10 20 5a 	mov  0x5a, %o0
    7a58:	c2 00 25 48 	ld  [ 0x548 ], %g1
    7a5c:	9a 08 7f bf 	and  %g1, -65, %o5
    7a60:	c2 00 25 14 	ld  [ 0x514 ], %g1
    7a64:	80 a0 60 00 	cmp  %g1, 0
    7a68:	02 80 00 04 	be  7a78 <PointCoordinateHrz+0x2c>
    7a6c:	da 20 25 48 	st  %o5, [ 0x548 ]
    7a70:	82 13 60 40 	or  %o5, 0x40, %g1
    7a74:	c2 20 25 48 	st  %g1, [ 0x548 ]
    7a78:	c2 00 22 d4 	ld  [ 0x2d4 ], %g1
    7a7c:	80 88 62 00 	btst  0x200, %g1
    7a80:	22 80 00 07 	be,a   7a9c <PointCoordinateHrz+0x50>
    7a84:	c2 00 25 14 	ld  [ 0x514 ], %g1
    7a88:	c2 00 26 a0 	ld  [ 0x6a0 ], %g1
    7a8c:	80 88 64 00 	btst  0x400, %g1
    7a90:	22 80 00 02 	be,a   7a98 <PointCoordinateHrz+0x4c>
    7a94:	c0 20 25 14 	clr  [ 0x514 ]
    7a98:	c2 00 25 14 	ld  [ 0x514 ], %g1
    7a9c:	b0 10 20 00 	clr  %i0
    7aa0:	80 a6 00 01 	cmp  %i0, %g1
    7aa4:	c2 20 25 20 	st  %g1, [ 0x520 ]
    7aa8:	a0 10 20 00 	clr  %l0
    7aac:	1a 80 00 15 	bcc  7b00 <PointCoordinateHrz+0xb4>
    7ab0:	a3 2e 20 02 	sll  %i0, 2, %l1
    7ab4:	c2 04 67 20 	ld  [ %l1 + 0x720 ], %g1
    7ab8:	83 30 60 0d 	srl  %g1, 0xd, %g1
    7abc:	80 88 60 01 	btst  1, %g1
    7ac0:	12 80 00 0c 	bne  7af0 <PointCoordinateHrz+0xa4>
    7ac4:	90 10 00 18 	mov  %i0, %o0
    7ac8:	7f ff ff 43 	call  77d4 <CoorCalcuGravityHrz>
    7acc:	01 00 00 00 	nop 
    7ad0:	7f ff eb 2f 	call  278c <CenterStretchOnePoint>
    7ad4:	90 10 00 18 	mov  %i0, %o0
    7ad8:	c2 04 67 20 	ld  [ %l1 + 0x720 ], %g1
    7adc:	80 a0 60 00 	cmp  %g1, 0
    7ae0:	02 80 00 04 	be  7af0 <PointCoordinateHrz+0xa4>
    7ae4:	9b 2c 20 02 	sll  %l0, 2, %o5
    7ae8:	a0 04 20 01 	inc  %l0
    7aec:	c2 23 67 20 	st  %g1, [ %o5 + 0x720 ]
    7af0:	b0 06 20 01 	inc  %i0
    7af4:	c2 00 25 14 	ld  [ 0x514 ], %g1
    7af8:	10 bf ff ed 	b  7aac <PointCoordinateHrz+0x60>
    7afc:	80 a6 00 01 	cmp  %i0, %g1
    7b00:	03 00 00 17 	sethi  %hi(0x5c00), %g1
    7b04:	82 10 62 6c 	or  %g1, 0x26c, %g1	! 5e6c <PointNumOverflowHrz+0x10>
    7b08:	c2 00 40 00 	ld  [ %g1 ], %g1
    7b0c:	80 a0 60 02 	cmp  %g1, 2
    7b10:	12 80 00 16 	bne  7b68 <PointCoordinateHrz+0x11c>
    7b14:	e0 20 25 14 	st  %l0, [ 0x514 ]
    7b18:	80 a4 20 01 	cmp  %l0, 1
    7b1c:	08 80 00 15 	bleu  7b70 <PointCoordinateHrz+0x124>
    7b20:	b0 10 20 00 	clr  %i0
    7b24:	80 a6 00 10 	cmp  %i0, %l0
    7b28:	1a 80 00 0e 	bcc  7b60 <PointCoordinateHrz+0x114>
    7b2c:	96 10 00 10 	mov  %l0, %o3
    7b30:	99 2e 20 02 	sll  %i0, 2, %o4
    7b34:	da 13 27 30 	lduh  [ %o4 + 0x730 ], %o5
    7b38:	c2 10 27 30 	lduh  [ 0x730 ], %g1
    7b3c:	80 a3 40 01 	cmp  %o5, %g1
    7b40:	08 80 00 05 	bleu  7b54 <PointCoordinateHrz+0x108>
    7b44:	b0 06 20 01 	inc  %i0
    7b48:	da 30 27 30 	sth  %o5, [ 0x730 ]
    7b4c:	c2 03 27 20 	ld  [ %o4 + 0x720 ], %g1
    7b50:	c2 20 27 20 	st  %g1, [ 0x720 ]
    7b54:	80 a6 00 0b 	cmp  %i0, %o3
    7b58:	0a bf ff f7 	bcs  7b34 <PointCoordinateHrz+0xe8>
    7b5c:	99 2e 20 02 	sll  %i0, 2, %o4
    7b60:	82 10 20 01 	mov  1, %g1
    7b64:	c2 20 25 14 	st  %g1, [ 0x514 ]
    7b68:	7f ff e9 bc 	call  2258 <mg_dlt>
    7b6c:	81 e8 00 00 	restore 
    7b70:	01 00 00 00 	nop 
    7b74:	81 c7 e0 08 	ret 
    7b78:	81 e8 00 00 	restore 

00007b7c <CoorCalcuGravityVrt>:
    7b7c:	81 c3 e0 08 	retl 
    7b80:	01 00 00 00 	nop 

00007b84 <PointCoordinateVrt>:
    7b84:	9d e3 bf 98 	save  %sp, -104, %sp
    7b88:	7f ff eb 94 	call  29d8 <Sync>
    7b8c:	90 10 20 5a 	mov  0x5a, %o0
    7b90:	c2 00 25 48 	ld  [ 0x548 ], %g1
    7b94:	82 08 7f bf 	and  %g1, -65, %g1
    7b98:	da 00 25 14 	ld  [ 0x514 ], %o5
    7b9c:	98 10 60 40 	or  %g1, 0x40, %o4
    7ba0:	80 a3 60 00 	cmp  %o5, 0
    7ba4:	02 80 00 03 	be  7bb0 <PointCoordinateVrt+0x2c>
    7ba8:	c2 20 25 48 	st  %g1, [ 0x548 ]
    7bac:	d8 20 25 48 	st  %o4, [ 0x548 ]
    7bb0:	81 c7 e0 08 	ret 
    7bb4:	81 e8 00 00 	restore 

00007bb8 <CenterStretch>:
    7bb8:	81 c3 e0 08 	retl 
    7bbc:	01 00 00 00 	nop 

00007bc0 <PointConverge>:
    7bc0:	03 00 00 08 	sethi  %hi(0x2000), %g1
    7bc4:	81 c0 62 58 	jmp  %g1 + 0x258	! 2258 <mg_dlt>
    7bc8:	01 00 00 00 	nop 
    7bcc:	01 00 00 00 	nop 

00007bd0 <CoordinateKey>:
    7bd0:	81 c3 e0 08 	retl 
    7bd4:	01 00 00 00 	nop 

00007bd8 <GetKeyPoint>:
    7bd8:	c2 10 25 48 	lduh  [ 0x548 ], %g1
    7bdc:	80 88 60 01 	btst  1, %g1
    7be0:	c0 20 25 5c 	clr  [ 0x55c ]
    7be4:	12 80 00 25 	bne  7c78 <GetKeyPoint+0xa0>
    7be8:	92 10 20 00 	clr  %o1
    7bec:	d0 00 23 04 	ld  [ 0x304 ], %o0
    7bf0:	80 a2 40 08 	cmp  %o1, %o0
    7bf4:	1a 80 00 10 	bcc  7c34 <GetKeyPoint+0x5c>
    7bf8:	96 10 20 00 	clr  %o3
    7bfc:	03 00 00 19 	sethi  %hi(0x6400), %g1
    7c00:	94 10 63 c0 	or  %g1, 0x3c0, %o2	! 67c0 <get_Press+0x9c>
    7c04:	99 2a e0 02 	sll  %o3, 2, %o4
    7c08:	c2 03 00 0a 	ld  [ %o4 + %o2 ], %g1
    7c0c:	c2 03 00 0a 	ld  [ %o4 + %o2 ], %g1
    7c10:	80 a0 40 09 	cmp  %g1, %o1
    7c14:	24 80 00 05 	ble,a   7c28 <GetKeyPoint+0x50>
    7c18:	96 02 e0 01 	inc  %o3
    7c1c:	d2 03 00 0a 	ld  [ %o4 + %o2 ], %o1
    7c20:	9a 10 00 0b 	mov  %o3, %o5
    7c24:	96 02 e0 01 	inc  %o3
    7c28:	80 a2 c0 08 	cmp  %o3, %o0
    7c2c:	0a bf ff f7 	bcs  7c08 <GetKeyPoint+0x30>
    7c30:	99 2a e0 02 	sll  %o3, 2, %o4
    7c34:	9b 2b 60 08 	sll  %o5, 8, %o5
    7c38:	c2 00 22 88 	ld  [ 0x288 ], %g1
    7c3c:	80 a2 40 01 	cmp  %o1, %g1
    7c40:	06 80 00 0e 	bl  7c78 <GetKeyPoint+0xa0>
    7c44:	9a 03 60 20 	add  %o5, 0x20, %o5
    7c48:	98 10 20 01 	mov  1, %o4
    7c4c:	c2 00 27 04 	ld  [ 0x704 ], %g1
    7c50:	80 a0 60 00 	cmp  %g1, 0
    7c54:	12 80 00 09 	bne  7c78 <GetKeyPoint+0xa0>
    7c58:	d8 20 25 5c 	st  %o4, [ 0x55c ]
    7c5c:	c2 00 25 14 	ld  [ 0x514 ], %g1
    7c60:	80 a0 60 00 	cmp  %g1, 0
    7c64:	12 80 00 05 	bne  7c78 <GetKeyPoint+0xa0>
    7c68:	03 03 ff c4 	sethi  %hi(0xfff1000), %g1
    7c6c:	82 03 40 01 	add  %o5, %g1, %g1
    7c70:	c2 20 27 20 	st  %g1, [ 0x720 ]
    7c74:	d8 20 25 14 	st  %o4, [ 0x514 ]
    7c78:	81 c3 e0 08 	retl 
    7c7c:	01 00 00 00 	nop 

00007c80 <GetKeyPoint2>:
    7c80:	9d e3 bf 98 	save  %sp, -104, %sp
    7c84:	03 00 00 19 	sethi  %hi(0x6400), %g1
    7c88:	ba 10 63 c4 	or  %g1, 0x3c4, %i5	! 67c4 <get_Press+0xa0>
    7c8c:	b4 10 63 c0 	or  %g1, 0x3c0, %i2
    7c90:	c2 10 25 48 	lduh  [ 0x548 ], %g1
    7c94:	b0 10 00 1d 	mov  %i5, %i0
    7c98:	80 88 60 01 	btst  1, %g1
    7c9c:	c0 20 25 5c 	clr  [ 0x55c ]
    7ca0:	b6 10 20 01 	mov  1, %i3
    7ca4:	12 80 00 39 	bne  7d88 <GetKeyPoint2+0x108>
    7ca8:	b2 10 20 01 	mov  1, %i1
    7cac:	c2 06 80 00 	ld  [ %i2 ], %g1
    7cb0:	fa 07 40 00 	ld  [ %i5 ], %i5
    7cb4:	f8 06 80 00 	ld  [ %i2 ], %i4
    7cb8:	9a 10 20 01 	mov  1, %o5
    7cbc:	80 a7 20 01 	cmp  %i4, 1
    7cc0:	04 80 00 03 	ble  7ccc <GetKeyPoint2+0x4c>
    7cc4:	9e 00 40 1d 	add  %g1, %i5, %o7
    7cc8:	f2 06 80 00 	ld  [ %i2 ], %i1
    7ccc:	c2 06 00 00 	ld  [ %i0 ], %g1
    7cd0:	80 a0 60 01 	cmp  %g1, 1
    7cd4:	34 80 00 02 	bg,a   7cdc <GetKeyPoint2+0x5c>
    7cd8:	f6 06 00 00 	ld  [ %i0 ], %i3
    7cdc:	ba 06 40 1b 	add  %i1, %i3, %i5
    7ce0:	83 2e e0 0a 	sll  %i3, 0xa, %g1
    7ce4:	99 38 60 1f 	sra  %g1, 0x1f, %o4
    7ce8:	81 83 20 00 	mov  %o4, %y
    7cec:	01 00 00 00 	nop 
    7cf0:	01 00 00 00 	nop 
    7cf4:	01 00 00 00 	nop 
    7cf8:	b6 78 40 1d 	sdiv  %g1, %i5, %i3
    7cfc:	b8 06 fe 00 	add  %i3, -512, %i4
    7d00:	83 3f 20 1f 	sra  %i4, 0x1f, %g1
    7d04:	b8 1f 00 01 	xor  %i4, %g1, %i4
    7d08:	b8 27 00 01 	sub  %i4, %g1, %i4
    7d0c:	82 10 22 00 	mov  0x200, %g1
    7d10:	b8 20 40 1c 	sub  %g1, %i4, %i4
    7d14:	fa 08 24 7a 	ldub  [ 0x47a ], %i5
    7d18:	ba 5f 00 1d 	smul  %i4, %i5, %i5
    7d1c:	83 3f 60 1f 	sra  %i5, 0x1f, %g1
    7d20:	83 30 60 17 	srl  %g1, 0x17, %g1
    7d24:	ba 07 40 01 	add  %i5, %g1, %i5
    7d28:	b9 3f 60 09 	sra  %i5, 9, %i4
    7d2c:	ba 10 20 80 	mov  0x80, %i5
    7d30:	ba 27 40 1c 	sub  %i5, %i4, %i5
    7d34:	c2 00 22 88 	ld  [ 0x288 ], %g1
    7d38:	82 58 40 1d 	smul  %g1, %i5, %g1
    7d3c:	bb 38 60 1f 	sra  %g1, 0x1f, %i5
    7d40:	bb 37 60 19 	srl  %i5, 0x19, %i5
    7d44:	82 00 40 1d 	add  %g1, %i5, %g1
    7d48:	83 38 60 07 	sra  %g1, 7, %g1
    7d4c:	80 a3 c0 01 	cmp  %o7, %g1
    7d50:	06 80 00 0e 	bl  7d88 <GetKeyPoint2+0x108>
    7d54:	01 00 00 00 	nop 
    7d58:	c2 00 27 04 	ld  [ 0x704 ], %g1
    7d5c:	80 a0 60 00 	cmp  %g1, 0
    7d60:	12 80 00 0a 	bne  7d88 <GetKeyPoint2+0x108>
    7d64:	da 20 25 5c 	st  %o5, [ 0x55c ]
    7d68:	03 03 ff c4 	sethi  %hi(0xfff1000), %g1
    7d6c:	ba 06 c0 01 	add  %i3, %g1, %i5
    7d70:	c2 00 25 14 	ld  [ 0x514 ], %g1
    7d74:	80 a0 60 00 	cmp  %g1, 0
    7d78:	12 80 00 04 	bne  7d88 <GetKeyPoint2+0x108>
    7d7c:	01 00 00 00 	nop 
    7d80:	fa 20 27 20 	st  %i5, [ 0x720 ]
    7d84:	da 20 25 14 	st  %o5, [ 0x514 ]
    7d88:	81 c7 e0 08 	ret 
    7d8c:	81 e8 00 00 	restore 

00007d90 <ModeNeg>:
    7d90:	03 00 00 17 	sethi  %hi(0x5c00), %g1
    7d94:	82 10 62 64 	or  %g1, 0x264, %g1	! 5e64 <PointNumOverflowHrz+0x8>
    7d98:	c2 00 40 00 	ld  [ %g1 ], %g1
    7d9c:	80 a0 60 01 	cmp  %g1, 1
    7da0:	02 80 00 23 	be  7e2c <ModeNeg+0x9c>
    7da4:	01 00 00 00 	nop 
    7da8:	c2 10 25 48 	lduh  [ 0x548 ], %g1
    7dac:	80 88 60 01 	btst  1, %g1
    7db0:	02 80 00 1f 	be  7e2c <ModeNeg+0x9c>
    7db4:	96 10 20 00 	clr  %o3
    7db8:	d4 00 23 00 	ld  [ 0x300 ], %o2
    7dbc:	80 a2 c0 0a 	cmp  %o3, %o2
    7dc0:	1a 80 00 1b 	bcc  7e2c <ModeNeg+0x9c>
    7dc4:	99 2a e0 03 	sll  %o3, 3, %o4
    7dc8:	c2 00 24 70 	ld  [ 0x470 ], %g1
    7dcc:	da 10 23 b6 	lduh  [ 0x3b6 ], %o5
    7dd0:	9a 5b 40 01 	smul  %o5, %g1, %o5
    7dd4:	83 3b 60 1f 	sra  %o5, 0x1f, %g1
    7dd8:	83 30 60 19 	srl  %g1, 0x19, %g1
    7ddc:	9a 03 40 01 	add  %o5, %g1, %o5
    7de0:	03 00 00 19 	sethi  %hi(0x6400), %g1
    7de4:	9b 3b 60 07 	sra  %o5, 7, %o5
    7de8:	9a 20 00 0d 	neg  %o5
    7dec:	90 10 63 2c 	or  %g1, 0x32c, %o0
    7df0:	92 10 63 28 	or  %g1, 0x328, %o1
    7df4:	c2 03 00 09 	ld  [ %o4 + %o1 ], %g1
    7df8:	80 a0 40 0d 	cmp  %g1, %o5
    7dfc:	06 80 00 06 	bl  7e14 <ModeNeg+0x84>
    7e00:	96 02 e0 01 	inc  %o3
    7e04:	c2 03 00 08 	ld  [ %o4 + %o0 ], %g1
    7e08:	80 a0 40 0d 	cmp  %g1, %o5
    7e0c:	16 80 00 06 	bge  7e24 <ModeNeg+0x94>
    7e10:	80 a2 c0 0a 	cmp  %o3, %o2
    7e14:	c2 00 25 48 	ld  [ 0x548 ], %g1
    7e18:	82 10 60 40 	or  %g1, 0x40, %g1
    7e1c:	c2 20 25 48 	st  %g1, [ 0x548 ]
    7e20:	80 a2 c0 0a 	cmp  %o3, %o2
    7e24:	0a bf ff f4 	bcs  7df4 <ModeNeg+0x64>
    7e28:	99 2a e0 03 	sll  %o3, 3, %o4
    7e2c:	81 c3 e0 08 	retl 
    7e30:	01 00 00 00 	nop 

00007e34 <ModeShutdown>:
    7e34:	9d e3 bf 98 	save  %sp, -104, %sp
    7e38:	03 00 00 17 	sethi  %hi(0x5c00), %g1
    7e3c:	82 10 62 64 	or  %g1, 0x264, %g1	! 5e64 <PointNumOverflowHrz+0x8>
    7e40:	c2 00 40 00 	ld  [ %g1 ], %g1
    7e44:	80 a0 60 01 	cmp  %g1, 1
    7e48:	02 80 00 62 	be  7fd0 <ModeShutdown+0x19c>
    7e4c:	01 00 00 00 	nop 
    7e50:	d8 00 25 48 	ld  [ 0x548 ], %o4
    7e54:	83 33 20 10 	srl  %o4, 0x10, %g1
    7e58:	80 88 60 01 	btst  1, %g1
    7e5c:	02 80 00 5d 	be  7fd0 <ModeShutdown+0x19c>
    7e60:	01 00 00 00 	nop 
    7e64:	c2 00 22 04 	ld  [ 0x204 ], %g1
    7e68:	80 a0 60 00 	cmp  %g1, 0
    7e6c:	02 80 00 59 	be  7fd0 <ModeShutdown+0x19c>
    7e70:	83 33 20 11 	srl  %o4, 0x11, %g1
    7e74:	80 88 60 01 	btst  1, %g1
    7e78:	32 80 00 05 	bne,a   7e8c <ModeShutdown+0x58>
    7e7c:	c2 00 25 14 	ld  [ 0x514 ], %g1
    7e80:	c2 00 22 08 	ld  [ 0x208 ], %g1
    7e84:	c2 20 25 58 	st  %g1, [ 0x558 ]
    7e88:	c2 00 25 14 	ld  [ 0x514 ], %g1
    7e8c:	80 a0 60 00 	cmp  %g1, 0
    7e90:	02 80 00 06 	be  7ea8 <ModeShutdown+0x74>
    7e94:	1b 00 00 80 	sethi  %hi(0x20000), %o5
    7e98:	c2 00 25 58 	ld  [ 0x558 ], %g1
    7e9c:	80 a0 60 00 	cmp  %g1, 0
    7ea0:	12 80 00 0f 	bne  7edc <ModeShutdown+0xa8>
    7ea4:	80 a0 60 3b 	cmp  %g1, 0x3b
    7ea8:	82 13 60 40 	or  %o5, 0x40, %g1
    7eac:	82 0b 00 01 	and  %o4, %g1, %g1
    7eb0:	80 a0 40 0d 	cmp  %g1, %o5
    7eb4:	02 80 00 15 	be  7f08 <ModeShutdown+0xd4>
    7eb8:	c2 00 25 58 	ld  [ 0x558 ], %g1
    7ebc:	80 a0 60 00 	cmp  %g1, 0
    7ec0:	12 80 00 07 	bne  7edc <ModeShutdown+0xa8>
    7ec4:	80 a0 60 3b 	cmp  %g1, 0x3b
    7ec8:	03 3f c2 00 	sethi  %hi(0xff080000), %g1
    7ecc:	da 00 23 2c 	ld  [ 0x32c ], %o5
    7ed0:	82 10 60 74 	or  %g1, 0x74, %g1
    7ed4:	10 80 00 0a 	b  7efc <ModeShutdown+0xc8>
    7ed8:	da 20 40 00 	st  %o5, [ %g1 ]
    7edc:	08 80 00 04 	bleu  7eec <ModeShutdown+0xb8>
    7ee0:	80 a0 60 31 	cmp  %g1, 0x31
    7ee4:	10 80 00 05 	b  7ef8 <ModeShutdown+0xc4>
    7ee8:	c2 00 22 08 	ld  [ 0x208 ], %g1
    7eec:	38 80 00 05 	bgu,a   7f00 <ModeShutdown+0xcc>
    7ef0:	c2 00 25 58 	ld  [ 0x558 ], %g1
    7ef4:	82 10 20 32 	mov  0x32, %g1
    7ef8:	c2 20 25 58 	st  %g1, [ 0x558 ]
    7efc:	c2 00 25 58 	ld  [ 0x558 ], %g1
    7f00:	10 80 00 06 	b  7f18 <ModeShutdown+0xe4>
    7f04:	82 00 60 01 	inc  %g1
    7f08:	80 a0 60 00 	cmp  %g1, 0
    7f0c:	22 80 00 0a 	be,a   7f34 <ModeShutdown+0x100>
    7f10:	03 3f c0 c0 	sethi  %hi(0xff030000), %g1
    7f14:	82 00 7f ff 	add  %g1, -1, %g1	! ff02ffff <RAM_END+0xbf02ffff>
    7f18:	c2 20 25 58 	st  %g1, [ 0x558 ]
    7f1c:	c2 00 25 58 	ld  [ 0x558 ], %g1
    7f20:	80 a0 60 00 	cmp  %g1, 0
    7f24:	02 80 00 04 	be  7f34 <ModeShutdown+0x100>
    7f28:	03 3f c0 c0 	sethi  %hi(0xff030000), %g1
    7f2c:	7f ff e6 9c 	call  199c <SetSensorSwitch>
    7f30:	91 e8 20 01 	restore  %g0, 1, %o0
    7f34:	82 10 60 04 	or  %g1, 4, %g1
    7f38:	c0 20 40 00 	clr  [ %g1 ]
    7f3c:	7f ff e6 98 	call  199c <SetSensorSwitch>
    7f40:	90 10 20 00 	clr  %o0
    7f44:	01 00 00 00 	nop 
    7f48:	03 3f c1 c0 	sethi  %hi(0xff070000), %g1
    7f4c:	9a 10 20 01 	mov  1, %o5
    7f50:	82 10 60 d4 	or  %g1, 0xd4, %g1
    7f54:	da 20 40 00 	st  %o5, [ %g1 ]
    7f58:	01 00 00 00 	nop 
    7f5c:	19 3f c0 40 	sethi  %hi(0xff010000), %o4
    7f60:	82 13 20 0c 	or  %o4, 0xc, %g1	! ff01000c <RAM_END+0xbf01000c>
    7f64:	c0 20 40 00 	clr  [ %g1 ]
    7f68:	01 00 00 00 	nop 
    7f6c:	03 2c 85 90 	sethi  %hi(0xb2164000), %g1
    7f70:	da 00 22 04 	ld  [ 0x204 ], %o5
    7f74:	82 10 62 c9 	or  %g1, 0x2c9, %g1
    7f78:	80 53 40 01 	umul  %o5, %g1, %g0
    7f7c:	9b 40 00 00 	rd  %y, %o5
    7f80:	9b 33 60 04 	srl  %o5, 4, %o5
    7f84:	82 03 40 0d 	add  %o5, %o5, %g1
    7f88:	82 00 40 0d 	add  %g1, %o5, %g1
    7f8c:	83 28 60 03 	sll  %g1, 3, %g1
    7f90:	82 00 40 0d 	add  %g1, %o5, %g1
    7f94:	83 30 60 04 	srl  %g1, 4, %g1
    7f98:	9a 13 20 04 	or  %o4, 4, %o5
    7f9c:	c2 23 40 00 	st  %g1, [ %o5 ]
    7fa0:	01 00 00 00 	nop 
    7fa4:	82 10 20 03 	mov  3, %g1	! 3 <PROM_START+0x3>
    7fa8:	98 13 20 08 	or  %o4, 8, %o4
    7fac:	c2 23 00 00 	st  %g1, [ %o4 ]
    7fb0:	01 00 00 00 	nop 
    7fb4:	01 00 00 00 	nop 
    7fb8:	01 00 00 00 	nop 
    7fbc:	03 3f c1 c0 	sethi  %hi(0xff070000), %g1
    7fc0:	9a 10 20 81 	mov  0x81, %o5
    7fc4:	82 10 60 dc 	or  %g1, 0xdc, %g1
    7fc8:	da 20 40 00 	st  %o5, [ %g1 ]
    7fcc:	01 00 00 00 	nop 
    7fd0:	81 c7 e0 08 	ret 
    7fd4:	81 e8 00 00 	restore 

00007fd8 <SyncMask>:
    7fd8:	15 00 00 3f 	sethi  %hi(0xfc00), %o2
    7fdc:	d8 00 25 08 	ld  [ 0x508 ], %o4
    7fe0:	82 12 a3 00 	or  %o2, 0x300, %g1
    7fe4:	80 8b 3f 00 	btst  -256, %o4
    7fe8:	02 80 00 16 	be  8040 <SyncMask+0x68>
    7fec:	9a 0b 00 01 	and  %o4, %g1, %o5
    7ff0:	c2 00 25 4c 	ld  [ 0x54c ], %g1
    7ff4:	82 10 40 0d 	or  %g1, %o5, %g1
    7ff8:	c2 20 25 4c 	st  %g1, [ 0x54c ]
    7ffc:	1b 3f c0 00 	sethi  %hi(0xff000000), %o5
    8000:	c2 00 25 00 	ld  [ 0x500 ], %g1
    8004:	96 0b 00 0d 	and  %o4, %o5, %o3
    8008:	80 a0 60 58 	cmp  %g1, 0x58
    800c:	c0 20 25 08 	clr  [ 0x508 ]
    8010:	08 80 00 0c 	bleu  8040 <SyncMask+0x68>
    8014:	03 3f ff c0 	sethi  %hi(0xffff0000), %g1
    8018:	9a 0b 00 01 	and  %o4, %g1, %o5
    801c:	03 16 80 00 	sethi  %hi(0x5a000000), %g1
    8020:	80 a2 c0 01 	cmp  %o3, %g1
    8024:	12 80 00 07 	bne  8040 <SyncMask+0x68>
    8028:	94 12 a3 ff 	or  %o2, 0x3ff, %o2
    802c:	c2 00 25 48 	ld  [ 0x548 ], %g1
    8030:	82 08 40 0a 	and  %g1, %o2, %g1
    8034:	82 10 40 0d 	or  %g1, %o5, %g1
    8038:	c2 20 25 48 	st  %g1, [ 0x548 ]
    803c:	c0 20 26 e4 	clr  [ 0x6e4 ]
    8040:	81 c3 e0 08 	retl 
    8044:	01 00 00 00 	nop 

00008048 <HalfLineAverage>:
    8048:	9d e3 bf 68 	save  %sp, -152, %sp
    804c:	c2 50 22 ba 	ldsh  [ 0x2ba ], %g1
    8050:	80 a0 60 00 	cmp  %g1, 0
    8054:	02 80 00 76 	be  822c <HalfLineAverage+0x1e4>
    8058:	03 00 00 17 	sethi  %hi(0x5c00), %g1
    805c:	82 10 62 64 	or  %g1, 0x264, %g1	! 5e64 <PointNumOverflowHrz+0x8>
    8060:	c2 00 40 00 	ld  [ %g1 ], %g1
    8064:	80 a0 60 01 	cmp  %g1, 1
    8068:	02 80 00 71 	be  822c <HalfLineAverage+0x1e4>
    806c:	01 00 00 00 	nop 
    8070:	c2 00 25 14 	ld  [ 0x514 ], %g1
    8074:	80 a0 60 01 	cmp  %g1, 1
    8078:	18 80 00 6d 	bgu  822c <HalfLineAverage+0x1e4>
    807c:	a0 10 20 00 	clr  %l0
    8080:	a4 10 20 00 	clr  %l2
    8084:	a3 2c 20 02 	sll  %l0, 2, %l1
    8088:	9a 07 bf f8 	add  %fp, -8, %o5
    808c:	82 04 40 0d 	add  %l1, %o5, %g1
    8090:	c0 20 7f d0 	clr  [ %g1 + -48 ]
    8094:	92 10 20 00 	clr  %o1
    8098:	82 07 bf e0 	add  %fp, -32, %g1
    809c:	98 10 20 05 	mov  5, %o4
    80a0:	c0 20 40 00 	clr  [ %g1 ]
    80a4:	98 83 3f ff 	addcc  %o4, -1, %o4
    80a8:	1c bf ff fe 	bpos  80a0 <HalfLineAverage+0x58>
    80ac:	82 00 60 04 	add  %g1, 4, %g1
    80b0:	03 00 00 19 	sethi  %hi(0x6400), %g1
    80b4:	9e 10 62 68 	or  %g1, 0x268, %o7	! 6668 <Avg_HalfScreen+0x128>
    80b8:	82 00 7c 00 	add  %g1, -1024, %g1
    80bc:	90 10 63 68 	or  %g1, 0x368, %o0
    80c0:	96 03 7f e8 	add  %o5, -24, %o3
    80c4:	98 10 20 00 	clr  %o4
    80c8:	82 04 80 0c 	add  %l2, %o4, %g1
    80cc:	82 18 60 01 	xor  %g1, 1, %g1
    80d0:	9b 28 60 02 	sll  %g1, 2, %o5
    80d4:	94 00 40 01 	add  %g1, %g1, %o2
    80d8:	c2 04 6e a0 	ld  [ %l1 + 0xea0 ], %g1
    80dc:	83 38 40 0c 	sra  %g1, %o4, %g1
    80e0:	80 88 60 01 	btst  1, %g1
    80e4:	02 80 00 08 	be  8104 <HalfLineAverage+0xbc>
    80e8:	98 03 20 01 	inc  %o4
    80ec:	da 03 40 08 	ld  [ %o5 + %o0 ], %o5
    80f0:	c2 12 80 0f 	lduh  [ %o2 + %o7 ], %g1
    80f4:	82 20 40 0d 	sub  %g1, %o5, %g1
    80f8:	c2 22 c0 00 	st  %g1, [ %o3 ]
    80fc:	92 02 60 01 	inc  %o1
    8100:	96 02 e0 04 	add  %o3, 4, %o3
    8104:	80 a3 20 05 	cmp  %o4, 5
    8108:	04 bf ff f1 	ble  80cc <HalfLineAverage+0x84>
    810c:	82 04 80 0c 	add  %l2, %o4, %g1
    8110:	7f ff e3 31 	call  dd4 <SortBubble>
    8114:	90 07 bf e0 	add  %fp, -32, %o0
    8118:	c2 50 22 ba 	ldsh  [ 0x2ba ], %g1
    811c:	d2 50 22 b8 	ldsh  [ 0x2b8 ], %o1
    8120:	96 00 7f ff 	add  %g1, -1, %o3
    8124:	98 10 00 09 	mov  %o1, %o4
    8128:	80 a2 40 0b 	cmp  %o1, %o3
    812c:	14 80 00 0b 	bg  8158 <HalfLineAverage+0x110>
    8130:	94 10 20 00 	clr  %o2
    8134:	83 2a 60 02 	sll  %o1, 2, %g1
    8138:	82 00 40 1e 	add  %g1, %fp, %g1
    813c:	9a 00 7f e0 	add  %g1, -32, %o5
    8140:	c2 03 40 00 	ld  [ %o5 ], %g1
    8144:	98 03 20 01 	inc  %o4
    8148:	94 02 80 01 	add  %o2, %g1, %o2
    814c:	80 a3 00 0b 	cmp  %o4, %o3
    8150:	04 bf ff fc 	ble  8140 <HalfLineAverage+0xf8>
    8154:	9a 03 60 04 	add  %o5, 4, %o5
    8158:	82 22 c0 09 	sub  %o3, %o1, %g1
    815c:	82 00 60 01 	inc  %g1
    8160:	9b 3a a0 1f 	sra  %o2, 0x1f, %o5
    8164:	81 83 60 00 	mov  %o5, %y
    8168:	01 00 00 00 	nop 
    816c:	01 00 00 00 	nop 
    8170:	01 00 00 00 	nop 
    8174:	94 7a 80 01 	sdiv  %o2, %g1, %o2
    8178:	c2 50 21 ac 	ldsh  [ 0x1ac ], %g1
    817c:	80 a2 80 01 	cmp  %o2, %g1
    8180:	26 80 00 02 	bl,a   8188 <HalfLineAverage+0x140>
    8184:	94 10 00 01 	mov  %g1, %o2
    8188:	9e 07 bf f8 	add  %fp, -8, %o7
    818c:	82 04 40 0f 	add  %l1, %o7, %g1
    8190:	a0 04 20 01 	inc  %l0
    8194:	d4 20 7f d0 	st  %o2, [ %g1 + -48 ]
    8198:	80 a4 20 06 	cmp  %l0, 6
    819c:	04 bf ff ba 	ble  8084 <HalfLineAverage+0x3c>
    81a0:	a4 04 a0 06 	add  %l2, 6, %l2
    81a4:	a0 10 20 00 	clr  %l0
    81a8:	c2 00 23 00 	ld  [ 0x300 ], %g1
    81ac:	80 a4 00 01 	cmp  %l0, %g1
    81b0:	1a 80 00 1f 	bcc  822c <HalfLineAverage+0x1e4>
    81b4:	03 00 00 19 	sethi  %hi(0x6400), %g1
    81b8:	92 10 63 28 	or  %g1, 0x328, %o1	! 6728 <get_Press+0x4>
    81bc:	03 0a aa aa 	sethi  %hi(0x2aaaa800), %g1
    81c0:	90 10 62 ab 	or  %g1, 0x2ab, %o0	! 2aaaaaab <PROM_END+0x2aa9aaab>
    81c4:	94 04 24 00 	add  %l0, 0x400, %o2
    81c8:	97 2c 20 03 	sll  %l0, 3, %o3
    81cc:	98 10 20 01 	mov  1, %o4
    81d0:	da 0a 80 00 	ldub  [ %o2 ], %o5
    81d4:	9b 2b 60 18 	sll  %o5, 0x18, %o5
    81d8:	83 3b 60 18 	sra  %o5, 0x18, %g1
    81dc:	9b 3b 60 1f 	sra  %o5, 0x1f, %o5
    81e0:	80 58 40 08 	smul  %g1, %o0, %g0
    81e4:	83 40 00 00 	rd  %y, %g1
    81e8:	82 20 40 0d 	sub  %g1, %o5, %g1
    81ec:	83 28 60 18 	sll  %g1, 0x18, %g1
    81f0:	83 38 60 16 	sra  %g1, 0x16, %g1
    81f4:	82 00 40 0f 	add  %g1, %o7, %g1
    81f8:	da 00 7f d0 	ld  [ %g1 + -48 ], %o5
    81fc:	c2 02 c0 09 	ld  [ %o3 + %o1 ], %g1
    8200:	82 20 40 0d 	sub  %g1, %o5, %g1
    8204:	c2 22 c0 09 	st  %g1, [ %o3 + %o1 ]
    8208:	96 02 e0 04 	add  %o3, 4, %o3
    820c:	98 83 3f ff 	addcc  %o4, -1, %o4
    8210:	1c bf ff f0 	bpos  81d0 <HalfLineAverage+0x188>
    8214:	94 02 a0 20 	add  %o2, 0x20, %o2
    8218:	a0 04 20 01 	inc  %l0
    821c:	c2 00 23 00 	ld  [ 0x300 ], %g1
    8220:	80 a4 00 01 	cmp  %l0, %g1
    8224:	0a bf ff e9 	bcs  81c8 <HalfLineAverage+0x180>
    8228:	94 04 24 00 	add  %l0, 0x400, %o2
    822c:	81 c7 e0 08 	ret 
    8230:	81 e8 00 00 	restore 

00008234 <NAverage>:
    8234:	9d e3 bf 98 	save  %sp, -104, %sp
    8238:	31 00 00 19 	sethi  %hi(0x6400), %i0
    823c:	03 00 00 3f 	sethi  %hi(0xfc00), %g1
    8240:	9e 10 63 ff 	or  %g1, 0x3ff, %o7	! ffff <_endtext+0x772f>
    8244:	b6 10 20 01 	mov  1, %i3
    8248:	b4 16 23 28 	or  %i0, 0x328, %i2
    824c:	b9 2e e0 03 	sll  %i3, 3, %i4
    8250:	b3 2e e0 02 	sll  %i3, 2, %i1
    8254:	c2 07 00 1a 	ld  [ %i4 + %i2 ], %g1
    8258:	b6 06 e0 01 	inc  %i3
    825c:	80 a0 60 00 	cmp  %g1, 0
    8260:	16 80 00 03 	bge  826c <NAverage+0x38>
    8264:	ba 16 23 2c 	or  %i0, 0x32c, %i5
    8268:	c0 27 00 1a 	clr  [ %i4 + %i2 ]
    826c:	c2 07 00 1d 	ld  [ %i4 + %i5 ], %g1
    8270:	80 a0 60 00 	cmp  %g1, 0
    8274:	26 80 00 02 	bl,a   827c <NAverage+0x48>
    8278:	c0 27 00 1d 	clr  [ %i4 + %i5 ]
    827c:	fa 07 00 1d 	ld  [ %i4 + %i5 ], %i5
    8280:	c2 07 00 1a 	ld  [ %i4 + %i2 ], %g1
    8284:	83 28 60 10 	sll  %g1, 0x10, %g1
    8288:	ba 0f 40 0f 	and  %i5, %o7, %i5
    828c:	82 10 40 1d 	or  %g1, %i5, %g1
    8290:	80 a6 e0 08 	cmp  %i3, 8
    8294:	04 bf ff ee 	ble  824c <NAverage+0x18>
    8298:	c2 26 7f fc 	st  %g1, [ %i1 + -4 ]
    829c:	81 c7 e0 08 	ret 
    82a0:	81 e8 00 00 	restore 

000082a4 <ColAverage>:
    82a4:	9d e3 bf 98 	save  %sp, -104, %sp
    82a8:	7f ff e9 cc 	call  29d8 <Sync>
    82ac:	90 10 20 a5 	mov  0xa5, %o0
    82b0:	c2 00 23 00 	ld  [ 0x300 ], %g1
    82b4:	83 28 60 03 	sll  %g1, 3, %g1
    82b8:	a2 10 00 0e 	mov  %sp, %l1
    82bc:	9c 23 80 01 	sub  %sp, %g1, %sp
    82c0:	a0 03 a0 60 	add  %sp, 0x60, %l0
    82c4:	96 10 20 00 	clr  %o3
    82c8:	13 00 00 19 	sethi  %hi(0x6400), %o1
    82cc:	98 10 20 00 	clr  %o4
    82d0:	c2 00 23 00 	ld  [ 0x300 ], %g1
    82d4:	80 a3 00 01 	cmp  %o4, %g1
    82d8:	3a 80 00 0c 	bcc,a   8308 <ColAverage+0x64>
    82dc:	96 02 e0 01 	inc  %o3
    82e0:	94 12 63 28 	or  %o1, 0x328, %o2
    82e4:	9b 2a e0 02 	sll  %o3, 2, %o5
    82e8:	c2 03 40 0a 	ld  [ %o5 + %o2 ], %g1
    82ec:	c2 23 40 10 	st  %g1, [ %o5 + %l0 ]
    82f0:	98 03 20 01 	inc  %o4
    82f4:	c2 00 23 00 	ld  [ 0x300 ], %g1
    82f8:	80 a3 00 01 	cmp  %o4, %g1
    82fc:	0a bf ff fb 	bcs  82e8 <ColAverage+0x44>
    8300:	9a 03 60 08 	add  %o5, 8, %o5
    8304:	96 02 e0 01 	inc  %o3
    8308:	80 a2 e0 01 	cmp  %o3, 1
    830c:	04 bf ff f1 	ble  82d0 <ColAverage+0x2c>
    8310:	98 10 20 00 	clr  %o4
    8314:	d2 00 23 00 	ld  [ 0x300 ], %o1
    8318:	92 02 40 09 	add  %o1, %o1, %o1
    831c:	7f ff e2 ae 	call  dd4 <SortBubble>
    8320:	90 10 00 10 	mov  %l0, %o0
    8324:	d8 50 24 5a 	ldsh  [ 0x45a ], %o4
    8328:	c2 50 24 58 	ldsh  [ 0x458 ], %g1
    832c:	80 a3 00 01 	cmp  %o4, %g1
    8330:	94 10 20 00 	clr  %o2
    8334:	14 80 00 09 	bg  8358 <ColAverage+0xb4>
    8338:	da 10 24 5a 	lduh  [ 0x45a ], %o5
    833c:	96 10 00 01 	mov  %g1, %o3
    8340:	83 2b 20 02 	sll  %o4, 2, %g1
    8344:	c2 04 00 01 	ld  [ %l0 + %g1 ], %g1
    8348:	98 03 20 01 	inc  %o4
    834c:	80 a3 00 0b 	cmp  %o4, %o3
    8350:	04 bf ff fc 	ble  8340 <ColAverage+0x9c>
    8354:	94 02 80 01 	add  %o2, %g1, %o2
    8358:	9b 2b 60 10 	sll  %o5, 0x10, %o5
    835c:	9b 3b 60 10 	sra  %o5, 0x10, %o5
    8360:	c2 50 24 58 	ldsh  [ 0x458 ], %g1
    8364:	82 20 40 0d 	sub  %g1, %o5, %g1
    8368:	82 00 60 01 	inc  %g1
    836c:	9b 3a a0 1f 	sra  %o2, 0x1f, %o5
    8370:	81 83 60 00 	mov  %o5, %y
    8374:	01 00 00 00 	nop 
    8378:	01 00 00 00 	nop 
    837c:	01 00 00 00 	nop 
    8380:	94 7a 80 01 	sdiv  %o2, %g1, %o2
    8384:	c2 50 21 ac 	ldsh  [ 0x1ac ], %g1
    8388:	80 a2 80 01 	cmp  %o2, %g1
    838c:	16 80 00 03 	bge  8398 <ColAverage+0xf4>
    8390:	d8 10 24 58 	lduh  [ 0x458 ], %o4
    8394:	94 10 00 01 	mov  %g1, %o2
    8398:	80 a2 a2 ee 	cmp  %o2, 0x2ee
    839c:	04 80 00 06 	ble  83b4 <ColAverage+0x110>
    83a0:	03 00 00 15 	sethi  %hi(0x5400), %g1
    83a4:	9a 10 20 01 	mov  1, %o5
    83a8:	82 10 63 68 	or  %g1, 0x368, %g1
    83ac:	10 80 00 04 	b  83bc <ColAverage+0x118>
    83b0:	da 20 40 00 	st  %o5, [ %g1 ]
    83b4:	82 10 63 68 	or  %g1, 0x368, %g1
    83b8:	c0 20 40 00 	clr  [ %g1 ]
    83bc:	83 2b 20 10 	sll  %o4, 0x10, %g1
    83c0:	9b 38 60 10 	sra  %g1, 0x10, %o5
    83c4:	80 a3 60 00 	cmp  %o5, 0
    83c8:	22 80 00 28 	be,a   8468 <ColAverage+0x1c4>
    83cc:	9c 10 00 11 	mov  %l1, %sp
    83d0:	c2 00 23 00 	ld  [ 0x300 ], %g1
    83d4:	82 00 40 01 	add  %g1, %g1, %g1
    83d8:	80 a3 40 01 	cmp  %o5, %g1
    83dc:	3a 80 00 23 	bcc,a   8468 <ColAverage+0x1c4>
    83e0:	9c 10 00 11 	mov  %l1, %sp
    83e4:	03 00 00 17 	sethi  %hi(0x5c00), %g1
    83e8:	82 10 62 64 	or  %g1, 0x264, %g1	! 5e64 <PointNumOverflowHrz+0x8>
    83ec:	c2 00 40 00 	ld  [ %g1 ], %g1
    83f0:	80 a0 60 01 	cmp  %g1, 1
    83f4:	22 80 00 1d 	be,a   8468 <ColAverage+0x1c4>
    83f8:	9c 10 00 11 	mov  %l1, %sp
    83fc:	c2 00 25 14 	ld  [ 0x514 ], %g1
    8400:	80 a0 60 01 	cmp  %g1, 1
    8404:	38 80 00 19 	bgu,a   8468 <ColAverage+0x1c4>
    8408:	9c 10 00 11 	mov  %l1, %sp
    840c:	d4 20 26 e0 	st  %o2, [ 0x6e0 ]
    8410:	96 10 20 00 	clr  %o3
    8414:	11 00 00 19 	sethi  %hi(0x6400), %o0
    8418:	98 10 20 00 	clr  %o4
    841c:	c2 00 23 00 	ld  [ 0x300 ], %g1
    8420:	80 a3 00 01 	cmp  %o4, %g1
    8424:	3a 80 00 0d 	bcc,a   8458 <ColAverage+0x1b4>
    8428:	96 02 e0 01 	inc  %o3
    842c:	92 12 23 28 	or  %o0, 0x328, %o1
    8430:	9b 2a e0 02 	sll  %o3, 2, %o5
    8434:	c2 03 40 09 	ld  [ %o5 + %o1 ], %g1
    8438:	82 20 40 0a 	sub  %g1, %o2, %g1
    843c:	c2 23 40 09 	st  %g1, [ %o5 + %o1 ]
    8440:	98 03 20 01 	inc  %o4
    8444:	c2 00 23 00 	ld  [ 0x300 ], %g1
    8448:	80 a3 00 01 	cmp  %o4, %g1
    844c:	0a bf ff fa 	bcs  8434 <ColAverage+0x190>
    8450:	9a 03 60 08 	add  %o5, 8, %o5
    8454:	96 02 e0 01 	inc  %o3
    8458:	80 a2 e0 01 	cmp  %o3, 1
    845c:	24 bf ff f0 	ble,a   841c <ColAverage+0x178>
    8460:	98 10 20 00 	clr  %o4
    8464:	9c 10 00 11 	mov  %l1, %sp
    8468:	81 c7 e0 08 	ret 
    846c:	81 e8 00 00 	restore 

00008470 <GetAAPointNum1>:
    8470:	9d e3 bf 98 	save  %sp, -104, %sp
    8474:	1b 00 00 17 	sethi  %hi(0x5c00), %o5
    8478:	82 10 20 01 	mov  1, %g1
    847c:	9a 13 62 40 	or  %o5, 0x240, %o5
    8480:	c2 23 40 00 	st  %g1, [ %o5 ]
    8484:	c2 00 2f e0 	ld  [ 0xfe0 ], %g1
    8488:	9f c0 40 00 	call  %g1
    848c:	01 00 00 00 	nop 
    8490:	01 00 00 00 	nop 
    8494:	81 c7 e0 08 	ret 
    8498:	81 e8 00 00 	restore 

0000849c <GetAAPointNum2>:
    849c:	9d e3 bf 98 	save  %sp, -104, %sp
    84a0:	1b 00 00 17 	sethi  %hi(0x5c00), %o5
    84a4:	82 10 20 02 	mov  2, %g1
    84a8:	9a 13 62 40 	or  %o5, 0x240, %o5
    84ac:	c2 23 40 00 	st  %g1, [ %o5 ]
    84b0:	c2 00 2f e0 	ld  [ 0xfe0 ], %g1
    84b4:	9f c0 40 00 	call  %g1
    84b8:	01 00 00 00 	nop 
    84bc:	01 00 00 00 	nop 
    84c0:	81 c7 e0 08 	ret 
    84c4:	81 e8 00 00 	restore 

000084c8 <cal_shoubiao>:
    84c8:	9d e3 be c0 	save  %sp, -320, %sp
    84cc:	82 10 21 0e 	mov  0x10e, %g1
    84d0:	ba 10 22 00 	mov  0x200, %i5
    84d4:	b8 10 22 f2 	mov  0x2f2, %i4
    84d8:	b4 10 22 8b 	mov  0x28b, %i2
    84dc:	b2 10 23 a8 	mov  0x3a8, %i1
    84e0:	b6 10 20 58 	mov  0x58, %i3
    84e4:	9e 10 21 76 	mov  0x176, %o7
    84e8:	b0 10 21 77 	mov  0x177, %i0
    84ec:	c2 27 bf 28 	st  %g1, [ %fp + -216 ]
    84f0:	f0 27 bf 4c 	st  %i0, [ %fp + -180 ]
    84f4:	f4 27 bf 5c 	st  %i2, [ %fp + -164 ]
    84f8:	c2 27 bf 68 	st  %g1, [ %fp + -152 ]
    84fc:	c2 27 bf 74 	st  %g1, [ %fp + -140 ]
    8500:	c2 27 bf 80 	st  %g1, [ %fp + -128 ]
    8504:	de 27 bf 8c 	st  %o7, [ %fp + -116 ]
    8508:	f4 27 bf 90 	st  %i2, [ %fp + -112 ]
    850c:	f4 27 bf 9c 	st  %i2, [ %fp + -100 ]
    8510:	f0 27 bf a0 	st  %i0, [ %fp + -96 ]
    8514:	c2 27 bf 20 	st  %g1, [ %fp + -224 ]
    8518:	c2 27 bf 24 	st  %g1, [ %fp + -220 ]
    851c:	f4 27 bf 50 	st  %i2, [ %fp + -176 ]
    8520:	fa 27 bf 34 	st  %i5, [ %fp + -204 ]
    8524:	f8 27 bf 40 	st  %i4, [ %fp + -192 ]
    8528:	f6 27 bf 48 	st  %i3, [ %fp + -184 ]
    852c:	f2 27 bf 58 	st  %i1, [ %fp + -168 ]
    8530:	fa 27 bf 6c 	st  %i5, [ %fp + -148 ]
    8534:	f8 27 bf 70 	st  %i4, [ %fp + -144 ]
    8538:	fa 27 bf 78 	st  %i5, [ %fp + -136 ]
    853c:	f8 27 bf 7c 	st  %i4, [ %fp + -132 ]
    8540:	fa 27 bf 84 	st  %i5, [ %fp + -124 ]
    8544:	f8 27 bf 88 	st  %i4, [ %fp + -120 ]
    8548:	f2 27 bf 94 	st  %i1, [ %fp + -108 ]
    854c:	f2 27 bf 98 	st  %i1, [ %fp + -104 ]
    8550:	f6 27 bf a4 	st  %i3, [ %fp + -92 ]
    8554:	f6 27 bf a8 	st  %i3, [ %fp + -88 ]
    8558:	fa 27 bf 2c 	st  %i5, [ %fp + -212 ]
    855c:	fa 27 bf 30 	st  %i5, [ %fp + -208 ]
    8560:	f8 27 bf 38 	st  %i4, [ %fp + -200 ]
    8564:	f8 27 bf 3c 	st  %i4, [ %fp + -196 ]
    8568:	f6 27 bf 44 	st  %i3, [ %fp + -188 ]
    856c:	f2 27 bf 54 	st  %i1, [ %fp + -172 ]
    8570:	de 27 bf 60 	st  %o7, [ %fp + -160 ]
    8574:	03 00 00 19 	sethi  %hi(0x6400), %g1
    8578:	92 10 63 28 	or  %g1, 0x328, %o1	! 6728 <get_Press+0x4>
    857c:	96 10 20 00 	clr  %o3
    8580:	98 10 20 00 	clr  %o4
    8584:	9e 10 20 00 	clr  %o7
    8588:	b0 10 20 00 	clr  %i0
    858c:	b4 10 20 00 	clr  %i2
    8590:	94 07 bf f8 	add  %fp, -8, %o2
    8594:	ba 10 20 00 	clr  %i5
    8598:	9a 06 00 18 	add  %i0, %i0, %o5
    859c:	82 03 40 1d 	add  %o5, %i5, %g1
    85a0:	83 28 60 02 	sll  %g1, 2, %g1
    85a4:	f8 00 40 09 	ld  [ %g1 + %o1 ], %i4
    85a8:	b6 07 60 01 	add  %i5, 1, %i3
    85ac:	83 2e a0 02 	sll  %i2, 2, %g1
    85b0:	80 a7 20 00 	cmp  %i4, 0
    85b4:	b2 06 a0 01 	add  %i2, 1, %i1
    85b8:	04 80 00 04 	ble  85c8 <cal_shoubiao+0x100>
    85bc:	ba 00 40 0a 	add  %g1, %o2, %i5
    85c0:	10 80 00 03 	b  85cc <cal_shoubiao+0x104>
    85c4:	f8 27 7f b8 	st  %i4, [ %i5 + -72 ]
    85c8:	c0 27 7f b8 	clr  [ %i5 + -72 ]
    85cc:	ba 10 00 1b 	mov  %i3, %i5
    85d0:	80 a6 e0 01 	cmp  %i3, 1
    85d4:	04 bf ff f2 	ble  859c <cal_shoubiao+0xd4>
    85d8:	b4 10 00 19 	mov  %i1, %i2
    85dc:	b0 06 20 01 	inc  %i0
    85e0:	80 a6 20 08 	cmp  %i0, 8
    85e4:	04 bf ff ed 	ble  8598 <cal_shoubiao+0xd0>
    85e8:	ba 10 20 00 	clr  %i5
    85ec:	b6 07 bf f8 	add  %fp, -8, %i3
    85f0:	b4 10 20 10 	mov  0x10, %i2
    85f4:	c2 06 ff b8 	ld  [ %i3 + -72 ], %g1
    85f8:	fa 06 ff 70 	ld  [ %i3 + -144 ], %i5
    85fc:	f8 06 ff 28 	ld  [ %i3 + -216 ], %i4
    8600:	b8 58 40 1c 	smul  %g1, %i4, %i4
    8604:	ba 58 40 1d 	smul  %g1, %i5, %i5
    8608:	96 02 c0 1d 	add  %o3, %i5, %o3
    860c:	98 03 00 1c 	add  %o4, %i4, %o4
    8610:	9e 03 c0 01 	add  %o7, %g1, %o7
    8614:	b4 86 bf ff 	addcc  %i2, -1, %i2
    8618:	1c bf ff f7 	bpos  85f4 <cal_shoubiao+0x12c>
    861c:	b6 06 e0 04 	add  %i3, 4, %i3
    8620:	c2 10 23 b6 	lduh  [ 0x3b6 ], %g1
    8624:	80 a3 c0 01 	cmp  %o7, %g1
    8628:	28 80 00 11 	bleu,a   866c <cal_shoubiao+0x1a4>
    862c:	c0 20 25 14 	clr  [ 0x514 ]
    8630:	81 80 00 00 	mov  %g0, %y
    8634:	01 00 00 00 	nop 
    8638:	01 00 00 00 	nop 
    863c:	01 00 00 00 	nop 
    8640:	82 73 00 0f 	udiv  %o4, %o7, %g1
    8644:	81 80 00 00 	mov  %g0, %y
    8648:	01 00 00 00 	nop 
    864c:	01 00 00 00 	nop 
    8650:	01 00 00 00 	nop 
    8654:	ba 72 c0 0f 	udiv  %o3, %o7, %i5
    8658:	83 28 60 10 	sll  %g1, 0x10, %g1
    865c:	82 00 40 1d 	add  %g1, %i5, %g1
    8660:	ba 10 20 01 	mov  1, %i5
    8664:	fa 20 25 14 	st  %i5, [ 0x514 ]
    8668:	c2 20 27 20 	st  %g1, [ 0x720 ]
    866c:	81 c7 e0 08 	ret 
    8670:	81 e8 00 00 	restore 

00008674 <MainTest>:
    8674:	1b 00 00 22 	sethi  %hi(0x8800), %o5
    8678:	03 00 00 17 	sethi  %hi(0x5c00), %g1
    867c:	9a 13 60 18 	or  %o5, 0x18, %o5
    8680:	82 10 61 68 	or  %g1, 0x168, %g1
    8684:	80 a3 40 01 	cmp  %o5, %g1
    8688:	08 80 00 08 	bleu  86a8 <MainTest+0x34>
    868c:	9a 10 20 00 	clr  %o5
    8690:	03 3f c1 80 	sethi  %hi(0xff060000), %g1
    8694:	9a 10 2e 00 	mov  0xe00, %o5
    8698:	82 10 60 3c 	or  %g1, 0x3c, %g1
    869c:	da 20 40 00 	st  %o5, [ %g1 ]
    86a0:	10 80 00 00 	b  86a0 <MainTest+0x2c>
    86a4:	01 00 00 00 	nop 
    86a8:	83 2b 60 02 	sll  %o5, 2, %g1
    86ac:	9a 03 60 01 	inc  %o5
    86b0:	80 a3 60 3d 	cmp  %o5, 0x3d
    86b4:	04 bf ff fd 	ble  86a8 <MainTest+0x34>
    86b8:	c0 20 6f 04 	clr  [ %g1 + 0xf04 ]
    86bc:	03 16 96 83 	sethi  %hi(0x5a5a0c00), %g1
    86c0:	9a 10 63 fc 	or  %g1, 0x3fc, %o5	! 5a5a0ffc <RAM_END+0x1a5a0ffc>
    86c4:	82 10 63 00 	or  %g1, 0x300, %g1
    86c8:	c2 20 2f 00 	st  %g1, [ 0xf00 ]
    86cc:	03 00 00 13 	sethi  %hi(0x4c00), %g1
    86d0:	82 10 63 3c 	or  %g1, 0x33c, %g1	! 4f3c <CheckNone>
    86d4:	c2 20 2f f4 	st  %g1, [ 0xff4 ]
    86d8:	03 00 00 17 	sethi  %hi(0x5c00), %g1
    86dc:	82 10 61 d4 	or  %g1, 0x1d4, %g1	! 5dd4 <KeyMaskAAHrz>
    86e0:	c2 20 2f f0 	st  %g1, [ 0xff0 ]
    86e4:	03 00 00 0e 	sethi  %hi(0x3800), %g1
    86e8:	82 10 63 44 	or  %g1, 0x344, %g1	! 3b44 <SearchPointOneHrz>
    86ec:	c2 20 2f dc 	st  %g1, [ 0xfdc ]
    86f0:	03 00 00 17 	sethi  %hi(0x5c00), %g1
    86f4:	82 10 62 5c 	or  %g1, 0x25c, %g1	! 5e5c <PointNumOverflowHrz>
    86f8:	c2 20 2f e4 	st  %g1, [ 0xfe4 ]
    86fc:	03 00 00 17 	sethi  %hi(0x5c00), %g1
    8700:	82 10 62 c8 	or  %g1, 0x2c8, %g1	! 5ec8 <GetAAPointNumHrz>
    8704:	c2 20 2f e0 	st  %g1, [ 0xfe0 ]
    8708:	03 00 00 1f 	sethi  %hi(0x7c00), %g1
    870c:	82 10 63 d8 	or  %g1, 0x3d8, %g1	! 7fd8 <SyncMask>
    8710:	c2 20 2f 04 	st  %g1, [ 0xf04 ]
    8714:	03 00 00 15 	sethi  %hi(0x5400), %g1
    8718:	82 10 63 fc 	or  %g1, 0x3fc, %g1	! 57fc <RawDataSum>
    871c:	c2 20 2f 08 	st  %g1, [ 0xf08 ]
    8720:	03 00 00 21 	sethi  %hi(0x8400), %g1
    8724:	82 10 60 70 	or  %g1, 0x70, %g1	! 8470 <GetAAPointNum1>
    8728:	c2 20 2f 0c 	st  %g1, [ 0xf0c ]
    872c:	03 00 00 19 	sethi  %hi(0x6400), %g1
    8730:	82 10 63 24 	or  %g1, 0x324, %g1	! 6724 <get_Press>
    8734:	c2 20 2f 10 	st  %g1, [ 0xf10 ]
    8738:	03 00 00 19 	sethi  %hi(0x6400), %g1
    873c:	82 10 61 40 	or  %g1, 0x140, %g1	! 6540 <Avg_HalfScreen>
    8740:	c2 20 2f 14 	st  %g1, [ 0xf14 ]
    8744:	03 00 00 21 	sethi  %hi(0x8400), %g1
    8748:	82 10 60 9c 	or  %g1, 0x9c, %g1	! 849c <GetAAPointNum2>
    874c:	c2 20 2f 18 	st  %g1, [ 0xf18 ]
    8750:	03 00 00 1a 	sethi  %hi(0x6800), %g1
    8754:	82 10 60 d8 	or  %g1, 0xd8, %g1	! 68d8 <Updata_point_val>
    8758:	c2 20 2f 1c 	st  %g1, [ 0xf1c ]
    875c:	03 00 00 07 	sethi  %hi(0x1c00), %g1
    8760:	82 10 63 90 	or  %g1, 0x390, %g1	! 1f90 <press_deal>
    8764:	c2 20 2f 20 	st  %g1, [ 0xf20 ]
    8768:	03 00 00 1b 	sethi  %hi(0x6c00), %g1
    876c:	82 10 62 1c 	or  %g1, 0x21c, %g1	! 6e1c <TouchNear>
    8770:	c2 20 2f 24 	st  %g1, [ 0xf24 ]
    8774:	03 00 00 1c 	sethi  %hi(0x7000), %g1
    8778:	82 10 60 a0 	or  %g1, 0xa0, %g1	! 70a0 <ResetSub>
    877c:	c2 20 2f 28 	st  %g1, [ 0xf28 ]
    8780:	03 00 00 1e 	sethi  %hi(0x7800), %g1
    8784:	82 10 62 4c 	or  %g1, 0x24c, %g1	! 7a4c <PointCoordinateHrz>
    8788:	c2 20 2f 2c 	st  %g1, [ 0xf2c ]
    878c:	03 00 00 1e 	sethi  %hi(0x7800), %g1
    8790:	82 10 63 d8 	or  %g1, 0x3d8, %g1	! 7bd8 <GetKeyPoint>
    8794:	c2 20 2f 30 	st  %g1, [ 0xf30 ]
    8798:	03 00 00 14 	sethi  %hi(0x5000), %g1
    879c:	82 10 62 a4 	or  %g1, 0x2a4, %g1	! 52a4 <ResetCheck>
    87a0:	c2 20 2f 34 	st  %g1, [ 0xf34 ]
    87a4:	03 00 00 17 	sethi  %hi(0x5c00), %g1
    87a8:	82 10 60 cc 	or  %g1, 0xcc, %g1	! 5ccc <KeyRefeAdjust>
    87ac:	c2 20 2f 38 	st  %g1, [ 0xf38 ]
    87b0:	03 00 00 16 	sethi  %hi(0x5800), %g1
    87b4:	82 10 61 fc 	or  %g1, 0x1fc, %g1	! 59fc <RefeAdjust>
    87b8:	c2 20 2f 3c 	st  %g1, [ 0xf3c ]
    87bc:	03 00 00 1f 	sethi  %hi(0x7c00), %g1
    87c0:	82 10 61 90 	or  %g1, 0x190, %g1	! 7d90 <ModeNeg>
    87c4:	c2 20 2f 40 	st  %g1, [ 0xf40 ]
    87c8:	03 00 00 1f 	sethi  %hi(0x7c00), %g1
    87cc:	82 10 62 34 	or  %g1, 0x234, %g1	! 7e34 <ModeShutdown>
    87d0:	c2 20 2f 44 	st  %g1, [ 0xf44 ]
    87d4:	03 00 00 11 	sethi  %hi(0x4400), %g1
    87d8:	82 10 63 5c 	or  %g1, 0x35c, %g1	! 475c <DoubleClick>
    87dc:	c2 20 2f 48 	st  %g1, [ 0xf48 ]
    87e0:	03 00 00 12 	sethi  %hi(0x4800), %g1
    87e4:	82 10 62 50 	or  %g1, 0x250, %g1	! 4a50 <GesturePush>
    87e8:	c2 20 2f 4c 	st  %g1, [ 0xf4c ]
    87ec:	03 00 00 13 	sethi  %hi(0x4c00), %g1
    87f0:	82 10 60 2c 	or  %g1, 0x2c, %g1	! 4c2c <GestureResetDead>
    87f4:	c2 20 2f 50 	st  %g1, [ 0xf50 ]
    87f8:	03 00 00 14 	sethi  %hi(0x5000), %g1
    87fc:	82 10 60 e0 	or  %g1, 0xe0, %g1	! 50e0 <PointReport>
    8800:	c2 20 2f 54 	st  %g1, [ 0xf54 ]
    8804:	03 00 00 13 	sethi  %hi(0x4c00), %g1
    8808:	82 10 61 98 	or  %g1, 0x198, %g1	! 4d98 <GestureInterrupt>
    880c:	da 20 2f fc 	st  %o5, [ 0xffc ]
    8810:	81 c3 e0 08 	retl 
    8814:	c2 20 2f 58 	st  %g1, [ 0xf58 ]

00008818 <MainTestEnd>:
    8818:	81 c3 e0 08 	retl 
    881c:	01 00 00 00 	nop 
	...

00008880 <__leonbare_initcall_end>:
    8880:	00 00 21 33 	unimp  0x2133

00008884 <version_tool>:
    8884:	a5 01 05 03 a5 00 00 3e 00 00 00 00                 .......>....

00008890 <const_funciton>:
    8890:	67 61 6f 79 49 44 44 49 46 49 4c 4c 46 49 4c 4c     gaoyIDDIFILLFILL
	...

000088a8 <version_data>:
    88a8:	4a 75 6e 20 31 32 20 32 30 31 37 00 00 00 00 00     Jun 12 2017.....

000088b8 <version_time>:
    88b8:	31 35 3a 30 33 3a 34 34 00 00 00 00 00 00 00 00     15:03:44........

000088c8 <_etext>:
	...
