:080000EE696C6974656B5450E4
:040000CC4757575AE1
:070000AF00000001FDFF014C
:070000AF03A80003DFFF02BC
:070000AF0390000391FF0321
:070000AF037000038FFF0442
:070000AF01FE00036FFF05D5
:070000AF03A00003A7FF0EF0
:050000B2000000010147
:050000B2000000020542
:050000B201DD940304D0
:050000B2020000010343
:050000B2020200010E36
:050000B2020200020E35
:050000B2020A0001023A
:100000004800824E48008030480080564800807C7E
:10001000480080A2480080C8480080EE4800811453
:100020004800813A480081A8480081AA480081AC74
:10003000480081AE480081B0480081B2480081B4D8
:10004000480081B6480081B8480081BA480081BCA8
:10005000480081BE480081C0480081C2480081C577
:10006000480081C8480081CB480081CE480081D13A
:10007000480081D4480081D7480081DA480081DDFA
:10008000480081E0480081E3480081E6480081E9BA
:10009000480081EC480081EF480081F2480081F57A
:1000A000480081F87C050100FE0501000006010002
:1000B000540601008A0601008C0601003007010089
:1000C000320701003A0701003C0701003E0701002A
:1000D0005C0701007A070100820701008A0701001E
:1000E0009207010026080100B60801000A0A010073
:1000F0000C0A01000E0A0100600A0100620A0100F8
:10010000640A0100660A0100CA0A0100CC0A010063
:10011000EC0A0100EE0A0100E20B0100020C0100F2
:10012000E40C0100FC002E37D84CEBACEA938420A1
:10013000FE9CDD4249001F37FC804412178C84016D
:10014000AE08EA23DD4EEA443C03EDD4AE0BDD9E5F
:10015000FC0049001D85EA9349001B5DEA934412A7
:10016000010049001BBFDD40C004EA5B5A08010ED4
:1001700044120100EA935020FFE05030FFEC2E4083
:1001800014B44900F54CFC8044120100EA9350205D
:10019000FFE05030FFEC4900F018FC80FC62EB7B84
:1001A000B61F2EA7D83A2E87D83B84203E17E54AA3
:1001B0004095040940240409403504088420E023C4
:1001C000E82BB41F38F005115EF7FF9CE82286216A
:1001D00050057FFF3C17E7C884A045025190F0828C
:1001E00050047FFF41C0A8082E77E78E2F57E548BF
:1001F000818580C545407FFF808581C582658245B8
:1002000082D086E145E4B000458242A8F083D51B48
:100210008C219648D5D58620D5DC02380000803068
:10022000CB0313780000A4488D82403F0476401E23
:100230000436FE4A964BF18140D180118420E22A97
:10024000E9078CA154B280FFE368E9E8D553B41FF5
:10025000383011114F1200D24EB200AF822B431032
:10026000A0734118801138FC44004F17000589B86D
:1002700000E8FFFF5AF0FF2C5AE0FF2A40F73C034A
:1002800054F7803FE924B41F411228013910451169
:100290004E3700054F14001CD504C3194F17001822
:1002A000439180035EFC8065E912431880035EF889
:1002B0008065E9048DC1412900135EFC80C9E9070E
:1002C0005EF880C9E9048DE141398013F002863F70
:1002D0004C104073F003D8705CF9004B4EF3008E65
:1002E0005CF980274EF3008A3F17DB013F17DB00E4
:1002F000D55D80263F57E5484F1300065AC80104D4
:1003000048000084380B0901C8058461EBA138302E
:1003100009093C07E7C9383B0901400028084000AB
:100320000C16FE02960340FA00073C33E7CAE81FAA
:100330002E07DB01E209E80440048001D5028A09A6
:10034000E402EABFC00F2E07DB00E202E8039A10C6
:10035000D5028A02E402EABFC0059C594263040048
:1003600096713E97DB013E27DB00D506841F3E07D2
:10037000DB013E07DB00E261E80884013E07E54956
:100380002E07E5488C01D50484003E07E549EBB112
:100390003C03F2A62E17E5482E27CF969604E2419D
:1003A000C009E8338409DD52C8308400EBB1840110
:1003B000FCE2E9FCD52A40F68C07E9095A78010DE0
:1003C0003E77E54A86A082278187D50784013E07CC
:1003D000E54A86A085818621F001E060E8088CC1AD
:1003E000E07497B1E804804B812182838C218C8159
:1003F0009648972148FFFF2540F68C07E8088400BF
:10040000EBB184013E07E54A8400FCE25A7801071B
:1004100084003E77E54AEBB1D5F88620D5DEFC00B6
:100420008409DD52C0038400D5068407DD52C8FC70
:1004300049FFFEB62E1FDBD24E1400038400FC8061
:10044000FC20B4A00310800422308002E0B12240DE
:10045000800522708003E82896992270800042323D
:1004600088009B1A40689C01FF3441288801404263
:1004700048968887E08743090003E90342724401F4
:100480004F030004B6E0D50E9AD3422180034018F2
:100490000801FF54FE7C4052C0B64020C05688453B
:1004A000B6408401FCA04112001341214401E1C582
:1004B000E83097F99AD742628C0140489C018A66DD
:1004C000430200034E3400049B3A98F42330800129
:1004D0009B168A874068CC01FF344013C401401248
:1004E00004368A338822E032E9048A5343208801A3
:1004F0004F030004B7C0D5D640180C01FF5C422959
:1005000004244052C0B6403140768865B660D5CAF2
:100510008400FCA03C03F2A99604C058FC612EB7ED
:10052000D84CEB84850044D000FC81273CA3EC1818
:10053000E30BE84B800742043473001000DF5A18C5
:10054000014022000009B61F441200E0801F804ACB
:1005500049FFFF7880C03C17E788B41FE001E90A33
:100560003C17E78940150401E020E803964BD502CB
:100570009643800942043473121000092200000AD5
:10058000F0813CC3EC19441200ECB001804C49FFEF
:10059000FF59F3013C17E78EE061E90A3C17E78F4A
:1005A00040160401E023E803964BD502965B804990
:1005B00042243473FF871211000A106100FD5004B9
:1005C0000001548000FFD5B5FCE1DD9E50100050C5
:1005D0005020FFEC3B015000EBB280224C017FFA2F
:1005E000DD9EFC602EA7D8372EB7D83684202F3753
:1005F000E55C2F27E55B2F07E55A8081806180C18C
:1006000080E1449245F4551200FFE3AAE8214054EA
:1006100090203824910000828001E248E816995128
:1006200038501511E0E5E8048251826280E5E0A6C9
:100630004108BC1B4062BC1B5EF28259E9038C611D
:1006400096D98C419690D5EA8C81882BD5DD5CF1CA
:1006500084013F37E55C3F27E55B3F07E55AE90545
:10066000EB4ADD4E3E07E5563C7BF3C33C7BEDEAAF
:100670003C6BF3C1FCE0FC60814084003C0BF2ACBD
:100680002ED7D8362E87D83781C180018162842F3A
:100690004224342481838124DD428460441245F461
:1006A000804380A38003822151247FFF4530004F87
:1006B0005146FFFFE2A8E831386095004362B42458
:1006C00041589420004A8001E2C4E8244043580085
:1006D00038751111E167E8124C5940078C418C6163
:1006E000969096D8D507C604C5034C6A40048C4141
:1006F0009690393710089D0196213C47E72AE087FC
:10070000E8063C73F2AC8CE13C7BF2AC8CC197B058
:10071000D5DA8CA19768D5CF102600001034800060
:10072000FCE0FC6551CF805881A02E07D83A140E0A
:100730007FF12E07D83B140E7FEE80C32E07E78D86
:100740002E37E4F1144E7FEC4081800040440808CD
:100750005002000AEAC8EAA8815FEAA84004040837
:10076000140E7FF08C08EAC8817FEAA881DFEAA82E
:1007700050040007EAC8819FEAA880FFEAA8840025
:10078000141E7FED142E7FEF120E7FE78044800B46
:100790008420145E7FEB144E7FEADD42044E7FEA34
:1007A000800A80448420DD42800784208048DD4226
:1007B000801F84208048DD42440F80003C0BEDEA1E
:1007C0002E17E4F12E07E78D813F882044207FFF1C
:1007D0008400E001E806382601098C019600D5FA6C
:1007E000800D802C804A503E7FCE49003411452236
:1007F0003A9C2E47E4F1840082B29740E2A4E820BC
:100800003909010154180080C119383601118420BA
:10081000553080FFE3E4E810382A850140280803BA
:10082000662100FFCA074D32800638260511423185
:100830000C018C21D5EE383601098C01D5DF800CF6
:10084000811CB28B225E000080278049806B4900AA
:1008500035D8B21184A095018005041E7FF1844033
:100860004C008018403680208022048E7FEE4C148D
:10087000000E38F18811EB9A5EF78191E9038CA1A3
:1008800097698C2196488844D5F18C019600D5E66D
:100890002F27E4F12E47E78D2E17D83D889292211D
:1008A00045323A9CE044E81E38338800CB123809C0
:1008B0008901962FE020E906380609013807090961
:1008C000D50E38350A024001801638070909D507C8
:1008D00038058A0240000C16380709098C419690A9
:1008E000D5E241174820840040D904093D37E7D2BA
:1008F0003CA3E7D38FA2802044B000649680E24DF1
:10090000E83D394701112A38FFFF048E7FEF402A66
:100910000C0104CE7FEDEB1DE11440213007E8050A
:10092000E103E803C229D526E1F4E926E1E3E9245D
:10093000C223383380003824800040F10C00E81CCA
:10094000410900014023C000898900217FFF01087F
:100950007FFF89824F0200114231AC244031BC76C6
:1009600096D9E343E809EB79402140569691E3425A
:10097000E8038C2196488C01D5C22E27CFA8E2220D
:10098000E910DD50962E9601C80C84213E17E78EA3
:100990002E17D837FE549449E02540603C1AD505FF
:1009A00084003E07E78E84C0022E7FE7EBA13C1750
:1009B000EDEAEBEDFE0C44100400EA303C0BEDEAEE
:1009C0008400E004E8114027002022110000E02606
:1009D000E906043E7FEC42108C01D50280268C0192
:1009E000AC509600D5EF2E17DBD0964CC905800E83
:1009F000042E7FF0DD48800E4900340451FE7FD084
:100A0000FCE0FC203C13F3C32E27E5BD3C1BF28623
:100A10003C13F3C13C1BF280CA442E67D84C2E37DE
:100A2000DBDC2E47DBDD8022447000FC450246847F
:100A30009750E2A6E815823043111C73011880DE3E
:100A40005B18020D8C2196485A30FF075A48FF0761
:100A5000D3058085D503808380658C41D5EA3E37F8
:100A6000DBDC3E47DBDDAE40C1282E27DBDCE24687
:100A7000E809EAEDEAAC42010C73000000DE5A0816
:100A8000021DE622E80EEAB3EAACEAEB0210000D22
:100A90000200000E3C0BF2853C1BF2818401FCA09D
:100AA0008402843F3E17DBDC3E17DBDD843F3C1BCA
:100AB000F2813C1BF285FCA08400D5F4FC0084008C
:100AC0003E07E5693E07E56784208409DD44840B21
:100AD0008420DD44FC80FC222300800044120A00B4
:100AE0002200000080E20220800AF08280C3A50973
:100AF000A4C802508009150F8003B65FB04284007D
:100B00003A10880049001E02F082F002F183AC38EE
:100B1000F003AC30FCA2FC62800400BF804C004FAC
:100B200080442E87D84CC3222E97D836A7D2820174
:100B30004303A473A7939DD73868180085E097AE48
:100B4000CE0DD51501037FFF8221A7B04318247372
:100B50008CE43868980097AEC60A50F7800154F7C5
:100B600080FF80C74CF1FFF0FCE2FCE240678C069E
:100B70004E6200D551427FFF226F8020554A00FF10
:100B8000239F8024514A0001414A0408439C980055
:100B900082FF414FD000858F45820A202EA7D8378B
:100BA000D5125AC00F70007A8003013A800280C1CA
:100BB0004269A47338C31C0850F7800154F780FFC2
:100BC0004CF1BFD541678808415158004EB2FFEB48
:100BD0003B0C4C003B0BCC20C454007A8003013A00
:100BE00080025AB001738237858F85A085C0006866
:100BF00080002128800141039800410800104F0522
:100C0000002240682407C61E89D3412900104F25C1
:100C1000001A40692807C61680C1426924733863E8
:100C20004000550300204F02000E5503002F5B00CB
:100C30002F455503000F5B000F064ED200444C6653
:100C400040698DA24D1A7FD55C668002CE16A7A89A
:100C500044C0002F5D0300194F02FFAB95F288E5F9
:100C60003B0AC0008CE28CC13B03C020AFA8007AD5
:100C70008003013A8002D59C4ED3FF954EE3FFE9F5
:100C8000858F40602006C69938615811406364071B
:100C9000CE94007A800282014303A473006A800329
:100CA00080F08D61590000208C013903980896006E
:100CB00054B580FF48FFFF8250E7000154E700FF72
:100CC000D5C1818685A1D5BE821700680000211894
:100CD000000188C797B28D82412324074E65001614
:100CE00089B3411880104F2200114128A8074F15E1
:100CF000000D818142C8A4734F22000838C6180035
:100D0000546600204E63FF4F4D0A7FE1858FD5BAB0
:100D100050D6800154D680FFD598FCE2FC20EBE24F
:100D20002E67CEAC2E77CE9C44123A14844080A31A
:100D3000992A5A08020A00420078AD080241803818
:100D4000AD098086D50800420068AD0802418030B8
:100D5000AD0980878C418C248C625A2804EB3E4775
:100D6000E4EFFCA0FC60EA463C97F2E3966E97C97C
:100D70003C64042344B23A14CF108140DD405A0051
:100D8000010D2E07E4EFE340E9043C040429FCE0F4
:100D90003C040422E009E9043C040423FCE03C0494
:100DA0000428E009E8043C040429D527846180274D
:100DB000820B38058611950AE00944723A14E81846
:100DC00038280E11955AE049E9138887221200014C
:100DD00088A78A49225280014034800142010424BC
:100DE000420194738020981A40008016D5068C2109
:100DF0008C615A1803E080069603FCE044123874B4
:100E00005A0802094402003C3B0058003B00D8202D
:100E1000DD9E440200203B0058003B00D820DD9EB0
:100E2000FC6051FFFB3881608400F184F287100F71
:100E3000804D8420500F81F8442000F0F48ADD4278
:100E4000500F82E88420442001E0DD42B02284205B
:100E5000442000B0DD423C07F2B7C805020F801401
:100E60003C0BF2B7440239AC842044200066DD42DA
:100E700084003E07E5703E07E4EE841F3E07E4ED84
:100E800084003C0BF2872E07E56CC80D2E0006B5DA
:100E90002E1006BC3E07E56C9A8188013E27E56B63
:100EA0003E07E56A3C07F3C38422EA303C14036042
:100EB000F20442000400F08D44123BAC800B503F22
:100EC000804E504F804F49FFFBD84E02043F2E17F3
:100ED000D84C84A0EAACD115002000DE5A28020EBE
:100EE00022F00038EB9A5EF783E9E80E22F0003931
:100EF000EB9A5EF783E9E8088CA19768EBCAD5EC1A
:100F00008400F088D5038401F0888400F085F084A3
:100F1000812080E08140EAC1E3404EF2041E440299
:100F200045F438002900F086440245F440002820AA
:100F3000F091F011F106A601E2204EF204002ED746
:100F4000D836F1064215347344423BAC38020400F3
:100F500096364E0203EC38058511F107E0014EF399
:100F600003E6500F804DF08184C1840850CF81F892
:100F7000F082802A14CF8000F683F006EB26806989
:100F800080AB490016CA2E17E4EE012F804D88264B
:100F90003E17E4EE4F2300082E57E56C2E0006B5F1
:100FA000D860D56284003E07E57450097FFF3E0794
:100FB000E57580464E25FFF24402174497113830FC
:100FC00008009E61964B3860040040160C402300D8
:100FD0008000B4219773961BF1CEE0A0E821401663
:100FE000144022F08000E18F4EF205E38CA1976B54
:100FF000D8F7D50C944250EF84C841170400231849
:10100000FE98E1B0E8068E019603E0A0E9F4D5E68B
:10101000381604023816160A8CA1976BD5DFEBE060
:1010200040109440F04E1400FF4C9E69E0C1E9046A
:101030009E229683D50544021744381008088CA1D7
:10104000E0A3E8B996119C41442217448C02964BC8
:101050003851040896834402174438300808D5AB49
:10106000DD50962EC0052E07E56A3E0006B52F908E
:1010700014B45CFC8006E832EA46966E2E0006B593
:101080002E27D837C10822160000446005DC4260D4
:101090009801D5132E1006B4E232E90D00160003B4
:1010A0005036FFFF4C118008005600029ED1D3033A
:1010B000C102CD0B226600008E05FE34EBDA4060E3
:1010C00018D697B34800048D22660000FE34EBDA90
:1010D000406018D697B3480004842266000044009C
:1010E000003CFF84EA37406300D6868897B3480007
:1010F00000A2EA7042310073000180F340504001C9
:10110000000180F4425280039B01424200038CA103
:101110008C8197689720E6A54EF2052D5CE20005CC
:101120002E0006BB502E7FEEE3A041103C1B969094
:101130005B90020448000522801C968084805188C0
:10114000FFFF45900064E0984EF2052D500F81F8A6
:101150004120104000590003962AE0134EF3051574
:10116000E1004EF305120109000240080010E00CF6
:101170004EF3050B40FA80074EF305079CE196D825
:1011800043C6C024E2714EF20500500F81F8416061
:101190000C40000B00039642E0334EF304F2E101F1
:1011A0004EF304EF001B00024170801040FBB007BB
:1011B0004EF304E740FADC074EF304E39A28960264
:1011C000EB7D5AF00104480004DC40180401964A03
:1011D00042F080035AF00104480004D3401804018F
:1011E00081E542F0B4739A28881C38F5BD113805A2
:1011F000811122190000880F22FB000042006424A4
:10120000882F40100436E0224EF204BBF0084E0353
:1012100004CA001F81FAE6224EF304C5000F81FBC9
:10122000EA4B4E0304C0DD4086844E0304BC4EE30B
:1012300004B0222F80FC3C17F2B751CF81F8E04177
:10124000E805F0048C019600F084004F804D811C6D
:10125000807C84A045023BAC452FFF8040210407E1
:10126000D41322018000E006E802C20AA65AA61B97
:101270004200B4738810A6404010C804AE408CA150
:1012800097688C64D5EE2E07D84C818784C044E2E1
:101290003BAC510F804DF089000F804DE2C0E83427
:1012A000401E1840A60BA64A402700004220B473F7
:1012B000202100004E240024583600208440150FC1
:1012C0008001154F8002F28315CF800044200080FA
:1012D00096D844423BAC80AB150F800C154F800B69
:1012E0004900151B5006000154C000FFF009054FCE
:1012F000800B40F60006050F800CE8049C319780B7
:10130000D5CC8401F08540061C01003F804D5A0871
:10131000011B2E1014B4E626E916E66BE814823C95
:1013200084A044123BAC582380208DA4D323000812
:10133000FFFF0048FFFE8801420234738CA1AE809B
:101340009768D5F4F1079600B63F3C17F2B7154FF2
:101350008001F182F083808C800B44123BAC805C76
:10136000445239AC154F800949FFFBD78180054FA6
:10137000800944020A30EB8FEAC151CF8138B19421
:10138000F08E8420801C442000C050EF8060154FF8
:1013900080093B034C2000DF804DDD42800EFA586F
:1013A0008420DD422F67D8362E0014B4F08B3C0326
:1013B000F2A884409604F08CF00B82425C0000049A
:1013C00080BC45E2421814EF800F82A6F090054FD2
:1013D00080094D26811D00440003003400024402B0
:1013E0003BAC88044201D873A640540080204E02D2
:1013F00001085A182F04480000B9965FE62B4EF2F8
:101400000100FA18506F82E84260807340028480C5
:10141000017000004F72000C5CF6802D4EF20093BC
:10142000F00B8784E603E9054800008D839480571C
:1014300041928480F2898660518C8008380ACD0000
:10144000410ACC208804551000FF40088010210874
:1014500000014E05004EE016E84B8983550800FF59
:1014600040E800104EE50045F20E40F70807E8405E
:101470004F73001081E042F75873A0B438F5BD11E6
:1014800040F13C00F20914F300048C419690F2897B
:10149000F210C22E4207587344223BAC40F00800C1
:1014A000002780005A280F25FA4F102780003805A2
:1014B000811150F07FEC4EF7001C8059A011880F6D
:1014C000A8114EE30004F00CC80444023ADCD50332
:1014D00044023A5C39104501B4184207C473390F0D
:1014E0004101B6188058A0114207C073A8118DE1C0
:1014F000540980FFE21CE9A3F2094F73002422047F
:101500000000051300044330082444E003E84109C7
:10151000C401430838241203000A41084E168811FA
:1015200013030011A834860140028480AF30AF312C
:10153000AEF2AEF310430018103300191100000092
:10154000D516A633E203E803AEF3D505A632E26072
:10155000E802AEF2A631E204E803AF31D508A630C6
:10156000E280E805AF30D503F60F842B230400009A
:10157000F00DE010E8060003001A8C011003001AB9
:101580005CF6802DE911840322F3000A431800243D
:10159000E1AFE80A0003001B86005A00FF068C0139
:1015A0001003001B8600A03388108F94A8334F07C8
:1015B0000028944C411284008391B8018810B881AE
:1015C000CB06F00CC00444023A5CD50344023ADC7A
:1015D000882538401101A00A420810735110800874
:1015E000A80A381F0D018071A01942080473A819B8
:1015F0000003001B5A00FF058C011003001B50095B
:101600000001552000FF8D0448FFFEE5FA38500F19
:1016100084C84203847380C704007F88F09881A146
:10162000E2CCE83F500F813840301880A0594E1767
:10163000001CA09A400084099603504F82E8424360
:101640003473884040210456A8A1A09B8802EA3048
:10165000A822F07B8820F1FBA01AF17C8801F0FC25
:10166000F07D8840F2FD501F82E842133473F21B74
:10167000A00B8CC18802F09B0020801B000F807B98
:1016800097B08802100F807B0020801A000F807AAC
:101690008802100F807AB018804049000D5FD5C1D4
:1016A000F17B4E170008F07CEA30F099F07DEA30CB
:1016B000F09AB022400024808020F218AA8A4026A6
:1016C0001C01AE8A022F803AAC84F21BA881E2ECA6
:1016D000000F804DAE0BE82B3C13F2879601E22001
:1016E000E8053C0BF2873E97E4EDFA38500F82E8AC
:1016F000420384738CE1022F800E97F81090001F34
:10170000122000124C767FF42E07D84CE3204EF2C4
:10171000024D50148001549080FFE3204EF20246A7
:1017200040F60006E904480002418187F00680EC9B
:101730008C019600F08648FFFBFEF0055A00010D73
:10174000EBD5EB9148FFFBE92E17E56A3E1006B595
:10175000F084812080E084008020FA789680E2473F
:10176000E80B502F82E8EB5D8C010021001AE22289
:1017700040113C1BD5F43C1BF3C849000C683E07E4
:10178000E5705A080107EA2358000080EA44D506AC
:10179000EB6B4400FF7FFE0EEA44EA8900BF804EF7
:1017A000960E00AF804FC0492E27D8372E37D83637
:1017B0008E418E61B0628400D51CA74BDA05EB998F
:1017C00058420001EBA5A749DB05EB9958420002FE
:1017D000EBA5A70ACC05EB9958420004EBA5A70896
:1017E000CC05EB9958420008EBA58C0196008C3093
:1017F0004C04FFE52E17E78EC9313C23EE1354212C
:101800000200CA2E49FFFAB0F107506F82E840E0AB
:101810000400842342170424818640D08409F10700
:101820004080803CFA1842C380735CA5000A5CB516
:10183000800D87804C6640172E87D84CEA9F440263
:101840003A5080483C9C01A9DD425A78023F40143E
:101850008808840540908136D5458400D5D680011E
:10186000D5D40003001F4EA30009EBE04010808098
:101870000010FBCC964CC90C4EB3000EEBE04000C0
:10188000808000107BCC812D4097041AD5054490B0
:1018900001F4D502812E0013001900030018EA4B51
:1018A0004094001B0013001900030018EA4B4094F9
:1018B000001B2203000AE009E80311C3001B129376
:1018C000001250630028D5B79E3B9600E603E80758
:1018D00040148408840340908136D504E6E6E9028A
:1018E000912184034014840840C08196EAC1856038
:1018F0009E812E07D83641C4840A506F82E8814BFE
:101900009EC144D2179444E23A50540580FFE20746
:10191000E8390003001800130019C0034C01C0058A
:10192000C10D4C11000CF386F285EA4B802C40145B
:10193000801A8001F205F306D502801C0043001BCB
:10194000A074C41CE020E91AFA18802D4215007317
:101950003B0364009C0C3B00642084011000802148
:10196000E148841F10B0801A1000802038A72C088E
:10197000E804EBD5EB91D50281488D6150630028D6
:10198000D5C52E0014B43EA7E5C45A08020F5A78F4
:10199000010F001F804D2E0006B4E220E8082E073C
:1019A000E56B3E0006B5D5075A0001062E07E56A2D
:1019B0003E0006B5F004C00E2E0006B8F10A500035
:1019C0000064FE448001EA79EA303C0BF2B748003B
:1019D00000F7020F80143C0BF2B7480000F1E7C794
:1019E00085C04EF300E023660000500F84C8866572
:1019F0004000484022007E96413B4E762FC006BAFA
:101A000043398000420B702444500064405014B6A7
:101A100084205036FFFF8E4196D89690976B820CAB
:101A2000808C8001822181C122C20000E0ACE804E8
:101A30008DA1551880FFE1ECE819008200038C8429
:101A4000E30042340C0140803C1B800800827FFE92
:101A5000E301422408014080BC1B8028508700011C
:101A600054E400FF4CE97FE285C09D418AA39D09B3
:101A70008A82976897205A58020796DA9602810060
:101A80008263D51988609061961854F280015130B4
:101A90007FFFE90B514000028C0141398010408AE0
:101AA000001096DA9602D5078C0140398010960214
:101AB000810082635A4802079692964A82A18182E7
:101AC000D51988419041965054F2000150C0FFFF53
:101AD000E90B515080028C2140C60010415A801001
:101AE0009692964AD5078C2140260010964A82A1EC
:101AF00081825B98024045807FFF86E021E80003F9
:101B000040FF0C07E90EE01EE90C21E8000240FF4F
:101B10000807E907E03EE90522F800004387E001F5
:101B2000517B8001557B80FF8D844D797FE9440096
:101B30007FFF4D800020400B60015EF0005BE91AE2
:101B40005CF70019E817EAACEA9F844082018060E4
:101B500002F0006DE8095B00FF0448FFFACC0100C9
:101B600000F3001000F48C41EBCA5A280BF348FF35
:101B7000FAD485C048FFFAD6800248FFFAE08C61AB
:101B800096D848FFFB018C81972048FFFADEDD5094
:101B9000962E4E03FB50220F80FE4263000048FF4A
:101BA000FB4A868848FFFB4580EC48FFFDD6B42100
:101BB0003816020A8E01960348FFFA2951FF84C89D
:101BC000FCE0FC003C30037244000031FEC43C40A9
:101BD0000373441FFFCF4400BF6842020473406197
:101BE000A808842044525190C0064023003C402164
:101BF0000057D5028043382285098C2188045A1861
:101C000032F5FC80FC60EEA02E07E78CE602E808C7
:101C10008560EB8480C7814B812B8502D547FE040C
:101C20008429420004013C1DF3BC44200064FE4CA6
:101C3000846BFE44EB21EB11004100DEC40683827D
:101C4000BC34B9B5FF04BCB48E6196D8502100FCF9
:101C5000CBF4D5DFEA46000300DE966EC92D5A08A4
:101C6000012C400FA8A022130009A8412213000A4A
:101C7000A8422223003850100008A889802022237F
:101C8000003918908010A8848386BA35A889B934A1
:101C9000A84650250001A073A84754A100FFEB5CA3
:101CA000EA8D506300FC5A900B190203006C1083FC
:101CB00000DFC00DD5D05A0002D65A0004D45A080D
:101CC00003078009EA63EAECE220E8CC000300DEC7
:101CD0005A0801E78160D5E4EB05C03B4402179444
:101CE000803FFD1549000B7ADD50962EC0328440AE
:101CF00080020213806CC121001380DE5A18011E7D
:101D0000401F88A022338009A8C92233800AA8CAAC
:101D10002243803850308008A919806122438039DD
:101D200018018010A90C8387BC35A919BB34A8CE33
:101D30008C41A0FBA8CF96908C019600507380FC3C
:101D40005A080BD944021794803F846049000B461F
:101D5000ED60FCE0FC60447000FC42709C24EBFDF4
:101D60008140983781228C0C810149FFF4315A98C7
:101D70000141FA18444217944245007398F7500203
:101D8000001850218008A064A851A6471011801E99
:101D900050520008A06212118009A0691211800A35
:101DA0002252000CA644101180F350B180F0125161
:101DB000800812518071A645503180E00002002356
:101DC000AE1E02020014AC1A983710158004507031
:101DD00000C4A06114100031108200208007490067
:101DE00009D4100580078007490009D9100580082B
:101DF000EA708026421400730250806C8001CD0C82
:101E0000FA384422179442250473A0521210007429
:101E1000A05312100075EA7042640073EA731093C5
:101E200000DFD0048CA11253006CFCE0FC203C23AA
:101E3000F2A82E77DBBC968E9691440245C884208A
:101E4000861F451000324452178411000000111003
:101E50000001CA078C2196488C025A1810F8FCA081
:101E600084609718E287E8F738628D0095194C6016
:101E7000C0158885A721E699E809206000005A6707
:101E8000FF04E0C4E80AAF00D50820F000015AF0D2
:101E90003204E08FE802AF018C61D5E4FC68840075
:101EA0003E07E4F1842044023A9CEB26DD424402E2
:101EB00042A8842044200320DD42801FEB2684209A
:101EC000DD428400847F2E27E4F18200824080C0BE
:101ED00044C245C844D0003244E242A88283455FF0
:101EE000FF8044423A9C388601108C6140102008E3
:101EF000822E84E0453000FFEA8D96DA40B08011F2
:101F000051740001431034734166002080A781534F
:101F1000E107E805218B0001E0F8E90411488000A1
:101F2000D5535AA8FF0C552180FF38124901814929
:101F30004015840438124909D5234CA480185B3815
:101F4000FF20E6A6E80638124901EA82381249095C
:101F50008C61550180FF3812410140380010401556
:101F60008404381241098269D50A5B30FF0AE6A66B
:101F7000E80638124101EA823812410984A08CA196
:101F800097684C9500064C99C00680D0D50480D245
:101F9000D50280C90018800038FF9800FE77964867
:101FA00050F780011018800038FF98084C7BC0055E
:101FB0004010D404D507518C7FFF4C7C000658108C
:101FC0008040101880008CE18DA15A7832A3E6A6DB
:101FD000E80638121901EA82381219095AA0FF06D8
:101FE0005B30FF048C42D5028C418C0196905A00E4
:101FF000100448FFFF7A3E27E4F1840044323A9C03
:102000009640E222E80A38118101384F8000FE67CD
:10201000381181098C01D5F5FCE8DD9EFC22B61F44
:1020200084002E7006B9F18180C2120F8006120F53
:102030008007EA9F440245F444200064DD42440FD7
:1020400080003C0BEDEA8027B41FFEBAF301B10318
:10205000505F800E49002B1E020F8007AC30020F2C
:1020600080063C0BF2E3FCA2FC0144620000EB7B27
:1020700022130012222300B4223300B6224300B5FB
:10208000225300B8226300B9B6DF49FFF34C840144
:10209000FC81FC028400120F8007EA6C3C17E72ADF
:1020A000502F800EF08149FFFFBBF00149FFF29BEA
:1020B0003C23F2AA2E1006B93CF7F3C34400FFFEFE
:1020C000FE16E02FEA44E805EA23DD4EEA44FC82EE
:1020D000EB545A0801092E0006B93C17F3C1FE0261
:1020E000E020E9F3FC82FC20441200D83B00C4004D
:1020F0004402386C3B0044203C13EC183C50034E27
:10210000808142528401EB953C1003513C20034FE7
:102110003C30035045023ADC4231800142008001EC
:1021200042111001964B96AB84808A2297DB96036E
:102130008044FBAF406244D688C5386809098C41A9
:1021400088815A2820F984408A0780224452421804
:1021500044600031404118968883384285098C21BB
:1021600088405A1832F9FCA0FC204402178C8420C5
:102170008448DD4284013E07E781840284204420B4
:102180000AE084C03E07E780EAAC3C6BF2AADD427D
:1021900049000F093C03E7243C0803733C03E7258F
:1021A0003C08037249FFFD0F84013C6BF2DC49FFE0
:1021B000F627840149FFF5B4490007368401490038
:1021C0000739EA373E0006E249FFFF8FEA61EA6914
:1021D0005801002084E1EADB3C7BF2A9EAE53C6B94
:1021E000F2A849FFFE2549FFFE5B2E07E5303C6B58
:1021F000F2A7EA3E3E07E5302E07E5303C7BF2A62B
:10220000EA833E07E530DD405A08010644030AF040
:102210003C0FF944FCA084003C0BF2DCDD9EFC008A
:10222000DD50960EC009840249FFF5EA840249FF99
:10223000F5778402D508840149FFF5E2840149FF5E
:10224000F56F8401490006F6FC80FC00EA46840133
:102250003E07E781964E84023E07E780C1092E17AC
:10226000E848C1063E07E78184033E07E78049FF4F
:10227000FF3C3C13E7243C5003733C03E725D9049F
:102280003C500372D0073C1803733C08037249FFAB
:10229000FC9AFC80FC203C77F3C3444005DC4243BD
:1022A00090013C7403573C5403543C6403553D3443
:1022B0000356ADD82E37E78EAD40AD881331000000
:1022C0005A38012A846FFEE4450000644111C23689
:1022D0003C33E7CFFEEC4031C07642388C00ACC0D6
:1022E0003C33E7CF8624FEF4411246364121C256E4
:1022F000FA7843194400FEE4131080004111C236FD
:102300003C33E7CF42398C244101C2164308C00058
:10231000130100003C33EE1396EEC33484EF3C33DC
:10232000E7E2FFE4451000644103C61642728C24C4
:10233000223000004073C4F642781C0042738C00C7
:10234000ADC03C53E7E222308000FF744062C4D647
:1023500084A4405214B64253140042528C00AD483B
:10236000FAB8FF64223100004052C4B642528C00D9
:102370003C33E7E242398C244031C47642328C004F
:10238000ACD03C33EE1396FEC316223000003C570F
:10239000E73842319400ACC03C37E7392200800076
:1023A00042000C00AC08220100003C37E73A420032
:1023B0000C00AC1084042230800040020016420160
:1023C0008000AC0844000046FF04EA3722110000F8
:1023D0004042009642409000AD10FCA0FC008408F2
:1023E000DD525A0001062E0003AD5A08010DEA7BAA
:1023F0008420DD513C03F2A7DD4E3C0BF2A78400A4
:102400003C0BF2B93C13F2A7960CC00C3C03F2B99A
:102410008C019601E6033C0BF2B9E904DD4B3C1B51
:10242000F2A72E1006B93C07F3C3E001E80A3C0707
:10243000F3C1EA56E001E805440002008420DD51C2
:10244000FC80FC008400EA4F3C0BF2DDDD505800BC
:102450004000EA4F8409DD52C005DD50580000807D
:10246000EA4F8407DD525A0001052E07E848C004F0
:10247000DD50EB52EA4FEB545A0001052E07E848B5
:10248000C005DD5058000020EA4FEA26EA22960EE9
:10249000C004DD50EA83EA4F2E07E865C005DD5031
:1024A00058000A20EA4F2E07E78EC005DD50420093
:1024B0003C08EA4FDD50C804DD50DD4EEA4FFC8099
:1024C000FC0049FFFFC0DD503C53F2DCD008DD507A
:1024D0003C0BF2DC49FFFEA549FFFEB9FC80FC4144
:1024E00080C08141220000702213000580E28A0131
:1024F000B61F221300062203007181238A01F08196
:10250000801FEA25E20AE8198420844C44323B28E3
:102510008003420088730040000ACC0C221300059F
:10252000B62022130006A8411090000AADC4840111
:10253000FCC18C215A180BEE8400FCC1FC2080E009
:1025400080C1EA6C3C23EE13968E9691CA3A3C33D6
:10255000F2A796DCCB34444000FCFF3C8043802350
:102560004452468498D48865223180088C544210A5
:102570008C005A2864F9EAEDEB1142238C73004178
:1025800000F3502100F0A6D440320CA038300D11D9
:10259000A617E602E909002100088E42E646E80493
:1025A0005C000008D5028400E026E90B3CF7F3C28A
:1025B0003C17E749882FE061E804FCA08002FCA0FA
:1025C0008400FCA0EA36961EC00CFC00EA36962673
:1025D0009601C00484008421D5028020EB9EFC80FB
:1025E000DD9EFC028400120F8004120F8005120F82
:1025F0008006120F8007EA6CF081501F800AB0023B
:10260000B083503F800E49FFFE47222F8005F00126
:10261000221F8004223F8006224F80073C2BF3C2FA
:1026200049FFF400FC82FC64EB6B84003E07E5C4C8
:102630004400FFBFFE0EEA44EA6C80C049FFFFD3AE
:102640002E07E5705A08010E49FFED6EDD40C00609
:10265000EA5B5A000104480002B98400EBB5FCE4CF
:1026600049FFFAD2DD40C810EA93F081440239AC48
:10267000F0823C0C01AF44123874F683B61F3A0066
:1026800094004900DCAEDD40C80BEB05E606E80827
:10269000EA4654108220C90480064900E1743C7364
:1026A000EE132E0006B844E246845473820097F974
:1026B00050A00064812E84C0818E0204806CC0080A
:1026C000000480F28026002480DF49FFFB458CC196
:1026D00097B0509480FC5A680BF284C044D217948F
:1026E000FB1845C000FC852AEB05E2C0E811800D0F
:1026F00042032073001000208C185A18FF3100B0DC
:1027000000095AB8012D49000C52E60BE909844032
:1027100080A244324774444000FC84E1D523423017
:102720007024F08540060C008C0C8420EBACF38404
:10273000DD42F304F405886C10B180FB503180D881
:10274000C7042E07DB8FD5032E07CF444200242475
:10275000AC1C80248006844149FFFAFE8CC197B0EE
:10276000D5C480034201107344624774A04292288A
:102770005400800FC0079E414013840C4002840423
:1027800097418C415A280BEF2F07CE40848044702C
:1027900000FC862142021C24401600000210806CBE
:1027A000C1218806A0429228965FC91C9688E250F3
:1027B000E81980614002840E96048C21C8F84038E4
:1027C0008C0C400194049741800642021C738C419A
:1027D0005411000F002000096621000FFE8F102009
:1027E00000098C815A480BD884C0490004E2EB846C
:1027F00081268386850144B00064000380DE5A0888
:10280000020448000099E603E805C00D5A00012DB6
:10281000EA7C5A080304480000A85A080404480047
:1028200000E4EA7C001380DF5A100103EA7C2223D3
:10283000807122038072EB79420500248CC1E04054
:1028400097B0E9038009EA9E8009EA63EBD0E220B1
:102850004EF300942E0003AD4E03009080098421B6
:1028600049000B79EA7C001380DF5A18021E2213FC
:1028700080728009421504244010AC36964B49FF03
:10288000FE5F5A08010B8CC18009842249000B634A
:1028900097B010838103EA7C8009EA63EBD0E220E1
:1028A000E9F3480000AE5A100103EA7C222380714C
:1028B00022038072EB79420500248CC1E04097B07E
:1028C000E9038009EA9E8009EA63EBD0E2204EF238
:1028D00000A42E07E866221380749600F084220379
:1028E00080098A01F086221380752203800A8A01FA
:1028F000F0872E0014B4842140D08006000380F0BD
:10290000001380F1EA4BC80385E0D50A000380F389
:10291000001380F4EA4BC8F90013801EE63BB006B2
:1029200014FF8005EA255CF0015FF1054EF2011EFF
:1029300048000148000380DF5A0802108421800902
:10294000EA9E8009EA63EAECE220E95A8CC197B07A
:102950008009842348FFFF868CC197B011C381048E
:1029600011C38103D559000380DF5A08010B00030E
:102970008102C8098CC197B08009842248FFFF7288
:102980005A000206000381025A0801478009842187
:1029900050D3800CEA9E4410012C442002EE846344
:1029A000800D49FFFD9E8009EA63EAECE220E8031E
:1029B00010838102DD40C824000381025A00010710
:1029C000000381035A080121D507800D49000E60DC
:1029D0005A0801F8D5150203806DE603E8150003D7
:1029E00080FCC00ED511000380DF5A08021184213B
:1029F0008009EA9E8009EA63EAECE220E8058009A2
:102A000049000AECD5098CC197B0D5068CC1800964
:102A1000842097B0EA9EEB5CEA8D507380FC5A905C
:102A20000B0448FFFEECEB6B4400FFFDFE0EEA4496
:102A3000C604EA23EA83EA4484A044123B288005C2
:102A400044300AD440261400002100DEE642E905A5
:102A50005A2004048C0196000020800AC2048E4192
:102A60001020800A505280FC8C2CDBED44524688AA
:102A70000012FFFF1812FFFFA66DAE6E4C577FFAD3
:102A80003E6014B43E0014B9DD5D5A080109EA2322
:102A900096043E07E5C13E07E5C2D505EA23960444
:102AA0003E07E5C1EA23960EC0038402D533EB9BB3
:102AB0005A00011BC0065A0002315A000323D53DBB
:102AC0002E07E5C15A08013A3E07E5BC490010440B
:102AD0005A080105440FFFC9D5042E07E5BF8C0134
:102AE0003E07E5BFD52A2E07E5C15A0001062E078D
:102AF000E5C25A08010F2E07E5BF5A08FFF2D51D9F
:102B00002E07E5C15A0001132E07E5C25A00010F36
:102B100084003E07E5BCD511EA23960EC80E840357
:102B20003E07E5BC2E07E5C0D5052E07E5C05A00D7
:102B3000FF058C013E07E5C0EB9B5A0801068400A7
:102B40003E07E5C0D50684203E17E5BF5A0803F9C5
:102B500049FFECE249FFEAFEDD40C004EA5B5A08A7
:102B600001354900D919FCE484015AD0011BF20453
:102B70000233806CEB79924AE262E8115A0001124A
:102B8000E6624EF3FF4AA03B4420004BFE84040360
:102B9000800842002C24E040E90CEA7C5A08010A33
:102BA0000203806CE604E8050003801EE61BE905CD
:102BB0005A10010448FFFEE2108380FA48FFFEDE4F
:102BC00084005AD801D6D5F5FCE484A080054432AF
:102BD000468444200AD4986B001080DE8E22E622C0
:102BE000E8038C019600505280FCDAF6C00584019F
:102BF0003E07E5B08401DD9EFC204677FFFFEBB386
:102C000080C0802744023A24FA5CDD424402524CE0
:102C10008027FA5CDD422E37DBBF80062E77DC157D
:102C200094DA844044623A249650E227E81395529D
:102C300084209708E287E80B384006023903140223
:102C40008C21424240013843140AD5F48C41880358
:102C5000D5ECFCA02E27DC15EB55840044325278CD
:102C600044425220E002E80A38518000CD05385233
:102C70000202421094008C01D5F6840044523B1CA1
:102C800044423A24E002E80B38328000C30638326E
:102C900002028A613832020A8C01D5F5840044525E
:102CA00052784442524CE002E80B38328000C306AE
:102CB0003832020288613832020A8C01D5F584006C
:102CC0004452527844425220E002E80B38328000ED
:102CD000CB06383202028A613832020A8C01D5F5FD
:102CE000DD9EFC20848144323B1C38418008443204
:102CF00051643811820A2E17DBBF2E57DC15FE44B3
:102D000044623A24402104404472524C842044429C
:102D100052204502427C96C8E265E813391302024C
:102D2000383386028871391106028A713912060217
:102D3000E1A3E8053832060A3808060A8C21D5ECEA
:102D4000FCA0FC6144C25220814044B246582E5738
:102D5000DC152E07E4F34C5000D744023B1C8420C2
:102D6000844BDD42440252788420844BDD4244028D
:102D70005164843FFA5CDD42440241EC8420FA5CF9
:102D8000DD4284E02E67DC15440251F4E0E6E816EB
:102D900038101E025A1FFF11843E4402516438103D
:102DA0001E0A842144023B1C38101C083C7E040788
:102DB00080478421D5058CE1D5EA842080412E37D7
:102DC000DBBF84A0FED444423A2440350C40450287
:102DD000524C4512427CD60F39220A02380816029C
:102DE0008812392196023828960A8A123806160A5D
:102DF0008CA1D5F2852044D25278E121E83344E217
:102E000041EC3877260284C045C23A244482524CB1
:102E10008481EB37E0C04EF200742E07DBBF80A642
:102E200042538073390E1E0238041A0238551602B6
:102E3000881094B2D81538069800C8123805880250
:102E40005A07FF119C89B65F3807060A804A802717
:102E500038469808F48149FFFF46B43FF4018CC11D
:102E6000D5D9EB37E0C0E93249FFFEF6842080C1B6
:102E700044923B1C448241EC45C2427CEB37E0C0AB
:102E8000E82338069800C81E38061A0294B2C81AF9
:102E900038059A025A0FFF074402427C38701A0222
:102EA000D51584613836980838348000CB0B50E053
:102EB00080013804060A381E0802804A49FFFF13C1
:102EC000802E8CC1D5DC8520D599EB37E0C0E81B7E
:102ED0002E07E4F3441251648C013E07E4F34402EC
:102EE00051F45A7FFE0448FFFF3438201E02387523
:102EF0009A0A38601E0A38709E0280C2D5F38D216E
:102F000048FFFF7DFCE1FC01F081840080C13E07A9
:102F1000E4F3843F440251F4FA5CDD42843FFA5CFE
:102F200044024658DD42F0013E67DC1549FFFE666B
:102F3000F00149FFFF08FC814E050022E402E92070
:102F40004050080A8422CD058E22964A8440D50737
:102F5000D0FC8C22964A4050040ED5F64E15000E39
:102F600094919CD142F18C244050040EE0AF8E220B
:102F70004021BC1A964AD5F38002DD9E8400DD9E76
:102F8000FC0049FFFFDBFC809ACB8A02FEDC42306A
:102F90000073EA3740018016DD9EFE5CEB6E800117
:102FA000DD9EB44084614E240003847FEB1D8420A9
:102FB0004041040EC4048C219648D5FB5210801F5A
:102FC00096484021040CFE9CB6408001DD9E842082
:102FD000C009E602E9058C219201964AD5FB8001E1
:102FE000DD9E841FDD9E2E27D836E202E804EAC16A
:102FF000EA92DD9E8400DD9EC00C2E27D8368E41DD
:103000004C010008C106EAC18E01FE0DEA41DD9EB9
:103010008401DD9EFC00EAAD846064330403DD4876
:10302000EAC4FC8084003E07E7933E07E5BDDD9ED1
:10303000441238905A08020544020090D503440215
:103040000080EB8F3B00CC20DD9EEA892E4006CF2E
:1030500096169600C04C2E07E5BD3C33F2AC5420CA
:1030600000FD2E1006CE3C500362CA14E2A33E2798
:10307000E79296493C23F3C8E904E241E805D544C8
:1030800084623E37E792E241E9202E17E792EAB2E6
:10309000D51A2E17E79254208002C2093C20036102
:1030A0009493E043E904EA813E17E7922E17E792F2
:1030B00054208004C20A3C23F3C83C300361E2621E
:1030C000E904EADE3E17E7925A000121C0065A00E1
:1030D00002345A000323D5072E07E792C80984005B
:1030E0003E07E78F2E17E5BD8400EB22DD9E2E07FD
:1030F000E78F2E1006CAE201E90584003E07E78F3C
:10310000D5288C01D5EE5A0801162E07E792C8EB98
:103110003E07E7938402D51EFC0049FFE81049FFF3
:10312000E80384003E07E5BD2E17E5BD8400EB22D1
:10313000FC805A0802D62E07E792C80B2E07E793A9
:103140008C019600E2803E07E7938403E903D5CB28
:1031500084013E07E5BDD5C7A700A6C8423190014E
:10316000AED0A701A6C9E28340323C1AAED1A70275
:10317000A6CAA603A64B42319001E20140103C1AB8
:10318000AED2AE53DD9EA641A600E220E9058C2119
:103190009A089600DD9E8400DD9EA643A602E220EA
:1031A000E9058C219A089600DD9E8400DD9EFC6076
:1031B0003C13F2A73C0DF3C0964C3C3DF3BC3C5D88
:1031C000F3BD3C6DF3BE3C2DF3BF2E47CF05C103CD
:1031D00095219720FE04FEDCFEE42EA7D84CFF04C8
:1031E0002E1014B44002080AE62543210824FF6C7F
:1031F0002E27E5C4FFB4447000644101880A509052
:10320000800240403C1AEA9340819D162EB7DC258F
:1032100040383C1A41329E7640631CD6862044C01A
:10322000001450D07FF444E0003F820F40948807A0
:103230008681541880FFE22A4EF2009D03500066FA
:103240004F52009522200003221000045CFA8005F2
:10325000AC871210000886C4E805516AFFFF416B75
:10326000001300F000F2E91C02F0006E8A4F02F039
:10327000006F96938A2F964BFE4C42110873E1C162
:10328000E80F002000E4001000E74C20C0080020F8
:1032900000E5001000E84C208004114000F284207A
:1032A00082E14398B82440FBD806E830422BB02492
:1032B00040F008008C5488400387800303C100035A
:1032C00002F78004A494418C70014027880140FBE0
:1032D000AC06418C00119693E80F00F000D35AF829
:1032E000010C40FCDC0050F7801A40F6BC4013870C
:1032F000800412278005FE94422C607342108800DF
:10330000502B8001557100FFD5CF5CFA8003E81186
:103310005B58020B4F0200044E920007E033E804B2
:1033200015300032D5031480003204100032D51C51
:10333000002000F2CA058380BEB2BEB1D51798A99D
:10334000E045E90642210C0140211C56D50280537C
:10335000944AE02514200032E90642109001401002
:103360009C36D5028033141000318DA1EBCA48FF82
:10337000FF62FCE0FC6284C0812081418162818324
:1033800044D23B2885CC2E07DC14E2C0E82280ED35
:10339000427338730003800AC019B407A13940147E
:1033A000800140058001B63FF08240151001801F6A
:1033B00040461001F181F483EA25A47CE201E8068D
:1033C000B002EA25A47CE220E9068CC197B0D5DCE6
:1033D0008400FCE28401FCE2A7004E4201CB4E22B5
:1033E00001C9FC6051FFFDF0852B42449001F4823D
:1033F000429488013C6DF708844050CF802C848033
:10340000405608003862920A8C815A480BFD5021C0
:10341000002C5A29E4F63C23F2A69694C2093C7388
:10342000F2A7844197FCC70784E18440D50484E176
:10343000F781D502F2818140F002F1848E0196007D
:1034400050D08004804AFA3842200473850050012D
:103450000030F0864607FFFFDD43F38880C8F08721
:10346000FA1C802C42140073F18351C500088400BB
:10347000F08AEA6CF085000E00185A00FF0448003C
:10348000012BB4AD0426800204468001043680037B
:103490008845B9018864B41C49FFFD78045680064C
:1034A000B90281C04200940094054210940140503A
:1034B00004B6B44DB41CB90104368001F58949FF46
:1034C000FF5B5A08010448000107F5095A780131E9
:1034D000000500005A08012D0016FFFCEA70EB11F0
:1034E00042208073001100DE5A1802232E1014B4FB
:1034F0005A18011F001100F3000100F4002E7FFC98
:10350000E222E916002E7FFDE241E912001E7FFE55
:10351000E201E90E001E7FFFE220E90AC50940072B
:103520001417041680059405E0014EF300D73C6D96
:10353000F708F001E2CE40673C1A81663C6DF70661
:1035400095B5C008E0A6E9063C6DF70795B542625F
:10355000980104068004E00BE95FF008C0394522B9
:10356000468484AB04EF8007000900DE5A0801128C
:10357000222900092239000AB41CB901F589152F46
:10358000800549FFFD0342E70001F509052F80058D
:103590008EA19768512900FCCDE840F72C074EF228
:1035A00000923C2DF3BCEA374011040A9042882275
:1035B000FE4C40108036E02B4EF200853C1DF3BDE2
:1035C000FE4C40F081F640F73C074800007B0016B7
:1035D000FFFCEA70EB11422080730201006CE603ED
:1035E000E8713C1DF3BC44F000644000840A902262
:1035F0008801FE0440003C16E00BE864000100F383
:10360000EB53002100F4EAEBF10538F081113C1492
:103610000354E02FD55604168005E001E85CB47C25
:10362000B44DBD019A9A808DA063A0E1432084240B
:103630009AEBA02242518C244251087381D2F58525
:1036400042E0007349FFFCABEA56F50544107FFFEA
:10365000E020E80A40F714069001E80392A2D5F7AB
:1036600040E70809D5F4C5224EE20020FE04F08AA6
:10367000B00AF58949FFFC97F085F509F00A40503A
:1036800014B7B00AF58A49FFFC8EF1058801F10AEA
:1036900097404000B8178422E6BFE9058EA1EA30C2
:1036A0009768D5FBF08AD50280AE84014050140C97
:1036B00090A7F00A956EE0A0E80E04068005E00BE6
:1036C000E90A42632C243C4DF70892C5E286406229
:1036D0003C1BD5033C6DF708F00351CE0028AB81AD
:1036E000F083F0064DC07EC58D01540400FFE20951
:1036F00050D680204EF3FEB6F002F202E32080297D
:10370000800C40113C1B49FFFC00FAD83C4DF708E7
:103710008400442251F484ABEB84450000FC8621F4
:10372000865F3811020294C24E15001D826143303B
:10373000147339364E024D32400539210C0AD51228
:1037400004BF800494C538358C00826A816742B119
:10375000C0734330987310398020111580DF101525
:1037600080F28C019640E229E9DD51FF8210FCE0F5
:10377000DD9E84814042040CE4024020040C41029E
:1037800004085112000551227FFBE9248460900156
:103790008C615A0801FEFC2084E040210C0E40019F
:1037A000840CE052E903E1A2E8178067E050E806E4
:1037B000FE948C614021040ED5FA80E380C484A07D
:1037C000D30490C18CA1D5FDE4AA88069041E9EA12
:1037D000D5038400DD9EFCA0FC00B420A081EA7526
:1037E000EB1D84C05003000F4030800DC3038CC11B
:1037F000D5FA4001000DC8FC4010980D4021180D6D
:10380000420084244201087349FFFBBC4000180CAD
:10381000FC80FC6184E0814044B000FC85222E07DE
:10382000DC24E2E0E85D80CA4263AC73000300D2AE
:10383000C0542223000322030070221300048A02D2
:10384000B61F22030071ACB58A01F0810203006645
:10385000AC76ACB7121300085A080111A433120356
:103860000070A43412030071000300E7100300E4A9
:10387000000300E8100300E5D5085A080207801F7E
:10388000EA255CF00064E9EB02030066E602E92544
:10389000008300F15A880122DD40C81F801FEA25FD
:1038A0005CF00083E904108300EED5170203006783
:1038B0005A080114502300142211000322030003AC
:1038C00088204010A436AC752203000E2213000499
:1038D00088204010A436AC768CE197F8D5A1FCE1A5
:1038E000FC45FA440090801680C08420801FB1C53A
:1038F000DD4880078420FA44DD48EA899626C032F4
:103900002E47DC249C7684A08462D42C000080CCDA
:103910005A0802248001844022600000386F8A0A1D
:103920002260000138638A0A8C418C145A2805F6FB
:103930005A98011002008064E602E90BB41FF201FC
:103940008840EB39AC8AB407A0B98840EB39AC8B1E
:10395000A40AAC0CA40BAC0D8CA19768501080FC91
:10396000D5D5FCC5FC20B4E0A109B4C10500000117
:10397000A14242339024A00A42334075421290245F
:1039800042104075FE3C42031475CB04C90AEA415B
:10399000FCA040000C16EB51A811B6228402FCA03A
:1039A0008003FCA0FC633CC3EC1844720A643C83B3
:1039B000EC193B03C400B1813B0344204E17000ABD
:1039C000E02CE8074E270006E048E8038400FCE30B
:1039D0005A0801152272800823120007225280071C
:1039E00023020008405894018AF0F5844252C02412
:1039F0004253C473F783F585D510B583A1D92252FC
:103A0000000623120005FFFA425814244253C473DF
:103A1000F783150F8004F58580E48143816281205E
:103A20004E160006B00344120DD8D507E02C8400D2
:103A3000E907B00344120DCC804649FFFF95F10120
:103A40004E15000A40F60407E906A0B14E25000411
:103A5000E102E82F4EB60006B00344120DC0D506B1
:103A6000E168E907B00344120DB4804649FFFF7CCA
:103A70005A0802AEF1014E1500054210B001D50200
:103A80008420A0B1B62A4E25000542240801D502A3
:103A90008440142500015A98010B220380078A20D4
:103AA00022038008B62A8A40142500018401FCE321
:103AB0005A08028ED5E38841A1014031040A80A34F
:103AC0004250907340428896B4A0A901423094734A
:103AD00040318876B660DD9E846AFE5C2E37E4F461
:103AE000C3212E27E4F5E642E9039693D5028441EB
:103AF000E220E8129509E0049A41E906CB059021FD
:103B00009A419609D505421104018A019601802047
:103B1000C8078421D5058802960142100401964900
:103B2000D503E220E9E88001DD9EB4604E35000B4C
:103B3000E023E908A0014E050006E0405607800199
:103B4000DD9E8400DD9EFC6080C12E17E8668162E8
:103B5000C9054410003C3E17E866EAB34205847389
:103B60002E77E8668120221000192200000554C338
:103B700080FF8A012274801A22148006EA569BCFA5
:103B8000EB3EFFFC427000734402529038102E024C
:103B9000C106407384208423407384F738702E0A52
:103BA0002E07E866EB9184003E07E4F40204806788
:103BB000E603E953DD40C851002480EAE642E90CFF
:103BC000000480F1C8098CC3FEB42E67CF43426164
:103BD00018019630FCE0EA26EA229626C80D2E0748
:103BE000E794C0038E01D505EB05E602E9058406DE
:103BF0003E07E794D532840A0214806AFE34E0015D
:103C0000E92C44057E40400030164273A82444123B
:103C10005284E207E809EA6184C096A6EA69CA020A
:103C200084C28441D50640F00409E2EFE8058440EF
:103C30003820AC08D50A3810AC00C107EA6184C04E
:103C400096A6EA69CA0284C292E2407380F78401B0
:103C50003E77E4F53E07E4F48006FCE0FC41EBFD32
:103C600084EB4490FFFF44A0FFFE000300DE5A08EF
:103C7000022122130013220300090253006D8A015E
:103C8000B61F221300142203000A8A01F0814C544B
:103C900080058CA11253006D000300FBC80A801F31
:103CA000EA250213006E8801E140E9031203006E69
:103CB0008EE197F8506300FCCFD9FCC1FC20A7A08F
:103CC0005CF3003CE80F40619840AE33A620400111
:103CD0008040AE42A62038218209A6208C01AE2069
:103CE000FCA084A044707FFF808539019611551295
:103CF00080FFE0F08CA140783C1A550280FF4048DC
:103D0000BC1AE386E9F3E0E2E80640419040AE23C6
:103D1000AE62ACA0FCA0FC788102002F80F8F28497
:103D20002E77D836009F80FC2E27D837F38181A4C8
:103D300081C5F283120F8010121F80115A9801055D
:103D4000F13D8400AE0840042005F0829E39878151
:103D50008580F0854FC200FD500E7FFFB04838606F
:103D600082114010804022B0800155C000FF42A562
:103D70009C244006A80038001800405020024C54F3
:103D80007FEB80A6401020024C1400069E2955406F
:103D900000FFD548E0A7E8FBF102F201FE0E540057
:103DA00000F04012A800FE17380684085A98011344
:103DB0003967051180058056802BF33CF43DF5876B
:103DC000156F800649FFFF7C056F8006F50742CB23
:103DD00030009C2997434006940038002800D5D332
:103DE0004E65002BF102F201FE0E540000F040136C
:103DF0002800FE17380684085A98011539670511FE
:103E000080068056802BF33CF43D154F8007156FDC
:103E1000800649FFFF55056F8006054F800742CB9E
:103E200030008EC197B340069800380028004050FB
:103E300020024C543FD7F0048CC197B05A000805BB
:103E400084808004D507F005404A000784004000C4
:103E50001806F1038E21E161E840405580139CE98A
:103E600096DB43519C248AC08046410A1000FBB770
:103E70004186D400E182E92C80228720400684001C
:103E800038005400400400024C04001280414F925C
:103E90000019B0088E213810720940007040ACC182
:103EA000500E0001960043C04401D50BE027E8EF17
:103EB0008C21964B8721D5E3E182E9DD8C419693F5
:103EC000380C0800400400024C047FF8D5D4E462AA
:103ED0004EF3FF428EA1D507E5624EF3FF3D8AC047
:103EE0005055FFFF962B42201C248894FA774146B8
:103EF0008800E0864EF3FF30802686A0405684007E
:103F000038528800405414024C54001280C14F5261
:103F100000198E21B1483812F2094012F040AC0964
:103F2000501E0001964843C08C01D50BE027E8EFF6
:103F30008C21964B86A1D5E3E086E9DC8CC197B352
:103F4000385A1800405414024C547FF8D5D3800CD2
:103F5000FCF85A18020BEAED44224774EB5D00317D
:103F6000000996DF10310009EAEDEB11EB5D10114D
:103F700000DEDD9E44224774EAEDEB5D000100099E
:103F8000C1038C10D502961F10010009DD9E44204C
:103F900000FC44124774EB6E840FA04A4000059E5B
:103FA000DD9E84003C0BF3CBDD9E2E57DBBE3C1325
:103FB000F3CB84409610E205E80E80824030880EF4
:103FC00096DC8C41CBF884414021100CFE573C1B01
:103FD000F3CBDD9EEAABDD9EFC003C23F3CB8421DA
:103FE0004010800C401104123C1BF3CBEBAC44128C
:103FF000468CEB6E80018C048420DD42FC80FC004A
:10400000EAA75A08013BEAD7EB5844121DE03820D2
:1040100081099C8196905A2001053E27E79BD50493
:104020008C023E07E79B2E27E79BE648E9238400A6
:1040300044307FFF97005A40010838508101E0A3C7
:10404000E80396EB80448C015A0808F63E27E79B6C
:10405000EB612E57E79BD007EB7C8420FA58DD42BA
:1040600049004517EAD74900406284013E07DC3A1F
:10407000EB8EEB7149004541FC80FC00DD5DC8061C
:1040800084213E17DC3B49005416EACBEABBFC8096
:10409000FC02EB612E27DB8A84C0E002E8038C017E
:1040A0009780EBFAE202E937EA73842044421DE08C
:1040B000E041E90C38320501C306E2604001BC1B57
:1040C0004060BC1B8C219648D5F4EB7C380019016C
:1040D0003C0BF58184003E07ECC08421FA00DD51E1
:1040E0003C03F6615EF00259E805500000C89601F5
:1040F000D502EA88EBFE2E07E79AE403E8048C0178
:104100009600D50284033E07E79A8420EB7CFA5898
:10411000DD42D5038C01EBCD800649004008DD5D12
:10412000490040C8DD5DF081490053C8F082EBAB27
:10413000F083F102F001F203EAB5440003008421A8
:10414000DD51EAD9FC82FC2084003E07E843EAA75F
:104150003C63F2AA500000653C0BF579EBFA3C0B8E
:10416000F580EB714263040B5A00010A5A00060401
:104170004800008049FFFF454800007C490043BAE1
:1041800080E05A08010F49FFFF8580074900539FCF
:1041900084003C0BF3CC3C0BF3CE3E77E843D5696F
:1041A000EAA75A0801675A6801138404DD52C00F58
:1041B000EBA4EAEF92015CF00064964BE802EA3768
:1041C000E001E9052E07ECC08C01D50284003E0712
:1041D000ECC02E07ECC05CF0003FE90BFA00842035
:1041E000DD5184003E07ECC03E07E79AEBA4EBFEEE
:1041F000EB543C23E7DB5A08011D3C53F661DA1906
:1042000084005A6801053C03F3CC8C013C0BF3CCD1
:104210003C13F3CC3C03E7DFE220E92B84004900A8
:104220005356EBF68420DD5184003C0BF3CCD521B2
:10423000EAD52E17DB8996038822E020E81AEB6185
:104240005A0001183C03F3CE8C0196015CF000206B
:104250003C0BF3CEE90E84003E07E79B84003C0B49
:10426000F3CE84063E07DC3AEB8E840649004445D3
:10427000EAA73E07EB188401DD52C00AEAA75A08F4
:1042800001048400D50284013E07EB17D5048402A3
:104290008421DD518403DD52C005EACB84088420EB
:1042A000DD518402DD52C006490043EC84048420C1
:1042B000DD51EB543C0BF57C3C03F3CC3C0BF57D22
:1042C0002E07DDF22E27DDF0EA7950002710EAEB09
:1042D0002E27DDF1842AEAEB441003E8420304733D
:1042E0003C0BF57E840ADD52C0114400040084209A
:1042F000DD512E07DDF33E07DDF02E07DDF43E072E
:10430000DDF12E07DDF53E07DDF2FCA0DD9EEAE6DD
:104310005A000116FC00EAE65A08020584033E072B
:10432000DC88EAE65A08040984013E07DC88440F69
:10433000FFAB3E07E8B049FFEF70FC80DD9E4422F2
:104340000DA0A650A611A6D25410805F5400003EC6
:10435000581080535800003696DFAE50AE11AED2E2
:1043600044221CC01211000E1201000F1231001065
:10437000DD9E2E17DBD02E07E7A1964EC90AC81482
:104380003C0BE724440003E83C0BE7258401D50AF5
:104390005A08010B8400441003E83C0BE7243C1B43
:1043A000E7253E07E7A1EA899604C009EA61EA69C0
:1043B00058010002EADBEAE58401D50F2E17E7A0D9
:1043C0005A18010E3C4DF9503C5DF951662200022D
:1043D0003C2FF9503C5FF9513E07E7A0DD9EFC0001
:1043E000EA2480C0C80649FFF3F240030006FC80BF
:1043F00049FFF3ED84003E07E7AC8401FC80FC6DCF
:10440000EBFD812080018161F28149FFF5E2EAB391
:104410008066F201423484735AB8020F22C1800DC3
:1044200022A1800E23018017224180182271802151
:1044300022318022D5135011801022A1800C2241FC
:10444000801622C0800350118024503180382271A0
:1044500080032300800322318004EAB382264314C0
:104460008473001880DEE6225015FFFFE80A8400FE
:1044700084CC4470463E80A045007063480000F143
:104480000258806C5A5001060328806D5B28011089
:104490008400848CE001E8EC8062423010738C016F
:1044A00012C1800212A180039601D5F5E7C2E80887
:1044B000005880FF5A5001058620480000BD9740F3
:1044C0004116400140E51001840085ACE001E81888
:1044D0005130000150BF800842B034734209C424F7
:1044E0004000140E8810120580024209B8244000D2
:1044F000140E88041205800340098013D5E8E7C331
:10450000E9DCEA704284802488C8006300FFCED5CD
:1045100040761C0190E1856340D89C0140B3AD76A4
:10452000840941480013400680168974880B403581
:104530000C0140B00011440247749061412284088C
:104540002F37E780862186AC890043683001438895
:104550003000E0C1E82C50C300014303B024B00E8A
:104560004108140E417A40004306B02442035473BC
:10457000430830244108480E8997130000020504BF
:104580000002938C5508000F4D09C00412B00002C0
:10459000B00E4203547322600002E0D6E90440FCEE
:1045A0001807E802862040660013D5D484C3406112
:1045B00098D640C200134006180040B70C0184C9C9
:1045C000406598D6450000FC88C044024774420408
:1045D000C07342E2280197B384E085AC812042A2F7
:1045E0002800E0E1E828B00E4203B4739D39810051
:1045F000420190244000140E410600004205902420
:10460000FE244000480E88101204000304048002B7
:10461000920C961F4C09C00412640003B00E4203B2
:10462000B47322000003E00EE903E140E8028620B3
:1046300097E1D5D88400848CE0014EF2FF1A423015
:10464000102499534F130004B182D502B18E8866AD
:10465000A59AADAAA4DB8C01ACEB9601D5EEE001E6
:10466000E8158082424018738C01223200029601C4
:1046700042319C0142319400ACE2223200034231CB
:10468000C00142319400ACE3D5EBFCED0010006CAE
:104690005A18010B0400001B401020094000819FA4
:1046A000961FEA41DD9E8401DD9E0420001B846C80
:1046B000924C969F808042410C733B00C800503260
:1046C00000703B01C8208C418426403104560430E0
:1046D000001B9750926896DFDB0D8CA14052843608
:1046E0005450800F0010006D6610800FFE6F101088
:1046F000006D0010006D965F40208884842110209A
:10470000006D1010006CDD9EFC223A1F882080C1D5
:104710002E17CE43F70A5A18010CC80A802680C209
:104720008041802580A780E18023806480812E17CE
:10473000CE415A180103C0282E17CE425A18010341
:10474000C025C30AC409FFACFEBC95B19491406377
:104750000CD6402110568422400304164011043622
:1047600097B49694880688224E050006E005E90471
:104770009E29D50284004E150006E027E9099E799E
:10478000FCA28420FCA29B9ED5D89AA2D5DBFCA2D9
:10479000FC213C03EC56120F80002E07D8AE100F00
:1047A00080023C03EC58120F80022E07D8B2B141B0
:1047B000AE2AEB20B400EB33C8093E07E7AA3E0758
:1047C000E7A984013E07DC89FCA12E07DC895A0891
:1047D000010984003E07DC89EB683E07E7A8FCA1DD
:1047E0002E17E7AA8442E422E8038C2196882E172C
:1047F000E7A8EB682E37E7A98A01441219743E270F
:10480000E7AA38008C08C20AE6422E17E7A4E90797
:104810002E07E7A588209648D5028022840AFE4408
:104820008C61EB2196D896485A3002053E37E7A9AD
:10483000D50484003E07E7A984404440FFFF80621E
:10484000447027109649380F8800979040038016CF
:10485000E201E8039A08D5028A019601E2048C413C
:1048600040403C1B40333C1B5A2803EFEB68382286
:104870008C003E07E7A8380F8C003E07E866440F1F
:10488000D8F0EAE4EB29EB21846A42100C7344006F
:104890002710E425EAE4E9028C013C0BEDD3FCA1EE
:1048A000FC65EA24F08244C246903CB3EC1844D242
:1048B000198084C050E600E445C000FC3CA3EC191C
:1048C000B1C5001600D29630F0839E0AE602E83C9D
:1048D000000600F6C839800E420370732E27E78069
:1048E000A002920C961FE040E8065A1803058401C6
:1048F000100600F6B44CB64D3C93EC23221600078C
:10490000220600083C83EC24F086F185B71F1216BE
:104910008002120680033A1388008400806B808A2C
:1049200080A949FFFEF312068002020600671216F4
:104930008003C817000600D25A000314F002C00C0E
:10494000FD0649FFFEB48CC150C600FC50D6800C59
:104950005A680BB9FCE5800CB04749FFFEA8D5F1B9
:10496000F0038422B08749FFFD4CB42C04060005F7
:10497000B71F88018422EA30F087221F8010220F9F
:104980008011F086F18584003A138800806B808A5C
:1049900080A949FFFEBB120F8010121F8011D5CFD6
:1049A000FC018400490048A18400490048F8F081D6
:1049B0008400490049B1F001FC81FC21EA2480E037
:1049C000EAC6F081F101800749004AE2CF0849FFB9
:1049D000FFE980C0C0093E77E7ACD50684003E07FA
:1049E000E8568400FCA1840049004435EB0CCE0657
:1049F00084013E67E8563E07E7AC8401FCA1FC0059
:104A000080C0840249004871C60B5A680104EA6CF0
:104A1000D5068EC2E6C284C0E803EBF380C08402F0
:104A2000490048BDC60480064900494249004EBAC3
:104A30004900495884024900496F8401FC80FC21E7
:104A4000B61FEA2480C0EAC6F081F1018006490061
:104A50004A9FCE0549FFFFA680E0D5085A60010CA9
:104A6000EAC6B43F49FFFFCD84E18006490043F325
:104A7000C702EB0CFCA1FC004900CC47EA26EA2265
:104A8000EADF490043F0EB0CFC80FC00DD41C0058F
:104A900084268404EA5DEB08FC80FC209FC280C071
:104AA0005C73800280068421EA5D5A0801152E0796
:104AB000E7AB5A080107C70584003E07E7ABFCA037
:104AC000EA245A0002045A600207EBB7C804DD4A20
:104AD0005A0801EAFCA0FC009E42E62280C0E803DE
:104AE00049FFFFDDDD41C00B84208006EA5D9E3179
:104AF0008421E220E904800649FFFFD1FC80FC000C
:104B00008421EA5DEA41FC80FC00DD405A08010690
:104B100084003C13E7E5D50484003C13E7E4EA3C59
:104B200084008421DD44FC80FC00DD41C809EA36B4
:104B30009604C010EA36EA47EA9D8401FC802E07FD
:104B4000E8425A0801048400EA908400EA348E01A5
:104B5000EA41FC802E07E862DD9EDD4ADD9EFC0016
:104B6000DD5CEA58EB74EA4084013E07E8508400BB
:104B7000EA3BDD5C961EC803EBA3D5FCDD415A0879
:104B8000010744221A1C84248062EAFA84003E074A
:104B9000E850EA588401EA3BFC80EA2F960EC00DEB
:104BA000DD5CDD4EEA40DD5CEB5EEA4084003E0702
:104BB000E864EA2FEA86EA6ADD5C9604C022FC001B
:104BC000EA2F9604C00444005B92EA7149FFFFC9D2
:104BD0004900431C490042E2DD5C9616C004DD5CDE
:104BE000EB67D507DD5C960EC008DD5C6600000251
:104BF000EA4084013E07E864DD5CEA3EEA40FC806E
:104C0000DD9E84003E07E86B3E07E8453E07E86C02
:104C1000DD9EFC008400DD4FEB4F84003E07E83F43
:104C2000DD4080C0C8074900526649FFFFEC3E677F
:104C3000E846FC80FC008401DD4F84014900525BA2
:104C400049FFFFE1FC80FC0049003F8180C05A0819
:104C50000108EBF4C8053E67E84049FFFFED490055
:104C60003F7F5A080107EBF45A08010449FFFFD3BC
:104C7000FC802E57E8582E07E85CD8052E57E859D7
:104C8000EBF2D00484013E07E860DD9EC8063E17C3
:104C9000E85C3E27E85DDD9E3E17E8583E27E85970
:104CA000DD9EFC0049FFFFF449FFFFE5FC802E0775
:104CB000ECD4C80484013E07E840DD9EFC002E07CA
:104CC000E83CC82484013E07E83C2E07E8583E072C
:104CD000E8382E57E8592E17E8382E07E85C976811
:104CE0003E57E8394C104004EBF2D008EA39C803CB
:104CF00049FFFF9184003E07FB042E07E85C2E5716
:104D0000E838D00484013E07E8412E17E85C2E07FE
:104D1000E841C9362E17E8393E17ECDA5A08015730
:104D20002E07E840C80349FFFFC4EA5BC80CEB9FAD
:104D30005A08020A49FFFF332E07E864C06684015F
:104D40003E07E83549003F47490038392E07ECD186
:104D5000C05C840084C13E07E8513E67ECD33E0747
:104D6000E841490040775A0802048403D5043E67AD
:104D7000FB0484043E07E8608404EA3AD53D5A08FF
:104D8000012884003E07ECD32E67E4F097B0CE0CE8
:104D90002E07E8355A08010949FFFF012E07E8648C
:104DA000C0343E67E83584003E07E4F04900381916
:104DB0002E07E840C80484013E07E84049003ED978
:104DC00084003E07E8413E07ECDA8402D5132E0743
:104DD000E8393E07ECDAEB93C00349003EFC2E07AE
:104DE000E8395A0802048403D50584013E07FB0410
:104DF00084043E07E86084002E17E8382E27E8393F
:104E0000EB2E84003E07E83CFC802E07E8B05A08F1
:104E1000AB0EFC008400442200003E07E8B0842171
:104E2000440001FC8062EAFAFC80DD9EFC604900DF
:104E30003119EA8F447216FCC034DD4180C05A0833
:104E40000109490032E88006842480478067EAFA35
:104E500084C04492549C44A21A8C44B216FC380379
:104E60009800C805EAA58401EABED51B840040135A
:104E700000408829A6489648381500088C015A0831
:104E800014F88407DD46380398005A0801078400A7
:104E900038059808490041FB8CC15A6804E2D5E303
:104EA000DD415A08010449FFFFB2FCE0EAF896032D
:104EB0004E060006EACF96034E070004840AD50585
:104EC0002E07E834C0048E013E07E8342E07E8348C
:104ED000C004E60BE80484013E07E865DD9EFC00A3
:104EE00049003BE149003A99FC80FC003C53F578CD
:104EF00044007FFFD0048CA19769D50284A03C5B5D
:104F0000F57849FFFFD549003B0949FFF91EFC80B0
:104F1000FC0084003E07E842DD40C004EA5B5A081A
:104F2000011BEAF896034E060006EACF96034E07E9
:104F30000005840A3E07E84849FFEB772E07E8485A
:104F4000C0048E013E07E848EB05C01084013E070F
:104F5000E842D50C49FFEB694900C9974900C9AA45
:104F60003CF7F3C35EF7815EE8F284003E0003ADD8
:104F70003E07E78CFC80FC00DD41C806EA3696045B
:104F800056000001FC802E07E8428E01EA41FC80B9
:104F9000FC00DD40C005EA9B5A080213D5068409CF
:104FA000DD52C0FA8400FC80EB23962EC0FC2E0755
:104FB000DF545A0801F9DD4A5A080108D5F484047F
:104FC00049FFFD9FC8F9D5EFDD50EAA3C8052E07BC
:104FD000E5BDEA41FC80DD40C8FBD5E5FC0049FFAA
:104FE000FFD93C23F46E4410FFFDFE56EAF13C234A
:104FF000F46E4410FFFEFE56EAF1C01C2E07E86274
:105000009600C0045A000112FC8049FFFD8F5A0827
:1050100001202E07E14D5A080105EA36EA83EBB577
:1050200084013E07E862FC8049FFFFA75A08010897
:1050300084003E07E86249FFFD69FC8049002F02B9
:105040005A080107EA36DD4EEBB58400EA9DFC8084
:10505000EAB95A00011CFC00EA36960E9781C60890
:1050600049004F9149002EEA8401EABED5113C1354
:10507000F46E960CC00E490054175A08010A3E6798
:10508000E86249FFFD438006FC808400DD9E8401C8
:10509000FC80FC00EA9B5A0802082E07DF545A08DD
:1050A0000204FA00DD46EA9B5A0802082E07DF5484
:1050B0005A080304FA01DD46DD41C0334900383A9D
:1050C000DD40C80649FFF98D5A080128D510DD409A
:1050D0005A000106EB239636C024D505EA245A0867
:1050E00002FBD5F1EA245A08021DD5ED84C03E0723
:1050F000E84449FFFBD73E67E844EA24C806EBE5ED
:10510000C8108403EAEAFC808402EAEAEA9B5A08AF
:1051100002093E67E86EFC80EBE5C00349FFFBC275
:10512000FC802E07E8435A08010684223E17E863F4
:10513000DD9E8400DD9EFC008401490018BD49000D
:105140004702FC80FC0049004B8B49004B92C00396
:105150008402EA59FC80EAB95A000107EA8FC804C0
:10516000EA209640C10AEAB996005A080124842030
:10517000EBC13E17E83DDD9E2E07E8AE96005A08CB
:10518000011CEBC13C4DF950844A3C5DF9513E276E
:10519000E4F984453E27E4F8662200043C2FF950E8
:1051A00084433C5FF9513E17E8613E27E863EABE5D
:1051B000DD9E8401DD9E8001DD9EFC00EA20C01D95
:1051C000DD4A96005A08021A2E17E863C1162E67A8
:1051D000E845CE13EA9080063E67E86DDD4FEB4F61
:1051E00080068026DD4484014900287084013E67E2
:1051F000E86C3E07E845FC80DD4A5A08021B2E6732
:10520000E8455A680117DD53C8033E67E83D2E079D
:10521000E869C8038401EA60840EDD46EA74C809BF
:1052200084213E07E8693E07E8453E17E86BEA59E6
:10523000FC80FC004900565A49FFFFC1490055ED6A
:105240002E07E8575A08010449FFF895DD4A5A002D
:105250000208DD4A5A000305DD4A5A08040EEB7FB6
:105260005A08010BFA02EA345A0801078400EACA14
:105270008420FA02DD443C0DFA2D5A08010484060C
:10528000DD46FC802E07E8685A0801044800010545
:10529000FC222E67E86B97B0C63CDD40C835DD5375
:1052A000C0094900224B49003DDBC80B8401EA607C
:1052B000D5088401EA60840EDD46EA74C0F3FCA2DE
:1052C000840EDD46EA7480C04E0300E6EA9084E175
:1052D00084218006DD4449003DE93E77DC8A4900AF
:1052E0000DB93E67E83F490053F9F081DD40F08297
:1052F000F102F001EABD8401DD4F3E67E86B3E77C5
:10530000E863480000C384003E07E86B480000BE25
:10531000EA2A3E67E8473E67E8975A08010CDD53E2
:10532000C009DD4A5A0802073E67E86C3E67E84656
:10533000D506EA2A5A080104480000AEEA2AC84CF9
:10534000DD40C804840149004ED6DD40C80FDD535E
:10535000C00B840AEAD1490021F149003D81C00413
:105360008405EA3AD5038401EA60840EDD46DD4017
:10537000C8038401D502840049002C67EA744E03F7
:10538000008B8406EA3ADD53C007DD40C8054900BA
:105390004E7F49003D8B49FFF7BB49004AC5840158
:1053A000490049FD49000D2E8401EB87DD5DC804ED
:1053B0002E07DB70D5032E07DB88490036B8DD5D8C
:1053C000EB10490054DADD5DF081EBABF082842014
:1053D000F001F202EAB5DD40C80C2E07ECD9C80393
:1053E00049004E16EA2A5A08011D8400DD4FFCA22E
:1053F000EA2F9616C00C3C13EDD78403FE0C8441B3
:10540000960184208062EA4549004E02EA2F8441D9
:10541000540000FBEA6A84203C03EDD78062EA4531
:105420008407EA3ADD40C8038401EADC49FFF62735
:10543000490013BE84003E07ECC749004D1E840896
:10544000EA3AEA2A5A0001D349FFE69049FFFB5E97
:10545000DD5DEB10DD5DF08149004A30F082EBABA1
:10546000F083F102F203F001EAB584013E07ECD9C2
:105470003E07E847EA59EAB78401EAE78401DD4FCD
:10548000490001E78409EA3ADD40C8038403D502F4
:105490008405DD46FCA2DD9EFC0049FFF73AEAE602
:1054A0005A0803068401EA598401D50284002E17A4
:1054B000E86096485A18010380012E17E528C102BA
:1054C0008401EA60FC80FC00490049EBC06A49FFA6
:1054D000FFE53C03F58AEA643C0BF57A2E07DC38DD
:1054E000EB8E490049393C03F3C48C013C0BF3C4F7
:1054F0002E07E78C8C013E07E78C49FFD7925A00B4
:105500000109EA26EA229616C804EB4A9604C00C62
:10551000EB4A9604C006EB4A540000FE3E07E556EF
:1055200084013E07E8AE49FFFCDC49FFE59F840F9C
:10553000DD46EA74C836490042CDDD415A0801040F
:1055400049FFE5A949FFFCD349FFE74ADD41C8030C
:1055500049FFE56549FFFDE75A080104EABEFC8002
:1055600049FFE7B0DD415A08010649FFFCD349FF76
:10557000FD37840BDD46DD41C80349FFE82549FFBF
:10558000FD69C80349FFFD872E07DC8A5A0801061A
:105590008400EABE49000C6584013E07E83FEA59F1
:1055A000FC80FC212E07E8615A000124C0045A0047
:1055B0000225FCA1FA14DD46EA74C842DD4080C031
:1055C000C814DD4FDD5DC00F8006EB104900497641
:1055D000B61FEBABF081B43F8006F201EAB580065E
:1055E000490048DD8401DD4F84013E07E4F6D526FD
:1055F000490049368402D52249004953C021FA1492
:10560000DD46EA74C81D49002C6880C05A080111A3
:10561000DD4080E0C809DD4F8007EA53EAB7DD5D71
:10562000EB108006DD4FEACBEABB8401EA59EB566A
:105630005A0801048400D50284013E07E861FCA1F8
:10564000FC20EA24C8262E17E8635A1801232E17D7
:10565000E83F5A18011F80E049004903C815EA874E
:10566000C813EA20C005DD4A5A080205D50DDD53EE
:10567000C0FBDD4A5A000109EA395A000106EBB7BE
:10568000C803EA8FC03784003E07E83E3E07E83F84
:10569000EA245A0801068404EA598400D507EB5627
:1056A0005A0804068401EA598401DD4FEB5696003E
:1056B0005A00021BE603E805C0095A000113FCA0CA
:1056C0005A0003165A00040BFCA049FFFDDDEA2A2C
:1056D000C84184013E07E857FCA049FFFD2EFCA00D
:1056E00049FFFD32FCA049FFFEF0FCA049FFFF5B33
:1056F000FCA0EA20C004DD4A5A0002C7EA245A008E
:1057000001C42E17E14C97885A6801BF84003E17E8
:10571000E83E49003B4149003B4E800649003B3C86
:10572000DD4A5A000209DD4A5A000306DD4A5A00E2
:105730000403EB25EB7F5A000103EB25FA02EA3460
:105740005A000103EB25FA0284203E77E896DD44F7
:10575000EB25FCA0FC40EA2F9604C00FEA2F844200
:10576000EA83EA6A84018020EB2E84023C13EDE692
:10577000EA3C84003E07E85149FFF5E38402EA3A37
:10578000852184E044A0004049FFFD5549FFFB50BE
:1057900049FFFA5B2E67E86097B05A600224E6C3BF
:1057A000E815C6195A6801F28403EA3A3E77E863BD
:1057B0003E77E8463E77E8623EA7DC8B3E67DC8AB0
:1057C00049FFF96549FFFA7CD5E05A60030C5A603D
:1057D000040DD5DB3E67E8413E67E8403E97E86050
:1057E000D5D449FFFF2FD5D1EA5B5A0801044900FF
:1057F000139884008020EA2D84008020EA21840010
:105800008421EA2D84008421EA214900139849006B
:1058100013C6EBF149003ACF490014B249001423F2
:1058200084018420EA2D84018420EA2184018020DF
:10583000EA2D84018020EA21D5A8EA59DD9EEB56A5
:10584000DD9E2E07DC8BDD9E3E07DC8BDD9EDD9E24
:1058500046100081E60104008033EB7240003D24D5
:1058600014008033DD9E5A100221E623E805C10BA7
:105870005A100111DD9E5A10042BE624E91F5A101C
:105880000530DD9EDD54041100299604EA52DD55F1
:10589000D509DD540411002996044210C8094000BE
:1058A000824414010029DD9EDD5404110029960470
:1058B0004210CC0940008264D5F5DD540411002A61
:1058C0009604EAD6EB0D1401002ADD9EEAA9041124
:1058D000003C96044210D00940008284D509EAA910
:1058E0000411003C96044210D409400082A4140123
:1058F000003CDD9E46300087A05F9482400100C4DA
:105900005400004466108044FE47A85FDD9E463088
:105910000087A05F9485400100E4540000A0661059
:1059200080A0FE47A85FDD9E403020084031818482
:10593000462000FF464000874031820450210F007E
:1059400050520218B425FED6EBE3502100FFFE565C
:10595000FE5FB625A069961F661080F0EB0DA829A2
:10596000DD9E4020400840210284EB1840210304C2
:105970004640FFF050518238B425FF16EB1FDD5A28
:10598000FE56FE67B625A0A9441F0FFF961FFE56C0
:1059900040008184A829DD9E463000870411808D57
:1059A0009487400101245400028066108280FE47E3
:1059B0001411808DDD9E463000870411808D4020BB
:1059C0002008400101C4540041006610C100FE4798
:1059D0001411808DDD9E40302008403181844620A6
:1059E00000FF464000874031820450210F00505292
:1059F000021CB425FED6EBE3502100FFFE56FE5FED
:105A0000B625A069961F661080F0EB0DA829DD9ED3
:105A10004020400840210284EB1840210304464006
:105A2000FFF050518234B425FF16EB1FDD5AFE56AD
:105A3000FE67B625A0A9441F0FFF961FFE56400023
:105A40008184A829DD9EFC60EA48812081628181F1
:105A500080E4814349001091540487FF049303912B
:105A600097EF669487FF4094800414930391EBCEE4
:105A700004230008460F800FDD43FE164000320469
:105A80001403000804030066802C660007FFFE472D
:105A9000141300660423002D4035AA044613F3F0C6
:105AA000460C0C0F4031AF045010803F50000FC027
:105AB000FECEFE16402180041423002D0443002F47
:105AC0006642003FFFE71473002FFCE0C906842103
:105AD0005A2801088422D505842080818041D5047C
:105AE000444020008448C818EB1850518224B40563
:105AF000EA55FE87B645A02ADD5492104002020402
:105B0000A82A043100F9460FF3FFDD43FE1E4010C2
:105B100006C4141100F9DD9EFC0044375C14B42364
:105B2000462FF8FFDD5A9617FE56401082848441B6
:105B3000B623EBA8441754148062DD45FC80462050
:105B400000810411001396046610A000400081A497
:105B500014010013DD9EFC00EA4A80C0040083ADFE
:105B6000844142007808140083AD806250008AB4FA
:105B7000501086B4DD45CE0484018026D5064460ED
:105B80000034840044100068EB188383BA4966210E
:105B90003FFFFE57B9C9EA4A042083AE422160099B
:105BA000400103048441140083AE806250008AB82F
:105BB000501086B8DD45461000840400832A8441D5
:105BC00066003FFFFF871460832A500088A8806228
:105BD000501084A8DD45FC80FC0044175C14B4011F
:105BE000844158002000B6018062EBA84417541489
:105BF000DD4544175C7CB401844142006008B60175
:105C000080624407587C4417547CDD4544075C346B
:105C1000B42084414210F008B620B42080624210C3
:105C2000F408B6204407583444175434DD45FC804A
:105C3000FC0040206008402101E444475C185821E2
:105C400040004630180CB424FED6462FE7F3DD5A48
:105C5000FE56FE5FB62444275C4CB4224030200838
:105C6000400181446610878054000780FE0FB60211
:105C7000844180624407581844175418DD45844114
:105C8000EB474417544C8062DD45FC8046000081A0
:105C9000EBA066109000EB35EBA066108800EB35AA
:105CA000EBA06610A000EB35EBA06610C000EB3552
:105CB000A0454210F809A845041000134210EC0951
:105CC00014100013DD9EFC2146700081840349FFFF
:105CD000FF250403802784C86600000CFE371403E8
:105CE0008027840049FFFF3949FFFF7849FFFFD033
:105CF000EB9450200224B422EA2BFE77B622A05265
:105D000092304010C0085810A000A852040380F937
:105D1000461FF3FFDD56FE464210D808141380F9E3
:105D2000800649001ADD800649001B084407581800
:105D30008460B61F4407541884278443808380A35B
:105D4000F081EAB6DD4C49001106840049FFFDD41C
:105D5000840049FFFDEB840049FFFE20840149FFD8
:105D6000FE3C840149FFFDD5840149FFFE268401E4
:105D700049FFFDF9840949FFFE4DFCA14620008240
:105D8000A0559604EA52DD55A815DD9E4600008216
:105D9000A0054200400BDD9E46300082B483964D44
:105DA00042424008B683B48340200840664207FF61
:105DB000FE67B6234C010005A059AA41D5FCB403E7
:105DC000EAAAB603DD9E46300082B483964D424275
:105DD0004008B683B48340200840664207FFFE6750
:105DE000B623044180154418FFFFFE6644430000BB
:105DF000FE671411801580234C010005A301A90939
:105E0000D5FCB403EAAAB603DD9EFC0044175C008F
:105E1000B401844142007C08B60180624407580006
:105E200044175400DD45EAB6B4208441EA38B62070
:105E3000B4208062EA85B6204407581844175418E5
:105E4000DD45FC80FC0049FFFFE2FC80462000822B
:105E500050410040B424460F800F58000800FE4611
:105E600046301900FE5FB624A064FE0E4610258061
:105E700050108258FE0FA824DD9E44241048B422FE
:105E80004210FC09400083E4B602DD9E4407106026
:105E9000B400EB83DD9E44071060B4004200080BA1
:105EA000DD9E44271060B4424221080BC2038440A7
:105EB000D502FA40E6214020080C42003C24EB1EAB
:105EC000B421EBA9C1038420D502FA20445710283D
:105ED000B465FF13EB85FE1640220C02FE87B64523
:105EE00044271030B422FE66FE0FB602DD9E443712
:105EF0001060B48384404242080BCC02FA40402038
:105F0000080CFE0CB423EBA9C1038420D502FA20AF
:105F100044371034B483EB85FE1640220812FE8706
:105F2000B643DD9E44371060B48384404242080B80
:105F3000CC02FA404020080CFE0CB423EBA9C103AC
:105F40008420D502FA204437102CB483EB85FE164A
:105F500040220812FE87B643DD9E44071038EB1E30
:105F6000B400B421EBA9C1038420D502FA2040007B
:105F7000040D9601DD9EFC00EB17B40142006009A0
:105F8000B601EA738421EBB6EB8C8420EBB64400B7
:105F90000C008421EB5B4400C0008420EB5BEB8CA5
:105FA0008420EA5C440003E8EBAEFC80FC00EB17C5
:105FB000B40142006009B601EA738421EBB6EB8CB0
:105FC0008420EBB64400C0008421EB5B44000C004D
:105FD0008420EB5BEB8C8420EA5CFC804434014041
:105FE000B443964F6621000C40110444B623442468
:105FF0008098B4229604EA38EA2CB602DD9E440763
:106000001060B40044170020EB835A080108B40163
:106010006600070758000404D506B40166000707A8
:1060200058000303B60144170000B40158000303ED
:10603000B60144170004B4016600030358000302CC
:10604000B6014417000CB40166000101B601441703
:10605000001CB40166000101DD4EB601DD9EFC00AE
:1060600046500080EBE39D919D2E40301420381166
:10607000980038318800EAFF964818128001DCF653
:106080000010000CAE680010000E0020000D401142
:106090000484964846200086AE5000100010003060
:1060A000000FEAFF9648AE510010001200300011B8
:1060B000EAFF9648AE5200000013AE138404EB9042
:1060C000FC80FC00462FFEFFEAAE50610FF150311C
:1060D0000FF0505080085020800E4040142038129D
:1060E000180038420C0040120484964818128001AF
:1060F000DAF50010000CAE680010000E0020000D54
:1061000040110484964846200086AE5400100010CA
:106110000030000FEAFF9648AE5500100012003024
:106120000011EAFF9648AE5600000013AE1784082F
:10613000EB90FC8046300080042180714000050413
:1061400054000F0166210F01FE8714218071DD9E2E
:1061500046200081041100119649DD5514010011FB
:10616000DD9E462000810411000D9230EA5A140190
:10617000000DDD9E462000810411000D9649DD557D
:106180001401000DDD9E462000810411000E9230A6
:10619000EA5A1401000EDD9E462000810411000E13
:1061A0009649DD551401000EDD9E46200081041144
:1061B00000119230EA5A14010011DD9E4620008140
:1061C00004110012962F6610FE00EBE71401001276
:1061D000DD9E46200080041100709627EB50FE0FD4
:1061E00014010070DD9E463000800411809D462F12
:1061F000F80FDD5A9637FE56EA4E1411809DDD9E4B
:10620000462000800411006F9627EB50FE0F14010A
:10621000006FDD9E463000800411809D46280FFFF0
:10622000DD5A9637FE56401083041411809DDD9E82
:1062300046200081041100139604DD4BFE0F14016B
:106240000013DD9E46000081040000139604DD9ECD
:1062500046200081041100149604EA81EBF5140134
:106260000014DD9E4620008104410019B4604042C4
:106270003008928C927440320E8414310019A101BE
:1062800046580808585280800431001AFF66464775
:10629000F7F750420F7FFEE6FEEF1431001AA1021D
:1062A0004650020E505280F00431001BFF66464FEC
:1062B000FDF150420F0FFEE6FEEF1431001BA1036B
:1062C000465001C00431004DFF66464FFE3F50422C
:1062D0000FFFFEE6FEEF1431004DA00404410069FB
:1062E00040306C099425920540000F641401006948
:1062F0001411000BDD9EB480465007E7DD54505268
:106300008E0004310014FF66464FF818504201FF1A
:10631000FEE6FEEF14310014A101465007E0505292
:10632000807E04310015FF66464FF81F50420F81F2
:10633000FEE6FEEF1431001504310016A1026631AD
:10634000FE7E54427E7EFEE714310016A1034650C5
:10635000C00004310017FF66464F3FFF50420FFF59
:10636000FEE6FEEF14310017A104465FF7E7505236
:106370008E7804310018FF664640081850420187A5
:10638000FEE6FEEF14310018A005463000C00451AF
:10639000001940400C02463FFF3FEB7340028C0265
:1063A000FE2714010019B40114010009A009140109
:1063B000000ADD9E4630008104118012462FFF3F07
:1063C000DD5A960FFE564010824414118012DD9E55
:1063D000460000810410001284034000065EDD9E2A
:1063E000DD9EDD9EDD9E44348090B4239604968429
:1063F000EBE1401088E4B623EA4A50408048A0E42C
:106400004231C00940218A04A8A4B44442217C0935
:10641000400103E4B604DD9E441FFF80EAD0AE4095
:10642000DD9E463000810441803940204808461CEA
:10643000FF3F40010384DD56462300C0FE16FE6682
:10644000FE0F14018039DD9E463000810411803931
:10645000462FF3FFDD5A960FFE56401082C41411EA
:106460008039DD9EDD9E4630008104218039441C48
:10647000FF3FFE5644230000FE57442300C0402146
:1064800000C2FE5714118039041180F6960F661071
:106490008030EB0D140180F6DD9E46200081041152
:1064A0000039960F66108C00401081441411003999
:1064B000041100F6661080C0400080C4140100F68C
:1064C000DD9E46100081504080E0B444A0E24628A2
:1064D0008F88502108F8FE9E4631501058318400B4
:1064E000FE9FA8A2A0A366210007A8A3C81C0420A1
:1064F0008038460FFCF3500000CCFE1646200308FF
:1065000050210320FE171400803804208070460FAD
:106510003FFF50000FF0FE164620C0008C48FE17CB
:1065200014008070DD9EFC0080C049000B26EA4A02
:106530000400839397B4EB6740601844146083931E
:10654000EBCEFC804404502CB400EA47DD9E4404AA
:10655000502CB4004200500BDD9E462000810411F7
:1065600000159604EA52DD5514010015DD9E440421
:106570008008B400EB83DD9E441431E8B401DD4EA5
:10658000B601DD9E441720C0400080C0B4204620E4
:1065900020004210E408B620B420FE56C9FEDD9E5D
:1065A000442720C0401104C0B441463FFE0FEB73A6
:1065B000FED6462001F040010202FE1FB601DD9E1C
:1065C000442720C0401104C0B461EBC94231E00946
:1065D00040010302FE1FB601DD9E44048084441482
:1065E0008004B440B42184614210C00B40108A1E64
:1065F000C10644148006AEC83E37DC91B420EA9947
:10660000B400EBF84000063EC009EAC78422AE4061
:1066100084013E07DC908400EACAEBC8B420EA9902
:10662000B400EB784000065EC007EAC78424AE40A1
:1066300084013E07DC8FEBC8B420EA99B400420025
:10664000540B400006BEC007EAC7FA30AE408401D2
:106650003E07DC8EEBC8B420EA99B4004200580B28
:10666000400006DEC008EAC744100040AE40840186
:106670003E07DC8DEBC8B420EA99B40042005C0B05
:10668000400006FEC00BFC00441FFF80EAC7AE407E
:1066900084013E07DC8CEB60FC80DD9EFC00441135
:1066A0000000EA99B62044148084B40142005C08DA
:1066B000B60144160030B401EB57B6018405EB1B5C
:1066C000FC802E07DC8EDD9E3E07DC8EDD9E2E07D5
:1066D000DC8CDD9E3E07DC8CDD9EFC4080E080C1D2
:1066E000840080278142812349FFFF5C8007EB1BE8
:1066F00041039808444720C08890A02140A5300855
:106700009214934C40050284A062A821EB895000AA
:106710000F00002F80344030800246503000221F8E
:106720008014505280FF40108B04FE6EFE5FA86202
:10673000A0634094B0089234932C40148684A863DC
:10674000A064002F803840308002221F8016401045
:106750008B04FE6EFE5FF208A864A065402130083D
:10676000924C923440110684A865A066222F8018AE
:10677000FE0E001F803CB46440110704FF4EA0676A
:10678000462F0FE0FE56FF474620F01FF010DD5A5F
:10679000FE86840014020008460F8F0F50000FFE83
:1067A000FE1E463070F08C6140619A02FF87460FF2
:1067B0000FFFFE8FDD43FE86000F80444610F00081
:1067C00040008302FE87E6E3440720DCA966B6C4E6
:1067D0003828000AE903FAC2D502FAC088C744A4DF
:1067E0008084804684018420EA28B52A8421406080
:1067F000980C40948012FE3640048004B60AFCC017
:10680000FC00446723188E01400300C0B4C0402040
:10681000882440310C446663000796D7FEF7001FBA
:106820008014B660A0C140420604462FF80F4610FF
:1068300007F050210C00501083FFFED6FF0EFF1F03
:10684000A901003F8018A10240528E04FF16FF4E9E
:10685000FF67A942A0C3024F8008FE9E003F801C34
:1068600040320E04FE5EFE57A843FC8044172318F6
:106870008E01400080C0B42066108007B620A08141
:10688000461FF80F50108C00FE8EA881A082FE8E4D
:10689000A882A083FE56A843DD9E44272248B42246
:1068A0009604EA38EA2CB602DD9E442722B8B422C8
:1068B0009604EA81EBF5B602DD9E442723B8440234
:1068C0001AB840103008B402443723BC9214400078
:1068D000500840000595B602B423EB8950000C0027
:1068E00040208002461020008C24FE57B623442707
:1068F00023C0B4224436205C923440118684B622F0
:10690000442723C4B42244372334FE464210E4080B
:10691000B622B443461F0FFFDD56FE8EB643443702
:10692000233CB44344462060925440220A84B64338
:10693000443723ACB443FE86B643442723B4B46241
:10694000FE1EDD4EB6024407232CB440FE56B62090
:10695000DD9E4010B808CA0444272334D50D4437BF
:1069600023B0B443EA6F925440215008400101958E
:10697000B6034427232CB40292124000480840106A
:1069800005D5B62244172100B40142006408B601BF
:10699000DD9E4620008304110010960F66108003D0
:1069A000FE0F14010010DD9E46200083041100102C
:1069B0009604EA38EA2C14010010DD9EFC22EBA2BA
:1069C0008383BC1847000F0366420100BC98BC18C3
:1069D00084A0664200FFFF17BC9851080C0F50417D
:1069E00080E499ACB4C6387094024063400288C712
:1069F0003862FC0A8CA4EBA25A580CF58383BE3C87
:106A0000A14B979F9875BD1858528100BD98BD182D
:106A1000665280FFFEAFBA98B45FB644F201BABACC
:106A2000F202BABBB9BCB420B624A041B9BAA042A4
:106A3000B9BBA003B8BCB818EB6AB898FCA2FC209C
:106A4000EBA28383BC188C4266420100BC9897106D
:106A5000BA18505180E8662100FFFEA7BA98BA180C
:106A6000504180E458210100BA98506180EC4010F8
:106A70000440503180F0462000834C008011A281F8
:106A8000B6448380BA3FB645BA7FB646B443027077
:106A9000017E925040238A04B643D5EE8382B81813
:106AA000EB6AB898FCA0FC20462000838382BB18C8
:106AB00066318100BB98BB18663180FFFE5FB998D4
:106AC000BD394630F03C501180F0B460BC3AFF4E06
:106AD00088A3A0C1BF3BFF0E8883A0C2BE3CFE7E40
:106AE0008823A0C3546300F0BDB99833BCBAB9BBC6
:106AF0009641B83C9210DD55B8BCFCA0FC6844023D
:106B00000A84B1C53B004404812180273B00C42492
:106B1000A400AC0880C28420FA40B00850AF803096
:106B20008163DD48800A8420FA40DD485A68010309
:106B300085205AB8020558B30001D50281662E0798
:106B4000ECC787845A0001038780850050258001A7
:106B500081C844C20E489D7185A185633803A00099
:106B6000541400FF38660000F1838ADC97B18CC1B1
:106B7000FF94F28297B1406314D68006F5814900F4
:106B800029348C08F501F202F103C60740E6800CB7
:106B9000406718D754E303FF4010AC37403024015E
:106BA0005441800F38350602B008380006024031E3
:106BB000A808403190803835060A40070140B0C827
:106BC0008D013801860A5A880ACB8003802A442026
:106BD000006C49FFFEF5FCE8DD9E44348090B42350
:106BE000402000845421001166108011FE57B62306
:106BF000EAAE0420809B46300081662100075821C0
:106C000000041420809B0420809B960466211F00B2
:106C1000EB421420809B0420809E662100041420F7
:106C2000809E0421806FEB071421806F04208098E0
:106C3000EB07FE1714008098042080954408FFFF9E
:106C4000FE16EAF01400809504008097EAC8EB5E17
:106C500014008097DD9E844844148011AE8844243B
:106C60008090B42296046610880040008164B602C9
:106C7000EAAE040080986600001814008098DD9E3B
:106C8000964C4630008096B7C81150418254A023DC
:106C9000EB7440100464A863B424460E03FFDD4384
:106CA000FE0E40200AC4B644DD9E5041825CA02105
:106CB0006600001040100484A861B40466001FC080
:106CC000402008C4B644DD9E3E07DC93DD9E2E07BF
:106CD000DC93DD9E44272000B4229604EB5FEBE7B3
:106CE000B602DD9E44072000B400EA9ADD9E4610FD
:106CF00000825A0801080400800866000003EA8345
:106D0000D505040080086600000214008008DD9E9E
:106D100046300083041180EE40202008C003840028
:106D2000D50344000200FE175420030066008300D0
:106D3000FE17140180EEDD9E46300083041180EEC4
:106D400040202808C0038400D502EBBAFE17542067
:106D50000C0066008C00FE17140180EEDD9E4427B7
:106D60002068B4229601923040100604B6224427CF
:106D70002070B4229230EA5AB602DD9E44372000D9
:106D8000B423462FF8FFDD5A9617FE564010828432
:106D9000B623DD9E44072000B42084074000069EF1
:106DA000DD9E44272000B4229604DD4BFE0FB60280
:106DB000DD9E44272004B4229604DD4BFE0FB6026C
:106DC000DD9E44272000B4229604EA52DD55B60227
:106DD000DD9E44272000B42296044210DC094000C6
:106DE00082E4B602DD9E44372004B423462FFC0023
:106DF000DD5A540003FFFE5640108184B623DD9E09
:106E000044172000B40142004408B60184073E073D
:106E1000DC92DD9E2E07DC92DD9E440720ACB400A0
:106E200096173E07DC92DD9E44272000B42296048C
:106E3000EBD340008384B602DD9E84013E07DC95DF
:106E4000DD9E2E07DC95DD9E84003E07DC95DD9EF1
:106E500084013E07DC94DD9E2E07DC94DD9E8400D9
:106E60003E07DC94DD9E46000083040000EEEA9AB3
:106E7000DD9E44248090B4229604DD4BFE0FB602C2
:106E8000DD9EC90744271000B422FE0FB602DD9E26
:106E90005A18010744171000B441EB45B601DD9EB6
:106EA0005A18010844271004B422FE0FB602DD9ED2
:106EB000C90644171004B441EB45B601DD9E5A18CB
:106EC000010844271008B422FE0FB602DD9EC90651
:106ED00044171008B441EB45B601DD9E4407100885
:106EE000B400EA9A56000001DD9EC805EB17B40114
:106EF000EA3ED5065A08010CEB17B401DD4EB60187
:106F00004417100CB401EB57B601DD9E5A08020B72
:106F1000EB17B401DD4EB6014407100CB4208420F9
:106F2000B620DD9E44271018B4229604EA38EA2CD5
:106F3000B602DD9E44071014B400DD9EFC00950AE5
:106F400040420424FF0FC811EBA64030A4088386FA
:106F5000BD61403185644011900454108A07664237
:106F60008A07FE67B9E1FC805A08010F46000097C6
:106F70008380BA61401204C45410804766210047E0
:106F8000FE57B9E1FC805A0802144020BC08463084
:106F90000097046180614021060440111004445EA2
:106FA0007FF844418007FE66FF76FE6FD5125A08CF
:106FB00003144000A408463000970421806140007B
:106FC00005644010100454108A0766410A07FE67E2
:106FD00014118061FC805A08040CEBBE04010061AE
:106FE000401205045410810766000107D50C5A08A9
:106FF000050EEBBE04010061401205A45410A00769
:1070000066002007FE4714110061FC80FC604660AA
:1070100000972EB7D83B2E87D83A8121EADDA071A0
:10702000DD43FE0E42007008A831842184038142B2
:1070300080E3EA66EB7EA04140E58013EA32A84196
:10704000A04240C40013DD4DEBFBA84250177FFF68
:10705000542083FFA04342D63824661083FFFE5796
:10706000A8435016FFFF9689A0444036B0019230E5
:10707000DD5FA844A0458E61DD4D4010B004A845F9
:107080005441FFFFA0C6EA98FEE7A8C68380B91264
:107090008485DD4D5810DA50B99242461024B91457
:1070A0008E819721923040120604B994B91554424A
:1070B0001FFFDD4DDD47B9950413005FEA3214135D
:1070C000005F0413005F581090001413005F441F0A
:1070D000FFE014130008A0F392704031C00858314B
:1070E000FFFFA8F3A0739649EA31A873B426EA2BF0
:1070F0004080A004B706B446EBAFFE564010AD0486
:10710000B6260413006054269FFFEA85141300601E
:1071100004130024EAA0FE571413002404230024BF
:10712000461E000FDD56FE564010BA04141300240C
:107130000413002546207000EA7E40110515141343
:10714000002504130025EAA0FF0F144300250413B3
:107150000031DD4714130031A071EA31A871B90F75
:10716000EA31B98FB4264210F8081C130031B91067
:10717000DD47B990B420DD47B620B426EBBE964C6F
:10718000C1FDA04184CADD4BA841A041EA81A841CC
:107190008380B911DD4BB991040100608420EB724A
:1071A000140100608403EA66442000FF840084A583
:1071B0004433C7604503C75E4513C764E20CE81F4C
:1071C000421014248C22944938408C11384481098F
:1071D0008083424018733D27EDEA22420000E1C45B
:1071E000E8053C4BEDEA3820C0003810C4114210CD
:1071F000AC243815020A8C019600D5E1ACB8FCE04D
:10720000FC202E77D83A4413C80040201C204C01A3
:1072100000072A3000011A308001D5FAEBA60403DA
:10722000006F506300C4EA911403003EEB06EADDF0
:10723000DD43FE0E46119000FE0F14037FD0840143
:107240008020EA66EB7EA041EAB2A841A041EBD8DB
:10725000A841A042DD4D5810DAA0A842A047DD4D5C
:10726000EBFBA8472E47D83B9C61422384248E41E8
:1072700096D1A084925040218A04A8840420000B57
:1072800066217FFF1420000B0430000C9EA1545196
:107290007FFFEA98FEEF1430000C0430000A55011D
:1072A00003FF663183FF4031C0041430000AA0C5DB
:1072B000FEBCEA9858318001A8C5043000088E4110
:1072C000EA98FEFF143000080430000954217FFFC3
:1072D000EA98FED71430000904300012EA985831B9
:1072E000D0A0143000120430001158318002143044
:1072F000001142339024045000148E614111801318
:1073000092B04058960414500014045000155431A3
:107310009FFF6652FFFFFF7F1450001504500013BB
:10732000FFCC665283FF4102C004150000130450D5
:10733000001654139FFF6652FFFFFF5714500016AC
:107340000423003558212000142300350423002E87
:10735000582110001423002E04737FF366739FFFDF
:10736000FFCF14737FF304237FF466211FFFFE9F7A
:1073700014237FF4EB19EA85EB020413001D581067
:1073800080401413001D0413001D66108003DD47A8
:107390001413001D0413001EEA2BFE671413001EB5
:1073A000EBE4DD4B14137FFFB426DD47B626EB0676
:1073B000EA3114137FD00410000FEA311410000FCB
:1073C0000413001D581081001413001D0410001038
:1073D000DD4714100010B420DD47B620B426964CCB
:1073E000C1FEA041EADEA841A041EAD6A8418380BF
:1073F000B911EA81B99184018420EA66FCA0FC619C
:10740000F1812E97D83A2FC7D83B40E48013408EA5
:107410000013816381424274382440C2001340D279
:10742000801384604413C6C0E26EE80838200D1152
:1074300038208D098C6196D8D5F8EBA60403006F2F
:10744000506300C4EA911403003EEB06EADDDD431D
:10745000FE0E46113000FE0F14037FD084218400FD
:10746000EA660413003E460FE03FDD43FE0E461081
:107470000B00FE0F1403003E4400180014037FD7D6
:10748000EB7EA0414043B800EAB2A841A041972159
:10749000EBD8A841A04250347FFFDD4D5810DA00F0
:1074A000A842A04796D9DD4DEBFBA8479E6196897F
:1074B000A044407708089230DD5FA8440410000B18
:1074C0005421FFFFDD4D1410000B0410000C54314B
:1074D00083FFDD4DFE571410000CA0458EE1DD4DFD
:1074E000DD47A8450410000897F9DD4D4010B804A9
:1074F00014100008501E7FFF4217042454421FFF3F
:107500008E215420FFFF04100009DD4DFE5714109A
:1075100000090410000A661083FFFECF1430000A31
:1075200004100012DD4D5810DA101410001204106F
:107530000014923040138604141000140410001537
:1075400054739FFFDD4DDD4714100015EB195810E3
:107550008008EB02EB1958109000EB0204137FCF68
:10756000EA2B4010F00414137FCF04237FCFEBAF3E
:10757000FE564100A50415037FCF041300085024D4
:10758000000196494010B204141300080453000F80
:1075900092B0405696041453000F04130008421092
:1075A000BC09141300080413002FEA851413002FDC
:1075B00004137FF3EAA0FF0F14437FF304337FF338
:1075C000461E000FDD56FE5EEA5414137FF3EBCB2C
:1075D00046246000EA7E4011051514137FF4EBCBBE
:1075E000462270F0EAA0FFCF14737FF4041300105A
:1075F0004210BC0814130010041300109649FE57E3
:1076000014130010EBE4DD4B14137FFFB426DD47A9
:10761000B626EB06EA3114137FD00410000FEA31CE
:107620001410000F04130010DD4714130010041091
:107630000010DD4714100010B420DD47B620B4263A
:10764000EBBE964CC1FDA041EADEA841A041EAD6BE
:10765000A8418382B860EB72B8E084008020EA66BB
:1076600084004433C6E04443C6E4E20EE811944388
:10767000988BF601B4A238530008A491382500086D
:10768000381090023815820A8C019600D5EFFCE183
:10769000FC60EBA181614413C8203B0064043B0003
:1076A000E4243B0064043B00E4243B005000EBA6D0
:1076B000EBB2A071EADDDD43FE0E46112000FE0FA5
:1076C000A8318421840581828143812480E5EA6692
:1076D000EB7EA04140350013EAB2A841A0425063BE
:1076E00000C4DD4D5810DAB0A842A047DD4D581057
:1076F000D3C0A847A04492304010C00858108671EB
:10770000A8448380B90BDD4DB98BB90CDD4D581001
:10771000801FB98CA045DD4DDD47A845B908DD4D7A
:10772000DD47B988B911EAB2B991B912DD4D5810E7
:10773000D3C0B992B917DD4D5810DAE2B997B91430
:1077400092304010C00858108671B994B91BDD4DB5
:107750005810801FB99BB91CDD4DB99CB915DD4D82
:10776000DD47B995B918DD4DDD47B998EB19EAB297
:10777000EB02EB1958109000EB0204137FCFEA2BB9
:107780005810802014137FCF04237FCFEBAFFE5619
:107790005810B20014137FCF04137FF040258013DC
:1077A000923040B1060414B37FF004237FF0969129
:1077B0004021320414237FF004137FF1923040A162
:1077C000860414A37FF104237FF1EA80DD56FE5680
:1077D000462000A0FE5714137FF10413002FEA8502
:1077E0001413002F04137FF3EAA0581086721413A9
:1077F0007FF304237FF3461E000FDD56FE5646201E
:107800000210FE5714137FF3EBCBEA7E922842104E
:10781000E00814137FF4EBCBEAA058108671141320
:107820007FF4EBE4DD4B14137FFFB426DD47B6266F
:1078300004137FEFEA8214137FEFEB06EA3114138F
:107840007FD0B90FEA31B98F04137FEFEA321413F6
:107850007FEFB910DD47B990B420DD47B620B426DC
:1078600046A00097964CC1FCA041446245F4EADE74
:10787000A8418380B911EADEB99104050060842033
:10788000EB72140500608405EA6604050027120403
:107890008000040500274453C8849210AC38444C3F
:1078A000377C442C377D4413C8E8800538301804F1
:1078B00038301008A6E98CA238300808D9F7FCE067
:1078C00044260000B4229604DD4BFE0FB602DD9E76
:1078D000FC00EB0CFC80FC002E17ECE14427221C82
:1078E0005A180107B422923240000644D50A8E018C
:1078F00040103808B402921240004808400005D5F4
:10790000B6028400EA6B840049FFF6E6FC80FC00C6
:1079100049FFF6E2EB60FC80FC0049FFF6DAFC80F0
:10792000B460FE8E4031841240118804B620DD9E82
:10793000B460FA54926C96DF8080424188733B00B9
:10794000E00080448C448C61842B3B01602040210A
:107950008476B440975840412009971FDC0B8CA1D6
:10796000405284365450800F66110F004010950429
:10797000B620B440441F0FFF96DFFE5640308D8482
:1079800058318001B66084023E07E4F7DD9E463040
:10799000008504218032EAA158210100142180329F
:1079A00044363814B443966F925840216008402101
:1079B0000115B64344363808B403462C0FFFDD5A90
:1079C000FE16EBB9B60344163804B401EA91B601C9
:1079D0004414800CB40142000C0BC0FD8428440404
:1079E000800CAE40EA27EBCCEB6AEB63DD9E4630C1
:1079F000008504218032EAA158210100142180323F
:107A000044363414B443966F9258402160084021A4
:107A10000115B64344363408B403462C0FFFDD5A33
:107A2000FE16EBB9B60344163404B401EA91B6016C
:107A30004414800CB40142004C0BC0FD8428440463
:107A4000800EAE40EA27EBCCEB6AEB63DD9E3C0C8C
:107A5000083B9604C802DD9EFC6044A252BC812A09
:107A6000856BFAF42E87E4F75A88023E4900087ABB
:107A7000C83A3C2C083B4061200940513009979F8F
:107A8000975FDE0584013E07E4F7FCE09C7140004F
:107A9000AC3666010F00965F804A40000504422321
:107AA0001C733C0E083BA0113E87E4F7C004A053B2
:107AB000A095EB2F804942231C73A012C004A05450
:107AC000A096EB2F800942031C73A007C0038421FA
:107AD000EB6C800942031C7304000008C0C48421BD
:107AE000EAFCD5C1FCE0FC6081232E37DC968200E5
:107AF00081648145F70CF60D5A380113C002EB2F53
:107B00004E9200068009802B804AEB2FC704800725
:107B10008421EB6CC62180068421EAFCFCE064C36E
:107B200004028400EA333C1FFA1E440252BC441291
:107B30001A403D0FFA1C3C2FFA203C9FFA1D3C4F87
:107B4000FA1F3C5FFA213C7FFA223C6FFA2349FF7F
:107B5000FEF164C30403FCE0FC01B63F8022F38124
:107B6000EB6CB41FF101EAFCFC8144163C04B40147
:107B7000DD4EB601DD9E44263804B42244063804A6
:107B8000EABCC9FCB420DD4BB620B420EABCC9FE77
:107B900044263404B42244063404EABCC9FCB420AC
:107BA000DD4BB620B420EABCC9FEDD9E842044042F
:107BB000808CB620DD9E44263850B4229604EBC556
:107BC000EA94FE47B62244263450B422EA94FE0FCB
:107BD000B602DD9E44263800B4229604EBC5EA9432
:107BE000FE47B62244263400B422EA94FE0FB602C1
:107BF000DD9E44262084B422EA2BFE0FB602DD9ED1
:107C000044262070B4224000010454000101661093
:107C10008101FE47B622DD9E44262084B4229604CC
:107C2000EA94EB8AB602DD9E44062084B400EB336E
:107C3000DD9E44262084B462EA80DD56FE5EDD557A
:107C4000B602DD9E844144148028AE88442480C45A
:107C5000B4229604DD4BFE0FB602DD9E441480284C
:107C6000B4019604C0FE842144048028AE40DD9E09
:107C70004426208CB4229604DD4BFE0FB602DD9E16
:107C80004436205CB60344362080B40396499210F3
:107C9000EA4EB623B403960140200A04B643DD9EA3
:107CA00044262084B4229604EA38EA2CB602DD9EEB
:107CB00044262018B42244348001EA32B6224426F5
:107CC0002000B4228481EA31B62244262020B42246
:107CD000FE26EA32B6228422AE5844248080B422A2
:107CE000EB5F40108124B622AF18B422EA38EA2CA8
:107CF000B602DD9EFC204670008340001564838739
:107D000005038014404012244660F7FF465F0800D8
:107D10004012070450630801505287FE4040980209
:107D20004058140240121404B994BC15461007F0D0
:107D3000460FF80F40210E04501083FF50000C0036
:107D400040310402FE2640218004BA95FCA0463052
:107D500000830411800A9648582080010411800A8B
:107D6000EA2BFE571411800A44101FFFFE44141121
:107D700080BB4410007FFE4414118075461000FF44
:107D8000DD56FE0C14018077DD9E46000083040062
:107D900000169601DD9E4600008304000016921333
:107DA000DD9EB460EAAEA08114308047A0C2A0037B
:107DB00014308048403138080420804992544021D2
:107DC000500840210DD51420804940203808040077
:107DD0008057921440005008400009D51400805785
:107DE000DD9E4620008304310012441CFFFF960FE5
:107DF000FE5EDD5514010012DD9EFC40840080C44F
:107E00008122842380E349FFF19738149901840289
:107E1000EA51380398008422EA3DFCC04600008104
:107E20000410001A462808085821008040308802B3
:107E30004620C0008C48FE9F1420001A0420001B1E
:107E40006610BFFF6621000F582100061420001B9A
:107E5000042000255810800C662103C01420002542
:107E600014100079041000786610FF005810840088
:107E7000141000780410001992324010C8085810ED
:107E8000B2C814100019DD9EFC003C1DF6E584000C
:107E900049FFFFC68401EB04DD53FC802E17E8A8E0
:107EA0005A1001305A00011AC0045A00021DDD9E0A
:107EB000EA6DB401EB0F9210EA95B601EBB4B40190
:107EC000EA5558000098B601B441EAC2DD43FE16F7
:107ED00046200980FE17D514EA6DB401EB0F92100D
:107EE000EA95D505EA6DB4019210DD5BB601EBB4FD
:107EF000B401EA55B601B441EAC2DD43FE16B6014B
:107F0000DD9EFC0044175C4CB40184416600008097
:107F1000B6018062EB474417544CDD45FC804414A5
:107F20008088B44146005000FE17B6014414001882
:107F3000B40142007009B601DD9E2E17E4F0EBCFCC
:107F40005A180105B420EA52D503B420EB0EB6202E
:107F5000DD9EFC01DD4180C0C82044075828B61FC3
:107F600044075428F081461C000044075C2846283A
:107F700000008066808680A6DD4C4407581CB61F32
:107F80004407541CF081461000C044075C1CEBC33E
:107F90008066808680A6DD4CFC81FC21DD415A088C
:107FA0000133440758288460B61F4407542880834F
:107FB00080A3F081461C000044075C28462800008E
:107FC000DD4CEBA88460EB55B61F44075414804188
:107FD000808380A3F08144075C14DD4CEB59DD49BC
:107FE0004407581C8460B61F4407541CF081461097
:107FF00004C044075C1C46200480808380A3DD4CC1
:10800000EB59DD49846044775818446754188083DD
:1080100080A3B6FFF681EAB646101800EBC9DD4C26
:10802000EB478460B61F4407544CF081808380A3E3
:1080300044075C4C4410060044200400DD4C84607E
:108040004410C0008041B6FFF681EAB6808380A369
:10805000DD4C4414500CB401EA3EB601840FEAD161
:10806000FCA1FC21DD415A08013044075828844016
:10807000B61F440754288062808280A2F081EB55AD
:1080800044075C28DD4CEBA88440B61F4407541419
:108090008062808280A2EB55F08144075C14DD4C45
:1080A000EB59DD494407581C8440B61F4407541C53
:1080B000F0814610048044075C1C8062808280A2AC
:1080C000DD4CEB59DD498440447758184467541817
:1080D0008062808280A2B6FFF681EAB64610100068
:1080E000DD4CEB478440B61F4407544CF08180625E
:1080F000808280A244075C4C44100400DD4C844024
:10810000B6FFF681EAB6441080008062808280A2C9
:10811000DD4C4414500CB401DD4EB601840FEAD19D
:10812000FCA144347018B4239481400100445400ED
:10813000000666108006FE47B623DD9EFC00446400
:10814000020CB4068400802049000CCA2E07ECD42F
:10815000C80446098989D503460009895000089852
:10816000B60644147004B401EB0F9210DD5BB60147
:10817000EA6DB4019210EA95B601FC80FC0044045B
:10818000020CB4208420B620EA6DB4019210DD5BAD
:10819000B60144147000B401EAAAB6018401EB36BA
:1081A000FC8044240010B42296019230EA5AB602B0
:1081B000DD9E44240018B4229604EBD3400083844F
:1081C000B602DD9E44240018B42296044210C80969
:1081D00040008244B602DD9E44240018B422960476
:1081E000DD4BFE0FB602DD9E44240020B42246087B
:1081F000008F500006FFFE0E4610A030FE0FB602A4
:10820000DD9EFC004464008CB406EA555800008AE8
:10821000B60649FFFFEBB406DD54EA55B606EB3867
:10822000A047EA2B58108047A8478382BB4F461CC3
:10823000FFFFDD56FE5E4210F008B9CFBB4F46107F
:10824000F000FE5FB9CF8380B90F4628A000EA7E18
:1082500040110515B98FB90F44240108DD47B98FC6
:10826000B90FEA32B98FB90FEA7E9228B98FB422DA
:10827000EA52B62244272000B422EAD6B62284204D
:10828000442720C08841B46250108040663182008B
:10829000B6625A1980F9A087441F07FFFE5658108E
:1082A000D800A8478380B908DD47B988B908EA3201
:1082B000B988FC8044272000B4229604EAD6EB0D4E
:1082C000B602DD9EFC01440758108460B61F4407C7
:1082D0005410F08144118C0044075C1044210800C4
:1082E000808380A3DD4CFC81FC01EA4850030A54E2
:1082F0008440B61F50030654F081806250030E5430
:10830000808280A246100FF0DD4C50030A98844012
:10831000B61F50030698F081806250030E98808249
:1083200080A246102800DD4C50030AA08460B61FCE
:10833000500306A0F081808350030EA080A3461155
:10834000FE0046205400DD4C50030AA48460B61F92
:10835000500306A4F0814610FE0050030EA44620F0
:108360003800808380A3DD4CFC81FC00EA680410A7
:108370000077500001B4EA381410000AB420EA482B
:108380004E15FFFE8386B873441401245800100074
:10839000B8F3B873506301B466002000A836A03764
:1083A00042007408A837B40166000002B601840ACE
:1083B000DD49B4064E05FFFFFC80441430305A08F6
:1083C0000108B4019210DD5BB6018420D508B40128
:1083D0009210DD5BEB52B6014610080044043038C1
:1083E000B62044143054B401EAA19208B601DD9ECF
:1083F000FC0080C0840080205A6801048046D502B9
:10840000804049FFEB65800649FFEC14FC80461074
:10841000008550408080B464460710F850200FFF5C
:10842000FE9E58214000B644B4448E01FE16B604A8
:10843000EBC30401007B420060081401007BB444DC
:10844000460710FF50000BFFFE1658000400B6044C
:10845000DD9EFC00EA5E8386B920460710FF5000CF
:1084600007FFFE0E58000800B8A08401DD492E0762
:10847000E15C5A08011950630080B40654000800FA
:10848000C012EBF45A080110EA20C005DD595A0861
:108490000205FC80DD53C0FBDD595A000105EA39B5
:1084A0005A0801EDFC804610008504208020460714
:1084B00010FF50000BFFFE1658000400140080202F
:1084C000DD9E46100080505080808060501080B04B
:1084D000A299AAA9EBC3D9FD0411003502300018F6
:1084E00092304011860414110035EAFE5050801875
:1084F0005000003450108034A281AAA9D9FEDD9E1C
:10850000461000805050820C80605010823CA2992E
:10851000AAA9EBC3D9FD04110094023000189230CF
:108520004011860414110094EAFE50508038500027
:10853000003450108054A281AAA9D9FEDD9EFC22ED
:1085400044120A903B00C400B18244109000A8710C
:10855000B480EAAE84403B0FC420F282A0C1144034
:108560008047A102A003144080484041B008043075
:10857000804980FF92744031D00840319195143089
:1085800080494030300804008057464C0C0C92144F
:108590004000500840000D9514008057045080CDD5
:1085A000503200C04601212150000212FF5EFF47F9
:1085B000145080CD045080CE9088FF5EFF47145049
:1085C00080CE045080CFFF5EFF47145080CF045010
:1085D00080D06652803F58528012145080D0EAFEFC
:1085E0000450802D5010822CFEEEFEC71430FFA2E6
:1085F0000430FFA39208FF1EFE271400FFA3EBA286
:10860000040180C058000080140180C0800296845C
:108610008C0138238A029600AA895A0810FAEB3F87
:1086200084431420009B0410009C5000027C92366E
:10863000EB8014107FFD14207FFE04107FFF923624
:10864000EB8014107FFF8420968C8C2138230A0243
:108650009648AA815A1810FAEB3F8443503002BC66
:10866000B643A0599236EB80A859A89AA05B9236DF
:10867000EB80A85BFCA2461000865050811C501075
:10868000813008200001AEA80020001310228014C1
:108690008CA1D9F8DD9E46100086505081445010C0
:1086A000815808200001AEA8002000131022801479
:1086B0008CA1D9F8DD9E5A00020A5A00040DC81197
:1086C000EA68040000209605DD9EEA6804000021A7
:1086D0009605DD9EEA680400002192109605DD9E55
:1086E0008400DD9E5A0002255A0004444E030062B5
:1086F000EA6804100020964D5EF0810C04100028FA
:10870000E80C4210DC08EB9CEA2EEA52EA35EA2E2D
:108710004210D009EA35DD9E4210DC09EB9CEA2EBE
:10872000EB0EEA35EA2E4210D008EA35DD9EEA6803
:1087300004100021964D5EF0810C04100029E80D14
:10874000EA8214100029EA2E4210C809EA35EA2EFE
:108750004210D809EA35DD9EEBE114100029EA2E1B
:108760004210C808EA35EA2E4210D808EA35DD9EE4
:10877000EA68041000219230964D5EF0810C0410DE
:108780000028E80CEA31EB9CEA2E4210C409EA35D5
:10879000EA2E4210D409EA35DD9E4210FC09EB9C1A
:1087A000EA2E4210C408EA35EA2E4210D408EA350F
:1087B000DD9EFC0080C15A000215E603E803C007F5
:1087C000FC805A0003275A000417FC80DD54978D63
:1087D0008382B920661087FFFF8FBEA0EBD9FC8093
:1087E000DD54978D8382B921661087FFFF8FBEA16C
:1087F000EBD9FC80DD548382BB21466F800F506330
:108800000FFF964DFF9E40630604BEA1EBD9FC808E
:1088100049FFF9B3DD5404110398440E003FFE46AE
:1088200097B5406098C414610398EBCEFC80462055
:108830000083041100C09604EA94EB8A140100C07E
:10884000DD9E46200083041100C096044210E40916
:1088500040008324140100C0DD9E462000830411E3
:10886000000F960F66108300EA2CEBDDDD9E46209C
:1088700000830411000F9604DD4BFE0FEBDDDD9E3F
:10888000462000830411000F960466108400400007
:108890008144EBDDDD9E461000865A0801198400F4
:1088A0001400803F140080400400F44D660001FC79
:1088B000580000C81400F44D0420F44D440F01FF8B
:1088C000FE16580064001400F44DDD9E460000FFC3
:1088D000DD431400803F14008040DD9E463000835D
:1088E0000411800E402024084001010454000300BC
:1088F00066108300FE471411800EDD9E460000873F
:10890000041000765000020096678801A6008C01D2
:108910009600DD9E46200087505102005031020A29
:10892000082000018841969018228001DBFADD9E24
:1089300046200081041100229604DD4BFE0F140135
:108940000022DD9E5A10020E5A10031AC924EAA909
:10895000962704110076EB50FE0F14010076DD9E81
:10896000EAA996274010400804310076460FFE0F12
:10897000DD43FE1EFE0F14010076DD9EEAA9962758
:108980004010600804310076EADDDD43FE1EFE0F74
:1089900014010076DD9E5A00020A5A00030EC81226
:1089A000EB94040000769627DD9EEB94040000769D
:1089B00092109627DD9EEB9404000076921896277D
:1089C000DD9EEAABDD9E8400DD9E460000875050B0
:1089D000017484605020018EACE8123280148CA2A5
:1089E000840046100087DAF9AC28120080DB120000
:1089F00080C8120080DC120080C9120080DD1200E5
:108A000080CA120080DE120080CB120080DF1200CC
:108A100080CC120080E0120080CD120080E1DD9E4B
:108A20002E07E894C008FC0049FFFFD184003E07F0
:108A3000E894FC80DD9E5A000224E603E803C007A8
:108A4000DD9E5A0003295A00040EDD9EDD54040108
:108A50000030541083FF660003FFFE4714110030FE
:108A6000DD9EDD5404310031460FC00FDD4354104C
:108A700083FFFE1E4010060414110031DD9EDD54FC
:108A800004010031541083FF660003FFFE471411F8
:108A90000031DD9EFC0046300081542083FF460FEC
:108AA000801F04118398DD43FE0E40000A24844198
:108AB000140183985011866050018A608062DD4500
:108AC000FC8046100080505081FCB465462FC00FDA
:108AD00050210C00FED6464016D0FEE7B665A0E950
:108AE000FE9E46300B605031805BFE9FA8A95A085D
:108AF0000109040080815800000314008081DD9E7C
:108B00000400808166001FFF14008081DD9E5A00F2
:108B100002125A00031DC824DD5404310032460FEE
:108B2000FF0FDD43965FFE1E401006041411003255
:108B3000DD9EDD5404310032460F0FFFDD43965FAA
:108B4000FE1E4010070414110032DD9EDD540401A6
:108B50000032940492044010078414110032DD9E08
:108B600046000081040000F5920B9627DD9E46101A
:108B70000080E601040080A44200700940003F84A8
:108B8000140080A4DD9E46000080040000A4420082
:108B9000700A4200700BDD9E2E17E894FE0F3E0710
:108BA000E894DD9E4610008750508094501080BCA1
:108BB0000A20000154211FFF1A228001D9FAFC006B
:108BC0008401EB90FC8046100087505080BC501010
:108BD00080E40A200001542103FF1A228001D9FAFF
:108BE000FC008402EB90FC804453D7C084403830B2
:108BF00088003840080040320D049902A721403116
:108C00009204990AA7218C4240319304AAE95A2878
:108C100034F0461010104403D828B62046000083D4
:108C2000503003ACA0594210BC08A859A059661096
:108C300087FFEA82A859B443461F800FDD56FE56CF
:108C4000462009A0FE57B623DD9EFC20848080C408
:108C500080E482048224E6CD382018003830980061
:108C6000E80C968F96CF4021100C4031900C4118A3
:108C7000880441080C04D50E96CF50527FF640511F
:108C8000940C5431000350227FE64021880CFEAF43
:108C9000FFD78C828CC15A4828E0EB38151000DBD6
:108CA000150000DCEB3F14700035FCA0FC20844074
:108CB00080C280E280A2820238401800551300FF73
:108CC000970FE7B0383098004042080CE80CE7AC4A
:108CD00041081004E80996CF504100084031900C3B
:108CE000FF5FD508FF6796CF50417FE84031900C79
:108CF000FFDF8C428CC15A2828E1EB3F1500008829
:108D0000145000891470008AFCA0FC2CB18B8006E2
:108D100044120A983B00E4043B0064243B00C80072
:108D20003B00482044020ACC3B005000B1C1FA4449
:108D3000B00684203B03D020DD488006802649FF12
:108D4000FF558007802749FFFF82B006802049FF3A
:108D5000FFAFFCAC44248080B4229604EB5FEBE7C9
:108D6000B602DD9E44262004B422463A3000EA7E54
:108D700040118515B622441480018448AE88FA401B
:108D8000AE888442AE888441AE888444AE88442450
:108D90008080B422960F66109F0058108B00B62278
:108DA00044262000B4624617FFFF50108FFCFE5E81
:108DB000EA31FE47B6224416200CB441EAC2500004
:108DC0000EFFFE1642005808B601DD9EFC002E077D
:108DD000E895C00349002072EA72B4204210AC0B3F
:108DE000C105844844148001AE88B4004200300BB1
:108DF000C004FA20EB70AE40EA72B420EABCC105B0
:108E0000441480018441AE88B400EAD4C02EEB2023
:108E1000B400EAD4C02A8422EB70AE404416200885
:108E2000B401920896005A08A30BB4019210960060
:108E30005A08A306490020428402EAA4DD415A08E8
:108E40000115EB43C002EB08440721E8B40096008B
:108E50003E07EAEC8404EB1B8405EB1B8401EB4B1F
:108E6000490022158400EB4BEA72B400EB83C00486
:108E70008424EB70AE40FC8044062010B400EA4726
:108E8000DD9E44062010B4009604DD9E4404400C90
:108E9000B400EA47DD9EC80444072014D503440704
:108EA0002018B400EA6F920CDD9EC8044407200C21
:108EB000D5125A08010544072010D50D5A0802059D
:108EC000440720A0D5085A080305440720A4D50369
:108ED000440720A8B400EA6F920CDD9EFC0080C11C
:108EE000EA8E84408022E246E805381009098C4168
:108EF000D5FBFC80FC0080C1EA8E84405000064017
:108F00008022E246E8051A1000018C41D5FBFC8066
:108F100044272014B422EA6F9234EAE0EAE9B62248
:108F2000DD9E44272018B422EA6F9234EAE0EAE991
:108F3000B622DD9E4427201CB422EA64EAC9FE0F53
:108F4000B602DD9E44272020B422EA64EAC9FE0F5F
:108F5000B602DD9E44272034B422EA64EAC9FE0F3B
:108F6000B602DD9E4427200CB422EA6F9234EAE078
:108F7000EAE9B622DD9E44272010B422EA6F92343B
:108F8000EAE0EAE9B622DD9E442720A8B422EA6F8F
:108F90009234EAE0EAE9B622DD9E4437201CB4238D
:108FA000EB1FDD5AEA64FE56EA4EB623DD9E4437D7
:108FB0002020B423EB1FDD5AEA64FE56EA4EB623A6
:108FC000DD9E44372034B423EB1FDD5AEA64FE569D
:108FD000EA4EB623DD9E44272054B422962F661015
:108FE000803FFE0FB602DD9E44272054B422962F08
:108FF0006610BF00EA2CB602DD9E44372058B42329
:10900000462FFC0FDD5A962FFE56EA4EB623DD9E04
:10901000FC404464006446008080B60685208401DC
:10902000DD4944740C40EA37B726DD49B407844172
:1090300042004C088062B6074414044044040840CF
:10904000DD45B407844142004C0944140440B6078E
:10905000806244040840DD45EB38B6068401DD49F2
:10906000B726440720C0B4204210E408B620B4203C
:109070004210E40BC9FD840149FFEE28FCC0FC004E
:1090800049FFFFC8FC8044140050B4014421987883
:10909000921140010224B601DD9E44048088B40090
:1090A000921FDD9E44245014B422EA38B622442490
:1090B0008088B4224210FC09400083E4B602DD9EA1
:1090C00044248090B4229604EA8140108024B62281
:1090D000EA4A04208015EB07FE17140080150420CF
:1090E00080DC46080FFFDD43FE1646233000FE17E6
:1090F000140080DC84003E07E86C8422EAD0AE4095
:10910000DD9E44240018C80FB402EBB442004809A5
:10911000B602B401EA55B601B441EAC2DD43FE1617
:10912000B601D520B402EAF0B602462FF00F44048F
:10913000020CDD5AC111B420EA2B58108098B620D9
:10914000B420FE8E46100980FE8FB6404414700095
:10915000B401EA91D50BB420EA2BB620B420FE8EE0
:10916000B64044147000B401EAAAB601DD9EFA20AC
:10917000EAD0AE40DD9E8424EB75AE40DD9E8421B6
:10918000EAD0AE40DD9E842444048011AE40DD9ED2
:109190004620008004110073960466108020400071
:1091A00080A414010073DD9EFC014404588C4434F7
:1091B000550C46100FF044210000B61FF38180814A
:1091C00080A2DD4CFC81FC00EA480413038A460FB0
:1091D000FF3FDD43FE0E844142004C081403038A26
:1091E0005013062850030A288062DD4504130399B2
:1091F000460AFFFB50000FBFFE0E8441580040405E
:10920000140303995013066450030A648062DD4519
:1092100004030296844166001F0058000F001403E7
:109220000296040301965013065866001F0058006A
:109230000F0014030196806250030A58DD45FC803C
:10924000FC20EAF4B48284214120933EB482413070
:10925000931EB482B4622E0003ACB582B4E2B4C2F1
:10926000B4A2DD544110923E40308E9E4100C2BEF9
:1092700040709EDE4060987E4010945E045100F580
:109280004049AC0892AB976740424984FF2F404267
:1092900045444042410440421CE4404218C440124C
:1092A00004A440200C04400089249601FCA044053D
:1092B0001010B400EAA19208DD9E44348088B48383
:1092C00040206408461FCFFF40010304DD564620BE
:1092D0003000FE16FE66FE0FB603DD9E401020082D
:1092E000DD5440108184043100349504FE47FE674C
:1092F0009270964940108E041411003404510033CA
:1093000046187FFFDD565430000FFE6E40108F640C
:10931000141100330411003AFE27661080784030A3
:109320008C641431003AEAA90411003E9600EA2B3D
:10933000FE0F1401003EDD9E40102008DD54401059
:109340008184505100D0A0EAFE4740108084927082
:10935000964940108E04A86AB46546187FFFDD5612
:109360005440000FFE5E40109364B625A06E463F49
:10937000F87FEB73FE5E40109264A86EEB1840100D
:1093800050080441803EDD55EA8046200FF0DD564E
:10939000FE16FE66FE0F1401803EDD9E4414500C46
:1093A000B401DD4EB601DD9E46200081A055960435
:1093B000EBD340108384A855A0554210F409400017
:1093C00083A4A815DD9EFC01EA4850030A9484603A
:1093D000B61F50030694F081808350030E9480A33F
:1093E0004610600046204000DD4C44045888443458
:1093F000550884228440B61FF381808180A2DD4C11
:1094000050030A488440B61F50030648F0814410B8
:10941000006050030E488062808280A2DD4CFC8197
:10942000FC2044175C5CB4018441EAF0B601806220
:109430004407585C4417545CDD4544075C44B42041
:10944000844166108040B620B420EA48EA82B62003
:1094500080624407584444175444DD450413002AED
:10946000460C0FFC500000FFFE0E46102000EA855F
:10947000FE0F1403002A040302AC467E3FFFEBB349
:10948000FE3E42006808140302AC842150030AB077
:10949000EB6C040301AC8421FFC64273E80814732B
:1094A00001AC500306B0EAFCFCA0FC0044045508E3
:1094B000B4205810F800B6208421EAFCFC80FC019E
:1094C000440409208460B61F842144040520F081EF
:1094D000804144040D20808380A3DD4CFC81442422
:1094E0008088B42296046610880040008164B60229
:1094F000DD9E44048088B400EB76DD9E44248088A1
:10950000B42296046610C000400081C4B602DD9EFD
:10951000FC00490004FE4410004B84418405EA42EB
:109520008461544000F880A38405FA2F4420004B46
:109530004900044E4410004C84418405EA42846191
:10954000544000F8FA2F84054420004C80A34900C1
:10955000043FFC80FC00441001024404501CB6206F
:109560004414503CB401442130B0921140004408EE
:10957000B60144145020B401921240010244B601D5
:1095800044145034B401921140004408B60144140C
:109590005038B401921140004408B601440458E424
:1095A000B420EB505810800FB62044145564B441D9
:1095B0006621001F5821000FB64184418062DD45BD
:1095C000FC804E0300A6FC204612492480E0506037
:1095D000892444045900B6C040231809440459049E
:1095E000B64044045908B6E044045580B6C044046B
:1095F0005584B64044045588B6E0440458F4B6C0D7
:10960000440458F8B640440458FCB6E04404557489
:10961000B6C044045578B6404404557CB6E04414C2
:1096200058EC440458E8B6C0B641441458F0B6E1CA
:109630004434556C44145568B6C1B643442455703F
:10964000B6E284498062DD454600924950200249D5
:109650004414589CB641443458A040132009B62302
:10966000443458A4B6E34434551CB643443455201E
:10967000B62344345524B6E350000D894434589041
:10968000B60344345894B62344345898B6E344346B
:109690005510B64344345514B62344345518B6E334
:1096A000443458CCB603443458D0B623443458D448
:1096B000B6E34434554CB64344345550B623443491
:1096C0005554B6E3443458C0B603443458C4B623A2
:1096D000443458C8B6E344345540B6434434554442
:1096E000B62344345548B6E3443458D8B60344044A
:1096F00058DCB620440458E0B6E044045558B6405F
:109700004404555CB62044045560B6E0FCA0DD9EE0
:10971000FC00EA4A50408E94B404844142005C0943
:10972000B604B404806242005009B60450008A9422
:1097300050108694DD45FC80FC00FA2784418405A6
:10974000EA429626461FF6FCDD54501080FFC00A00
:10975000040103A5FE464600090050000B00FE4729
:10976000D504040103A5FE46141103A5EA4A844169
:1097700050008A94806250108694DD45FC80FC0085
:1097800084414444590CFE1694C5B4044414558CC9
:1097900066000020FE1FB604B40166000020FEC76C
:1097A000B661B4048062EBDBB604B401EBDBB60156
:1097B0008004DD45FC80FC00EA4851C30EB4B41CB3
:1097C000844142007408B61C501306B450030AB416
:1097D0008062DD45B41C42007409B61CFC80FC00AC
:1097E000EA4851C30EB4B41C844142007008B61C50
:1097F000501306B450030AB48062DD45B41C420025
:109800007009B61CFC80FC00EADCFC80462000806D
:10981000041100A4960F66108060400080A414011B
:1098200000A4DD9E44240084B4229604EA52DD554F
:10983000B602DD9E44240084B42296044210C4097A
:1098400040008224B602DD9E44240084B4229604A3
:10985000EA94EB8AB602DD9EFC00EA4851C30E642E
:10986000B43C440CFFFFFE0E8441B61C501306644A
:1098700050030A648062DD45B80984416600030034
:10988000EB52B8895013068850030A888062DD4580
:10989000FC80FC00DD4A5A0802048401D508DD4A38
:1098A0005A08030784013E07E86A8400EAA4FC80A2
:1098B00044340020B4A34424008C4252EC0B5A08D8
:1098C000010CB422EA2B5810808AB622B40342005D
:1098D0006C09B603D50EB482964C664200FF58421E
:1098E000008AB682B40342006C0940100764B623B4
:1098F000B402EA55B6028005DD9EFC41FD308401CC
:109900008420812249FFFFD6F08144143008B4013D
:109910004454300CEA3EB60180868AE64424300086
:1099200080059AE696D8E269E81898FC9659B462E0
:10993000927040308E04B662B425DD47B625B4255A
:109940004210D80BC1FDB4204210D808B620B42074
:10995000922818120001D5E64404300CB420DD4BE7
:10996000B620B420EA32B6204414309CB4019604E8
:10997000C0FEF101840049FFFF9DFCC1FC004620B0
:10998000924950210249404118094404589C44140A
:1099900058A0B6408460B681441458A4B6614414FB
:1099A000551CB64144245520B68244245524B66241
:1099B00084438062DD45FC80FC004622492450211E
:1099C0000924404118094404589C441458A0B64046
:1099D0008460B681441458A4B6614414551CB64141
:1099E00044245520B68244245524B66284438062C0
:1099F000DD45FC80842144048018AE4044148098E6
:109A0000B401DD4EB601DD9EFC0049FFFFF5FC8090
:109A1000442FFF8044148008AE8844245024B4624C
:109A2000EA80DD56FE5EEB0EB62244248088B42226
:109A30009604EBE1400080E4B602DD9EFC00463077
:109A4000924950118D894404589C46200249B62001
:109A500050210249441458A0B6418480441458A4AB
:109A6000B681503182494414551CB66144345520A6
:109A7000B64344245524B68284438062DD45FC808D
:109A800044140018B441460BFFBF500007FFFE16F8
:109A9000B601EA6DB4019210DD5BB601DD9E5A0895
:109AA000010D4417103CB401EAA19208B601EB1E67
:109AB000B40142006009D5112E07E897C80F44177A
:109AC000103CB4014629B000EAA140010115B601DD
:109AD000EB1EB40142006008B601DD9EFC0180C0AF
:109AE0008400F181EB1584008020EAAF4404000477
:109AF000B42096B4DD4BFE57B62044040138B44080
:109B0000EA80DD56FE56B6204400987849FFF34BB4
:109B10004404001CB420DD47B62044140024CE05C4
:109B2000B401EA47C0FED504B4019604C0FEF001BA
:109B3000EB368401EB15FC8144240010B402461975
:109B400087809601FE0FB602DD9EFC0044040018DB
:109B5000B4404618048D501084BEFE564626E86276
:109B60008C41FE57B62044240010B422443098782B
:109B7000923040118604B622B4204210D009B6209B
:109B8000B420EB0EB62084008020EAAFFC80442491
:109B90000018C81DB4029604AE08B402EADFAE098C
:109BA000B402EB78AE0AB4024200700BAE0B440470
:109BB000020CB4009208AE0DB40242006C0BAE0E63
:109BC000EBCFB4004200400BAE0FDD9E5A080130CF
:109BD000A70AA6C94042480840420D04A6C8B402DC
:109BE000FF1FA6CB40420F84A6CE40420F644631F1
:109BF000804050318101FF1E463E7FBF50318EFEB6
:109C0000FE1EFE27B6024434020CB483A68D440F18
:109C100000FFFE2640000904B603A60F442470008E
:109C20009644B402EAAAEA5AB602DD9EB422460E6F
:109C30007FBF50000EFEFE0EB602EBB4B441440FDF
:109C400000FFFE16B6012E17E860EBCF5A18030589
:109C5000B420EB0ED503B420EA52B620DD9EFC0002
:109C600049FFF9165A00010749FFE966560040000E
:109C7000EB76FC80FC404474001840602C08B5274B
:109C8000406303C45A080127DD405A0801114614F5
:109C900000405810880042634808FF8E461BFFBFF3
:109CA000501087FF40048402FF87D50D4624000032
:109CB000461BFFFFEB42501087FFFEB640048402B4
:109CC00040610004B6C7EA6DB401EB0F9210EA954B
:109CD000D51146240000461BFFFF501087FFEB42C2
:109CE00040048402FEB6FE17B607EA6DB401921076
:109CF000DD5BB601FCC0442730104414701CB40274
:109D00009604C805B401EA475A0001FB4417301015
:109D1000B40142000C0B5A0001FDDD9E84A0D0046A
:109D2000EBA38CA1D5FDDD9EFC004437301044240C
:109D3000701CB423EA965A180106B422EA965A1007
:109D400001FA44173000B6018402EBAEEB64FC80EC
:109D5000FC004611FFFF50108F00FE0FEBC7FC8088
:109D6000FC004611FFFFFE0FEBC7FC80FC00460124
:109D7000FFFF500002BBEBC7FC80FC0044373010F3
:109D80004424701CB423EA965A180106B422EA96B9
:109D90005A1001FA44173000B6018402EBAEFC8081
:109DA000FC004661FFF950030527EB3050030487A0
:109DB000EB30EB64FC80FC004661FFF950030500CA
:109DC000EB3050030400EB30EB64FC80FC6081203E
:109DD0008181FD3181A4816564A304024401800076
:109DE000EA33DD405A08010546001018EA3349FFFE
:109DF000FFD95A90FF048009EB3140769D0440035F
:109E00009A0440003304EBC74E9300088ED0E6C29C
:109E1000E808FA04DD49D5055A9802045A603FFB68
:109E20005AB80104840FEB3149FFFFC764A3040350
:109E3000FCE0FC20443730104424701CB423EA9624
:109E40005A180106B422EA965A1001FA4417300053
:109E5000B6014460100044748008B407EBF8C808E9
:109E60002E07E8A0C80584018EC1EBAECEF7842290
:109E70004404800AAE4044073014B40092109600A7
:109E8000FCA0FC6180C180E2F08164A30402440173
:109E90008000EA33DD405A08010546001018EA3315
:109EA0004692F00040949D0440949A0484C08166D8
:109EB00049FFFF78F001EB31800949FFFFBC80E0EA
:109EC0002E07E8A05A0801088CC197B03EB7E8A059
:109ED0005A6804F0840FEB3149FFFF6F64A3040359
:109EE0005A6004048007FCE18400FCE14404701C17
:109EF000B420EA96C90CFC0080C049002FF7B406D4
:109F0000EA475A0801FC840AEAD1FC80DD9E441726
:109F10003008B4016600001FDD4EB6014404800A1B
:109F20008424AE408422AE4044148088B401EAF018
:109F3000B601DD9E44073004B420DD4BB620B420CA
:109F4000DD47B620DD9E44240054B422962F5800ED
:109F500000206610803FFE47B622DD9E4434005448
:109F6000B44344100040662101E04000800C5821B9
:109F70000020540001C0FE17B603DD9E44140054B7
:109F8000B401DD5BB601DD9EFC00DD405A08010432
:109F90008400EB04FC80DD9EDD9EDD9EDD9EDD9E6B
:109FA000DD9EDD9E441400D4B40142004C08B6018D
:109FB00044140208B441EAC2DD43FE16B601440768
:109FC0001060B400EB78C805EA27EBCCEB67EB63D5
:109FD00044140108B40158002000B601DD9E46007B
:109FE0000085502000C8B422EA85B622B422EB5F77
:109FF000B622DD9EFC0044140108B401EA5E58005C
:10A000004000B6018386B832DD4EB8B28401DD4926
:10A01000B832EA3EB8B2B831DD4EB8B1FC80461075
:10A020000085140080460400801142007808140066
:10A03000801184001400801CDD9EFC00EA5E838693
:10A04000B8CCF004B9CDBAC0BBC1BCC2BDC3B8A2C4
:10A05000F005B8A3FC804424809CB4229604DD4B18
:10A06000FE47B622B422EA81EBF5B602DD9E462019
:10A07000008050510388B46595049720663180F0C4
:10A08000FEE7B665A0ED540000F0663180F0FE1FDB
:10A09000A82D5051037C5021038008008001AE2878
:10A0A000A60B100280148CA1DAF9DD9E4600008018
:10A0B00050200388B42266108F0FB622A055661078
:10A0C0008F0FA855DD9E46200080044100E24050DD
:10A0D0003008443F0FFF9769FF1EFF2F144100E235
:10A0E000044100E74450F00040028102FEE6FEC752
:10A0F000143100E750510384502103880800800187
:10A10000AE28A60B100280148CA1DAF9DD9EC90BD3
:10A11000462000850411002A9604DD4BFE0F140131
:10A12000002ADD9EEA4A04108013964C5A1801FB5F
:10A13000FC0080C049FFE20DC80FEA278381BA20E6
:10A1400040032008466710FF50630EFF54000100D3
:10A15000FF96FE37B8A0FC80461000850400802AD8
:10A1600042007C081400802ADD9EFC404690008559
:10A1700080C0467710F8C80F4900053B8389B83284
:10A18000EBB342003C08B8B2B820FFC65873C00019
:10A19000BFA0D50E84014900052C8389B832EBB3EA
:10A1A00042003C08B8B2B82084C1FFC6BFA0EA276D
:10A1B000B44196344221480940210244B64183818A
:10A1C000BA2A46300081EB42BAAABA2A6621200098
:10A1D000402101A4BAAAB44142217409402103A438
:10A1E000B6410421801C662108004001016414016D
:10A1F000801CA00BEA91A80BEB14FCC0FC2080E0B3
:10A20000DD41EA5E5A08011D8386B84A3C13F20A12
:10A210009210DD55B8CADD40C80C3C0DF903401062
:10A220002008A0329218EBC540000515A832D523AE
:10A23000A07292384010E008DD47A872D51CDD40BE
:10A24000C80C3C0DF90440102008A0329218EBC550
:10A2500040000515A832D507A07292384010E008DA
:10A26000DD47A872EA278381B84A3C23F20C92109A
:10A27000EA95B8CAEB00CF043C1DF902D5033C1D9A
:10A28000FEC31410002BFCA046100085B4419604B8
:10A2900042215409B641B44142215809402102C427
:10A2A000B6410420802A66210400400101441400C4
:10A2B000802ADD9E46200085B42296044210DC09E7
:10A2C000400082E4B602DD9EFC01E601F0814630EA
:10A2D00000853EF7E869B44342215C0940113EE441
:10A2E000B62349FFE09BF001EB46EB14FC81FC2018
:10A2F00046300085C9493C6DF8593C03F0B0400038
:10A300001A048383B8D33C7DF85A3C5DF85B9639D8
:10A3100040001604B8D43C4DF85C3C2DF85D962105
:10A3200040000A04B89A3C1DF85E3D1DF85F96098E
:10A330004100460444030000FFC61501801BFF8650
:10A3400092EC406399D53C7DF858FF46FFC64063C8
:10A350001E15FF0640531555FE8640429115FE46D8
:10A36000402208D5401104954008800240008055E5
:10A37000B8D53C0DF860B8D13C0DF861B8D23C0DB1
:10A38000F862B8D7FCA0CA2F3C1DF7F03C2DF7EFC0
:10A390009649EA548383B9D33C1DF7EE3C2DF7ED83
:10A3A0009649EA54B9D43C1DFEE93C2DFEE8964995
:10A3B000EA54B99A3C1DFEE73C2DFEE69649EA5464
:10A3C000B99B3C2DF7F03D0DF7EF3D2DF7EE3C7DB1
:10A3D000F7ED3C6DFEE93C5DFEE83C4DFEE73D3DA2
:10A3E000FEE6D52E3C1DF7EC3C2DF7EB9649EA54E2
:10A3F0008383B9D33C1DF7EA3C2DF7E99649EA542B
:10A40000B9D43C1DFEE53C2DFEE49649EA54B99AC8
:10A410003C1DFEE33C2DFEE29649EA54B99B3C2DDF
:10A42000F7EC3D0DF7EB3D2DF7EA3C7DF7E93C6D90
:10A43000FEE53C5DFEE43C4DFEE33D3DFEE24413A3
:10A4400000004118040241090402938CFE8E410869
:10A4500045D5FFCE40280A15FF8E40211D55FF4EE1
:10A4600040211915FF0E402114D5402110954019A7
:10A47000840240110455EA8614118055EA27C80B5E
:10A480003C0DF7E88381B8D13C0DFEE1B8D23C0D1C
:10A49000FEE0D50A3C0DF7E78381B8D13C0DFEDF25
:10A4A000B8D23C0DFEDE14008057FCA0462000858B
:10A4B000C90A500100D4A844A845B620A841A84222
:10A4C000A843DD9E46113E82501088A0EA861411F2
:10A4D0000039C80C44100E38503100D4A85D441027
:10A4E00007FEB603A859A81AD50D4601040050006E
:10A4F0000E38503100D4A81D84208402B623A81938
:10A50000A85A14010038DD9E46300085C9253C0D4F
:10A51000F8643C1DF863DD5550218160A8133C0DA3
:10A52000F8663C1DF865DD55A8143C0DF8683C1D27
:10A53000F867DD55A8153C0DF86A3C1DF869DD5536
:10A54000A8163C0DF86BB6023C0DF86CA8113C0D3A
:10A55000F86DA812DD9ECA1A3C2DF7E63C1DF7E502
:10A56000DD5F5041816CB6243C2DF7E43C1DF7E3E0
:10A57000DD5FA8613C2DFEDD3C1DFEDCDD5FA862D9
:10A580003C2DFEDB3C1DFEDAD5193C2DF7E23C1DCF
:10A59000F7E1DD5F5041816CB6243C2DF7E03C1DB6
:10A5A000F7DFDD5FA8613C2DFED93C1DFED8DD5FE5
:10A5B000A8623C2DFED73C1DFED6DD5FEA86141155
:10A5C000805EEA27C80C3C0DF7DE140080583C0D75
:10A5D000FED5140080593C0DFED4D50B3C0DF7DDA3
:10A5E000140080583C0DFED3140080593C0DFED25F
:10A5F0001400805ADD9EC91C3C0DF89E3C1DF89D40
:10A60000EA4EEB001410004B3C1DF8A03C2DF89FC7
:10A61000DD5F141000613C1DF8A23C2DF8A1DD5F48
:10A62000141000623C2DF8A33C1DF8A4D541EA8625
:10A63000EA27C820CA043C2DF7DCD5033C2DF7DB04
:10A640003C0DF7DAEA951400804B3C1DFED13C0D21
:10A65000FED0EA4EEB00141000613C2DFECF3C1DF5
:10A66000FECEDD5F141000623C2DFECD3C1DFECC05
:10A67000D51FCA043C2DF7D9D5033C2DF7D83C0D86
:10A68000F7D7EA951400804B3C1DFECB3C0DFECA6B
:10A69000EA4EEB00141000613C2DFEC93C1DFEC8C3
:10A6A000DD5F141000623C2DFEC73C1DFEC6DD5F61
:10A6B00014100024DD9E4620008504110060EA7E0F
:10A6C0009228EB8A14010060DD9EFC00EA5EC83728
:10A6D0008386B848660001FF58000005B8C8B8492D
:10A6E0009210DD5B58000020B8C9B8609210DD5BA5
:10A6F000580079E0B8E0B426EB89DD43FE0EB606DB
:10A70000B426460F3FFFDD43FE0E42006C08B6063E
:10A71000DD415A08010B8386B949440F0000FE0F42
:10A72000B8C9B845DD4ED5088386B8499601EAF028
:10A73000B8C9B845EA3E14030045FC808386B84892
:10A74000660001FF5800001AB8C8B8499210DD5BD6
:10A75000580032C8B8C9B8609210DD5B58003CF0B0
:10A76000B8E0B426EB89DD43FE0EB606B426460FEC
:10A770003FFFDD43FE0E42006C08B606B845EA3ED8
:10A78000B8C5DD415A0801080403004946100340DA
:10A790009601D50604030049461001A09601FE0F5C
:10A7A00014030049FC80FC20463000858383BA11E5
:10A7B000966F6621003FFE574657FFFFB9915071D3
:10A7C000813C844050528FF0860350318138E650EE
:10A7D00038100800E80CB5A395914048180C404883
:10A7E00090124010980CFE67B623D50C9915B5A7AA
:10A7F00095214068100C406898124010900CFE772C
:10A80000B6278C415A2820E5FCA046100085A00BF5
:10A81000EA91A80BDD9EFC404670008544604268CA
:10A82000507380B444909000B4A797694C5480074B
:10A83000C6068401DD498EC1D5F8CE02EB4FFCC0BF
:10A8400046200085A05396046610A000400081A415
:10A85000A813DD9E46200085505100A8B405EA4AA1
:10A8600042006808B60504008014660000E0580045
:10A8700000601400801444121330003080590040EE
:10A8800080584031D008403193040040805BB405CB
:10A89000403193640040805C403193840040805D8F
:10A8A0000010805A403193A4403187C44617BF003E
:10A8B000FECE461840FFDD56FE0EFE1FB605DD9E9D
:10A8C00046100085EBCCEB67EB63DD9E3C0FFA296D
:10A8D000DD9EFC6085608121FAC14063040C8180AB
:10A8E0009C8B960E802BEA2844A4000C80E0802BE1
:10A8F000540600018049B50AEA28FE3FFE3640644E
:10A900001812FF87B6CAFCE044250000EB49B441A9
:10A91000463FFF0FEB73FED6462000F040010202D7
:10A92000FE1FB601DD9E64430402844064230403D9
:10A9300044348080EBC94021040CB4A38C38EB85EF
:10A94000FE1640228812FE87B64364430403DD9E50
:10A9500044250008EB49B461EBC94231E0094001EC
:10A960000302FE1FB601DD9E44250004EB49B441FD
:10A97000925040000A04B601DD9EFC01F381443090
:10A980000064CA04442130B0D5165A28011344206B
:10A99000FFFFDA0D44F003E840423C97FE244031CB
:10A9A000840C40000C979061E283D50CFE2CD504FA
:10A9B00044201F40FE144031840C40000CB69061CE
:10A9C000E0A3E9028C019601C0038E019601F1011A
:10A9D00049FFFFCCFC81C8078421EA29AE40441519
:10A9E0000008D5185A0801088422EA29AE40441507
:10A9F0000018D5105A0802088424EA29AE404415EC
:10AA00000028D5085A08030A8428EA29AE404415CC
:10AA10000038B401EB57B601DD9EFC018420101F05
:10AA2000800794044415000088204425000888020B
:10AA3000B4419694102F8007B44158210001B641CB
:10AA4000B44058210004B640B4409694CAFEB441C4
:10AA5000EBBDEB079604FE17B601FC81C80D8421FF
:10AA6000EA29AE4044050008B420EA32B620B420FA
:10AA7000964CC1FEDD9E5A08010E8422EA29AE40A2
:10AA800044050018B420EA32B620B420964CC1FE2A
:10AA9000DD9E5A08020E8424EA29AE4044050028AF
:10AAA000B420EA32B620B420964CC1FEDD9E5A088E
:10AAB000030D8428EA29AE4044050038B420EA3268
:10AAC000B620B420964CC1FEDD9E44250000EB4923
:10AAD000B4419604EB07FE17B601DD9E8421C00A3F
:10AAE00084225A00010884245A0002055A080305EA
:10AAF0008428EA29AE40DD9E44048080B420EA72B6
:10AB0000B400EB334000071EC016FC00EA29842184
:10AB1000AE40DD405A080104490019893C0DFA296C
:10AB2000C0043C0DFA29DD20EB688C0196003E073D
:10AB3000E867FC80DD9E44048080B420EA72B400A3
:10AB4000EAFBEB69C048FC008422EA29AE40DD4004
:10AB5000C8034900196CDD4A5A0802143C03F42A60
:10AB60009603E4028400E9053C03F42A8E0196036F
:10AB7000EAE33C03F42AC82E3C03EDD39603EAE350
:10AB8000DD405A080118EA680460001397B45A6857
:10AB9000010949FFDCDEC8058006EB044900226C90
:10ABA000EA6EC00684013E0003AE49FFF76B8402E3
:10ABB000EAA4EBE5C00FEA24C80ADD40C808840314
:10ABC00049FFCF9FC0078403EAEAFC8084003E0768
:10ABD000E856FC80DD9E4424005CB4229230EA5AA0
:10ABE000B602DD9E4404005CB4009601DD9E462062
:10ABF000008504310020461710FF940650108FBFC7
:10AC00009636FE5EFE0F14010020DD9E44140138CE
:10AC1000B401463006A0EB52B60144040128B4400A
:10AC2000EA80DD56FE8EFE9FB640B460462C0FFFD4
:10AC3000DD5AFE9EB640B440FE56B620B440EBAF9F
:10AC4000FE56B620DD9EFC408120EAAD84E06473B0
:10AC5000040384013E07E8A88007EB1580078027DE
:10AC6000EAAF44040004B420EB0FDD4BB6204404EB
:10AC70000010B4209230DD5FB6204404001CB420E4
:10AC8000DD47B6205A9801048009D5028007EB36CB
:10AC900044240090B462460F000F50100FFFFE5E78
:10ACA000463055A0FE5FB62244340094B423EAC96E
:10ACB00058108280B623B42244340138EAC95810AF
:10ACC0008096B62244240004B422DD47B622B44361
:10ACD000EA80DD56FE5646200690FE57B6234424F1
:10ACE000001CB422DD47B62244240024B422964C32
:10ACF000C1FE44240090B422DD43FE0E46100C80B9
:10AD0000FE0FB6028401EB1584003E07E8A8EAC4F2
:10AD1000FCC046200081041100149604DD4BFE0F98
:10AD200014010014DD9E46200081A0559604DD4BE1
:10AD3000FE0FA815DD9E46000081A0059604DD9E4D
:10AD4000441470085A080108B4019210DD5B5800E1
:10AD50007823D504B4019210DD5BB601DD9E442456
:10AD60005014B4229604DD4BFE0FB602DD9E44243F
:10AD7000000CB4229604EA38EA2CB602DD9E4405A3
:10AD80001000B42084074000051EDD9E44251000FD
:10AD9000B422961766108700EA2CB602DD9E442482
:10ADA0008084B4229604EA38EA2CB602DD9E44255B
:10ADB0001000B4229604DD4BFE0FB602DD9E442542
:10ADC0001004B4229230EA5AB602DD9E4415100CEB
:10ADD000B401EB57B601DD9E4415100CB401DD4EF5
:10ADE000B60144151018B40196005A005AFEDD9EB3
:10ADF000FC6044651018B40696005A005A194400C5
:10AE0000012CDD494495100C856044AFFF9810B4C7
:10AE10008000FA1810A48000DD49B4064475100CB7
:10AE200096005A00A5F6B407EA3EB607FCE04405D2
:10AE3000100CB4009604DD9E8402EB77EBEADD9EF5
:10AE4000FC003CF7EDEA2E1006B9E02FE80584007F
:10AE5000EB778408EBEADD41C805EA364200080BCF
:10AE6000FC802E07E8AF2E17DC9A8C019600E201D9
:10AE7000EB77E9078400EB778402EBEA8401FC803E
:10AE80008400FC802E27DBD096A6C225FC223C2322
:10AE9000F46E84E5582100083C2BF46EC1063C1387
:10AEA000F46E84E3EBD8EAF1C80A49FFDFB5EA8E15
:10AEB00080C049001C4EEA77F083D50384C0F68336
:10AEC0008460B67FEA888026F203808780A34900E9
:10AED00008E7FCA2DD9EFC412E67D83A2E77D83BCE
:10AEE0002E07E4F65A08010D84003E07E4F63E07FB
:10AEF000E8AD3E07E8AC3E07E8AB3E07E8AADD4018
:10AF00008521C802FB202E17E8AA2E0FE8ADC91D27
:10AF1000C00D49FFDF81F08184208401F201EA281D
:10AF20002E17E8ABFE0F3E07E8AB2E57E8AB8402C6
:10AF30004C54C00984013E07E8AA84003E07E8ABF0
:10AF40008400EB87EB14D52C2E17E4F9E020E928D8
:10AF50002EFFE8AC2E17E4F8E02FE92249001BFC95
:10AF6000EB7B2E3006B98423FECC8440E047E81505
:10AF7000424118248420E026E80D994C38F0151140
:10AF8000E06FE80584003E07E8ACD5078C21964BBE
:10AF9000D5F38C419693D5EB84008421EB9E2EFF54
:10AFA000E8AD2E17E4F98401E02FE9072E1FE8AC85
:10AFB0002E07E4F8400004073E07DC9B2E07E8ACB0
:10AFC0003E07E8DFFA05DD462E67DC9B2E17E8DF3B
:10AFD00097B096483E17E8AC5A68010E84E08400AA
:10AFE0003E77E8AA3E77E8ABEB873E77E8AD3E7761
:10AFF000E8ACD5092E07E8AD8C218C013E07E8AD01
:10B000003E17E8AC8006FCC1FC00842049FFD7E86D
:10B01000FC802E17E8B85A18012384204442544C6F
:10B0200098C12E27E8D1A6D84021044096D888445C
:10B030008C21AED05A1814F62E07E8D18441960020
:10B04000441216F8EB2C2E07E8D18C019600EBD7B2
:10B050002E07E8D1960FEBD78401DD9E8400DD9E9C
:10B06000FC20DD415A08012AEBB7C027840049FFC4
:10B07000EE7384004452544C4462549C444216F88B
:10B08000447216FC820084204020044098EAA6D82E
:10B09000884696D88C21AED05A1814F83812000081
:10B0A0009648EB92390200088C015A0804EE84009D
:10B0B000EBD7840149FFEE50FCA080A04010044073
:10B0C0008440D104A2E98843D5FDA0058802FE038F
:10B0D000DD9EFC00842480C049FFFFF1A074FE0DBA
:10B0E0008420EA92FC80FC6080C15A080108EB5A77
:10B0F0002E17EAEDEA5A480000F45A0812092E0702
:10B10000E8D3B601EA20A809EA2AD5685A080669F0
:10B110002E77E86049FFD3952E17DC8897F84073A7
:10B12000860440738104DD4040038304B6062F0784
:10B13000ECD82EA7ECD72E97ECD62F37ECD52F27AF
:10B14000ECD42F17FB04EA5B2E17DC8A2E77E896E7
:10B150002E57E8952E47E86A2E37ECD32E27ECD2EF
:10B160002EB7EAED5508000141082DA454A50001B1
:10B170004108282454948001410824445539800111
:10B1800041084C6455290001410848845518800144
:10B19000410844A49604944F9648400800C4FE0F0A
:10B1A000967C40000504966C40000524966440009F
:10B1B0000544965C400005649654400005842E27A3
:10B1C000E85CA8312E37E85D2E07E8582E17E859BD
:10B1D000DD5B40000D04FE17EBB9A832FCE05A0815
:10B1E0000E05EAB9480000775A0807142E27E863CD
:10B1F000DD4A2E37E896940497002E17E895961CA2
:10B2000040020104969FFE17964C40000524D53A53
:10B210005A0023685A082A0C3C0401DF3C1001DE66
:10B22000DD55B6062E0003AB9604D5425A080F1C16
:10B23000EAD5B6013C13F58EEACFDD55A8312E17BD
:10B24000E860EAB99604EA2CA8322E07E8AE2E1779
:10B25000E54A2E27E8DE960440000904964C40009B
:10B260000424D5105A080A112E07E8E1B6012E076A
:10B27000E8E0A809EA23A80A3C07F3C13C13F3C39A
:10B28000DD55A833FCE05A080B0E3C13F46EEA239C
:10B29000DD55B6062E07E5702E17E5569604EB65CC
:10B2A000D59D5A0814082E07E8D2B601EA2AA8311B
:10B2B000FCE05A0815082E17DC9B2E07E8DFEA2C65
:10B2C000D50F5A0816052E07E899D5045A08170510
:10B2D000EB6F9604D5055A082D052E0003A0B6067F
:10B2E000FCE0FC00DD415A08010549FFD646FC8020
:10B2F00049FFD65EFC8084003E07FB02843F840049
:10B300003C0FFA2D3C1BEE4CEB293C1FF6E63E07AA
:10B31000E52CDD9EFC008401EA97840149FFE46B83
:10B32000840049FFE46F840049FFE4A4FC80FC0032
:10B3300049FFE49649FFFFF0FC80FC01B61F840141
:10B34000F18149FFE45FF001B43F844149FFDB0331
:10B350008421B45F4400008349FFE4948400EA97A9
:10B36000840F49FFE448840149FFE49C49FFFFE161
:10B37000FC81FC01F081840149FFE444840049FF21
:10B38000E4798400F101804049FFDAE5EBC2A68848
:10B39000A6C9A60AA64BDD5B40000D04FE17EBB95B
:10B3A0008440F10149FFE46E8400EA97840F49FF6D
:10B3B000E422840149FFE47649FFFFBBFC81FC00E5
:10B3C00044021AB4441FFF82AE40FA35AE41441025
:10B3D0000062AE42FA20AE43FA28AE448405EA6722
:10B3E000FC80FC0044021AB4441FFF82AE40FA2BDA
:10B3F000AE4144100062AE42FA20AE43FA28AE4499
:10B400008405EA67FC80FC008400EB138401EA6792
:10B41000FC80FC0080C0DD415A08011D5A6801060D
:10B420002E07FB025A0001FE84013E07E8B1440FDB
:10B43000FF82EB13EBC28401442FFFA3EB2C8C01A2
:10B440005A0826FEFA15EA6749FFFFDF84003E0727
:10B45000E8B1FC80FC0080C0440FFF82CE0784214D
:10B460003E17E8B1EB13FA0FD503EB13FA0B3E07C7
:10B47000E8E5440000623E07E8E6FA003E07E8E738
:10B48000FA083E07E8E88405EA675A68020749FFB8
:10B49000FFBC84003E07E8B1FC80FC4080E08400F3
:10B4A00080C281418123EAB4440FFF82EB13FA1575
:10B4B0003E07E8E596303E07E8E64003200992D0D3
:10B4C000960097B03E07E8E742751C243E67E8E81F
:10B4D00084A0EBC29C2DD70638249400EB2C8CA1C1
:10B4E000D5FAEA678402EAB4FCC0FC2180E080C19E
:10B4F000F2815A08010BDD415A080103EAF9A43030
:10B50000EA71A632EA6AFCA15A08122DDD41B4663E
:10B51000A071A0B25A08011F971CCC052E37E8D3A2
:10B5200040020C069600964C3E07E8D3C904EA2078
:10B53000E220D50285E1541780FF96943E17E86C0F
:10B54000CA04EA2AE240D50285E13EF7E846FA025B
:10B55000D57596DC964C3E37E8D33E17E86C48002C
:10B5600001765A08065DDD415A080103EAF9B4067E
:10B57000964092089600EBD449FFD161B406A672BA
:10B5800092183E17DC8849000C62A03196443E17A1
:10B59000ECD84210040B3E17ECD74210080B3E17B4
:10B5A000ECD642100C0B3E17ECD54210100B3E1798
:10B5B000ECD44210140B3E17FB044210180B3E173C
:10B5C000E4F042101C0B3E17DC8A4210200B3E17A1
:10B5D000E8964210240B3E17E8954210280B3E17C0
:10B5E000E86A42102C0B3E17ECD34210300B920D40
:10B5F00096003E17ECD2EA6AA03296403E17E85C0D
:10B600004010200996483E17E85D401040099648D2
:10B6100092183E17E8583E07E859FCA15A080E1741
:10B62000DD41B4265A08010F968CCA052E17E83D55
:10B63000400104069600EA60840EF10149FFFD55C1
:10B64000FCA1964C3E17E83DFCA18E0CE602E80FEB
:10B65000DD415A000103EAF95A700C0384003C0FE3
:10B66000FA368424840144221AA8D50A5A78071C81
:10B67000DD415A0801098405842444221A8C806221
:10B68000EAFAFCA1A0335410000F3E17E863401003
:10B690001009965FEBD44210200BEAD43E17E896CF
:10B6A000EAF5FCA15A782303EAF95A782A14B4017E
:10B6B0003C0801DC92103C0801DDA0092E1003AB10
:10B6C0009604E220E9032E0003AB96003E0003AB94
:10B6D000FCA15A700F044800006FDD41B446A07110
:10B6E0005A080151EAD596D19603E203E902EB58D4
:10B6F00096933C2BF58FEAF896899603E202E803CD
:10B70000960BD503EAF89603EBFFEACF9230960347
:10B71000E201E9033C13F58D964B3C1BF58DEA24C1
:10B7200080E097DFEAC64003808497C0A0323E776E
:10B73000E8DE54000100C8052E17E83DE201D502FD
:10B7400085E1EABFEA60A0339644C9052E27E8AE3A
:10B75000E222D50285E1541780FF960EEBC1C805A1
:10B760002E17E54AE201D50285E1EABF3E07E54A28
:10B770002E07E54A5A08010584003E07E8AE840F0B
:10B78000EB24960B96933C2BF58FEBFFA032903079
:10B790003C1BF58D9640EA9AEBD4EA60A0339644C0
:10B7A000EBC14210040B920896003E17E54A3E0793
:10B7B000E8DEFCA15A780A15DD415A080103EAF9CE
:10B7C000A6303E07E8E1A6343E07E8E0A434EA44A8
:10B7D000A0333C0BF3C392103C0BF3C1FCA15A788D
:10B7E0000B19DD415A00010FB40696419210EAF19F
:10B7F000EA44A0329644920396003E17E5703E0755
:10B80000E556EA36960E4E0200728401EA9DFCA1CE
:10B810005A781421DD41B426A0B1964C5A0801157E
:10B82000C1062E17E8D2840040100406964896946C
:10B830003E17E8D2CA04EA2AE240D50285E13EF783
:10B84000E846FA04EB243E17E8D296943E27E846F1
:10B85000FCA15A781525DD41B4265A08011954F087
:10B860008001E8052E27DC9B8400E202EABF3E0748
:10B87000DC9B92282E27E8DF9608E240E8032E178B
:10B88000E8DF96483E17E8DFFA05EB24960C92288D
:10B8900096483E07DC9B3E17E8DFFCA15A78161558
:10B8A000DD41B4265A08010D968CCA052E17E89979
:10B8B0004001040696003E07E8D4FA06EB24964CB5
:10B8C0003E17E8D4FCA15A78170BDD415A00010F4E
:10B8D000B4069604C0028401EA78FCA15A782D07C8
:10B8E000DD41C804A6303E0003A0FCA1FC00EBC271
:10B8F000442FFF82AE88FA55AE899680AE8A4020EA
:10B900002009921096909600AE8BAE0C8405EA67E3
:10B91000FC80FC02F0818400F182F283EAB4F00240
:10B9200049FFFFE6F001F103844249FFFD0884026C
:10B93000EAB4FC82FC0044021AB4441FFF82AE4009
:10B94000FA35AE4144100050AE4284448420AE43E8
:10B95000AE8444200078AE85442FFF98AE868441A3
:10B96000AE87101000088409EA67FC80FC0049FFDC
:10B97000F307EBE8840049FFFB49840249FFFD21FE
:10B98000EA7FDD49840249FFFD2EEA7FDD4984021A
:10B9900049FFFD17EA7FDD498402842049FFFFCC7F
:10B9A00044240058B422EAC2DD43FE0E461006903D
:10B9B000FE0FB6024400FFFE49FFFA0349FFFA0EEC
:10B9C000EBDFD500FC00DD4180C05A080113840084
:10B9D00049FFE13A840049FFE12E49FFFC9D8400C4
:10B9E00049FFFB14800649FFD76249FFD768D50B92
:10B9F000840149FFE15F440480198421AE40840141
:10BA000049FFFB0449FFD2FDFC80FC0049FFD2A79F
:10BA1000EADFFC80FC0049FFD2A2EB76FC80FC0050
:10BA2000EA345A08010549FFFFA39200FC80A14DAA
:10BA3000D808FC00800149FFFB4E8420EA92FC807C
:10BA40008401DD9E50107FF1E623E90550007FE080
:10BA5000EA41DD9E5A080F0BEAB95A00010A2E0787
:10BA6000E8AE84208E01EA92DD9E8401DD9E840092
:10BA7000DD9E5A001C078E0684219600EA92DD9E08
:10BA80008400DD9E3C1DFA2D5A1001145A000F0649
:10BA90005A002D045A082F072E17E86C8400EB2259
:10BAA000DD9E5CF00035E9073C0DFA36EA41DD9E8B
:10BAB0008001DD9E8400DD9EFC4684C080E1F08B29
:10BAC0008122B67FF4838403802680468461808649
:10BAD00080A6F681F68249FFD6958402B6FF84E1FE
:10BAE0008026F082F084F20B84038066808780A633
:10BAF000F781F683F785F786F787149F8008F68924
:10BB000049000B2C800649FFD5E18007842349FFBB
:10BB1000D55949FFD5D8C0FE840349FFD6A9FCC634
:10BB2000FC428140EA6C80E0EB7B3C93ED8D5AA8AF
:10BB30001008EBF380E04900162F80C0D50B5AA8FF
:10BB40001107EBF380E03C6DFB0ED50480C05AA0DA
:10BB500029044490032049FFD1A0E6014013BCA072
:10BB6000804944300040FA80800649FFFFA78400E6
:10BB7000EAB4800649FFFEBC840184C049FFD67840
:10BB800044A00040FB308401808680A6806080262F
:10BB90008046B75FF681F682149F800349FFD63254
:10BBA00049FFD17BE2C04013BCA084424400064060
:10BBB00049FFFBC58402EAB4B75FF681F682149FA1
:10BBC00080038401802680468066808680A649FFA7
:10BBD000D619FCC2FC403C1DFA2D5A18010A5A0025
:10BBE00006053E17E83DFCC084203C1FFA2D80C0AE
:10BBF00084E02E07FB02EA8D5A980108CFFB8027CC
:10BC0000FA04DD4480E9D5F68006441254EC3C6E1B
:10BC100008CC49FFFA6A8424440254EC49FFFA4FE5
:10BC20003C0E08CBDD4181205A0001044800006A27
:10BC3000FA04441000C8EA3CFA048029DD445A782A
:10BC40000105FA048027DD44FA0449FFFEEA800674
:10BC500049FFFF1A4E03009249FFFED9C0F6FA08C9
:10BC6000441254EC4422550449FFFE558006441208
:10BC7000550449FFFEDE80E0C004840ADD49D5E5B5
:10BC8000440040008421EA5C8006441255044422AA
:10BC900054EC3C7E08CC49FFFC2A440254EC84243A
:10BCA00049FFFA0D3C0E08CB800649FFFECD5A082D
:10BCB0000105800649FFFF36442254EC84068424A3
:10BCC0008062EAFA84E049FFFEA28120FA045A98D1
:10BCD000011049FFFEA63C0DFA2D5A00014F5CF3FE
:10BCE00083E8E8EB8CE1800997F9DD49D5ED842004
:10BCF000DD445A680C044900165844004000D5162B
:10BD0000EA8FC006800649FFFEB65A000137EBBA3B
:10BD10008421EA5CD503EA8FC80C3C5C08CCDE0FBA
:10BD2000800649FFFEB1C0F8EBBA8420EA5CFCC093
:10BD3000800649FFFEA05A0801F2D5F7440254ECF0
:10BD400049FFF9C9C807441254EC8006804149FFF5
:10BD5000FBCEEBBA8420EA5C49FFFE5E5A08010E76
:10BD60003C0DFA2D5A0001E2EA8FC0F7800649FF28
:10BD7000FE825A0801F3D5D9FCC0FC00EB5A80A022
:10BD80004460C9AED61A4400F38AD80844004E1D58
:10BD9000EA71EA2FDD4EEA6AFC804400A67CD806F0
:10BDA00049FFEA87C80A8006D50744008411D805F0
:10BDB00049FFEA7FC802EA71FC80FC00440084115C
:10BDC000EA71EA2F9604C00B4400A67CEA71EA2FC0
:10BDD000EB5EEA6AEA2F540000FEEA6AFC80FC008F
:10BDE0008400EA71FC804E0700149E4140108435A7
:10BDF00040108455401084954010851540108615DC
:10BE00008C2184009221C1038C01D5FDDD9E84002C
:10BE1000DD9E808084409AE096D8E261E80808328E
:10BE20000001E26240313C1B8043D5F69C11960034
:10BE3000DD9EFC4051FFFBE044200400812080E1B6
:10BE4000B0088420DD48B18144220AE03B0144046B
:10BE500080063B004424A450AC40FA408420B00447
:10BE6000DD4884204E930008842A44020E4849FF8E
:10BE7000FFD280208460866344920E7845220E6C47
:10BE8000971840424C9739030C00B00840A4C040BA
:10BE90004110110084409610E201E80EB40A3858AF
:10BEA0008A0238000901540003FF40001540380899
:10BEB0008A0A8C41D5F138294000B00438001202BA
:10BEC0008A47969F402101408C61B0043820120AB5
:10BED0005A380AD8B0084420006C49FFD5B2B004E3
:10BEE0004410006C49FFD5E151FF8420FCC044128E
:10BEF000020038108101EA7F5CF081918E21E80612
:10BF00004000805640000880D5074000803652101F
:10BF10008031400004809601DD9EFC60442720FCB7
:10BF2000B422460000FFDD43FE47B6224417213C01
:10BF3000B4414472DB20FE17B6014420064044029F
:10BF4000DB20EA9FDD424410031F4402E1601A1324
:10BF500080014C707FFE84C044B2DB20852040030A
:10BF6000240040A00013541480FF800A49FFFFC141
:10BF70008D2138A581095A9810F48CD097B15A6B4D
:10BF800020EF8400581030008C0196011A138001B4
:10BF90005A08C8FA44172080B4014422DB20660006
:10BFA0000FFF58000320B601441720B0B4019214CB
:10BFB00040010284B6014417207CB40166000FFFE3
:10BFC000B601FCE08420EB38141000DDEAFE04002A
:10BFD000803666007F7F14008036DD9EFC00DD40E9
:10BFE000EAAEC8043C0DF870D5033C0DF7D614003A
:10BFF00080DDDD40EAFEC806040080363C2DF87185
:10C00000D505040080363C2DFEC554217F7F660097
:10C010007F7FFE1714008036FC80FC4280E08400A5
:10C02000F08380038121F481EA77F083F001EA8EC6
:10C0300080C0F003F083EAC65A0803043C6FFB0E8D
:10C0400084608480989C9691C705F003EBED3803DB
:10C0500089094E92000AF00338530901380009019A
:10C060008AA0385489098C815A4810EE8C7096D970
:10C070005A3B20E9FCC2FC4184C08120800280E15F
:10C08000F681EA8EF08180469651E227E807F001BA
:10C09000EBED380489098C41D5F8FCC1FC2084E122
:10C0A0004073900C00FF801890E145110000C030F3
:10C0B000225100004052C408E90640528C0C88A767
:10C0C000FF6AD5082260800040529A2140528C0CB1
:10C0D00088A74052900E4262800390D0CE0D03207C
:10C0E00080004E56000740531406FF6A9769D50238
:10C0F00084A188B2D5072260800040529A2088B17E
:10C1000090B18E01AD488C428C229601D5D1FCA015
:10C110002E17DB6C8801960154100003C1048C04B7
:10C120008A019601DD9EEAB0DD9E3E07ECC6DD9EEB
:10C13000FC004900133780C0EA244E020089EB71ED
:10C1400044120E0C50000384AC30EAB0AC3138001D
:10C150008101AC3249FFE3D4AC33EAD5AC343C03C3
:10C16000F58AEA64AC353C03F661AC36EAF8AC37E4
:10C17000EACF12030008EA239604C80444000190A1
:10C18000D50344000191120300263C00035512031D
:10C1900000293C03F3C31203002749FFE8531203AD
:10C1A00000282E17E867440022B812030009840A09
:10C1B000FE0C1203000ADD501203000B3C03F5785D
:10C1C0001203002A3C03F5791203002B3C03F57A95
:10C1D0001203002C3C03F57B1203002D3C03F57C7D
:10C1E0001203002E3C03F57D1203002F3C03F57E65
:10C1F000120300303C03F57F120300313C03F5804D
:10C20000120300323C03F581120300333C03F58234
:10C21000120300343C03F583120300353C03F5841C
:10C22000120300363C03F585120300373C03F2DDB0
:10C23000120300383C03F5861203000C3C03F5871B
:10C240001203000D3C03F5881203000EFC80FC0075
:10C250009442541080FC44020E4849FFE35DFC8088
:10C26000FC0080C09401540000FE49FFE2F8800603
:10C27000842049FFE312800649FFE332FC80FC0181
:10C28000F181C80385E0D509DD5DC004DD5D5A0894
:10C2900001FBEAB08E01E601EABFF1013E07ECC7FF
:10C2A00049FFFFE02E07ECC7F10149FFFFD2FC81F7
:10C2B000FC22F083DD40F08149001C102E47ECC6C3
:10C2C00044720E0C44620E34F08284008047806613
:10C2D00080A4802049FFDD932E17ECC68400EAEE8F
:10C2E000EA512E17ECC68404EAEEEA51EAB0842043
:10C2F000EAC5EA3DEAB08423EAC5EA3DDD405A00DA
:10C30000010484C1D51FEAB0C8FDDD5DC8FB2E174E
:10C31000DC3B5A1006F8802044020E483820040006
:10C320009788E642E8058C215A180AFA80C18006EF
:10C330008420EA3D80068422EA3D80068423EA3D8B
:10C3400084C08401F10349FFFF9CF00349001127D9
:10C35000DD405A080111F002F101804649FFEFC9A2
:10C36000F002F101804649FFF0D1F002F101804670
:10C3700049FFF143FCA2FC558140DD40F081F10111
:10C380008400EB09442210084EA30017B1E0EB280B
:10C39000B196802AFA588007EB01DD48DD405A0843
:10C3A000012944020FE044221D90EBB8EB01EB2879
:10C3B0003B03E420D51EB1CCEB28B1828420FA588F
:10C3C0008007EB01DD48DD405A080114B096443285
:10C3D0000AEC509F80803B01E40080093B0164200F
:10C3E0008420FA58EB01DD483B04E4003B03E420E1
:10C3F0008006EA628007EAF38400EB41800A49FF85
:10C40000FF59EA8849FFE5A8840249FFE5F8800A58
:10C410004900139CFCD5FC0049FFDCB99603EBFFF7
:10C4200049FFDCBB96033C0BF58DFC80FC0044020D
:10C43000551C842044200190DD428400EB81FC8067
:10C440003C23F58AC105FE173C0BF58ADD9EEB45C2
:10C450003C0BF58ADD9EFC622E97D83C2E07D83D1A
:10C46000F0813C03E8185CF00191E90544001000FC
:10C470008421DD51400484088500F082818844D203
:10C4800002004470003244E21E104CC4803C87809D
:10C4900040060408F083815C817C80DCF0014C6004
:10C4A0000022F103400E34003820040184015CF1C5
:10C4B00001918E4140311C568420E90952210031FE
:10C4C000EA2840A5000440B58404D506EA2840A522
:10C4D000000440B58404F0028CC197B041CE000046
:10C4E000D5DEE309E80A40072060B74014B0000138
:10C4F00050040001548000FF5056000154C280FFD8
:10C50000D5C5FCE23C23F58A84214010800CFE5600
:10C510004000800E9604DD9EFC402E97D8362E6794
:10C52000E55C2E77E55B2EA7D837DD415A0801344C
:10C530003C33EC184031A476C32E3C43EC19404206
:10C540002896C42950557FFF5024FFFFEAAC842B66
:10C5500086209768550100FF002000DEC218A083E6
:10C56000EB1DE3A2E8142260000D2270000E406370
:10C570000CD7407390F797B0E2C997F840683C1A1F
:10C580008222E2EA4072BC1A41113C1B8E2196487D
:10C59000EBCAC9E32E07D83AE2C0E9038AC097B0D4
:10C5A0002E07D83BE2E0E9038AE097F8DD415A081C
:10C5B00001063E67E8E13E77E8E0840ADD46DD41BA
:10C5C000C8072E67E8E12E77E8E097B097F8E6C84D
:10C5D0003E77EB16E9045263000F97B0C608E4C734
:10C5E000E8099E319DF1EA8D97F8D50684E1812610
:10C5F000D50384E7852684048420DD512EA7EB171C
:10C600004EA30016800ADD528020C8233C23F2AAE4
:10C610009694C21F2E57DDECD61C8402DD514400D7
:10C6200004058421DD513E67DDECD5135AA80112C3
:10C63000EB6B800A964CDD512E57DDECDE05840253
:10C640008420DD51D506EBD1802ADD513E67DDEC3B
:10C650008402DD52C01D5024800884018420EA2811
:10C660008140804984018420EA28400500043C0F71
:10C67000F77F5023800884018420EA2881408420A9
:10C6800084018047EA28400500043C0FF77E840AB5
:10C69000DD52C0073E97DDF33E67DDF43E77DDF502
:10C6A000FCC0FC60EB8DEA77506006402E97EB17DC
:10C6B00085A0850044C2551C547680FF81C68780C2
:10C6C00054BE00FF4023AC019692EB1D44120FC0F4
:10C6D000840C38A08800DD52400580019600964207
:10C6E000804A4E15008C846F42208C754E25009434
:10C6F000842FFE0C9600400500019600940344121E
:10C700001E1088013A200C005A900133826E8480FA
:10C7100085E041418408415210054001100D415A05
:10C72000540C557200204161900D400A800440175E
:10C730008408883C400B5C1B944996048C81882DAE
:10C7400051578001C007220980003806050954FAB4
:10C7500080FF8DE85A4832E150E700045BC80107CA
:10C760008CC25AD0015685A1D5A88781D5AA82CE80
:10C77000842086A041418408D513438F6024516BE7
:10C78000000840FC0013E30F408C3C1B4084001366
:10C79000C40539760109555C80FF5A1032DF400A22
:10C7A000840840F070004130840540F7840840411F
:10C7B000040D413A4C0C40F7B40055908020418163
:10C7C000840D40499004237B000038F63D11404C15
:10C7D000641B881C94019724413BBC018C21880D6B
:10C7E000519A800141E98013418200134F34FFC701
:10C7F00040F7DC0141E78013D5C1847142208C757C
:10C800004E2500568431FE0C960048FFFF765A9064
:10C81000010AFCE0842FFE0C96008A0A960048FF6D
:10C82000FF6F840A42140024460F0F0F3C33F57F3C
:10C83000500000F142008069EA23E30340343C1ACF
:10C84000960E402090093C3BF57F3C8BF5833C2BBA
:10C85000F584C0312E17EB16EBA138000501FE144C
:10C86000920A96012E17DC3B3C0BF5855A10061DEB
:10C87000EAEF964BE020E930EB58842DFE0C9693BE
:10C880008427FE8C46466666504206674260106802
:10C8900042411068901F40338C0A40128C0A905F0E
:10C8A0008A609A0A88039603EB81FCE08431FE0CCF
:10C8B0009600D5B43C10037242010424462106249C
:10C8C00050210DD34220086840107C0A4001980A8C
:10C8D0008A019601D5C83C13F66242008001960396
:10C8E000EB81FCE084003E07EB183E07EB17DD9E72
:10C8F000EA8954100040C106EBDB3E07DBD184011E
:10C90000DD9EEAA75A000104480000BAFC00840337
:10C91000DD52C0038400FC802E27ECC6EAEFEB7CDE
:10C9200038300901964BE023E902CB04EAEF3810D6
:10C930000909EAD53C23F6619603E040E8122E0788
:10C94000EC3F84C08C013E07EC3F84043E67EC3E24
:10C95000DD52C02FFA008420DD513E67ECC0D5299E
:10C9600084003E07EC3FEA2344420E54960E2E37D5
:10C97000E79AC00EEBFAC00C2E07EC3E38120C0002
:10C98000E001E8038C0196403E17EC3ED50484009C
:10C990003E07EC3E2E17EC3E38020C00E220E90385
:10C9A0008400EBCD3C53E7DBD204FA008421DD5157
:10C9B0002E67EC3F84073C6BF582DD52C818EB58BC
:10C9C0003C13E7DB96939221E041E9112E17EC3DF1
:10C9D0008C219648E623E8043E17EC3DD50B3E0734
:10C9E000EC3DEBD28421EBF6DD51D50484003E070B
:10C9F000EC3D8407DD52C016EA23960EC013EAEF21
:10CA0000EBA4964B9201E020E80D2E07EC3C8C0144
:10CA100096005CF0003FEBD2E907EBF68420DD5195
:10CA2000D5038400EBD28407DD522E17EC3C442062
:10CA300003E8EB6E3C03F6613C1BF57B5CF00320E6
:10CA40003C03E7DCE9048423FE0CD5072E57EB18E2
:10CA50002E17EB17D9028C01E0C04EF3FF5D840066
:10CA60003E07EC3E3E07EC3F842144000088DD5148
:10CA700084028420DD51EABB8401FC808400DD9EB9
:10CA8000FC01DD40F081F1018400EB09FC818400B0
:10CA9000EBCDDD9EFA243C0BF6618C02FE0C842D5E
:10CAA000EA303C0BF6628400EBCDDD9EFC00446274
:10CAB0000CD444020FD049FFD9760013006D002337
:10CAC0000071003300700043006E0053006F84015A
:10CAD00049FFD912840149FFD93C840049FFDED2C5
:10CAE0000003006C3E07ECC6EBA4EBFEEACBEABB0E
:10CAF00049FFFCB3FC80FC402E17E79B44720E0CF0
:10CB00008120EAEE8402EA51EAD744620E34EAC593
:10CB10008422EA3D5A9006142E17E79B8400EAEE21
:10CB2000EA512E17E79B8404EAEEEA51EAD7842003
:10CB3000EAC5EA3DEAD78423EAC5EA3D8400EB81F1
:10CB4000EABB84028420DD51FCC02E07ECD896009D
:10CB5000C00584003E07ECD88401DD9E2E07ECD78B
:10CB60009600C00584003E07ECD78401DD9EFC00E2
:10CB7000840149FFDC24840049FFF0CD8400EB40B0
:10CB8000840049FFF0DF3C03EDD2842784408461B8
:10CB9000EA45EB9FE602E80484018420DD57840027
:10CBA0008020EA2184008421DD5784008421EA2149
:10CBB00084018020EA8B840049000D658400EA53DB
:10CBC000840149FFEB8384003E07ECDB8401EA9D8E
:10CBD000FC80FC002E17ECDAE623E84B2E07ECD4A1
:10CBE000C803EB93C01C84013E07ECD1EB93C00D4E
:10CBF0002E67E85D97B0CE098401EADC49FFE5DDE8
:10CC000084018026DD57D535EB93C033EBF25A080B
:10CC100002318401EADC49FFE5E4D52B2E07E85117
:10CC2000C80884413E27E8515A10020449FFE5ED47
:10CC3000EB5A4410F38A4C00800BDD53C00584008E
:10CC40003E07ECD1FC8084013E07ECD1840049FF13
:10CC5000CC0C840249FFCC23EA2F9604C005840142
:10CC6000EADC49FFE5AA49FFE555840049FFDBA757
:10CC70002E67ECD6840197B03E07ECDBCE0684012C
:10CC800049000D018006EA532E67ECDACE0E8006CD
:10CC900049FFF05880068026DD5780068421DD5745
:10CCA0003E67E8564800006B5A6801452E07ECD6EF
:10CCB0009600C8038020DD572E67ECD497B0C61AC3
:10CCC00049FFD93D49FFD96B49FFDAFE840049FF8E
:10CCD000DA2A8400EB29EA3BEBF184003E07ECD42E
:10CCE00049FFE0CC5A0001FEEACC5A0001FFEACE2F
:10CCF000D5F880068026EA2D80068026EA21800667
:10CD00008421EA2D80068421EA2149FFD91849FFB0
:10CD1000D9468006EB29EA3BEBF1840149FFF0128A
:10CD200049FFE0AC5A0001FEEACC5A0001FFEACE0E
:10CD3000D5F884013C1DF6E549FFD8728441806234
:10CD40003C03EDD78420EA4584218400EA8B8401EA
:10CD5000EBC684018020DD57DD4180C05A08010701
:10CD60008420DD5780068026DD578400EB40840157
:10CD70008420EA2184018020EA2149FFE1FE840029
:10CD80003E07E869EB9F5A08020449FF9E99840117
:10CD9000EA9DFC80FC00C80744121E9849FFE6F992
:10CDA0008407D5035A08010644121E9849FFE6F18C
:10CDB000FC80FC00EACCC84649FFE0605A0001FE56
:10CDC000EACCC840EBB7C83EEA8FC83CDD4A5A08F7
:10CDD000020A2E07ECD7C80649FFD040C803EACEA6
:10CDE000FC80DD4A5A08031DEB7FC82CDD4A5A003F
:10CDF000012A49FFD033C826840449FFBE825A085D
:10CE000001222E07E14C5A08011E2E07E86A9600FF
:10CE10005A080103EAF5EACE8400EAF5FC80DD4A0F
:10CE20005A0804112E67E89697B0CE0CDD4A5A00D6
:10CE3000010A8401EAF5EACE840149FFF2EC3E677B
:10CE4000E895FC802E07ECDBDD9E3E07ECDBDD9EEB
:10CE5000EB9FDD9EFC0049FFD9D6FC80FC204410EE
:10CE600000BE8441840BEA4280C04410003F84022B
:10CE70008441EA4280E0DD415A08010B97FCCF086B
:10CE800097AEC60649FFCB7580C0840AC6062E67DA
:10CE9000E86997B0CE04840BEA3AD505840049FFCF
:10CEA000EA1584C18006FCA0FC0049FFD7EFFC8096
:10CEB000FC0049FFE0EAFC80FC00FA024410032079
:10CEC000EA3CFA028421DD448401EACAFC80FC00C9
:10CED00044121EB48060844080C1E670E931A748E6
:10CEE000A7098E708885A74A96D98885A74B8C306C
:10CEF00088850050FFF488850050FFF58885005034
:10CF0000FFF688850050FFF788850050FFF8888578
:10CF10000050FFF988850050FFFA88850050FFFB1C
:10CF200088850050FFFC88850050FFFD88850050F3
:10CF3000FFFE88850050FFFF88858844D5CF4010CC
:10CF40001009401304805450000F4430FFFF9E2905
:10CF50009741D305080080018840D5FAFE1296005B
:10CF6000FC80FC002E67ECD04400010097B08420C8
:10CF7000CE14802649FFCFA53C6FFB373C0DFB3715
:10CF80005CF005B4E8073C0DFB378C013C0FFB3728
:10CF9000D5F644000100842149FFCF93FC808440F2
:10CFA00044421EB496D1E261E807383008003832B6
:10CFB00008088C41D5F8DD9E44321EB4E222E80810
:10CFC00038400400384184088C219648D5F8DD9E0D
:10CFD00084203C23F29A96094021040E9694CA05B7
:10CFE0008C215A1805F884049600DD9EFC005A0036
:10CFF000020B5A00030D5A08010F2E07E53849FFAE
:10D00000BD3CFC80840049FFBD1CFC808400802066
:10D0100049FFBCD5FC80FC0049FFD4805A080115AB
:10D02000EAB13C23F29A401104123C1BF29AEAB195
:10D030003C23F29B401104123C1BF29B8420DD44F4
:10D0400084038420DD44FC80FC2080E05A18030423
:10D0500048000070E624E8065A100166E622E91D41
:10D06000D55B5A18050448000070E6254EF30068A9
:10D070005A1006044800007084218400DD578400A3
:10D08000EBBF3C0BF29B840149FFD4438401EA656A
:10D0900084018020DD57D55FDD40C8062E17E85695
:10D0A000C9038421DD57EAB18401EB984010801256
:10D0B0003C1BF29BEB32FE0F9601EBBFCF0E3C7B8D
:10D0C000F29B2E07E7ACC8093C03F29AEB329202BE
:10D0D000940240008012EBBFDD40C83D2E67E85649
:10D0E00097B0CE398421DD5784218006EA8B8401F4
:10D0F000EB828401EA6584018020DD575A78032C95
:10D100003C03EDD39603EAE384013E07E8523E0771
:10D11000E8568006FCA0EB328401EB9840008012B8
:10D12000EBBFD519EB325A08040C8400EB22FCA0AB
:10D13000EAB18401EB98FE0F9601D50BEAB14000ED
:10D140009C0E9604FCA0EAB18401EB98400080128A
:10D150003C0BF29B8400FCA0FC05F60EB6DF006FD2
:10D16000803CF681226F8020F682226F8022F68337
:10D17000226F8024F684006F804CF685006F80500B
:10D18000F686006F8054F687F616F688006F805C8E
:10D19000F68949FFCAA4FC85FC05DD4180805A0858
:10D1A000011844022C408460B61F44000090F088AF
:10D1B000F481F382F383F484F385F386F387F389B0
:10D1C000840484254426200880A349FFCA88FC855E
:10D1D000FC05DD4180805A08011844062004846063
:10D1E000B61F44000D89F088F481F482F383F38440
:10D1F000F385F386F387F3898405842444221EB5DE
:10D2000080A349FFCA6CFC85FC0049FFCA4949FF5D
:10D21000FFE144021EB444100079AE41441FFF8474
:10D22000AE428439AE43FC80FC2044362004447274
:10D230001EB4A6B8B42380C0EA2BFE57B62349FF1C
:10D24000FE48EB489C31960149FFD3478405EB1B10
:10D25000FCA0FC003C0012788E01960149FFFFE61D
:10D26000FC80FC008401EA6B440000DC49FFFFDE27
:10D27000FC80FC00EA7B8421EB9DFC80FC00EB0839
:10D280008405DD4949FFFE6FFC80FC402E07E8B8AD
:10D29000C80444721A8CD50344722C4044262004DE
:10D2A0002E17ECE4B402EA55FE0FB602A7B897B009
:10D2B0004E6204098401EA785A6820094402111474
:10D2C0008420844EEA3F852ED5185A68210F4402E7
:10D2D00011093C2DF30480203A2088243C2DF93498
:10D2E0003A2088208E01D5195A68220A4402110476
:10D2F00084208444EA3F852484C1EAD85A682305FF
:10D3000044021100D5F65A682405440210F8D52EBF
:10D310005A682709440210EC84208449EA3F852991
:10D32000D5EC5A682805440210D8D5335A68291B11
:10D330002E07CE43EA865A08010F84073E07DF0115
:10D34000EBAD3E07DF0284043E07DF03440FFFB06E
:10D350003E07DF04440210D084208446EA3F85263D
:10D36000D5CC5A682A08440210C884208445EA3F74
:10D37000D50A5A682B0B440210C084208445EA3F2A
:10D380008401EA6B8525D5B95A682C09440210AC92
:10D390008420FA41EA3FFB21D5B05A682D03DD5EB7
:10D3A0005A682E0B440210348420FA44EA3F840168
:10D3B000EA6BFB24D5A25A682F233C0DF3043C0FE3
:10D3C000F7A32E07CE43EA865A08010F84073E07CB
:10D3D000DEABEBAD3E07DEAC84043E07DEAD440FB2
:10D3E000FFB03E07DEAE4402104C842044200060B3
:10D3F000EA3F8401EA6B44900060EA765A68370895
:10D400004402104884208442EA3FD53D5A683810CF
:10D410003E67ECE4852144021EB4842038102408C1
:10D420008D215A9813FD8401EA6BEA765A686212DC
:10D43000A6399780CE038006D509A6395A00010780
:10D44000A63996005A000203EA4349FFCD50DD5E3B
:10D450005A68D1108007EA4D5A080103DD5E8461E5
:10D46000A639FA2FA6BA80A3A73B49FFE4B1DD5E37
:10D470005A68D20C440FFFD2EA50A6398441A67AEA
:10D48000EA42EB978522EA765A68F30849FFC1DB46
:10D49000EA508521480002315A60010448000169C0
:10D4A000A6395A0801278007EA4D5A080110A63A02
:10D4B0005A08010684003E07E8D0EA57A63A9600CB
:10D4C0004E0300F0EBF7480000E5A63A5A080108C1
:10D4D00084003E07FB043E67ECD8EA57A63A960064
:10D4E0004E03020A3E67FB043E67ECD7480000D2B9
:10D4F000A6395A0802308007EA4D5A080103DD5E5A
:10D50000A63AEA8D4E930007800680268049EB2ECE
:10D51000EAD8A63A5A080106842084018041D51829
:10D52000A63A5A000313A63A5A000410A63A5A081B
:10D53000050684013E07ECD5D508A63A5A00060335
:10D54000EA4384013E07ECD4840180208040EB2E26
:10D55000DD5EA6395A08090549FFFCACEA57A63931
:10D560005A000A0448000075A63A5A080607DD5C0E
:10D5700058000008EA40EA57A63A5A08050E2E0756
:10D58000E8505A00010544000090D5034400009182
:10D59000EA508521EA76A63A5A0807188480443171
:10D5A000FDC444221EB49661FE239222960F3811C8
:10D5B000860294034000800D9600380110088C818B
:10D5C0005A4814F348FFFEF7A63A5A08240E84017D
:10D5D000842AEA503E17ECE5FA343E17ECE63E07A3
:10D5E000ECE748FFFE8A8007EA4D5A00015BA63A45
:10D5F000C094A6BA96905A28020584018020D5A826
:10D60000A63A5A080308DD5CDD4EEA40DD5CEB5EBD
:10D61000D509A63A5A08040FDD5CDD4EEA40DD5C10
:10D62000EA83EA40DD5CEB74EA4084003E07E8648C
:10D63000D538A63A5A000803EA43A67BA6BCA63D05
:10D64000DD5B40000904FE0F3C0FF6F6D52AA63933
:10D650005A081118A63A9700CC09EA61EA695801FC
:10D660000002EADB8124EAE5EAD8A63A5A0001037F
:10D67000EA43EA61EA6966010002EADBEAE5EA57A1
:10D68000A6395A081B11A63A9600C8053E07ECD0E9
:10D690008120EAD8A63A5A000103EA433E07ECD0BB
:10D6A0008520EA76A6395A002203EA43A63AC81131
:10D6B0008401EA50FA12EB97EB233E07ECE6EA8985
:10D6C0003E07ECE72E07DBD23E07ECE848FFFE5CA6
:10D6D0008007EA4D5A0001E6A63A5A000103EA43E0
:10D6E000A67B9648E623E818A63C44220DA09600A7
:10D6F00038010408C906540000733E07DBD0D51377
:10D700005A180106EB743E07DBD1D50D6600000FF9
:10D7100038010408D50884003E07DBD03E07DBD182
:10D720003E07DBD24900083E2E27D8362E17D837C1
:10D7300088224627FFFF50210FF888222E27DBD0B2
:10D7400038200509400004202E17DBD1AC432E17EA
:10D75000DBD2AC46EB233C0BF586EA893C0BF58724
:10D760002E07DBD23C0BF58849FFA557D59A5A689E
:10D77000101CA6395A08100B49FFEB5B3E07FB0152
:10D78000EA588400EA3B8401D50CA6395A001103FB
:10D79000EA432E07FB01EA58EA3B8401EBC0840010
:10D7A0003E07FB02DD5E5A68303DA779A63BA73AEB
:10D7B000A67D404201049688A67C846697689648B8
:10D7C000840099A3E0C3E90A8C6141038C0001083D
:10D7D000000096D988109600D5F64E03FF635A5084
:10D7E0000203DD5E40108904EBE2445200005C60FD
:10D7F00081FC886188A19681E2444EF2FF53C60FF6
:10D800009C87884740F00400010100005CF781FC20
:10D8100039018008E904A690382280088C01D5ECF3
:10D820005A6831308401EA6BA63AA67940908104A7
:10D83000A63CA67B40108104A63844220000960036
:10D84000EBE2EA505C6081FC840044521EB48841E3
:10D8500088619701E289E8119D01C60D40F004003E
:10D860005CF781FCE80438018000D5033801000032
:10D87000380290088004D5EEEB5C40900013EA7605
:10D880005A683525A6395A000107A7B997B05A68D2
:10D890000117D5068007EA4D5A0801F9DD5EA63A60
:10D8A00096005A0001095A000203EA5784043E0711
:10D8B000DC88EA5784223E17DC88DD5E44000035B0
:10D8C000EA50EAE6960048FFFDDE5A686111A63983
:10D8D0009780CE05EA7B8026EB9DDD5EA7B997B0E9
:10D8E0005A68010AEA7B8026EB9DEA575A68A3072B
:10D8F00049FFFAE4852080C9EAD85A68F0328401E9
:10D90000EBC48007EA4D5A080109A7B997B05A60DD
:10D910000103DD5EEBF7D50EA6399780CE068401B4
:10D92000EABEEAFD8401D512A7B997B05A6801088A
:10D93000EAFD4400004049FFBF89EA57A639960036
:10D940005A0802083E07FB008400EA58EA3BDD5E05
:10D95000A6395A08FAD184013E07ECE0DD5E5A6828
:10D96000F25B854180073EA7DE60EA4D5A08010858
:10D97000A7B997B05A680138EBF7D511A639978047
:10D98000CE098401EA583EA7DC8AEAFD8126EA3BFB
:10D99000D52BA7B997B05A680109EAFD44000040A9
:10D9A00049FFBF548520D532A63996005A08021780
:10D9B000A67A3E07FB005A1803053EA7DE60D50A8B
:10D9C000A67A5A1804048403D504A67A5A180803C0
:10D9D000EBC48400EA58EA3BD506A6395A08FA0790
:10D9E0003EA7ECE0852084C1D511A6395A08050D63
:10D9F000A63B5A000A06000380095A080A0684005A
:10DA0000EA508521D502852080C9840149FFCF8154
:10DA1000EB60D53E5A68F608A7B950637F0E5C6389
:10DA20000001D5355A68FA0EA6395A080304840154
:10DA3000D506A6395A000803EA438402EBC4DD5E2A
:10DA40005A60FE03EA438421841E3E17ECE1EA504B
:10DA5000841C3E17ECE53E07ECE684003E07ECE74D
:10DA60003E17ECE8441000743E17ECE9852D3E07A4
:10DA7000ECEA3E07ECEB3E07ECEC3E07ECED3E0734
:10DA8000ECEE3E07ECEF3E07ECF0EA768520DD4158
:10DA90005A08010F4E9200155CF48D8BE804800942
:10DAA00049FFFBC449FFCF168400EAEAD506C60544
:10DAB0004E9300048400EACA8400AE38FCC0CEFB5A
:10DAC000D5FCFCC02E07FB00DD9E2E07DE60DD9E30
:10DAD0002E07E8DE961F3E07FB032E07E8DE9204C2
:10DAE0003E07DF54DD9EFC00EA9F44200D8A80C083
:10DAF00044021EB4DD422E3024EE2E2024F23C10CF
:10DB000012783E37ECE4CE0A4000A00996483E2742
:10DB1000ECE7EB973E17ECE6D50C4000A009EB973D
:10DB20009648841F3E17ECE63E27ECE73E07ECE8FC
:10DB30008401EA6BFC800430001B0040006C405103
:10DB4000A009975F5A480127926C96DF4C32C009B2
:10DB50009D5D846640328CB6AF109768D5109D29C4
:10DB6000846640420C765441800F0030006D66316F
:10DB7000800FFEE71030006D8462AED0844C42020C
:10DB80008873500000703B0048003B00C8208401AF
:10DB9000DD9E8400AE108400DD9EFC628420844CF7
:10DBA0008140B0013C90126E44B24690DD48850041
:10DBB000B0018420844CDD42838850C580E444D089
:10DBC00000FC44721EB444E000FE800C4204347336
:10DBD000A18292C8979FC664800BB041502F8003EA
:10DBE00049FFFFABC05D3C13F3CB4010A00E964C39
:10DBF000C157001580D25A180306000F80035A003F
:10DC00000106000580F85A0801058401100580F816
:10DC10008E22E622E845F20190464E270005422179
:10DC20003801D50284419E7196484EA30023840595
:10DC3000806942308073221F800480034030A00A34
:10DC400096D83833800896489CC138138C08221F18
:10DC500080059D024030A00A96D838339008964837
:10DC60009CC396908C0438138C0838238008D517F1
:10DC7000220F800440148440EBF9969038238408E6
:10DC800096009C89EBD6220F80059CCAEBF99690F2
:10DC90008C23960038238C083803840887818D01F3
:10DCA00050B580FC5A880B93801CFCE2FC203C1091
:10DCB000126F50500C80410080018C2144421EB4F0
:10DCC0008A2080403831040540780000926838325C
:10DCD0001C08A6C08C02383208084C02FFF4FCA0D5
:10DCE000FC203C101270505000C8410080018C2173
:10DCF00044421EB48A208040383104054078000038
:10DD0000926838321C08A6C08C02383208084C02CF
:10DD1000FFF4FCA0FC4084003C60127544221EB459
:10DD2000806098468C013831040844721EB45A0849
:10DD300010FADD59812049FFBD84541000075404B6
:10DD40008007EB65EB48EB719CB154100007EB9B2F
:10DD500050A300059617EB65EBD62E07E5709CB235
:10DD600096442E07E5BD9617EB65EBD6EA469C3345
:10DD70009228EB92EA469C349648EB92840049FF45
:10DD8000D60C44120E48380080008C019627409033
:10DD90000010840049FFD49192089601400480A4A9
:10DDA00096003803A808840049FFD4879600509352
:10DDB00000063803A4083C07F3C39C77EBF9969060
:10DDC0003823840896005013000838038408EA2694
:10DDD000503300099626EA22C002FA102E17E78E69
:10DDE000964C400004C49682EA26EA22960EC002AF
:10DDF000EBADFE17960038038C082E17E78A500308
:10DE0000000AEB922E07E5308CCF9600EB48FCC061
:10DE1000FC0049FFCD83C008EB43C00549FFC86043
:10DE2000EA41D50284019600FC80FC20DD414E02CF
:10DE300000892E77FB0049FFF8CD80C0C8088020FC
:10DE40008401DD4480068422EA5DD540E604E823AF
:10DE500049FFFFE05A0801425A6001052E07E844D5
:10DE6000C83C80068424EA5DC838800649FFF8C0B3
:10DE700049FFFFD0C80C80068423EA5D2E07FB0013
:10DE80005A08021C84013E07E7ABD517800684229E
:10DE9000EA5DD52349FFFFBE80C05A08011FDD405F
:10DEA000C8062E17E856C9038026DD578401842052
:10DEB000DD4484038420D5105A7802418401441043
:10DEC0000190EA3C84018020DD4484034410025820
:10DED000EA3C84038421DD448401EA345A08011FAA
:10DEE00049FFD7D1C809442620042E17ECE4B40218
:10DEF000EA55FE0FB602EB43C002EB08C7035A789F
:10DF000003098401EA903C03EDD39603EAE3D505C7
:10DF10005A7802058401EA90EB0C8403EA3480C04D
:10DF20005A08011049FFD7AFC80C800649FFCCF151
:10DF3000EB60EB43C006EB08FCA08401FA24D5C2D9
:10DF4000FCA0FC0049FFBC7F5A084008EBE84400F5
:10DF5000004149FFBC7BD500FC80E6188020E80A20
:10DF600044020B2C44220B14380004003821040016
:10DF7000D503FA44EAAB3C1DF6F64010B008922CEB
:10DF80004010880D964CC902EAABDD9EC0085A08C5
:10DF9000020F440256AC44120B44D505440256AC61
:10DFA00044120B5C3B00D4003B005420DD9EFC007F
:10DFB0008401842184C0EBC48400EAFD49FFFFE8AA
:10DFC0003E67ECD084C03C6BF67149FFF91F8400BA
:10DFD00049FFD6CA49FFF8E23E67E896FC80FC009C
:10DFE000DD415A08013D2E07DE654462103466109B
:10DFF00000013E17DE65EB1EB4214210C80BC905B7
:10E00000660000033E07DE658408441256C4988803
:10E0100049FFEC81442256C4441210348406A6D031
:10E02000AECA8E0100310008103080089600003121
:10E0300000101030800E8C418C21C8F22E17DE6546
:10E040004432104C661080403E17DE6598433823FA
:10E0500000008C01102080475A0814FAFC80FC0054
:10E0600084413E27FA70C808C91984023E07FA7134
:10E070003E27FA72D5138402C9063E07FA713E178D
:10E08000FA72D50C5A1801063E07FA718403D504BA
:10E09000842A3E17FA713E07FA728401EB4B440260
:10E0A0002C40EA4D8400EB4BFC80FC6051FFF920D2
:10E0B00050BF80608420FA50800BDD4884204420CB
:10E0C0000640B028DD4844120B783B00DC004402D7
:10E0D0000B98509F80803B04DC2044720BA8EB8F90
:10E0E00050AF80243B0FCC20B184EBDE8420FA4477
:10E0F000800AEB2D819FDD48DD405A08010EEBDEE2
:10E10000B04EB1D3EBB2EB2D80078420FA44DD484A
:10E11000EBDE3B0550208400EB0B84203803040029
:10E120005A0004059E81E642E80638258202CA03A9
:10E130003805820A8C215A1814F38420380504000B
:10E140005A0004059E81E642E80638258202CA0389
:10E150003805820A8C215A1814F346A029404680BB
:10E160001EF084C050A50294508401EF38159A0225
:10E17000C125387619019E8992E184005C21000254
:10E1800096C1E267E80D5A180406B0E83881820AA1
:10E19000D505C204B0E838A1820A8C01D5F238D482
:10E1A0009A0149FFBDF54410025842D004738047DC
:10E1B000802DB028964949FFBE088CC15A6808D8FE
:10E1C0008401EB0B51FF86E0FCE0FC0084C03E675D
:10E1D000E86F49FFC63B3E67E86EFC80FC00004FDD
:10E1E00080145A40040544500425D503445002BF0E
:10E1F0004042840950F22710E00FE80652622710CF
:10E20000E0C0E929D51744F0400040F7945DE00FE5
:10E21000E90584C1AF988461D5028460CA045000C6
:10E2200058F0D517520027108A04404014969722C0
:10E23000D51440628809E0C0E90584C1AF988461C3
:10E24000D5028460CA04500058F0D5EF5200271060
:10E250008804D5EC84608083966788245A38010846
:10E2600084044042009688819722D502970AFA0FCB
:10E27000424200018400420200009600FC80FC60E3
:10E2800051FFF8B0F388F186F28781A050CF80B0BB
:10E2900049FFC5EBF0848420FA50800C50AF811008
:10E2A000DD48842044200640800ADD4844020B7883
:10E2B0003B005C00B0343B005C2044020BBC3B00E4
:10E2C0005C0044120B98509F80F03B04DC20B0149B
:10E2D0003B00CC003B004C2044020BDC3B004400E4
:10E2E00044E20BA8B01250BF80743B004420B198A8
:10E2F0003B0750008420FA44800BEB2DDD48DD40C5
:10E300005A0801113B075000B06250EF809CEBB2FD
:10E31000EB2D800E8420FA44DD483B0750003B057E
:10E32000D02084E045C2357438831C005A8004062E
:10E3300050047FFFE602E80E38062202C80B3804BC
:10E34000A20240E00408380E3400EA77880E38064E
:10E35000220A8CE15A7814EA84E038659C005A60FD
:10E3600004059E31E602E80D38061A02C80A380490
:10E370009A0240800408EB8DEA77880838061A0A6A
:10E380008CE15A7814EC842550068002FE0C42B6CB
:10E39000842450900006FA0F4020240C40002C0CDE
:10E3A000FE93FE03F28CF08E84C038861A024E82F1
:10E3B0000099B01238001800F085B03438701A0196
:10E3C00049FFBCE64420025842700873B01438205C
:10E3D00019019679800A924149FFBCE0F00584E07A
:10E3E0009401F083020F8006F08A9630F089F003E2
:10E3F000E0E0E865EA7FFE3CF08BF0034410003279
:10E400008A078E01FE0C40E380139601F08DF00523
:10E410008780E2E014FF800FF00FC020F00BF208BD
:10E42000881C4130001338154E02F00CF3064140B1
:10E430008002380439114010A40DB65FF209F28150
:10E440009667F204F40780AD153F8011154F8010D8
:10E4500049FFFEC64000240CD51FF00DF208881CB1
:10E460004130001338154E02F00EF3064140800291
:10E47000380439114010AC0DB65FF209F28196678D
:10E48000F204F40780AD153F8011154F801049FF4D
:10E49000FEA740002C0C054F8010053F8011400066
:10E4A000500438054E0AF00A51CE0001880E40E0B3
:10E4B00000135BC832B39C3997C0D59AB03438800A
:10E4C0001A0149FFBC654420025842800873B01409
:10E4D0003820190140140013800A924149FFBC758D
:10E4E0008CC15A60080448FFFF6251FF8750FCE06E
:10E4F000FC004402E93049FFD50D4402F24049FFD7
:10E50000D5124403032049FFD52F44030AF049FFE5
:10E51000D534440003FF49FFC468840149FFC48621
:10E520004403032049FFD532840049FFD505EA881A
:10E5300049FFD512EA8849FFD507840049FFD52F46
:10E54000EA8849FFD536840049FFD624EA8849FF86
:10E55000D53AFC80FC0A44020BE4EBB88420FA585C
:10E56000B00A3B0FE420DD48801FEA62B00A80DF7A
:10E57000EAF3FC8AFC0244120C103B00CC00801F22
:10E580003B0FCC2049FFCFDDFC82FC00840849FF13
:10E59000D524840149FFD52AFC80FC00DD4080C0E1
:10E5A000C81349FFBDD7800649FFBDDD800649FF7E
:10E5B000BDE3800649FFBDE9800649FFBDEF440089
:10E5C000016E49FFBDF4FC80FC0080C0C817DD402F
:10E5D000C80D2E07E2D8EA7A2E07E2DEEAC02E073F
:10E5E000E2D9EB122E07E2DFD53C8409EA7A840AED
:10E5F000EAC0EAABEB128006D5348E02E603E806E9
:10E600008409EA7A840AEAC0FC805A680514DD406D
:10E61000C80D2E07E2DCEA7A2E07E2E2EAC02E07F6
:10E62000E2DDEB122E07E2E3D51C8400EA7A8401D6
:10E63000D5145A680719DD40C80D2E07E2DAEA7AC8
:10E640002E07E2E0EAC02E07E2DBEB122E07E2E142
:10E65000D5088409EA7A8409EAC0EAABEB1284009F
:10E6600049FFBDDAFC80FC00E605E80644120CC058
:10E6700038008000D50284008C01960049FFBDA0BF
:10E68000FC80FC0080C0C0045A000110FC8049FFDF
:10E69000E36849FFBEC384013E67E869EB46EA5F71
:10E6A00049FFFF7D8006D51D49FFE35B8400EB46F3
:10E6B000840049FFBD4F3C03EDA649FFBD543C0318
:10E6C000EDA749FFBD593C03EDA849FFBD5E3C03E2
:10E6D000EDA949FFBD634400016E49FFBD68840098
:10E6E000EB3DFC80FC008400EB2A8401EA8C840171
:10E6F000EAF2FC80FC008400EB2A8401EA8C8400AE
:10E70000EAF2FC80FC008401EB2A8400EA8C84009D
:10E71000EAF2FC80FC008400EB2A8400EA8C84008E
:10E72000EAF2FC80FC005A00010BC0065A00020B02
:10E730005A00030CFC8049FFFFD7FC8049FFFFDC37
:10E74000FC8049FFFFE1FC8049FFFFE6FC802E00D2
:10E7500003A1DD9EFC003C6DF854EB8D3E0003A050
:10E76000FA1DDD462E3003A0800696D844122F30C5
:10E77000442003202E47FC963E3003A149FFEC4F76
:10E78000FC803C0DF856DD9E3C0DF854DD9E3C0DA2
:10E79000F855DD9E44022F30DD9EFC00EB8BFC80A3
:10E7A00044022E68DD9EFC008400EB2BFC80FC0004
:10E7B0008401EB2BFC80FC00C80B49FFFFF64402F0
:10E7C00015303C1DF8E5EA8444021544D50949FF9B
:10E7D000FFF044021568EBEFEA844402157CEB2756
:10E7E000EBA7FC80FC00C80FDD40C807440214B64C
:10E7F000EAB8440214CAD51044021258EAB84402D6
:10E800002E30D50A5A080412DD40C809440214DE2D
:10E81000EAB8440214F249FFBC56D51B4402124424
:10E82000EAB844022E1CD5F85A080514DD4080C011
:10E83000C80744021506EAB84402151AD506440270
:10E840001230EAB844022E0849FFBC3D8400D502CC
:10E8500084012E17FC9749FFED14FC80DD9EFC001F
:10E8600049FFC2FCC00449FFC2FC8401FC80FC00DB
:10E8700049FFC2E980C0C80FEA20C005DD595A0827
:10E880000205D509DD53C0FBDD595A000105EA39FF
:10E890005A08010549FFC2DA84C18006FC80EA8774
:10E8A0009600C00584003E07E86E8401DD9EEA5FA5
:10E8B000DD9E3E07FC97DD9E2E07FC96DD9E2E0713
:10E8C000FC95DD9E2E07FC94DD9E3E07FC94DD9EAC
:10E8D000FC0049FFBA5584018420EBAA8401802002
:10E8E000EBAA84018422EBAAFC80FC01F08180C2A7
:10E8F000800149FFFFEFCE0B8403EB96840349FFB1
:10E90000CA72F001842149FFEA96FC818402EB96E9
:10E91000840249FFCA68F00184218440846249FF6F
:10E92000C0EFFC81FC008400EA53840084203E0791
:10E93000FC963E07FC958041EA5FEAB5FC80FC212D
:10E94000F08180E2800180C349FFFFC45A78011240
:10E950005A6802088006EB96F00184208047D506AD
:10E960008402EB96F00180278440806649FFC0C88E
:10E97000FCA1FC00446061A8EB3B49FFD0F3C0065A
:10E98000C6068401DD498EC1D5F9CE02EB4FEB3BC3
:10E99000FC80FC0080C03E07E14C49000A2A80064A
:10E9A00049FFBC48FC80FC41DD4080C0C82249FFD3
:10E9B000D5A2F081800649FFD5A3EB754410004035
:10E9C000AE40FAD180E08121EA49B400EB76C80E6E
:10E9D000C60D2E07FB025A08010610938000FAD1DB
:10E9E000D5F98401EAD18EC1D5F0F00149FFD5886F
:10E9F000FCC1FC0080C05A08011B2E07DC3AEB8EDC
:10EA000084003E07DC96EAA5EB3A840CDD468006DE
:10EA100049FFDF18EAD9800649FFFFBDEB66EB0A24
:10EA2000DD408020C8188006EADAFC80840DDD46CF
:10EA3000840049FFFFB084008020EADA8401DD49C8
:10EA4000EAD3EAA549FFDEE949FFDEE184013E079A
:10EA5000DC96EBECFC80FC22B61F8400100F800FCC
:10EA60008400F181EB0B842084418061EA5F49FFDF
:10EA7000FF68840049FFCEE78401DD4F84C0447203
:10EA80003574EA87C80FEA20C005DD595A08020527
:10EA9000D509DD53C0FBDD595A000105EA395A0892
:10EAA00001F2EAA55603000149FFCECDEAD3EB14EB
:10EAB000EB8DEB485A60010484C1D5E48400DD4F3E
:10EAC0008400501F800FB45FF30149FFFBDA80061A
:10EAD000501F800FB45FF30149FFFBD38006EB0B9F
:10EAE000EA20C005DD595A080205D506DD53C0FBF2
:10EAF000DD595A0801048401D505EA395A0001FD9F
:10EB00008400EB3C2E07E8D096005A080103EB3C4A
:10EB1000000F800F3E07E8D3FA02DD462E07E8D348
:10EB2000100F800FEA2A5A0801058400100F800F89
:10EB3000000F800FFCA2FC005A080106EB3AEB66BE
:10EB4000EAD9FC80EAD3FC80FC0080C03E07FC9739
:10EB500049FFFE33800649FFFD22FC80FC0049FF8F
:10EB6000B973FC80FC14804080C1C944C82A3C0DA4
:10EB7000F77FB61F3C0DF77EF08144000101F08263
:10EB800044000202F083EBD1F08444000808F085D1
:10EB900044001010F08644002020F08744004040DC
:10EBA000F08844008080F089F28AF28BF28CF28D3A
:10EBB000F28EF28FF290F291F292F293B014D54F5E
:10EBC0005A08010A801FEB88DD48EA73B61F8026C9
:10EBD000B014D5455A08026044220C20801F3B0126
:10EBE000640480DF3B006424EB283B006420B01405
:10EBF000D54AC82B3C0DF77FB61F3C0DF77EF08140
:10EC000044000101F08244000202F083EBD1F08461
:10EC100044000808F08544001010F08644002020CD
:10EC2000F08744004040F08844008080F089F28AF8
:10EC3000F28BF28CF28DF28EF28FF290F291F292D0
:10EC4000F293B0148022D50B5A08010E8420801F45
:10EC5000EB88DD48EA73B61F8420B014EB88DD48EA
:10EC6000801FD5145A08021844120C20801F3B0044
:10EC7000E40480DF3B0064243B00E40084203B008C
:10EC80006420B014EB88DD48800649FFCC1CB0142A
:10EC900049FFCC38FC94FC01DD40F081F101840196
:10ECA000EB09FC81FC01DD40F081F1018400EB09FE
:10ECB000FC81FC2B44020C70EBB8B1C244020C98EE
:10ECC0003B03E420B18CEBB88400EB0149FFC04961
:10ECD0008400EB1C49FFFC0E49FFFC3E49FFFFE4AA
:10ECE00049FFFC4A49FFFC53EA8A8400EA7DEBE9CC
:10ECF00049FFEA10F081F1018400EA51EA8A8402B6
:10ED0000EA7DEBE949FFEA06F081F1018402EA516C
:10ED1000EA8A8404EA7DEBE949FFE9FCF081F1012C
:10ED20008404EA518400802049FFCEF384028420C9
:10ED300049FFCEEF8403842049FFCEEB44420CD43C
:10ED40000012008000220081003200820202002BAB
:10ED50000042008349FFB6798007EB4D8006EBBC8B
:10ED6000840149FFBA77840049FFFEF049FFCE2DA8
:10ED70003E07FC97FCABFC018400EBF08400EB4108
:10ED80008400EA538400EB3D49FFFF8EDD40C81448
:10ED9000EA5F5A08010944021568EBEFEA8444026D
:10EDA000157CD508440215303C1DF8E5EA84440280
:10EDB0001544EB27EBA7DD40C80744021008EA62C0
:10EDC00044021DB8D50644020FE0EA6244021D90D9
:10EDD000EAF3DD40F081F1018400EABD49FFE9007A
:10EDE000DD40C80A2E17FC975A1801088001EB8BEA
:10EDF0008402EB1CD5038401EB8BDD40EB448401E2
:10EE0000EB6DFC81FC21B61FEAB72E07FC96EA8E5B
:10EE1000F081B41FEB1C2E67D83D2E07D83C84E24E
:10EE2000FF84B41F802649FFD05B49FFFC6D84013D
:10EE3000DD4FEA87C80FEA20C005DD595A080205F0
:10EE4000D509DD53C0FBDD595A000105EA395A08DE
:10EE500001F28400DD4F5A70010484E1D5E7F0012E
:10EE60008026B45F49FFE90949FFFC46DD40C00246
:10EE70008007EB8BFCA1FC0049FFE85149FFE8B09B
:10EE8000EA5FEB108400EA53EA5F84202E27FC95AA
:10EE9000EAB5840049FFFFB8EA20C005DD595A08E9
:10EEA0000205D506DD53C0FBDD595A080104840173
:10EEB000D505EA395A0001FD8400EB3C2E07E8D065
:10EEC00096005A080103EB3CFA04DD46EA2A5A0090
:10EED000010449FFFC09FC80FC2049000451DD408D
:10EEE000C805EBBBDD46EAD3D5038400DD4F4900FE
:10EEF000049E8400EAE78400EA7949FFCFFD49FFD8
:10EF0000FC038400EA8CDD405A080103EB4EDD402F
:10EF10005A080104DD4FD504EB3AEB66EAD984C206
:10EF200084E03E77E86EEA87C80FEA20C005DD5925
:10EF30005A080205D509DD53C0FBDD595A00010509
:10EF4000EA395A0801F25A60010484C1D5EBDD4068
:10EF5000C803EAD3D5038400DD4F49000427EAB78C
:10EF6000DD405A0801048400EB4E8401EAE7DD40ED
:10EF7000C806EAA5EB3AEB66EAD9FCA08401DD4FAE
:10EF8000FCA0EA36960EC005FC0049FFFFA7FC80F6
:10EF9000DD9EFC018402EBF08404EB418407EA531C
:10EFA0008400EB3DDD40F081F1018402EB09DD409E
:10EFB000C814EA5F5A08010944021568EBEFEA84B5
:10EFC0004402157CD508440215303C1DF8E5EA845E
:10EFD00044021544EB27EBA7DD40C80744021208A2
:10EFE000EA6244022DE0D506440211E0EA624402DE
:10EFF0002DB8EAF3DD40F081F1018402EABD49FF5A
:10F00000E7E3DD40EB448401EB6DFC81FC0084C050
:10F0100049FFE7DA49FFFFBF49FFF849800684202E
:10F0200049FFFD1B5A0801068CC197B05A6806F8C3
:10F03000EA2A5A000103EAB7FC80FC00DD4180C0E7
:10F040005A080119840280263E07E8E24400800045
:10F05000EA5C440000C8DD49842044008000EA5C8A
:10F0600084003E07E8E249FFD4EBEB0A80068026E5
:10F07000EADAFC80FC00DD415A0801092E17E8B1EC
:10F08000C9053E07E8E249FFFFDAFC80FC0049FFC2
:10F09000D740FC80FC00840049FFB9C5840249FFC9
:10F0A000B9D5840049FFB9E1840249FFB9F8840069
:10F0B00049FFBA09840149FFBA3849FFB9D584012B
:10F0C00049FFBA4D49FFBA5AFC80FC008400EA8A25
:10F0D000EA7D8402EA8AEA7D8403EA8AEA7DEA8A92
:10F0E0008404EA7D840149FFB3B584018422EBAA3C
:10F0F000FC80FC0080C049FFCFE55C030001842058
:10F10000EAAFFC80FC0049FFD18DFC80FC0049FF88
:10F11000D1D8FC80FC01441001F9801F844649FFCE
:10F12000D3EE8400441256C4382F8000EB2C8C019F
:10F130005A0806FCFC81FC005A100203840349FFB4
:10F14000D242844680624404589044145510DD45F0
:10F150008449440458C0441455408062DD45FC8015
:10F16000FC00840149FFC3AE49FFB672FA30840146
:10F1700049FFBD35840049FFFA868400EA538401C3
:10F18000EB0B840149FFCB5F840149FFBC0F840175
:10F1900049FFCB6F840149FFBDAC840149FFBDBA73
:10F1A000840149FFBDCB840149FFD19B84008020AD
:10F1B00049FFD1B08422840049FFFFBF49FFD1CC71
:10F1C000840149FFCBB7840149FFD32E840149FF55
:10F1D000D333840049FFD33A840149FFC4EE84004D
:10F1E00049FFC4FA840049FFD31349FFD40F8401B7
:10F1F00049FFD410FC80FC0049FFD4A93C17E7E884
:10F2000044000096FE0CEA79EA303C0801DA44003A
:10F2100000783C0801D9FC80FC4084C080E0840177
:10F22000DD4F81264C6380173E97E86EEA87C80F52
:10F23000EA20C005DD595A080205D509DD53C0FB97
:10F24000DD595A000105EA395A0801F28CC197B01C
:10F25000D5EA8400DD4FFCC0FC008400EB2BFC8071
:10F26000FC01842080C08448801FDD483C33ED8D44
:10F2700084209609E203E80B960438230511384FE1
:10F2800082028C218844382F820AD5F4B43FF001E1
:10F2900044200032EAE4EB21F081B63F800684A0EE
:10F2A000D30B966C382F8602A4408CA18A221A10A8
:10F2B00000019769D5F6FC813C13ED8D40100420C8
:10F2C0004C0080092AF000015EF7FFB0E8FA8401E3
:10F2D000DD9E8400DD9EFC218420B63FF181512F0C
:10F2E00080045A180223223F8001220F800042F13D
:10F2F00080033C4401DA42100003882FE081E95F7B
:10F30000221F800342208003221F8002EA75882288
:10F31000E081E9558803EB7D5EF78029E9048401EB
:10F320003E0003AB84C0D54F84404110042080626E
:10F3300080C280A280824130902039088A11393001
:10F340004D1197D0E1F0E9094130942039304D1149
:10F35000E1F0E906DC06D50480A48087D50280A709
:10F360004130982038F04D11E18FE90A41308C206E
:10F3700038F04D11E18FE9074C334007D504806622
:10F3800080C7D50280678C415A2832D740509420DC
:10F3900040409020385015013820110140308C2019
:10F3A000884540609820382F850938300D01382075
:10F3B00019018843382905098C21D59484003E0021
:10F3C00003AB84C149FFB569C808020F80003C083F
:10F3D00001DE020F8002D507020F80013C0801DE2A
:10F3E000020F80033C0801DF8006FCA13CF401DE33
:10F3F0003C0401DCEB9A3C1401DAEA56880FE02069
:10F40000E90B3C0401DFEB7D3C0401DDEA56880F8B
:10F4100040008007DD9E8401DD9E3C23ED8D84A8A5
:10F42000402008204C01000B2A308001A50040310B
:10F4300094769AE31A300001D5F6DD9EFC002E305A
:10F4400003AB96D8C3062E3003A95A30FF058C6152
:10F450003E3003A92E0003A95CF000C9E806C809E4
:10F460002E0003AA5A0801068001802249FFFFD717
:10F47000FC80FC6080C02EB7D83C2E97D83D84001D
:10F48000EA7740A58409513006403C83EC2084A0F3
:10F490004124801340C5001344D2020045000032CD
:10F4A000E2B2E839848082248065E268E82B40710A
:10F4B000A416986742102C739649381685015CF0A3
:10F4C00081918E21E8084020C03640212856401105
:10F4D0000420D5094010C056522100314010A836F2
:10F4E00040108820402824569401427008739649A1
:10F4F0004278887338E98511887238E31D0996D9F6
:10F50000D5D5888C97215B1001048621D5CE8CA19E
:10F510009769D5C7FCE0FC623C03ED8DB61F840003
:10F52000EA7750B0064084013E0003AF8400EB153B
:10F53000DD4080C08401CE0849FFBC9D800649FFA4
:10F54000C63A8006D509EB4E84018020EA21840169
:10F550008020DD57840149FFC63784043E07E4C498
:10F5600049FFCD9DF081840049FFCD9EDD40C80656
:10F57000EA9BC8048401EB86D5038401DD4F84E057
:10F5800044A48012812744E235908504FA001005D6
:10F590000000EB3B49FFCC775A0001FEEACC5A0051
:10F5A0000104EB6FC0048401EA78D529DD405A08D4
:10F5B0000103EAF53E9003AE640000403E97E895F3
:10F5C000DD405A0001092E0003AE5A08010C3E909E
:10F5D00003AED5DDDD415A0801F82E07E8E2C8FE8A
:10F5E000D5F3EA8796005A0801053E97E86ED502E2
:10F5F00084002E17E86CC902C8068401EB7A84C126
:10F600004800008F49FFBC08EA8E50000640F08297
:10F61000EB6F5A0001F4EB7F9600C8F0802BB47FAB
:10F620009681E243E8072A208001382701098C01EE
:10F63000D5F7EB1649FFFF1FEA26EA224E05000E1A
:10F64000EA26EA2242C07C0981A1EB163CCFF950A0
:10F650003C1FF95149FFFE06EB1649FFFE2F838040
:10F66000EB163E9003AB49FFFE38F083FA1ADD46F5
:10F6700049FFFEBE2E1003AB3E9003AAC90F2E1702
:10F68000E4C48E21964AC1043E17E4C4D5098421FE
:10F690003E87E4C43E1003AAD5033E87E4C42E6728
:10F6A000E86C97B0C604E6E5E908D515F103FE0F4E
:10F6B00096005A08011DD5F82E0003A88C0196006B
:10F6C000E6033E0003A8E90A84003E0003A8840183
:10F6D000EA9DD50684003E0003A85BC001F78400C4
:10F6E0003E0003A98401EB7A84C0D51AFA06DD46F0
:10F6F0002E07E8D45A000115EB16F102804B49FFA2
:10F70000FE9F8CE13C0001D997F9E207E8058401EE
:10F710003E07E898D505490003E948FFFF3944044E
:10F720008012FA20AE402E07E899C018EB6F5A08F5
:10F73000010FDD4180E05A08010B2E17E8B1960851
:10F74000C806EA97EA7FDD498007EA975A6801040C
:10F75000FA1ADD46FA06DD46D5072E07E8D49600EC
:10F760005A080103EB7A84003E07E8D43E0003AF59
:10F770003E0003AEF00149FFCC97FCE2FC0049FFDC
:10F78000B6293E07E4FC49FFBB073E07E4FA49FF00
:10F79000DAD43E07E4FD840349FFC8FF3E07E4FBDB
:10F7A00084238400EA3DFC80FC0084232E07E4FBD4
:10F7B000EA3D2E07E4FCEB2B2E07E4FDEB402E0781
:10F7C000E4FAEB1C8401EA8C8400EB8749FFCCD976
:10F7D00049FFCCDBEB3BEACBEABB8401EA58EA3BCE
:10F7E00084208401DD57DD408020C0038401842013
:10F7F000EA218400EB828400EA658401EB5349FF2F
:10F80000B9EEDD4080405A0801073C03EDD7842063
:10F810008062EA452E07E898C00484003E07E89815
:10F820008401EAE749FFD193FC80FC018401EBF0FD
:10F830008405EB418405EA538405EB3D49FFFA2D2D
:10F84000DD405A08010844021D18EA6244021CF017
:10F85000D50644021D68EA6244021D40EAF3DD4019
:10F86000C80A440215A03C1DF901EA84440215B4FB
:10F87000EB27EBA7DD40F081F1018401EABD49FFF0
:10F88000E3A3DD40EB448401EB6D840149FFF7877E
:10F890008400EB1C840049FFBA1F8400EA8C8401B9
:10F8A000EAF2FC81FC0184003E0003ADEA7849FFE6
:10F8B000FF67DD40C8092E67FB03CE06EBBBDD46C4
:10F8C0008006EB86D5038400DD4F49FFFFB084003E
:10F8D000EAE7DD4080C05A08010949FFFC9FDD408E
:10F8E000F081F1018006EABD49FFFCB88400EB53CA
:10F8F00049FFB97584008020DD5784008020EA210B
:10F900008400EAE18400EBC68400EB40EA20C005F5
:10F91000DD595A080205D54DDD53C0FBDD595A00AB
:10F920000149EA395A000146DD4080405A08010782
:10F930003C03ED8584208062EA4549FFD108DD4023
:10F9400080C05A08010F84008020DD578400802089
:10F95000EA218400EAE18400EBC680068026D50413
:10F96000DD408020C802EAAFDD405A0801062E17AC
:10F97000E896C102EA78DD4A5A000109DD405A08DA
:10F980000104FA07DD4649FFFDC8DD4080C05A0882
:10F99000010B8420DD5780068420EA218400EB825D
:10F9A0008400EA65840049FFC3FE84008020EAAF3A
:10F9B0002E07E899C0068400EB7A84013E0003AD6F
:10F9C0008400EA78DD40C8062E17FB03C903EB86E6
:10F9D000D5038400DD4F49FFFEE9EAB7DD405A0850
:10F9E000010EDD415A080104EBBBDD4649FFD3049B
:10F9F000DD415A000104EBBBDD46DD405A0801043D
:10FA00008400EB4EDD40C807EA9BC805EAA58401E7
:10FA1000EB86D5038401DD4F49FFBA232E0003ADE9
:10FA2000FC81FC40C919C8062E77E1C82E67E1C9E0
:10FA3000D53C5A0801092E77E2102E67E211449254
:10FA400013FCD5355A0802302E77E1EC2E67E1ED34
:10FA5000449213D8D52CC80C2E77DFCB2E67FBE64B
:10FA600097F897B044922E5C44A21274D5225A089B
:10FA7000010D2E77DFCA2E67FBE597F897B0449209
:10FA80002E4C44A22E54D51584C05A08020E2E774F
:10FA9000DFC92E67FBE497F897B044922E4444A246
:10FAA000126CD50780C180E6449213B450A4FFF0D5
:10FAB000840149FFD2D28007802A49FFD2DA80062A
:10FAC000802949FFD3022E07E847C80349FFD2F037
:10FAD000FCC03E000488DD9E2E000488DD9EFC41B3
:10FAE00080C081213E0004884E13009A5A0001050F
:10FAF00044721614D503447216645003FFD8EB4DBC
:10FB00008007EBBCCE262E17E2D644021466EB1A11
:10FB10002E07E294EAF63C0DF893B61F3C0DF894DC
:10FB20003C1DF88E3C2DF88F3C3DF8903C4DF891F3
:10FB30003C5DF892F0813C0DF88DEACD2E07E2E4B1
:10FB4000EAF7EBEB2E07E4BCFE0FEAE28006D527CE
:10FB50005A6802312E17E2D644021466EB1A2E07B9
:10FB6000E2E4EAF73C0DF893B61F3C0DF8943C1D17
:10FB7000F88E3C2DF88F3C3DF8903C4DF8913C5D63
:10FB8000F892F0813C0DF88DEACD2E07E294EAF66A
:10FB9000EBEB2E07E4BCFE0FEAE284002E17E4BC78
:10FBA0002E27E4BEEAE88401EBEB2E27E4BF4800F1
:10FBB00000A85A600104480000A52E17E2D74402AD
:10FBC0001486EB1A2E07E2E5EAF73C0DF89BB61F08
:10FBD0003C0DF89C3C2DF8973C3DF8983C4DF8992D
:10FBE0003C5DF89A3C1DF896F0813C0DF895EACD05
:10FBF0002E07E295EAF62E17E4C12E07E4C0FE0FA9
:10FC0000EAE284002E17E4C02E27E4C2EAE8800668
:10FC10002E17E4C12E27E4C348000073547000FD82
:10FC2000CF382E17DFCD440211C0EB1A3C0DF7F18F
:10FC30003C1DFEF83C2DFEF73C3DFEF63C4DFEF52E
:10FC40003C5DFEF43D1DFEF33D0DFEF2B7BF150F0A
:10FC50008001EACD440212F4EB4D440212CCEBBC1D
:10FC60002E07FB11EAF72E07DFC8EAF62E07DF564C
:10FC70002E17FB0AFE0FEAE22E17DF5680072E270B
:10FC8000DF55EAE82E17FB0A84012E27FB09D53839
:10FC90005A0801382E17DFCC440211A0EB1A3C0D94
:10FCA000FEF13C1DFEF03C2DFEEF3C3DFEEE3C4DDA
:10FCB000FEED3C5DFEEC3D0DFEEB3C7DFEEAB79FAC
:10FCC000F781EACD440212A4EB4D4402127CEBBC56
:10FCD0002E07FB10EAF72E07DFC8EAF62E07FB080F
:10FCE0002E17FB07FE0FEAE22E17FB0884002E27D3
:10FCF000FB06EAE82E17FB0780062E27FB05EAE83D
:10FD00008006802949FFFE8F5A90010484E1D50ABC
:10FD1000EB61C8FDDD5DC8FB2E77DC3B8EE65C73D6
:10FD2000800180068029804749FFD2E38006802930
:10FD3000804749FFD3EB80068029804749FFD45D87
:10FD40008006802949FFD3B4FCC1FC0049FFD12CB7
:10FD5000EB0A8408DD4649FFD14FFC80FC0049FFD7
:10FD6000D5B1840149FFD292840149FFD15ADD40C7
:10FD700049FFD572FC80FC01840149FFD29DDD4022
:10FD800049FFD56ADD4049FFD4A2DD40F081F10191
:10FD90008400EABDDD4049FFD1EADD40EB44840147
:10FDA000EB6D840149FFD13DFC81FC0280C3F083EF
:10FDB0008003F282F181EAE1F002802649FFD58BCF
:10FDC000F001802649FFD5A2EBDCF003F101F2023D
:10FDD00080663C4DF77A49FFD5D2DD415A000103D8
:10FDE000CE038006EA65FC82FC00EA2DFC80FC0064
:10FDF00080C0DD415A0801105A68010B8400EBC035
:10FE00003C13EDE68402EA3C84028026D50384029A
:10FE10008420DD44FC80FC00DD41C0112E07E86D2C
:10FE2000C0058402EA908400EBC08402EA345A08D8
:10FE30000107840049FFD09449FFDD9AFC80FC0053
:10FE400084013E07E8A98420841F806184413C0B23
:10FE5000EE4C440003E8EA4584008020EA8B8440AD
:10FE60008461EA378427EA4584008421EA8B84216F
:10FE70008400EA2D8400EAE18400EA658401EAE175
:10FE80008401EA6584018020EA2D2E67E8A997B0F5
:10FE9000CEFD80068026EA2D80068421EA2D4900C9
:10FEA0000052FC80FC0049FFFFCC4401005649FF92
:10FEB000D50F842080618441EA37EA4584008020A0
:10FEC000EA8B8400EBC684208401EA2D8400EA6575
:10FED000844084613C03EDD28427EA458400842178
:10FEE000EA8B4900005AFC80FC00EBDFFC80FC0040
:10FEF0005A08012780C1DD415A080123EBDCEA736F
:10FF0000D80C49FFD73EFA4E42130824EBDA4003DF
:10FF1000000C40008017D50B3C23EE4CFF9449FFAA
:10FF2000D730EA794000800C400300179601FE03A9
:10FF3000960149FFD74649FFD751EBDFFC80EBE83C
:10FF4000FC80FC00840149FFD714840749FFD720B7
:10FF5000840049FFD726840049FFD72B8401EA5843
:10FF6000EA3BFC803C0C01A63C1C01A64C00FFFCBB
:10FF7000DD9EFC21F0813C6C01243C0DF9323C7C7F
:10FF800001253C1DF933F201EA28FE7EFE36FE0F04
:10FF90008420EA92FCA184003C0E01243C0E012541
:10FFA000DD9EFC20FD305A081205DD41C80284EABE
:10FFB0004402366838701A0AFCA0FC0080C049FF71
:10FFC000FFD34412376838009A0AFC80FC41F08164
:10FFD000649304028440642304035A180112EA90D3
:10FFE0003C6C0124F2013C7C01253C0DF9323C1DA6
:10FFF000F933EA284020180440309C04D50F3C6CAB
:020000021000EC
:100000000124F2013C7C01253C0DF9323C1DF93301
:10001000EA2840230012403384123C2E01243C3E47
:10002000012564930403FCC1FC0080C049FFFFA3C9
:100030005A08011149FFFF984412376838109A0294
:100040004422366838211A028A01E20256078001EA
:10005000FC808400FC803C0C01A68C013C0E01A6B7
:10006000DD9E00003A1FA43C3AFFEFBC426E8020A8
:100070003A6F983C6462A4029DB4647204023A6FC1
:100080009C3C646200029FB264620003640000084A
:100090004900026E3A6F9C046462A4036472040314
:1000A0003A6F9804426E80213AFFEF843A1FA4040D
:1000B000640000043A1FA43C3AFFEFBC426E80206B
:1000C0003A6F983C6462A4029DB4647204023A6F71
:1000D0009C3C646200029FB26462000364000008FA
:1000E000490002473A6F9C046462A40364720403EB
:1000F0003A6F9804426E80213AFFEF843A1FA404BD
:10010000640000043A1FA43C3AFFEFBC426E80201A
:100110003A6F983C6462A4029DB4647204023A6F20
:100120009C3C646200029FB26462000364000008A9
:10013000490002203A6F9C046462A40364720403C1
:100140003A6F9804426E80213AFFEF843A1FA4046C
:10015000640000043A1FA43C3AFFEFBC426E8020CA
:100160003A6F983C6462A4029DB4647204023A6FD0
:100170009C3C646200029FB2646200036400000859
:10018000490001F93A6F9C046462A4036472040399
:100190003A6F9804426E80213AFFEF843A1FA4041C
:1001A000640000043A1FA43C3AFFEFBC426E80207A
:1001B0003A6F983C6462A4029DB4647204023A6F80
:1001C0009C3C646200029FB2646200036400000809
:1001D000490001D23A6F9C046462A4036472040370
:1001E0003A6F9804426E80213AFFEF843A1FA404CC
:1001F000640000043A1FA43C3AFFEFBC426E80202A
:100200003A6F983C6462A4029DB4647204023A6F2F
:100210009C3C646200029FB26462000364000008B8
:10022000490001AB3A6F9C046462A4036472040346
:100230003A6F9804426E80213AFFEF843A1FA4047B
:10024000640000043A1FA43C3AFFEFBC426E8020D9
:100250003A6F983C6462A4029DB4647204023A6FDF
:100260009C3C646200029FB2646200036400000868
:10027000490001843A6F9C046462A403647204031D
:100280003A6F9804426E80213AFFEF843A1FA4042B
:10029000640000043A1FA43C3AFFEFBC426E802089
:1002A0003A6F983C6462A4029DB4647204023A6F8F
:1002B0009C3C646200029FB2646200036400000818
:1002C0004900015D3A6F9C046462A40364720403F4
:1002D0003A6F9804426E80213AFFEF843A1FA404DB
:1002E000640000043A1F943C3AFFEFBC422E802089
:1002F0003A2F8C3C6412A402642204023A1F883C08
:10030000641200029E4A64120003441000A43810D4
:100310008202DD213A0F8404640200436400000875
:100320006402A403641204033A2F8C04422E802139
:100330003AFFEF843A1F94043A0F800464000004EB
:100340003A1F943C3AFFEFBC422E80203A2F8C3C5F
:10035000441000A438108202DD213A2F8C04422E72
:1003600080213AFFEF843A1F94043A0F800464001E
:100370000004D5003A0F803C8400D5B53A0F803C8C
:100380008401D5B13A0F803C8402D5AD3A0F803C50
:100390008403D5A93A0F803C8404D5A53A0F803C4C
:1003A0008405D5A13A0F803C8406D59D3A0F803C48
:1003B0008407D5993A0F803C8408D5953A0F803C44
:1003C0008409D5913A0F803C840AD58D3A0F803C40
:1003D000840BD5893A0F803C840CD5853A0F803C3C
:1003E000840D48FFFF813A0F803C840E48FFFF7C5C
:1003F0003A0F803C840F48FFFF773A0F803CFA00A9
:1004000048FFFF723A0F803CFA0148FFFF6D3A0F38
:10041000803CFA0248FFFF683A0F803CFA0348FF2D
:10042000FF633A0F803CFA0448FFFF5E3A0F803CBE
:10043000FA0548FFFF593A0F803CFA0648FFFF547F
:100440003A0F803CFA0748FFFF4F3A0F803CFA080A
:1004500048FFFF4A3A0F803CFA0948FFFF453A0F30
:10046000803CFA0A48FFFF403A0F803CFA0B48FFF5
:10047000FF3B3A0F803CFA0C48FFFF363A0F803CB6
:10048000FA0D48FFFF313A0F803CFA0E48FFFF2C6F
:100490003A0F803C4400001F48FFFF26840164049B
:1004A000C002440200016404E00345D231D03FC8D9
:1004B000000045F2DB1444010EE0420E0021490029
:1004C0000045490004BDD500FC00EA7B842149FFBA
:1004D000B4DAEA7B842049FFB4E58421EA7BEB9D12
:1004E000840049FFB52149FFD393840149FFD3AD6F
:1004F00049FFD6F949FFD70149FFDA6649FFFD23D5
:100500008400EA3A840049FFACBA840DDD46440217
:1005100016BC442256DC84208A40DD48FC808400DE
:100520006405E403841FEA33640324036412240291
:10053000440F0FFFFE0E6402240364020002EAC8A7
:1005400064020003DD58DD9EFC0049FFFFEA640001
:100550008002921EC00664008402962EC002D5005E
:1005600049FFFFB4EB03DD58DD58FC80DD9EDD9EC6
:10057000DD9EDD9EDD9EDD9EDD9EDD9EFC00EBFCB6
:10058000B42044048018B400EA9A4000051EC02933
:10059000DD405A08011EDD415A00011BDD4080C0CC
:1005A0005A08011749FFCA4C8006EB04EB0A800683
:1005B0008026EADAEA6EC0053E6003AE49FFCA62F1
:1005C0008400EACA8420FA02DD448402EAA449FFD6
:1005D000ACC696034E05FFFD842144048019AE404D
:1005E000EBFC44148018B440B4019604FE16C00716
:1005F0008401AE08DD53C00349FFC9E0FC80DD9EE5
:10060000FC01EAAD46030004EA33DD405A08010567
:1006100046031004EA33EB03DD58DD58EB70441455
:100620008081A600A648FE0E100F8007EBBDC00318
:1006300049FFC3CE440480C444148028B440B401AC
:100640009604FE16C0038401AE08EB4CDD58DD585D
:10065000EAC4FC81FC00EAAD46001000EA33EB037B
:10066000DD58DD5849FFD24AEB20B420EA72B400CD
:100670004200680B4000075EC0048424EA29AE40B3
:10068000EB4CDD58DD58EAC4FC80DD9EFC00EB201D
:1006900044148000B440B4214210EC0B40108B7E17
:1006A000C105844844148003AE88B420EA72B400C3
:1006B000EAFBEB69C0292E07E8A95A080126EBDC02
:1006C000EA7344150004D804B4019210D5178400CD
:1006D0003E07E8A9B4013C23EE4C92108A024E0476
:1006E00000083C03EE4CB4214000061DD506B401C1
:1006F0003C13EE4C92108A0196013C0BEE4C842286
:10070000EA29AE40FC80EAAD46030004EA33EB037D
:10071000DD58DD58EB20B420EA72B400EAFBEB6947
:10072000C00349FFD20AEB4CDD58DD58EAC4FC8017
:10073000DD9EFC0049FFAF53FC80DD9EDD9E44043E
:100740008094B42044048014B400EA9A4000051E4A
:10075000C005440480158421AE40DD9E440480CC55
:10076000B420440480D0B400EAD44000053EC00563
:100770008422440480D1AE40DD9EFC0049FFAE32AD
:10078000FC80FC0049FFAE2FFC80FC0049FFAE2C32
:10079000FC80FC00EAC344148008B440B421EABCE5
:1007A0004010891EC105441480098441AE88B420DC
:1007B000EA49B400EAD44000053EC0048422EB7547
:1007C000AE40EAC3B420EA49B400EADF4000057E47
:1007D000C007840149FFCBC48428EB75AE40EA49C9
:1007E00044148088B440B4214210B80B401089DE14
:1007F000C105EB2644148009AE88B420EAC3B400D6
:1008000042001C0B400004FEC00E441FFF80EA495A
:10081000AE408401EB3684013E07E897DD53C00308
:1008200049FFC8CCFC80FC4144748088EA49B42765
:10083000B400EB784000065EC03E4494800A840415
:10084000EBEEB40744673004EBF8100F8007B407F1
:1008500042004409B607B406EA3EB606840ADD49FA
:10086000B406DD4EB606840ADD4949FFCA8144005C
:10087000008749FFCA77EB64840ADD49B406EA3E83
:10088000B606840ADD49B406DD4EB606840ADD49A3
:1008900084013E07E8A0EBBD9644B407420044093A
:1008A00040000624B6078402EBEE3C0DFA278C01CB
:1008B0003C0FFA27FCC1FC01EAC3B420EA49B400AA
:1008C000EB334000071EC042EBE68421AE40DD530F
:1008D000C01CEA5B96005A080119EA78DD415A0803
:1008E00001068400802049FFEBBC44075824844063
:1008F000B61F44075424F081441003FC44075C24D1
:100900008062808280A2DD4CDD405A08011EDD41FC
:100910005A08010D49FFB98A80C05A0801088400AD
:10092000EA97EA7FDD498006EA97840049FFF033C1
:1009300084008020EADA49FFC36D84003C0FFA3658
:10094000840149FFD18249FFC81BEAC3B420EA49A8
:10095000B400EAFBEB69C03F8422EBE6AE40DD5316
:10096000C83ADD4A96005A080203EAA4FA04EB34B6
:100970008441EA425A08791644075824441003FC7B
:100980008460B61F440754248041F081808344076B
:100990005C2480A3DD4CDD4184205A08011AD51661
:1009A000FA04EB348441EA425A087A07DD41802098
:1009B0005A08010FD50BFA04EB348441EA425A0875
:1009C0007B0BDD415A080105842249FFEB4A840173
:1009D0003E07E4F0EAC3B420EA49B4004200680BE1
:1009E0004000075EC012FA04EB348441EA425A0028
:1009F000790A44147008B4019210DD5B5800782322
:100A0000B6018424EBE6AE40FC81DD9EDD9EFC0059
:100A1000EAAD4607100C500000ADEA33DD405A083D
:100A200001074607102C500000ADEA33EB03DD58F8
:100A3000DD58EBFC44248018B420B4024200140BAF
:100A4000400004BEC00964032002EAAA6403200334
:100A5000DD58FA10AE10EB4CDD58DD58EAC4FC80CE
:100A6000DD9EDD9EDD9EFC0044048090EAF4B460CF
:100A7000B40284219604FE1EC01CAE502E07DC3A40
:100A80003E17E86F3E07DC39DD4A96005A0002093E
:100A9000DD4A5A08030784003E07E86A8402EAA494
:100AA000EA6EC00784013E0003AE840049FFC8E43B
:100AB0004404809C4424801CB420B402EA474000D3
:100AC000043EC0038402AE10FC80DD9E440480908E
:100AD000EAF4B420B40242001C0B400004FEC0063D
:100AE00084013E07E869EBADAE10DD9EDD9EFC00A3
:100AF00044048090EAF4B420B4024200100B400099
:100B0000049EC01AFA00AE10EA6EC802EBECDD409B
:100B10005A080106EA6EC80349FFC732DD40C80C17
:100B200049FFC033C008EB000400003D4200400B09
:100B30005A080103EB144404809CB4204404801C34
:100B4000B4009604FE0EC02FDD405A080106EA6E7E
:100B5000C00349FFC715EA6EC002EBECDD4A5A0834
:100B6000020449FF9E17DD4A5A0802122E07E85276
:100B70008C0196003E07E8522E07E852C008FA168C
:100B8000EAE384003E07E8528401EB8249FFC9FE94
:100B900049FFB1458401EBC049FFC67D49FFB0A4C0
:100BA00049FFB0944404809C4414801CB440B401B8
:100BB00084C19604FE16C015AF882E07DC393E07A7
:100BC000DC3849FFB13C3E67E86EEA6EC00A84013A
:100BD00049FFC852DD405A0801058400EB04EB0AC6
:100BE000FC8046100085040080204200680BC0098C
:100BF00004208020460750FFDD43FE1614008020AD
:100C0000DD9EFC0044048090EAF4B420B402EA477C
:100C10004000043EC0068402AE1084013E07E86C2A
:100C2000EA5EEAA642006C0BC00A8386B92046073A
:100C300090FFDD43FE0EB8A049FFC9AFEAA6EA2740
:100C40004200500BC00A8381BA20460711FFDD43E2
:100C5000FE16B8A049FFC9A2EA5EEAA64200540BFC
:100C6000C00A8386B920460712FFDD43FE0EB8A0F6
:100C700049FFC995EAA6EA274200580BC00A8381BA
:100C8000BA20460714FFDD43FE16B8A049FFC98805
:100C9000EA5EEAA642005C0BC00A8386B9204607DA
:100CA00018FFDD43FE0EB8A049FFC97BEAA6EA277C
:100CB000EAFBC00A8381BA20460730FFDD43FE16F7
:100CC000B8A049FFC96FEA27040080204E04000B3A
:100CD0008381BA20460F10FFDD43FE16B8A049FFFE
:100CE000C962FC8044048090B420EAD0B400EADFFA
:100CF0004000057EC009FC00842844048011AE40F9
:100D000049FFB0A8FC80DD9E842AFE0C8E015A07A4
:100D1000FF04EBA3D5FCDD9E44250008B442969465
:100D2000C25544450004B4449691C250FC0284600C
:100D3000B67FB4449250F281F38344250000B4425C
:100D400092505431000F4424000CB48244200064BB
:100D50009724CC0B4610077040210C0C501084C017
:100D6000402088569691D50F4440FFFF4C12400713
:100D700040210C0C44100BB8D504FE5440210C0C3F
:100D800040208856B65FB43F44350004FE0CB61FC1
:100D9000B4039210F082F101F002E220E907F101C0
:100DA000F202F00388018A02D509F201F402B423A9
:100DB000F0039649880288018A04F083F103B41F86
:100DC000E220E80DF002F081D5E444102BC0FE0CC7
:100DD0008E015A07FF04EBA3D5FCDD9EFC82FC00CC
:100DE0003C13EE4C49FFFF9AFC80FC0049FFF8AB36
:100DF0008401EA3A49FFB88749FFC87A49FFC89C8D
:100E000049FFC88749FFE8D549FFD7B9490072E7CC
:100E10008401DD4649FFF18049FFE8E349FFF79788
:100E2000EB5A441036A74C00C0078400EA718401D5
:100E30003E07E86849FFA4908400FC80FC0049FF5D
:100E4000FFD68400FC80C212523100204E360007CB
:100E5000FEDA848040100C0CD50840300C0D401098
:100E6000880C4040080CFE5F8004DD9E8060E644F4
:100E7000E93054518003C509525280049A9599680B
:100E8000181180014C32FFFE96484040A008FE67D2
:100E90004040C008FE67405114094E520011956D44
:100EA000996B96A78201822182418261828182A10F
:100EB00082C182E13B01DC244C32FFFE4051080933
:100EC000C508956A996B968F3A1184244C32FFFEBF
:100ED000C206995A181180014C32FFFEDD9E920025
:100EE0004900672249002F464900180A50000FFFA9
:100EF00049007FE649003DAC49005DEA5810800199
:100F000049008736490086842E07E8606610800114
:100F100049003D736610FFFF58000001490074F955
:100F20003C03EE134900622049006282490032A26C
:100F3000462000814000820450108FFF49007EF45B
:100F400064000008490025AD50210FFF4000400813
:100F50003C0DFA134900745748006B5040110604C9
:100F60002E07E86C490054A83C1DF9513C03F2AA35
:100F700049006D6249001BEC3C0DF950461000859C
:100F800049008723440480032E07E846661080FF4B
:100F90004000810449005493041000372E07EAED05
:100FA000400004164210FC08581080026403040339
:100FB00049008014141000373C03F46E44000064B0
:100FC000661081002E07FB0449004FA349007F777C
:100FD00049007FD1490044A266000001490067DC56
:100FE0003C0FFA135C00000149004F4148006C7A45
:100FF0003C0BF2AA49007ED53C13EE134200040BD1
:10100000466000814404800846100081490017FCB6
:10101000000580D249005809401082043C0BEE13B1
:101020003E07ECE4490043D94210C009490072E48C
:1010300040108A04660000FF4200000348006D462D
:101040003C1DF6E63E07E863400006042E07E4F088
:1010500049002F9249006824466000852E07FC97BE
:101060003E07E83D3C2DF9504900433B49001FC76E
:1010700054000FFF4900552E4900379E490059B9C9
:10108000460000813C3DF9513E07EAED3E07ECE1A8
:10109000490073C1441400102E0003AF4000300813
:1010A000440000FC490055EB440480004400FFFF6D
:1010B000490028AB421080034800697C4900474B37
:1010C0003E0003B044100064490030E944000100D0
:1010D0004800150B4900451B4010A0084400003291
:1010E000461FF00F661080025810808058000002E2
:1010F0004900313258108200540000FD2E07E86E7E
:10110000440003202E07DBD1441000AA4900556596
:10111000490036D1549000FF490047552E07E52C71
:1011200049007FDD420040084000800644024690AE
:101130004210E009400102044210840B49003E0CB9
:101140006631FFFF440480044200200B2E07FB039E
:101150004800F8823E07E14D49001FBA441000FFE5
:1011600066109FFF400020084900056B54000200F4
:1011700049003F4E490070E5040300202E07EB179D
:1011800041FF80014620008742004009440000FFE3
:10119000440246846463040246100080490048818A
:1011A0002E07ECC63C13F29B58108004441000FC40
:1011B00049005A2A4900747544075C18490076BBF7
:1011C0004900302F2E07E83D0000002049006472DE
:1011D0004210A00B49007D6F3E07DC8A540780FF58
:1011E000490030F32E07D837460FF00F44048088AB
:1011F000646304033803000049006D6544048006FD
:101200006600000766108FFF3E07E89649006216E9
:1012100049004E2F4900501D640000203C03F58D0D
:1012200044048010490086EF3E07E566490074B922
:101230004200240B3C03F58F661080102E07E79BBD
:1012400048006D4749004229490050873C0FF9503A
:1012500049004BBF460E0FFF6610800442002C0B66
:101260004010D0084900550D4900362B3C0BF42A9C
:10127000400008163C3FF9512E07DC8849004561C3
:1012800049003640401081954900256B42010473A6
:101290002E17E780443000FC381385013C13F58F8E
:1012A000420048083C1BF46E490036D94900434BC4
:1012B000442480103E07E8954900535B490045B738
:1012C0003C03F58E48005C7549005A4D4200640BA2
:1012D00049003CF73E67FB004610008640118484BD
:1012E000460000853B0364201413002E6412004363
:1012F00049002D9F2E07E5C404137FD0662100010D
:1013000049006939490075B249004FEF4900441757
:101310004900693E400080844210C008442098780B
:10132000490061BB44224684490031003E07E8E49D
:1013300049004253490040EC4402359044171018CC
:10134000463000870413002E490053D3490032C2AF
:10135000490036BE4221000344171060462F000F9B
:101360004404808040108836400004062E07DBD0FD
:1013700048005B1D48002B2C4420004050100018F2
:101380003B016400441186A0490036E1490031DA8E
:10139000382080083B0350204900265149003C90EA
:1013A00049004EBD49004EA83C13F29A4200600B22
:1013B000441000F0141000FC49004D4F2E07DC15BE
:1013C0004600008040210C5649004510490048B7AE
:1013D0003E07E846490073334273800346000086A7
:1013E00049005693490073F2582108002E07ECD0AB
:1013F000490050FE40010012490031F34407584CA7
:1014000038039808401104802E07E5563E07E8B8D7
:1014100064020043490045D2490041F84900483F71
:101420006610801F40108C36580002002E17D836E8
:1014300049007462461800002E07E8635800010056
:101440003C23F58F440001F4490055F249002F7701
:101450005004800142200C73580000046610820082
:101460004900680B49006093040F80AE140080327D
:1014700049004E7B40000464490050AC6600000403
:101480002E07E8674000073E660001003C13F2AA01
:1014900049003CC74900344D421008732E0003B088
:1014A000440480012E07DC3B6600020050318FFFB0
:1014B00066000008440480094200380B3E07E8AF8C
:1014C0004200480B42212C243E07E899490073C48E
:1014D00044021DE042F00003460000982E07E89603
:1014E0004010D8083C0BF58F490054EB4200280B04
:1014F000447246844000040C4900759B4900739275
:1015000044200050460FCFFF40008304490036E9D5
:101510004400CC00490036673E07DC3B3B004C00F2
:10152000490045CC54A000FF381380082E07ECD3A7
:10153000460000873C03EC19490034C93E07ECE53E
:1015400040001C0C0040800C42F780032E07E5BCD5
:10155000141000284900375F490057422E07ECDA83
:10156000041000FC44025190463000834000000902
:101570003C03E7DB1040800C466000974900317B5C
:10158000440758144210880B49002C334900745FFB
:10159000442000FC440FFF8049004E8E441F00FF92
:1015A000000580EA3E07E5483B00D02050738FFFDE
:1015B0004414020C3C0BF46E49002F512E07E52811
:1015C0003B0064004000070444000800440000336E
:1015D000490045E3000F8007462000973C0BF29A34
:1015E0003E07E86D3E17E8AE44121AB4462000806C
:1015F0003E07DE60400060084900556E49004E9489
:101600004404808446201000500000FC04137FF442
:10161000040080323E07ECC149003DB5440470002F
:101620002E17E781440004043E07EC3C4210F00909
:101630003E17E86050050001380388083E07E8D1EE
:1016400058108010490043724460006466000040F6
:101650003C53EE4C1401000F3B03D000490056E60A
:10166000501F84C86610808044320000462FFF005F
:1016700004137FFF2E07E8564404800B40008124AA
:10168000490056F8440000AA3E07DC9A2E17E4BD34
:1016900049003D2738000911100480003C1DF8F373
:1016A00049007D694900409E2E07E85D490073C7E7
:1016B0004900312240008024440000803E67E8D089
:1016C0004200440B4020200A2E07ECC15810D0A045
:1016D00044048098446246844900654A3C0BF58E78
:1016E000FFFFFFFFFFFFFFFFFFFFFFFFFFFFFFFF0A
:1016F000FFFFFFFFFFFFFFFFFFFFFFFFFFFFFFFFFA
:10170000FFFFFFFFFFFFFFFFFFFFFFFFFFFFFFFFE9
:10171000FFFFFFFFFFFFFFFFFFFFFFFFFFFFFFFFD9
:10172000FFFFFFFFFFFFFFFFFFFFFFFFFFFFFFFFC9
:10173000FFFFFFFFFFFFFFFFFFFFFFFFFFFFFFFFB9
:10174000FFFFFFFFFFFFFFFFFFFFFFFFFFFFFFFFA9
:10175000FFFFFFFFFFFFFFFFFFFFFFFFFFFFFFFF99
:10176000FFFFFFFFFFFFFFFFFFFFFFFFFFFFFFFF89
:10177000FFFFFFFFFFFFFFFFFFFFFFFFFFFFFFFF79
:10178000FFFFFFFFFFFFFFFFFFFFFFFFFFFFFFFF69
:10179000FFFFFFFFFFFFFFFFFFFFFFFFFFFFFFFF59
:1017A000FFFFFFFFFFFFFFFFFFFFFFFFFFFFFFFF49
:1017B000FFFFFFFFFFFFFFFFFFFFFFFFFFFFFFFF39
:1017C000FFFFFFFFFFFFFFFFFFFFFFFFFFFFFFFF29
:1017D000FFFFFFFFFFFFFFFFFFFFFFFFFFFFFFFF19
:1017E000FFFFFFFFFFFFFFFFFFFFFFFFFFFFFFFF09
:1017F000FFFFFFFFFFFFFFFFFFFFFFFFFFFFFFFFF9
:10180000FFFFFFFFFFFFFFFFFFFFFFFFFFFFFFFFE8
:10181000FFFFFFFFFFFFFFFFFFFFFFFFFFFFFFFFD8
:10182000FFFFFFFFFFFFFFFFFFFFFFFFFFFFFFFFC8
:10183000FFFFFFFFFFFFFFFFFFFFFFFFFFFFFFFFB8
:10184000FFFFFFFFFFFFFFFFFFFFFFFFFFFFFFFFA8
:10185000FFFFFFFFFFFFFFFFFFFFFFFFFFFFFFFF98
:10186000FFFFFFFFFFFFFFFFFFFFFFFFFFFFFFFF88
:10187000FFFFFFFFFFFFFFFFFFFFFFFFFFFFFFFF78
:10188000FFFFFFFFFFFFFFFFFFFFFFFFFFFFFFFF68
:10189000FFFFFFFFFFFFFFFFFFFFFFFFFFFFFFFF58
:1018A000FFFFFFFFFFFFFFFFFFFFFFFFFFFFFFFF48
:1018B000FFFFFFFFFFFFFFFFFFFFFFFFFFFFFFFF38
:1018C000FFFFFFFFFFFFFFFFFFFFFFFFFFFFFFFF28
:1018D000FFFFFFFFFFFFFFFFFFFFFFFFFFFFFFFF18
:1018E000FFFFFFFFFFFFFFFFFFFFFFFFFFFFFFFF08
:1018F000FFFFFFFFFFFFFFFFFFFFFFFFFFFFFFFFF8
:10190000FFFFFFFFFFFFFFFFFFFFFFFFFFFFFFFFE7
:10191000FFFFFFFFFFFFFFFFFFFFFFFFFFFFFFFFD7
:10192000FFFFFFFFFFFFFFFFFFFFFFFFFFFFFFFFC7
:10193000FFFFFFFFFFFFFFFFFFFFFFFFFFFFFFFFB7
:10194000FFFFFFFFFFFFFFFFFFFFFFFFFFFFFFFFA7
:10195000FFFFFFFFFFFFFFFFFFFFFFFFFFFFFFFF97
:10196000FFFFFFFFFFFFFFFFFFFFFFFFFFFFFFFF87
:10197000FFFFFFFFFFFFFFFFFFFFFFFFFFFFFFFF77
:10198000FFFFFFFFFFFFFFFFFFFFFFFFFFFFFFFF67
:10199000FFFFFFFFFFFFFFFFFFFFFFFFFFFFFFFF57
:1019A000FFFFFFFFFFFFFFFFFFFFFFFFFFFFFFFF47
:1019B000FFFFFFFFFFFFFFFFFFFFFFFFFFFFFFFF37
:1019C000FFFFFFFFFFFFFFFFFFFFFFFFFFFFFFFF27
:1019D000FFFFFFFFFFFFFFFFFFFFFFFFFFFFFFFF17
:1019E000FFFFFFFFFFFFFFFFFFFFFFFFFFFFFFFF07
:1019F000FFFFFFFFFFFFFFFFFFFFFFFFFFFFFFFFF7
:101A0000FFFFFFFFFFFFFFFFFFFFFFFFFFFFFFFFE6
:101A1000FFFFFFFFFFFFFFFFFFFFFFFFFFFFFFFFD6
:101A2000FFFFFFFFFFFFFFFFFFFFFFFFFFFFFFFFC6
:101A3000FFFFFFFFFFFFFFFFFFFFFFFFFFFFFFFFB6
:101A4000FFFFFFFFFFFFFFFFFFFFFFFFFFFFFFFFA6
:101A5000FFFFFFFFFFFFFFFFFFFFFFFFFFFFFFFF96
:101A6000FFFFFFFFFFFFFFFFFFFFFFFFFFFFFFFF86
:101A7000FFFFFFFFFFFFFFFFFFFFFFFFFFFFFFFF76
:101A8000FFFFFFFFFFFFFFFFFFFFFFFFFFFFFFFF66
:101A9000FFFFFFFFFFFFFFFFFFFFFFFFFFFFFFFF56
:101AA000FFFFFFFFFFFFFFFFFFFFFFFFFFFFFFFF46
:101AB000FFFFFFFFFFFFFFFFFFFFFFFFFFFFFFFF36
:101AC000FFFFFFFFFFFFFFFFFFFFFFFFFFFFFFFF26
:101AD000FFFFFFFFFFFFFFFFFFFFFFFFFFFFFFFF16
:101AE000FFFFFFFFFFFFFFFFFFFFFFFFFFFFFFFF06
:101AF000FFFFFFFFFFFFFFFFFFFFFFFFFFFFFFFFF6
:101B0000FFFFFFFFFFFFFFFFFFFFFFFFFFFFFFFFE5
:101B1000FFFFFFFFFFFFFFFFFFFFFFFFFFFFFFFFD5
:101B2000FFFFFFFFFFFFFFFFFFFFFFFFFFFFFFFFC5
:101B3000FFFFFFFFFFFFFFFFFFFFFFFFFFFFFFFFB5
:101B4000FFFFFFFFFFFFFFFFFFFFFFFFFFFFFFFFA5
:101B5000FFFFFFFFFFFFFFFFFFFFFFFFFFFFFFFF95
:101B6000FFFFFFFFFFFFFFFFFFFFFFFFFFFFFFFF85
:101B7000FFFFFFFFFFFFFFFFFFFFFFFFFFFFFFFF75
:101B8000FFFFFFFFFFFFFFFFFFFFFFFFFFFFFFFF65
:101B9000FFFFFFFFFFFFFFFFFFFFFFFFFFFFFFFF55
:101BA000FFFFFFFFFFFFFFFFFFFFFFFFFFFFFFFF45
:101BB000FFFFFFFFFFFFFFFFFFFFFFFFFFFFFFFF35
:101BC000FFFFFFFFFFFFFFFFFFFFFFFFFFFFFFFF25
:101BD000FFFFFFFFFFFFFFFFFFFFFFFFFFFFFFFF15
:101BE000FFFFFFFFFFFFFFFFFFFFFFFFFFFFFFFF05
:101BF000FFFFFFFFFFFFFFFFFFFFFFFFFFFFFFFFF5
:101C0000FFFFFFFFFFFFFFFFFFFFFFFFFFFFFFFFE4
:101C1000FFFFFFFFFFFFFFFFFFFFFFFFFFFFFFFFD4
:101C2000FFFFFFFFFFFFFFFFFFFFFFFFFFFFFFFFC4
:101C3000FFFFFFFFFFFFFFFFFFFFFFFFFFFFFFFFB4
:101C4000FFFFFFFFFFFFFFFFFFFFFFFFFFFFFFFFA4
:101C5000FFFFFFFFFFFFFFFFFFFFFFFFFFFFFFFF94
:101C6000FFFFFFFFFFFFFFFFFFFFFFFFFFFFFFFF84
:101C7000FFFFFFFFFFFFFFFFFFFFFFFFFFFFFFFF74
:101C8000FFFFFFFFFFFFFFFFFFFFFFFFFFFFFFFF64
:101C9000FFFFFFFFFFFFFFFFFFFFFFFFFFFFFFFF54
:101CA000FFFFFFFFFFFFFFFFFFFFFFFFFFFFFFFF44
:101CB000FFFFFFFFFFFFFFFFFFFFFFFFFFFFFFFF34
:101CC000FFFFFFFFFFFFFFFFFFFFFFFFFFFFFFFF24
:101CD000FFFFFFFFFFFFFFFFFFFFFFFFFFFFFFFF14
:101CE000FFFFFFFFFFFFFFFFFFFFFFFFFFFFFFFF04
:101CF000FFFFFFFFFFFFFFFFFFFFFFFFFFFFFFFFF4
:101D0000FFFFFFFFFFFFFFFFFFFFFFFFFFFFFFFFE3
:101D1000FFFFFFFFFFFFFFFFFFFFFFFFFFFFFFFFD3
:101D2000FFFFFFFFFFFFFFFFFFFFFFFFFFFFFFFFC3
:101D3000FFFFFFFFFFFFFFFFFFFFFFFFFFFFFFFFB3
:101D4000FFFFFFFFFFFFFFFFFFFFFFFFFFFFFFFFA3
:101D5000FFFFFFFFFFFFFFFFFFFFFFFFFFFFFFFF93
:101D6000FFFFFFFFFFFFFFFFFFFFFFFFFFFFFFFF83
:101D7000FFFFFFFFFFFFFFFFFFFFFFFFFFFFFFFF73
:101D8000FFFFFFFFFFFFFFFFFFFFFFFFFFFFFFFF63
:101D9000FFFFFFFFFFFFFFFFFFFFFFFFFFFFFFFF53
:101DA000FFFFFFFFFFFFFFFFFFFFFFFFFFFFFFFF43
:101DB000FFFFFFFFFFFFFFFFFFFFFFFFFFFFFFFF33
:101DC000FFFFFFFFFFFFFFFFFFFFFFFFFFFFFFFF23
:101DD000FFFFFFFFFFFFFFFFFFFFFFFFFFFFFFFF13
:101DE000FFFFFFFFFFFFFFFFFFFFFFFFFFFFFFFF03
:101DF000FFFFFFFFFFFFFFFFFFFFFFFFFFFFFFFFF3
:101E0000FFFFFFFFFFFFFFFFFFFFFFFFFFFFFFFFE2
:101E1000FFFFFFFFFFFFFFFFFFFFFFFFFFFFFFFFD2
:101E2000FFFFFFFFFFFFFFFFFFFFFFFFFFFFFFFFC2
:101E3000FFFFFFFFFFFFFFFFFFFFFFFFFFFFFFFFB2
:101E4000FFFFFFFFFFFFFFFFFFFFFFFFFFFFFFFFA2
:101E5000FFFFFFFFFFFFFFFFFFFFFFFFFFFFFFFF92
:101E6000FFFFFFFFFFFFFFFFFFFFFFFFFFFFFFFF82
:101E7000FFFFFFFFFFFFFFFFFFFFFFFFFFFFFFFF72
:101E8000FFFFFFFFFFFFFFFFFFFFFFFFFFFFFFFF62
:101E9000FFFFFFFFFFFFFFFFFFFFFFFFFFFFFFFF52
:101EA000FFFFFFFFFFFFFFFFFFFFFFFFFFFFFFFF42
:101EB000FFFFFFFFFFFFFFFFFFFFFFFFFFFFFFFF32
:101EC000FFFFFFFFFFFFFFFFFFFFFFFFFFFFFFFF22
:101ED000FFFFFFFFFFFFFFFFFFFFFFFFFFFFFFFF12
:101EE000FFFFFFFFFFFFFFFFFFFFFFFFFFFFFFFF02
:101EF000FFFFFFFFFFFFFFFFFFFFFFFFFFFFFFFFF2
:101F0000FFFFFFFFFFFFFFFFFFFFFFFFFFFFFFFFE1
:101F1000FFFFFFFFFFFFFFFFFFFFFFFFFFFFFFFFD1
:101F2000FFFFFFFFFFFFFFFFFFFFFFFFFFFFFFFFC1
:101F3000FFFFFFFFFFFFFFFFFFFFFFFFFFFFFFFFB1
:101F4000FFFFFFFFFFFFFFFFFFFFFFFFFFFFFFFFA1
:101F5000FFFFFFFFFFFFFFFFFFFFFFFFFFFFFFFF91
:101F6000FFFFFFFFFFFFFFFFFFFFFFFFFFFFFFFF81
:101F7000FFFFFFFFFFFFFFFFFFFFFFFFFFFFFFFF71
:101F8000FFFFFFFFFFFFFFFFFFFFFFFFFFFFFFFF61
:101F9000FFFFFFFFFFFFFFFFFFFFFFFFFFFFFFFF51
:101FA000FFFFFFFFFFFFFFFFFFFFFFFFFFFFFFFF41
:101FB000FFFFFFFFFFFFFFFFFFFFFFFFFFFFFFFF31
:101FC000FFFFFFFFFFFFFFFFFFFFFFFFFFFFFFFF21
:101FD000FFFFFFFFFFFFFFFFFFFFFFFFFFFFFFFF11
:101FE000FFFFFFFFFFFFFFFFFFFFFFFFFFFFFFFF01
:101FF000FFFFFFFFFFFFFFFFFFFFFFFFFFFFFFFFF1
:10200000FFFFFFFFFFFFFFFFFFFFFFFFFFFFFFFFE0
:10201000FFFFFFFFFFFFFFFFFFFFFFFFFFFFFFFFD0
:10202000FFFFFFFFFFFFFFFFFFFFFFFFFFFFFFFFC0
:10203000FFFFFFFFFFFFFFFFFFFFFFFFFFFFFFFFB0
:10204000FFFFFFFFFFFFFFFFFFFFFFFFFFFFFFFFA0
:10205000FFFFFFFFFFFFFFFFFFFFFFFFFFFFFFFF90
:10206000FFFFFFFFFFFFFFFFFFFFFFFFFFFFFFFF80
:10207000FFFFFFFFFFFFFFFFFFFFFFFFFFFFFFFF70
:10208000FFFFFFFFFFFFFFFFFFFFFFFFFFFFFFFF60
:10209000FFFFFFFFFFFFFFFFFFFFFFFFFFFFFFFF50
:1020A000FFFFFFFFFFFFFFFFFFFFFFFFFFFFFFFF40
:1020B000FFFFFFFFFFFFFFFFFFFFFFFFFFFFFFFF30
:1020C000FFFFFFFFFFFFFFFFFFFFFFFFFFFFFFFF20
:1020D000FFFFFFFFFFFFFFFFFFFFFFFFFFFFFFFF10
:1020E000FFFFFFFFFFFFFFFFFFFFFFFFFFFFFFFF00
:1020F000FFFFFFFFFFFFFFFFFFFFFFFFFFFFFFFFF0
:10210000FFFFFFFFFFFFFFFFFFFFFFFFFFFFFFFFDF
:10211000FFFFFFFFFFFFFFFFFFFFFFFFFFFFFFFFCF
:10212000FFFFFFFFFFFFFFFFFFFFFFFFFFFFFFFFBF
:10213000FFFFFFFFFFFFFFFFFFFFFFFFFFFFFFFFAF
:10214000FFFFFFFFFFFFFFFFFFFFFFFFFFFFFFFF9F
:10215000FFFFFFFFFFFFFFFFFFFFFFFFFFFFFFFF8F
:10216000FFFFFFFFFFFFFFFFFFFFFFFFFFFFFFFF7F
:10217000FFFFFFFFFFFFFFFFFFFFFFFFFFFFFFFF6F
:10218000FFFFFFFFFFFFFFFFFFFFFFFFFFFFFFFF5F
:10219000FFFFFFFFFFFFFFFFFFFFFFFFFFFFFFFF4F
:1021A000FFFFFFFFFFFFFFFFFFFFFFFFFFFFFFFF3F
:1021B000FFFFFFFFFFFFFFFFFFFFFFFFFFFFFFFF2F
:1021C000FFFFFFFFFFFFFFFFFFFFFFFFFFFFFFFF1F
:1021D000FFFFFFFFFFFFFFFFFFFFFFFFFFFFFFFF0F
:1021E000FFFFFFFFFFFFFFFFFFFFFFFFFFFFFFFFFF
:1021F000FFFFFFFFFFFFFFFFFFFFFFFFFFFFFFFFEF
:10220000FFFFFFFFFFFFFFFFFFFFFFFFFFFFFFFFDE
:10221000FFFFFFFFFFFFFFFFFFFFFFFFFFFFFFFFCE
:10222000FFFFFFFFFFFFFFFFFFFFFFFFFFFFFFFFBE
:10223000FFFFFFFFFFFFFFFFFFFFFFFFFFFFFFFFAE
:10224000FFFFFFFFFFFFFFFFFFFFFFFFFFFFFFFF9E
:10225000FFFFFFFFFFFFFFFFFFFFFFFFFFFFFFFF8E
:10226000FFFFFFFFFFFFFFFFFFFFFFFFFFFFFFFF7E
:10227000FFFFFFFFFFFFFFFFFFFFFFFFFFFFFFFF6E
:10228000FFFFFFFFFFFFFFFFFFFFFFFFFFFFFFFF5E
:10229000FFFFFFFFFFFFFFFFFFFFFFFFFFFFFFFF4E
:1022A000FFFFFFFFFFFFFFFFFFFFFFFFFFFFFFFF3E
:1022B000FFFFFFFFFFFFFFFFFFFFFFFFFFFFFFFF2E
:1022C000FFFFFFFFFFFFFFFFFFFFFFFFFFFFFFFF1E
:1022D000FFFFFFFFFFFFFFFFFFFFFFFFFFFFFFFF0E
:1022E000FFFFFFFFFFFFFFFFFFFFFFFFFFFFFFFFFE
:1022F000FFFFFFFFFFFFFFFFFFFFFFFFFFFFFFFFEE
:10230000FFFFFFFFFFFFFFFFFFFFFFFFFFFFFFFFDD
:10231000FFFFFFFFFFFFFFFFFFFFFFFFFFFFFFFFCD
:10232000FFFFFFFFFFFFFFFFFFFFFFFFFFFFFFFFBD
:10233000FFFFFFFFFFFFFFFFFFFFFFFFFFFFFFFFAD
:10234000FFFFFFFFFFFFFFFFFFFFFFFFFFFFFFFF9D
:10235000FFFFFFFFFFFFFFFFFFFFFFFFFFFFFFFF8D
:10236000FFFFFFFFFFFFFFFFFFFFFFFFFFFFFFFF7D
:10237000FFFFFFFFFFFFFFFFFFFFFFFFFFFFFFFF6D
:10238000FFFFFFFFFFFFFFFFFFFFFFFFFFFFFFFF5D
:10239000FFFFFFFFFFFFFFFFFFFFFFFFFFFFFFFF4D
:1023A000FFFFFFFFFFFFFFFFFFFFFFFFFFFFFFFF3D
:1023B000FFFFFFFFFFFFFFFFFFFFFFFFFFFFFFFF2D
:1023C000FFFFFFFFFFFFFFFFFFFFFFFFFFFFFFFF1D
:1023D000FFFFFFFFFFFFFFFFFFFFFFFFFFFFFFFF0D
:1023E000FFFFFFFFFFFFFFFFFFFFFFFFFFFFFFFFFD
:1023F000FFFFFFFFFFFFFFFFFFFFFFFFFFFFFFFFED
:10240000FFFFFFFFFFFFFFFFFFFFFFFFFFFFFFFFDC
:10241000FFFFFFFFFFFFFFFFFFFFFFFFFFFFFFFFCC
:10242000FFFFFFFFFFFFFFFFFFFFFFFFFFFFFFFFBC
:10243000FFFFFFFFFFFFFFFFFFFFFFFFFFFFFFFFAC
:10244000FFFFFFFFFFFFFFFFFFFFFFFFFFFFFFFF9C
:10245000FFFFFFFFFFFFFFFFFFFFFFFFFFFFFFFF8C
:10246000FFFFFFFFFFFFFFFFFFFFFFFFFFFFFFFF7C
:10247000FFFFFFFFFFFFFFFFFFFFFFFFFFFFFFFF6C
:10248000FFFFFFFFFFFFFFFFFFFFFFFFFFFFFFFF5C
:10249000FFFFFFFFFFFFFFFFFFFFFFFFFFFFFFFF4C
:1024A000FFFFFFFFFFFFFFFFFFFFFFFFFFFFFFFF3C
:1024B000FFFFFFFFFFFFFFFFFFFFFFFFFFFFFFFF2C
:1024C000FFFFFFFFFFFFFFFFFFFFFFFFFFFFFFFF1C
:1024D000FFFFFFFFFFFFFFFFFFFFFFFFFFFFFFFF0C
:1024E000FFFFFFFFFFFFFFFFFFFFFFFFFFFFFFFFFC
:1024F000FFFFFFFFFFFFFFFFFFFFFFFFFFFFFFFFEC
:10250000FFFFFFFFFFFFFFFFFFFFFFFFFFFFFFFFDB
:10251000FFFFFFFFFFFFFFFFFFFFFFFFFFFFFFFFCB
:10252000FFFFFFFFFFFFFFFFFFFFFFFFFFFFFFFFBB
:10253000FFFFFFFFFFFFFFFFFFFFFFFFFFFFFFFFAB
:10254000FFFFFFFFFFFFFFFFFFFFFFFFFFFFFFFF9B
:10255000FFFFFFFFFFFFFFFFFFFFFFFFFFFFFFFF8B
:10256000FFFFFFFFFFFFFFFFFFFFFFFFFFFFFFFF7B
:10257000FFFFFFFFFFFFFFFFFFFFFFFFFFFFFFFF6B
:10258000FFFFFFFFFFFFFFFFFFFFFFFFFFFFFFFF5B
:10259000FFFFFFFFFFFFFFFFFFFFFFFFFFFFFFFF4B
:1025A000FFFFFFFFFFFFFFFFFFFFFFFFFFFFFFFF3B
:1025B000FFFFFFFFFFFFFFFFFFFFFFFFFFFFFFFF2B
:1025C000FFFFFFFFFFFFFFFFFFFFFFFFFFFFFFFF1B
:1025D000FFFFFFFFFFFFFFFFFFFFFFFFFFFFFFFF0B
:1025E000FFFFFFFFFFFFFFFFFFFFFFFFFFFFFFFFFB
:1025F000FFFFFFFFFFFFFFFFFFFFFFFFFFFFFFFFEB
:10260000FFFFFFFFFFFFFFFFFFFFFFFFFFFFFFFFDA
:10261000FFFFFFFFFFFFFFFFFFFFFFFFFFFFFFFFCA
:10262000FFFFFFFFFFFFFFFFFFFFFFFFFFFFFFFFBA
:10263000FFFFFFFFFFFFFFFFFFFFFFFFFFFFFFFFAA
:10264000FFFFFFFFFFFFFFFFFFFFFFFFFFFFFFFF9A
:10265000FFFFFFFFFFFFFFFFFFFFFFFFFFFFFFFF8A
:10266000FFFFFFFFFFFFFFFFFFFFFFFFFFFFFFFF7A
:10267000FFFFFFFFFFFFFFFFFFFFFFFFFFFFFFFF6A
:10268000FFFFFFFFFFFFFFFFFFFFFFFFFFFFFFFF5A
:10269000FFFFFFFFFFFFFFFFFFFFFFFFFFFFFFFF4A
:1026A000FFFFFFFFFFFFFFFFFFFFFFFFFFFFFFFF3A
:1026B000FFFFFFFFFFFFFFFFFFFFFFFFFFFFFFFF2A
:1026C000FFFFFFFFFFFFFFFFFFFFFFFFFFFFFFFF1A
:1026D000FFFFFFFFFFFFFFFFFFFFFFFFFFFFFFFF0A
:1026E000FFFFFFFFFFFFFFFFFFFFFFFFFFFFFFFFFA
:1026F000FFFFFFFFFFFFFFFFFFFFFFFFFFFFFFFFEA
:10270000FFFFFFFFFFFFFFFFFFFFFFFFFFFFFFFFD9
:10271000FFFFFFFFFFFFFFFFFFFFFFFFFFFFFFFFC9
:10272000FFFFFFFFFFFFFFFFFFFFFFFFFFFFFFFFB9
:10273000FFFFFFFFFFFFFFFFFFFFFFFFFFFFFFFFA9
:10274000FFFFFFFFFFFFFFFFFFFFFFFFFFFFFFFF99
:10275000FFFFFFFFFFFFFFFFFFFFFFFFFFFFFFFF89
:10276000FFFFFFFFFFFFFFFFFFFFFFFFFFFFFFFF79
:10277000FFFFFFFFFFFFFFFFFFFFFFFFFFFFFFFF69
:10278000FFFFFFFFFFFFFFFFFFFFFFFFFFFFFFFF59
:10279000FFFFFFFFFFFFFFFFFFFFFFFFFFFFFFFF49
:1027A000FFFFFFFFFFFFFFFFFFFFFFFFFFFFFFFF39
:1027B000FFFFFFFFFFFFFFFFFFFFFFFFFFFFFFFF29
:1027C000FFFFFFFFFFFFFFFFFFFFFFFFFFFFFFFF19
:1027D000FFFFFFFFFFFFFFFFFFFFFFFFFFFFFFFF09
:1027E000FFFFFFFFFFFFFFFFFFFFFFFFFFFFFFFFF9
:1027F000FFFFFFFFFFFFFFFFFFFFFFFFFFFFFFFFE9
:10280000FFFFFFFFFFFFFFFFFFFFFFFFFFFFFFFFD8
:10281000FFFFFFFFFFFFFFFFFFFFFFFFFFFFFFFFC8
:10282000FFFFFFFFFFFFFFFFFFFFFFFFFFFFFFFFB8
:10283000FFFFFFFFFFFFFFFFFFFFFFFFFFFFFFFFA8
:10284000FFFFFFFFFFFFFFFFFFFFFFFFFFFFFFFF98
:10285000FFFFFFFFFFFFFFFFFFFFFFFFFFFFFFFF88
:10286000FFFFFFFFFFFFFFFFFFFFFFFFFFFFFFFF78
:10287000FFFFFFFFFFFFFFFFFFFFFFFFFFFFFFFF68
:10288000FFFFFFFFFFFFFFFFFFFFFFFFFFFFFFFF58
:10289000FFFFFFFFFFFFFFFFFFFFFFFFFFFFFFFF48
:1028A000FFFFFFFFFFFFFFFFFFFFFFFFFFFFFFFF38
:1028B000FFFFFFFFFFFFFFFFFFFFFFFFFFFFFFFF28
:1028C000FFFFFFFFFFFFFFFFFFFFFFFFFFFFFFFF18
:1028D000FFFFFFFFFFFFFFFFFFFFFFFFFFFFFFFF08
:1028E000FFFFFFFFFFFFFFFFFFFFFFFFFFFFFFFFF8
:1028F000FFFFFFFFFFFFFFFFFFFFFFFFFFFFFFFFE8
:10290000FFFFFFFFFFFFFFFFFFFFFFFFFFFFFFFFD7
:10291000FFFFFFFFFFFFFFFFFFFFFFFFFFFFFFFFC7
:10292000FFFFFFFFFFFFFFFFFFFFFFFFFFFFFFFFB7
:10293000FFFFFFFFFFFFFFFFFFFFFFFFFFFFFFFFA7
:10294000FFFFFFFFFFFFFFFFFFFFFFFFFFFFFFFF97
:10295000FFFFFFFFFFFFFFFFFFFFFFFFFFFFFFFF87
:10296000FFFFFFFFFFFFFFFFFFFFFFFFFFFFFFFF77
:10297000FFFFFFFFFFFFFFFFFFFFFFFFFFFFFFFF67
:10298000FFFFFFFFFFFFFFFFFFFFFFFFFFFFFFFF57
:10299000FFFFFFFFFFFFFFFFFFFFFFFFFFFFFFFF47
:1029A000FFFFFFFFFFFFFFFFFFFFFFFFFFFFFFFF37
:1029B000FFFFFFFFFFFFFFFFFFFFFFFFFFFFFFFF27
:1029C000FFFFFFFFFFFFFFFFFFFFFFFFFFFFFFFF17
:1029D000FFFFFFFFFFFFFFFFFFFFFFFFFFFFFFFF07
:1029E000FFFFFFFFFFFFFFFFFFFFFFFFFFFFFFFFF7
:1029F000FFFFFFFFFFFFFFFFFFFFFFFFFFFFFFFFE7
:102A0000FFFFFFFFFFFFFFFFFFFFFFFFFFFFFFFFD6
:102A1000FFFFFFFFFFFFFFFFFFFFFFFFFFFFFFFFC6
:102A2000FFFFFFFFFFFFFFFFFFFFFFFFFFFFFFFFB6
:102A3000FFFFFFFFFFFFFFFFFFFFFFFFFFFFFFFFA6
:102A4000FFFFFFFFFFFFFFFFFFFFFFFFFFFFFFFF96
:102A5000FFFFFFFFFFFFFFFFFFFFFFFFFFFFFFFF86
:102A6000FFFFFFFFFFFFFFFFFFFFFFFFFFFFFFFF76
:102A7000FFFFFFFFFFFFFFFFFFFFFFFFFFFFFFFF66
:102A8000FFFFFFFFFFFFFFFFFFFFFFFFFFFFFFFF56
:102A9000FFFFFFFFFFFFFFFFFFFFFFFFFFFFFFFF46
:102AA000FFFFFFFFFFFFFFFFFFFFFFFFFFFFFFFF36
:102AB000FFFFFFFFFFFFFFFFFFFFFFFFFFFFFFFF26
:102AC000FFFFFFFFFFFFFFFFFFFFFFFFFFFFFFFF16
:102AD000FFFFFFFFFFFFFFFFFFFFFFFFFFFFFFFF06
:102AE000FFFFFFFFFFFFFFFFFFFFFFFFFFFFFFFFF6
:102AF000FFFFFFFFFFFFFFFFFFFFFFFFFFFFFFFFE6
:102B0000FFFFFFFFFFFFFFFFFFFFFFFFFFFFFFFFD5
:102B1000FFFFFFFFFFFFFFFFFFFFFFFFFFFFFFFFC5
:102B2000FFFFFFFFFFFFFFFFFFFFFFFFFFFFFFFFB5
:102B3000FFFFFFFFFFFFFFFFFFFFFFFFFFFFFFFFA5
:102B4000FFFFFFFFFFFFFFFFFFFFFFFFFFFFFFFF95
:102B5000FFFFFFFFFFFFFFFFFFFFFFFFFFFFFFFF85
:102B6000FFFFFFFFFFFFFFFFFFFFFFFFFFFFFFFF75
:102B7000FFFFFFFFFFFFFFFFFFFFFFFFFFFFFFFF65
:102B8000FFFFFFFFFFFFFFFFFFFFFFFFFFFFFFFF55
:102B9000FFFFFFFFFFFFFFFFFFFFFFFFFFFFFFFF45
:102BA000FFFFFFFFFFFFFFFFFFFFFFFFFFFFFFFF35
:102BB000FFFFFFFFFFFFFFFFFFFFFFFFFFFFFFFF25
:102BC000FFFFFFFFFFFFFFFFFFFFFFFFFFFFFFFF15
:102BD000FFFFFFFFFFFFFFFFFFFFFFFFFFFFFFFF05
:102BE000FFFFFFFFFFFFFFFFFFFFFFFFFFFFFFFFF5
:102BF000FFFFFFFFFFFFFFFFFFFFFFFFFFFFFFFFE5
:102C0000FFFFFFFFFFFFFFFFFFFFFFFFFFFFFFFFD4
:102C1000FFFFFFFFFFFFFFFFFFFFFFFFFFFFFFFFC4
:102C2000FFFFFFFFFFFFFFFFFFFFFFFFFFFFFFFFB4
:102C3000FFFFFFFFFFFFFFFFFFFFFFFFFFFFFFFFA4
:102C4000FFFFFFFFFFFFFFFFFFFFFFFFFFFFFFFF94
:102C5000FFFFFFFFFFFFFFFFFFFFFFFFFFFFFFFF84
:102C6000FFFFFFFFFFFFFFFFFFFFFFFFFFFFFFFF74
:102C7000FFFFFFFFFFFFFFFFFFFFFFFFFFFFFFFF64
:102C8000FFFFFFFFFFFFFFFFFFFFFFFFFFFFFFFF54
:102C9000FFFFFFFFFFFFFFFFFFFFFFFFFFFFFFFF44
:102CA000FFFFFFFFFFFFFFFFFFFFFFFFFFFFFFFF34
:102CB000FFFFFFFFFFFFFFFFFFFFFFFFFFFFFFFF24
:102CC000FFFFFFFFFFFFFFFFFFFFFFFFFFFFFFFF14
:102CD000FFFFFFFFFFFFFFFFFFFFFFFFFFFFFFFF04
:102CE000FFFFFFFFFFFFFFFFFFFFFFFFFFFFFFFFF4
:102CF000FFFFFFFFFFFFFFFFFFFFFFFFFFFFFFFFE4
:102D0000FFFFFFFFFFFFFFFFFFFFFFFFFFFFFFFFD3
:102D1000FFFFFFFFFFFFFFFFFFFFFFFFFFFFFFFFC3
:102D2000FFFFFFFFFFFFFFFFFFFFFFFFFFFFFFFFB3
:102D3000FFFFFFFFFFFFFFFFFFFFFFFFFFFFFFFFA3
:102D4000FFFFFFFFFFFFFFFFFFFFFFFFFFFFFFFF93
:102D5000FFFFFFFFFFFFFFFFFFFFFFFFFFFFFFFF83
:102D6000FFFFFFFFFFFFFFFFFFFFFFFFFFFFFFFF73
:102D7000FFFFFFFFFFFFFFFFFFFFFFFFFFFFFFFF63
:102D8000FFFFFFFFFFFFFFFFFFFFFFFFFFFFFFFF53
:102D9000FFFFFFFFFFFFFFFFFFFFFFFFFFFFFFFF43
:102DA000FFFFFFFFFFFFFFFFFFFFFFFFFFFFFFFF33
:102DB000FFFFFFFFFFFFFFFFFFFFFFFFFFFFFFFF23
:102DC000FFFFFFFFFFFFFFFFFFFFFFFFFFFFFFFF13
:102DD000FFFFFFFFFFFFFFFFFFFFFFFFFFFFFFFF03
:102DE000FFFFFFFFFFFFFFFFFFFFFFFFFFFFFFFFF3
:102DF000FFFFFFFFFFFFFFFFFFFFFFFFFFFFFFFFE3
:102E0000FFFFFFFFFFFFFFFFFFFFFFFFFFFFFFFFD2
:102E1000FFFFFFFFFFFFFFFFFFFFFFFFFFFFFFFFC2
:102E2000FFFFFFFFFFFFFFFFFFFFFFFFFFFFFFFFB2
:102E3000FFFFFFFFFFFFFFFFFFFFFFFFFFFFFFFFA2
:102E4000FFFFFFFFFFFFFFFFFFFFFFFFFFFFFFFF92
:102E5000FFFFFFFFFFFFFFFFFFFFFFFFFFFFFFFF82
:102E6000FFFFFFFFFFFFFFFFFFFFFFFFFFFFFFFF72
:102E7000FFFFFFFFFFFFFFFFFFFFFFFFFFFFFFFF62
:102E8000FFFFFFFFFFFFFFFFFFFFFFFFFFFFFFFF52
:102E9000FFFFFFFFFFFFFFFFFFFFFFFFFFFFFFFF42
:102EA000FFFFFFFFFFFFFFFFFFFFFFFFFFFFFFFF32
:102EB000FFFFFFFFFFFFFFFFFFFFFFFFFFFFFFFF22
:102EC000FFFFFFFFFFFFFFFFFFFFFFFFFFFFFFFF12
:102ED000FFFFFFFFFFFFFFFFFFFFFFFFFFFFFFFF02
:102EE000FFFFFFFFFFFFFFFFFFFFFFFFFFFFFFFFF2
:102EF000FFFFFFFFFFFFFFFFFFFFFFFFFFFFFFFFE2
:102F0000FFFFFFFFFFFFFFFFFFFFFFFFFFFFFFFFD1
:102F1000FFFFFFFFFFFFFFFFFFFFFFFFFFFFFFFFC1
:102F2000FFFFFFFFFFFFFFFFFFFFFFFFFFFFFFFFB1
:102F3000FFFFFFFFFFFFFFFFFFFFFFFFFFFFFFFFA1
:102F4000FFFFFFFFFFFFFFFFFFFFFFFFFFFFFFFF91
:102F5000FFFFFFFFFFFFFFFFFFFFFFFFFFFFFFFF81
:102F6000FFFFFFFFFFFFFFFFFFFFFFFFFFFFFFFF71
:102F7000FFFFFFFFFFFFFFFFFFFFFFFFFFFFFFFF61
:102F8000FFFFFFFFFFFFFFFFFFFFFFFFFFFFFFFF51
:102F9000FFFFFFFFFFFFFFFFFFFFFFFFFFFFFFFF41
:102FA000FFFFFFFFFFFFFFFFFFFFFFFFFFFFFFFF31
:102FB000FFFFFFFFFFFFFFFFFFFFFFFFFFFFFFFF21
:102FC000FFFFFFFFFFFFFFFFFFFFFFFFFFFFFFFF11
:102FD000FFFFFFFFFFFFFFFFFFFFFFFFFFFFFFFF01
:102FE000FFFFFFFFFFFFFFFFFFFFFFFFFFFFFFFFF1
:102FF000FFFFFFFFFFFFFFFFFFFFFFFFFFFFFFFFE1
:10300000FFFFFFFFFFFFFFFFFFFFFFFFFFFFFFFFD0
:10301000FFFFFFFFFFFFFFFFFFFFFFFFFFFFFFFFC0
:10302000FFFFFFFFFFFFFFFFFFFFFFFFFFFFFFFFB0
:10303000FFFFFFFFFFFFFFFFFFFFFFFFFFFFFFFFA0
:10304000FFFFFFFFFFFFFFFFFFFFFFFFFFFFFFFF90
:10305000FFFFFFFFFFFFFFFFFFFFFFFFFFFFFFFF80
:10306000FFFFFFFFFFFFFFFFFFFFFFFFFFFFFFFF70
:10307000FFFFFFFFFFFFFFFFFFFFFFFFFFFFFFFF60
:10308000FFFFFFFFFFFFFFFFFFFFFFFFFFFFFFFF50
:10309000FFFFFFFFFFFFFFFFFFFFFFFFFFFFFFFF40
:1030A000FFFFFFFFFFFFFFFFFFFFFFFFFFFFFFFF30
:1030B000FFFFFFFFFFFFFFFFFFFFFFFFFFFFFFFF20
:1030C000FFFFFFFFFFFFFFFFFFFFFFFFFFFFFFFF10
:1030D000FFFFFFFFFFFFFFFFFFFFFFFFFFFFFFFF00
:1030E000FFFFFFFFFFFFFFFFFFFFFFFFFFFFFFFFF0
:1030F000FFFFFFFFFFFFFFFFFFFFFFFFFFFFFFFFE0
:10310000FFFFFFFFFFFFFFFFFFFFFFFFFFFFFFFFCF
:10311000FFFFFFFFFFFFFFFFFFFFFFFFFFFFFFFFBF
:10312000FFFFFFFFFFFFFFFFFFFFFFFFFFFFFFFFAF
:10313000FFFFFFFFFFFFFFFFFFFFFFFFFFFFFFFF9F
:10314000FFFFFFFFFFFFFFFFFFFFFFFFFFFFFFFF8F
:10315000FFFFFFFFFFFFFFFFFFFFFFFFFFFFFFFF7F
:10316000FFFFFFFFFFFFFFFFFFFFFFFFFFFFFFFF6F
:10317000FFFFFFFFFFFFFFFFFFFFFFFFFFFFFFFF5F
:10318000FFFFFFFFFFFFFFFFFFFFFFFFFFFFFFFF4F
:10319000FFFFFFFFFFFFFFFFFFFFFFFFFFFFFFFF3F
:1031A000FFFFFFFFFFFFFFFFFFFFFFFFFFFFFFFF2F
:1031B000FFFFFFFFFFFFFFFFFFFFFFFFFFFFFFFF1F
:1031C000FFFFFFFFFFFFFFFFFFFFFFFFFFFFFFFF0F
:1031D000FFFFFFFFFFFFFFFFFFFFFFFFFFFFFFFFFF
:1031E000FFFFFFFFFFFFFFFFFFFFFFFFFFFFFFFFEF
:1031F000FFFFFFFFFFFFFFFFFFFFFFFFFFFFFFFFDF
:10320000FFFFFFFFFFFFFFFFFFFFFFFFFFFFFFFFCE
:10321000FFFFFFFFFFFFFFFFFFFFFFFFFFFFFFFFBE
:10322000FFFFFFFFFFFFFFFFFFFFFFFFFFFFFFFFAE
:10323000FFFFFFFFFFFFFFFFFFFFFFFFFFFFFFFF9E
:10324000FFFFFFFFFFFFFFFFFFFFFFFFFFFFFFFF8E
:10325000FFFFFFFFFFFFFFFFFFFFFFFFFFFFFFFF7E
:10326000FFFFFFFFFFFFFFFFFFFFFFFFFFFFFFFF6E
:10327000FFFFFFFFFFFFFFFFFFFFFFFFFFFFFFFF5E
:10328000FFFFFFFFFFFFFFFFFFFFFFFFFFFFFFFF4E
:10329000FFFFFFFFFFFFFFFFFFFFFFFFFFFFFFFF3E
:1032A000FFFFFFFFFFFFFFFFFFFFFFFFFFFFFFFF2E
:1032B000FFFFFFFFFFFFFFFFFFFFFFFFFFFFFFFF1E
:1032C000FFFFFFFFFFFFFFFFFFFFFFFFFFFFFFFF0E
:1032D000FFFFFFFFFFFFFFFFFFFFFFFFFFFFFFFFFE
:1032E000FFFFFFFFFFFFFFFFFFFFFFFFFFFFFFFFEE
:1032F000FFFFFFFFFFFFFFFFFFFFFFFFFFFFFFFFDE
:10330000FFFFFFFFFFFFFFFFFFFFFFFFFFFFFFFFCD
:10331000FFFFFFFFFFFFFFFFFFFFFFFFFFFFFFFFBD
:10332000FFFFFFFFFFFFFFFFFFFFFFFFFFFFFFFFAD
:10333000FFFFFFFFFFFFFFFFFFFFFFFFFFFFFFFF9D
:10334000FFFFFFFFFFFFFFFFFFFFFFFFFFFFFFFF8D
:10335000FFFFFFFFFFFFFFFFFFFFFFFFFFFFFFFF7D
:10336000FFFFFFFFFFFFFFFFFFFFFFFFFFFFFFFF6D
:10337000FFFFFFFFFFFFFFFFFFFFFFFFFFFFFFFF5D
:10338000FFFFFFFFFFFFFFFFFFFFFFFFFFFFFFFF4D
:10339000FFFFFFFFFFFFFFFFFFFFFFFFFFFFFFFF3D
:1033A000FFFFFFFFFFFFFFFFFFFFFFFFFFFFFFFF2D
:1033B000FFFFFFFFFFFFFFFFFFFFFFFFFFFFFFFF1D
:1033C000FFFFFFFFFFFFFFFFFFFFFFFFFFFFFFFF0D
:1033D000FFFFFFFFFFFFFFFFFFFFFFFFFFFFFFFFFD
:1033E000FFFFFFFFFFFFFFFFFFFFFFFFFFFFFFFFED
:1033F000FFFFFFFFFFFFFFFFFFFFFFFFFFFFFFFFDD
:10340000FFFFFFFFFFFFFFFFFFFFFFFFFFFFFFFFCC
:10341000FFFFFFFFFFFFFFFFFFFFFFFFFFFFFFFFBC
:10342000FFFFFFFFFFFFFFFFFFFFFFFFFFFFFFFFAC
:10343000FFFFFFFFFFFFFFFFFFFFFFFFFFFFFFFF9C
:10344000FFFFFFFFFFFFFFFFFFFFFFFFFFFFFFFF8C
:10345000FFFFFFFFFFFFFFFFFFFFFFFFFFFFFFFF7C
:10346000FFFFFFFFFFFFFFFFFFFFFFFFFFFFFFFF6C
:10347000FFFFFFFFFFFFFFFFFFFFFFFFFFFFFFFF5C
:10348000FFFFFFFFFFFFFFFFFFFFFFFFFFFFFFFF4C
:10349000FFFFFFFFFFFFFFFFFFFFFFFFFFFFFFFF3C
:1034A000FFFFFFFFFFFFFFFFFFFFFFFFFFFFFFFF2C
:1034B000FFFFFFFFFFFFFFFFFFFFFFFFFFFFFFFF1C
:1034C000FFFFFFFFFFFFFFFFFFFFFFFFFFFFFFFF0C
:1034D000FFFFFFFFFFFFFFFFFFFFFFFFFFFFFFFFFC
:1034E000FFFFFFFFFFFFFFFFFFFFFFFFFFFFFFFFEC
:1034F000FFFFFFFFFFFFFFFFFFFFFFFFFFFFFFFFDC
:10350000FFFFFFFFFFFFFFFFFFFFFFFFFFFFFFFFCB
:10351000FFFFFFFFFFFFFFFFFFFFFFFFFFFFFFFFBB
:10352000FFFFFFFFFFFFFFFFFFFFFFFFFFFFFFFFAB
:10353000FFFFFFFFFFFFFFFFFFFFFFFFFFFFFFFF9B
:10354000FFFFFFFFFFFFFFFFFFFFFFFFFFFFFFFF8B
:10355000FFFFFFFFFFFFFFFFFFFFFFFFFFFFFFFF7B
:10356000FFFFFFFFFFFFFFFFFFFFFFFFFFFFFFFF6B
:10357000FFFFFFFFFFFFFFFFFFFFFFFFFFFFFFFF5B
:10358000FFFFFFFFFFFFFFFFFFFFFFFFFFFFFFFF4B
:10359000FFFFFFFFFFFFFFFFFFFFFFFFFFFFFFFF3B
:1035A000FFFFFFFFFFFFFFFFFFFFFFFFFFFFFFFF2B
:1035B000FFFFFFFFFFFFFFFFFFFFFFFFFFFFFFFF1B
:1035C000FFFFFFFFFFFFFFFFFFFFFFFFFFFFFFFF0B
:1035D000FFFFFFFFFFFFFFFFFFFFFFFFFFFFFFFFFB
:1035E000FFFFFFFFFFFFFFFFFFFFFFFFFFFFFFFFEB
:1035F000FFFFFFFFFFFFFFFFFFFFFFFFFFFFFFFFDB
:10360000FFFFFFFFFFFFFFFFFFFFFFFFFFFFFFFFCA
:10361000FFFFFFFFFFFFFFFFFFFFFFFFFFFFFFFFBA
:10362000FFFFFFFFFFFFFFFFFFFFFFFFFFFFFFFFAA
:10363000FFFFFFFFFFFFFFFFFFFFFFFFFFFFFFFF9A
:10364000FFFFFFFFFFFFFFFFFFFFFFFFFFFFFFFF8A
:10365000FFFFFFFFFFFFFFFFFFFFFFFFFFFFFFFF7A
:10366000FFFFFFFFFFFFFFFFFFFFFFFFFFFFFFFF6A
:10367000FFFFFFFFFFFFFFFFFFFFFFFFFFFFFFFF5A
:10368000FFFFFFFFFFFFFFFFFFFFFFFFFFFFFFFF4A
:10369000FFFFFFFFFFFFFFFFFFFFFFFFFFFFFFFF3A
:1036A000FFFFFFFFFFFFFFFFFFFFFFFFFFFFFFFF2A
:1036B000FFFFFFFFFFFFFFFFFFFFFFFFFFFFFFFF1A
:1036C000FFFFFFFFFFFFFFFFFFFFFFFFFFFFFFFF0A
:1036D000FFFFFFFFFFFFFFFFFFFFFFFFFFFFFFFFFA
:1036E000FFFFFFFFFFFFFFFFFFFFFFFFFFFFFFFFEA
:1036F000FFFFFFFFFFFFFFFFFFFFFFFFFFFFFFFFDA
:10370000FFFFFFFFFFFFFFFFFFFFFFFFFFFFFFFFC9
:10371000FFFFFFFFFFFFFFFFFFFFFFFFFFFFFFFFB9
:10372000FFFFFFFFFFFFFFFFFFFFFFFFFFFFFFFFA9
:10373000FFFFFFFFFFFFFFFFFFFFFFFFFFFFFFFF99
:10374000FFFFFFFFFFFFFFFFFFFFFFFFFFFFFFFF89
:10375000FFFFFFFFFFFFFFFFFFFFFFFFFFFFFFFF79
:10376000FFFFFFFFFFFFFFFFFFFFFFFFFFFFFFFF69
:10377000FFFFFFFFFFFFFFFFFFFFFFFFFFFFFFFF59
:10378000FFFFFFFFFFFFFFFFFFFFFFFFFFFFFFFF49
:10379000FFFFFFFFFFFFFFFFFFFFFFFFFFFFFFFF39
:1037A000FFFFFFFFFFFFFFFFFFFFFFFFFFFFFFFF29
:1037B000FFFFFFFFFFFFFFFFFFFFFFFFFFFFFFFF19
:1037C000FFFFFFFFFFFFFFFFFFFFFFFFFFFFFFFF09
:1037D000FFFFFFFFFFFFFFFFFFFFFFFFFFFFFFFFF9
:1037E000FFFFFFFFFFFFFFFFFFFFFFFFFFFFFFFFE9
:1037F000FFFFFFFFFFFFFFFFFFFFFFFFFFFFFFFFD9
:10380000FFFFFFFFFFFFFFFFFFFFFFFFFFFFFFFFC8
:10381000FFFFFFFFFFFFFFFFFFFFFFFFFFFFFFFFB8
:10382000FFFFFFFFFFFFFFFFFFFFFFFFFFFFFFFFA8
:10383000FFFFFFFFFFFFFFFFFFFFFFFFFFFFFFFF98
:10384000FFFFFFFFFFFFFFFFFFFFFFFFFFFFFFFF88
:10385000FFFFFFFFFFFFFFFFFFFFFFFFFFFFFFFF78
:10386000FFFFFFFFFFFFFFFFFFFFFFFFFFFFFFFF68
:10387000FFFFFFFFFFFFFFFFFFFFFFFFFFFFFFFF58
:10388000FFFFFFFFFFFFFFFFFFFFFFFFFFFFFFFF48
:10389000FFFFFFFFFFFFFFFFFFFFFFFFFFFFFFFF38
:1038A000FFFFFFFFFFFFFFFFFFFFFFFFFFFFFFFF28
:1038B000FFFFFFFFFFFFFFFFFFFFFFFFFFFFFFFF18
:1038C000FFFFFFFFFFFFFFFFFFFFFFFFFFFFFFFF08
:1038D000FFFFFFFFFFFFFFFFFFFFFFFFFFFFFFFFF8
:1038E000FFFFFFFFFFFFFFFFFFFFFFFFFFFFFFFFE8
:1038F000FFFFFFFFFFFFFFFFFFFFFFFFFFFFFFFFD8
:10390000FFFFFFFFFFFFFFFFFFFFFFFFFFFFFFFFC7
:10391000FFFFFFFFFFFFFFFFFFFFFFFFFFFFFFFFB7
:10392000FFFFFFFFFFFFFFFFFFFFFFFFFFFFFFFFA7
:10393000FFFFFFFFFFFFFFFFFFFFFFFFFFFFFFFF97
:10394000FFFFFFFFFFFFFFFFFFFFFFFFFFFFFFFF87
:10395000FFFFFFFFFFFFFFFFFFFFFFFFFFFFFFFF77
:10396000FFFFFFFFFFFFFFFFFFFFFFFFFFFFFFFF67
:10397000FFFFFFFFFFFFFFFFFFFFFFFFFFFFFFFF57
:10398000FFFFFFFFFFFFFFFFFFFFFFFFFFFFFFFF47
:10399000FFFFFFFFFFFFFFFFFFFFFFFFFFFFFFFF37
:1039A000FFFFFFFFFFFFFFFFFFFFFFFFFFFFFFFF27
:1039B000FFFFFFFFFFFFFFFFFFFFFFFFFFFFFFFF17
:1039C000FFFFFFFFFFFFFFFFFFFFFFFFFFFFFFFF07
:1039D000FFFFFFFFFFFFFFFFFFFFFFFFFFFFFFFFF7
:1039E000FFFFFFFFFFFFFFFFFFFFFFFFFFFFFFFFE7
:1039F000FFFFFFFFFFFFFFFFFFFFFFFFFFFFFFFFD7
:103A0000FFFFFFFFFFFFFFFFFFFFFFFFFFFFFFFFC6
:103A1000FFFFFFFFFFFFFFFFFFFFFFFFFFFFFFFFB6
:103A2000FFFFFFFFFFFFFFFFFFFFFFFFFFFFFFFFA6
:103A3000FFFFFFFFFFFFFFFFFFFFFFFFFFFFFFFF96
:103A4000FFFFFFFFFFFFFFFFFFFFFFFFFFFFFFFF86
:103A5000FFFFFFFFFFFFFFFFFFFFFFFFFFFFFFFF76
:103A6000FFFFFFFFFFFFFFFFFFFFFFFFFFFFFFFF66
:103A7000FFFFFFFFFFFFFFFFFFFFFFFFFFFFFFFF56
:103A8000FFFFFFFFFFFFFFFFFFFFFFFFFFFFFFFF46
:103A9000FFFFFFFFFFFFFFFFFFFFFFFFFFFFFFFF36
:103AA000FFFFFFFFFFFFFFFFFFFFFFFFFFFFFFFF26
:103AB000FFFFFFFFFFFFFFFFFFFFFFFFFFFFFFFF16
:103AC000FFFFFFFFFFFFFFFFFFFFFFFFFFFFFFFF06
:103AD000FFFFFFFFFFFFFFFFFFFFFFFFFFFFFFFFF6
:103AE000FFFFFFFFFFFFFFFFFFFFFFFFFFFFFFFFE6
:103AF000FFFFFFFFFFFFFFFFFFFFFFFFFFFFFFFFD6
:103B0000FFFFFFFFFFFFFFFFFFFFFFFFFFFFFFFFC5
:103B1000FFFFFFFFFFFFFFFFFFFFFFFFFFFFFFFFB5
:103B2000FFFFFFFFFFFFFFFFFFFFFFFFFFFFFFFFA5
:103B3000FFFFFFFFFFFFFFFFFFFFFFFFFFFFFFFF95
:103B4000FFFFFFFFFFFFFFFFFFFFFFFFFFFFFFFF85
:103B5000FFFFFFFFFFFFFFFFFFFFFFFFFFFFFFFF75
:103B6000FFFFFFFFFFFFFFFFFFFFFFFFFFFFFFFF65
:103B7000FFFFFFFFFFFFFFFFFFFFFFFFFFFFFFFF55
:103B8000FFFFFFFFFFFFFFFFFFFFFFFFFFFFFFFF45
:103B9000FFFFFFFFFFFFFFFFFFFFFFFFFFFFFFFF35
:103BA000FFFFFFFFFFFFFFFFFFFFFFFFFFFFFFFF25
:103BB000FFFFFFFFFFFFFFFFFFFFFFFFFFFFFFFF15
:103BC000FFFFFFFFFFFFFFFFFFFFFFFFFFFFFFFF05
:103BD000FFFFFFFFFFFFFFFFFFFFFFFFFFFFFFFFF5
:103BE000FFFFFFFFFFFFFFFFFFFFFFFFFFFFFFFFE5
:103BF000FFFFFFFFFFFFFFFFFFFFFFFFFFFFFFFFD5
:103C0000FFFFFFFFFFFFFFFFFFFFFFFFFFFFFFFFC4
:103C1000FFFFFFFFFFFFFFFFFFFFFFFFFFFFFFFFB4
:103C2000FFFFFFFFFFFFFFFFFFFFFFFFFFFFFFFFA4
:103C3000FFFFFFFFFFFFFFFFFFFFFFFFFFFFFFFF94
:103C4000FFFFFFFFFFFFFFFFFFFFFFFFFFFFFFFF84
:103C5000FFFFFFFFFFFFFFFFFFFFFFFFFFFFFFFF74
:103C6000FFFFFFFFFFFFFFFFFFFFFFFFFFFFFFFF64
:103C7000FFFFFFFFFFFFFFFFFFFFFFFFFFFFFFFF54
:103C8000FFFFFFFFFFFFFFFFFFFFFFFFFFFFFFFF44
:103C9000FFFFFFFFFFFFFFFFFFFFFFFFFFFFFFFF34
:103CA000FFFFFFFFFFFFFFFFFFFFFFFFFFFFFFFF24
:103CB000FFFFFFFFFFFFFFFFFFFFFFFFFFFFFFFF14
:103CC000FFFFFFFFFFFFFFFFFFFFFFFFFFFFFFFF04
:103CD000FFFFFFFFFFFFFFFFFFFFFFFFFFFFFFFFF4
:103CE000FFFFFFFFFFFFFFFFFFFFFFFFFFFFFFFFE4
:103CF000FFFFFFFFFFFFFFFFFFFFFFFFFFFFFFFFD4
:103D0000FFFFFFFFFFFFFFFFFFFFFFFFFFFFFFFFC3
:103D1000FFFFFFFFFFFFFFFFFFFFFFFFFFFFFFFFB3
:103D2000FFFFFFFFFFFFFFFFFFFFFFFFFFFFFFFFA3
:103D3000FFFFFFFFFFFFFFFFFFFFFFFFFFFFFFFF93
:103D4000FFFFFFFFFFFFFFFFFFFFFFFFFFFFFFFF83
:103D5000FFFFFFFFFFFFFFFFFFFFFFFFFFFFFFFF73
:103D6000FFFFFFFFFFFFFFFFFFFFFFFFFFFFFFFF63
:103D7000FFFFFFFFFFFFFFFFFFFFFFFFFFFFFFFF53
:103D8000FFFFFFFFFFFFFFFFFFFFFFFFFFFFFFFF43
:103D9000FFFFFFFFFFFFFFFFFFFFFFFFFFFFFFFF33
:103DA000FFFFFFFFFFFFFFFFFFFFFFFFFFFFFFFF23
:103DB000FFFFFFFFFFFFFFFFFFFFFFFFFFFFFFFF13
:103DC000FFFFFFFFFFFFFFFFFFFFFFFFFFFFFFFF03
:103DD000FFFFFFFFFFFFFFFFFFFFFFFFFFFFFFFFF3
:103DE000FFFFFFFFFFFFFFFFFFFFFFFFFFFFFFFFE3
:103DF000FFFFFFFFFFFFFFFFFFFFFFFFFFFFFFFFD3
:103E0000FFFFFFFFFFFFFFFFFFFFFFFFFFFFFFFFC2
:103E1000FFFFFFFFFFFFFFFFFFFFFFFFFFFFFFFFB2
:103E2000FFFFFFFFFFFFFFFFFFFFFFFFFFFFFFFFA2
:103E3000FFFFFFFFFFFFFFFFFFFFFFFFFFFFFFFF92
:103E4000FFFFFFFFFFFFFFFFFFFFFFFFFFFFFFFF82
:103E5000FFFFFFFFFFFFFFFFFFFFFFFFFFFFFFFF72
:103E6000FFFFFFFFFFFFFFFFFFFFFFFFFFFFFFFF62
:103E7000FFFFFFFFFFFFFFFFFFFFFFFFFFFFFFFF52
:103E8000FFFFFFFFFFFFFFFFFFFFFFFFFFFFFFFF42
:103E9000FFFFFFFFFFFFFFFFFFFFFFFFFFFFFFFF32
:103EA000FFFFFFFFFFFFFFFFFFFFFFFFFFFFFFFF22
:103EB000FFFFFFFFFFFFFFFFFFFFFFFFFFFFFFFF12
:103EC000FFFFFFFFFFFFFFFFFFFFFFFFFFFFFFFF02
:103ED000FFFFFFFFFFFFFFFFFFFFFFFFFFFFFFFFF2
:103EE000FFFFFFFFFFFFFFFFFFFFFFFFFFFFFFFFE2
:103EF000FFFFFFFFFFFFFFFFFFFFFFFFFFFFFFFFD2
:103F0000FFFFFFFFFFFFFFFFFFFFFFFFFFFFFFFFC1
:103F1000FFFFFFFFFFFFFFFFFFFFFFFFFFFFFFFFB1
:103F2000FFFFFFFFFFFFFFFFFFFFFFFFFFFFFFFFA1
:103F3000FFFFFFFFFFFFFFFFFFFFFFFFFFFFFFFF91
:103F4000FFFFFFFFFFFFFFFFFFFFFFFFFFFFFFFF81
:103F5000FFFFFFFFFFFFFFFFFFFFFFFFFFFFFFFF71
:103F6000FFFFFFFFFFFFFFFFFFFFFFFFFFFFFFFF61
:103F7000FFFFFFFFFFFFFFFFFFFFFFFFFFFFFFFF51
:103F8000FFFFFFFFFFFFFFFFFFFFFFFFFFFFFFFF41
:103F9000FFFFFFFFFFFFFFFFFFFFFFFFFFFFFFFF31
:103FA000FFFFFFFFFFFFFFFFFFFFFFFFFFFFFFFF21
:103FB000FFFFFFFFFFFFFFFFFFFFFFFFFFFFFFFF11
:103FC000FFFFFFFFFFFFFFFFFFFFFFFFFFFFFFFF01
:103FD000FFFFFFFFFFFFFFFFFFFFFFFFFFFFFFFFF1
:103FE000FFFFFFFFFFFFFFFFFFFFFFFFFFFFFFFFE1
:103FF000FFFFFFFFFFFFFFFFFFFFFFFFFFFFFFFFD1
:10400000FFFFFFFFFFFFFFFFFFFFFFFFFFFFFFFFC0
:10401000FFFFFFFFFFFFFFFFFFFFFFFFFFFFFFFFB0
:10402000FFFFFFFFFFFFFFFFFFFFFFFFFFFFFFFFA0
:10403000FFFFFFFFFFFFFFFFFFFFFFFFFFFFFFFF90
:10404000FFFFFFFFFFFFFFFFFFFFFFFFFFFFFFFF80
:10405000FFFFFFFFFFFFFFFFFFFFFFFFFFFFFFFF70
:10406000FFFFFFFFFFFFFFFFFFFFFFFFFFFFFFFF60
:10407000FFFFFFFFFFFFFFFFFFFFFFFFFFFFFFFF50
:10408000FFFFFFFFFFFFFFFFFFFFFFFFFFFFFFFF40
:10409000FFFFFFFFFFFFFFFFFFFFFFFFFFFFFFFF30
:1040A000FFFFFFFFFFFFFFFFFFFFFFFFFFFFFFFF20
:1040B000FFFFFFFFFFFFFFFFFFFFFFFFFFFFFFFF10
:1040C000FFFFFFFFFFFFFFFFFFFFFFFFFFFFFFFF00
:1040D000FFFFFFFFFFFFFFFFFFFFFFFFFFFFFFFFF0
:1040E000FFFFFFFFFFFFFFFFFFFFFFFFFFFFFFFFE0
:1040F000FFFFFFFFFFFFFFFFFFFFFFFFFFFFFFFFD0
:10410000FFFFFFFFFFFFFFFFFFFFFFFFFFFFFFFFBF
:10411000FFFFFFFFFFFFFFFFFFFFFFFFFFFFFFFFAF
:10412000FFFFFFFFFFFFFFFFFFFFFFFFFFFFFFFF9F
:10413000FFFFFFFFFFFFFFFFFFFFFFFFFFFFFFFF8F
:10414000FFFFFFFFFFFFFFFFFFFFFFFFFFFFFFFF7F
:10415000FFFFFFFFFFFFFFFFFFFFFFFFFFFFFFFF6F
:10416000FFFFFFFFFFFFFFFFFFFFFFFFFFFFFFFF5F
:10417000FFFFFFFFFFFFFFFFFFFFFFFFFFFFFFFF4F
:10418000FFFFFFFFFFFFFFFFFFFFFFFFFFFFFFFF3F
:10419000FFFFFFFFFFFFFFFFFFFFFFFFFFFFFFFF2F
:1041A000FFFFFFFFFFFFFFFFFFFFFFFFFFFFFFFF1F
:1041B000FFFFFFFFFFFFFFFFFFFFFFFFFFFFFFFF0F
:1041C000FFFFFFFFFFFFFFFFFFFFFFFFFFFFFFFFFF
:1041D000FFFFFFFFFFFFFFFFFFFFFFFFFFFFFFFFEF
:1041E000FFFFFFFFFFFFFFFFFFFFFFFFFFFFFFFFDF
:1041F000FFFFFFFFFFFFFFFFFFFFFFFFFFFFFFFFCF
:10420000FFFFFFFFFFFFFFFFFFFFFFFFFFFFFFFFBE
:10421000FFFFFFFFFFFFFFFFFFFFFFFFFFFFFFFFAE
:10422000FFFFFFFFFFFFFFFFFFFFFFFFFFFFFFFF9E
:10423000FFFFFFFFFFFFFFFFFFFFFFFFFFFFFFFF8E
:10424000FFFFFFFFFFFFFFFFFFFFFFFFFFFFFFFF7E
:10425000FFFFFFFFFFFFFFFFFFFFFFFFFFFFFFFF6E
:10426000FFFFFFFFFFFFFFFFFFFFFFFFFFFFFFFF5E
:10427000FFFFFFFFFFFFFFFFFFFFFFFFFFFFFFFF4E
:10428000FFFFFFFFFFFFFFFFFFFFFFFFFFFFFFFF3E
:10429000FFFFFFFFFFFFFFFFFFFFFFFFFFFFFFFF2E
:1042A000FFFFFFFFFFFFFFFFFFFFFFFFFFFFFFFF1E
:1042B000FFFFFFFFFFFFFFFFFFFFFFFFFFFFFFFF0E
:1042C000FFFFFFFFFFFFFFFFFFFFFFFFFFFFFFFFFE
:1042D000FFFFFFFFFFFFFFFFFFFFFFFFFFFFFFFFEE
:1042E000FFFFFFFFFFFFFFFFFFFFFFFFFFFFFFFFDE
:1042F000FFFFFFFFFFFFFFFFFFFFFFFFFFFFFFFFCE
:10430000FFFFFFFFFFFFFFFFFFFFFFFFFFFFFFFFBD
:10431000FFFFFFFFFFFFFFFFFFFFFFFFFFFFFFFFAD
:10432000FFFFFFFFFFFFFFFFFFFFFFFFFFFFFFFF9D
:10433000FFFFFFFFFFFFFFFFFFFFFFFFFFFFFFFF8D
:10434000FFFFFFFFFFFFFFFFFFFFFFFFFFFFFFFF7D
:10435000FFFFFFFFFFFFFFFFFFFFFFFFFFFFFFFF6D
:10436000FFFFFFFFFFFFFFFFFFFFFFFFFFFFFFFF5D
:10437000FFFFFFFFFFFFFFFFFFFFFFFFFFFFFFFF4D
:10438000FFFFFFFFFFFFFFFFFFFFFFFFFFFFFFFF3D
:10439000FFFFFFFFFFFFFFFFFFFFFFFFFFFFFFFF2D
:1043A000FFFFFFFFFFFFFFFFFFFFFFFFFFFFFFFF1D
:1043B000FFFFFFFFFFFFFFFFFFFFFFFFFFFFFFFF0D
:1043C000FFFFFFFFFFFFFFFFFFFFFFFFFFFFFFFFFD
:1043D000FFFFFFFFFFFFFFFFFFFFFFFFFFFFFFFFED
:1043E000FFFFFFFFFFFFFFFFFFFFFFFFFFFFFFFFDD
:1043F000FFFFFFFFFFFFFFFFFFFFFFFFFFFFFFFFCD
:10440000FFFFFFFFFFFFFFFFFFFFFFFFFFFFFFFFBC
:10441000FFFFFFFFFFFFFFFFFFFFFFFFFFFFFFFFAC
:10442000FFFFFFFFFFFFFFFFFFFFFFFFFFFFFFFF9C
:10443000FFFFFFFFFFFFFFFFFFFFFFFFFFFFFFFF8C
:10444000FFFFFFFFFFFFFFFFFFFFFFFFFFFFFFFF7C
:10445000FFFFFFFFFFFFFFFFFFFFFFFFFFFFFFFF6C
:10446000FFFFFFFFFFFFFFFFFFFFFFFFFFFFFFFF5C
:10447000FFFFFFFFFFFFFFFFFFFFFFFFFFFFFFFF4C
:10448000FFFFFFFFFFFFFFFFFFFFFFFFFFFFFFFF3C
:10449000FFFFFFFFFFFFFFFFFFFFFFFFFFFFFFFF2C
:1044A000FFFFFFFFFFFFFFFFFFFFFFFFFFFFFFFF1C
:1044B000FFFFFFFFFFFFFFFFFFFFFFFFFFFFFFFF0C
:1044C000FFFFFFFFFFFFFFFFFFFFFFFFFFFFFFFFFC
:1044D000FFFFFFFFFFFFFFFFFFFFFFFFFFFFFFFFEC
:1044E000FFFFFFFFFFFFFFFFFFFFFFFFFFFFFFFFDC
:1044F000FFFFFFFFFFFFFFFFFFFFFFFFFFFFFFFFCC
:10450000FFFFFFFFFFFFFFFFFFFFFFFFFFFFFFFFBB
:10451000FFFFFFFFFFFFFFFFFFFFFFFFFFFFFFFFAB
:10452000FFFFFFFFFFFFFFFFFFFFFFFFFFFFFFFF9B
:10453000FFFFFFFFFFFFFFFFFFFFFFFFFFFFFFFF8B
:10454000FFFFFFFFFFFFFFFFFFFFFFFFFFFFFFFF7B
:10455000FFFFFFFFFFFFFFFFFFFFFFFFFFFFFFFF6B
:10456000FFFFFFFFFFFFFFFFFFFFFFFFFFFFFFFF5B
:10457000FFFFFFFFFFFFFFFFFFFFFFFFFFFFFFFF4B
:10458000FFFFFFFFFFFFFFFFFFFFFFFFFFFFFFFF3B
:10459000FFFFFFFFFFFFFFFFFFFFFFFFFFFFFFFF2B
:1045A000FFFFFFFFFFFFFFFFFFFFFFFFFFFFFFFF1B
:1045B000FFFFFFFFFFFFFFFFFFFFFFFFFFFFFFFF0B
:1045C000FFFFFFFFFFFFFFFFFFFFFFFFFFFFFFFFFB
:1045D000FFFFFFFFFFFFFFFFFFFFFFFFFFFFFFFFEB
:1045E000FFFFFFFFFFFFFFFFFFFFFFFFFFFFFFFFDB
:1045F000FFFFFFFFFFFFFFFFFFFFFFFFFFFFFFFFCB
:10460000FFFFFFFFFFFFFFFFFFFFFFFFFFFFFFFFBA
:10461000FFFFFFFFFFFFFFFFFFFFFFFFFFFFFFFFAA
:10462000FFFFFFFFFFFFFFFFFFFFFFFFFFFFFFFF9A
:10463000FFFFFFFFFFFFFFFFFFFFFFFFFFFFFFFF8A
:10464000FFFFFFFFFFFFFFFFFFFFFFFFFFFFFFFF7A
:10465000FFFFFFFFFFFFFFFFFFFFFFFFFFFFFFFF6A
:10466000FFFFFFFFFFFFFFFFFFFFFFFFFFFFFFFF5A
:10467000FFFFFFFFFFFFFFFFFFFFFFFFFFFFFFFF4A
:10468000FFFFFFFFFFFFFFFFFFFFFFFFFFFFFFFF3A
:10469000FFFFFFFFFFFFFFFFFFFFFFFFFFFFFFFF2A
:1046A000FFFFFFFFFFFFFFFFFFFFFFFFFFFFFFFF1A
:1046B000FFFFFFFFFFFFFFFFFFFFFFFFFFFFFFFF0A
:1046C000FFFFFFFFFFFFFFFFFFFFFFFFFFFFFFFFFA
:1046D000FFFFFFFFFFFFFFFFFFFFFFFFFFFFFFFFEA
:1046E000FFFFFFFFFFFFFFFFFFFFFFFFFFFFFFFFDA
:1046F000FFFFFFFFFFFFFFFFFFFFFFFFFFFFFFFFCA
:10470000FFFFFFFFFFFFFFFFFFFFFFFFFFFFFFFFB9
:10471000FFFFFFFFFFFFFFFFFFFFFFFFFFFFFFFFA9
:10472000FFFFFFFFFFFFFFFFFFFFFFFFFFFFFFFF99
:10473000FFFFFFFFFFFFFFFFFFFFFFFFFFFFFFFF89
:10474000FFFFFFFFFFFFFFFFFFFFFFFFFFFFFFFF79
:10475000FFFFFFFFFFFFFFFFFFFFFFFFFFFFFFFF69
:10476000FFFFFFFFFFFFFFFFFFFFFFFFFFFFFFFF59
:10477000FFFFFFFFFFFFFFFFFFFFFFFFFFFFFFFF49
:10478000FFFFFFFFFFFFFFFFFFFFFFFFFFFFFFFF39
:10479000FFFFFFFFFFFFFFFFFFFFFFFFFFFFFFFF29
:1047A000FFFFFFFFFFFFFFFFFFFFFFFFFFFFFFFF19
:1047B000FFFFFFFFFFFFFFFFFFFFFFFFFFFFFFFF09
:1047C000FFFFFFFFFFFFFFFFFFFFFFFFFFFFFFFFF9
:1047D000FFFFFFFFFFFFFFFFFFFFFFFFFFFFFFFFE9
:1047E000FFFFFFFFFFFFFFFFFFFFFFFFFFFFFFFFD9
:1047F000FFFFFFFFFFFFFFFFFFFFFFFFFFFFFFFFC9
:10480000FFFFFFFFFFFFFFFFFFFFFFFFFFFFFFFFB8
:10481000FFFFFFFFFFFFFFFFFFFFFFFFFFFFFFFFA8
:10482000FFFFFFFFFFFFFFFFFFFFFFFFFFFFFFFF98
:10483000FFFFFFFFFFFFFFFFFFFFFFFFFFFFFFFF88
:10484000FFFFFFFFFFFFFFFFFFFFFFFFFFFFFFFF78
:10485000FFFFFFFFFFFFFFFFFFFFFFFFFFFFFFFF68
:10486000FFFFFFFFFFFFFFFFFFFFFFFFFFFFFFFF58
:10487000FFFFFFFFFFFFFFFFFFFFFFFFFFFFFFFF48
:10488000FFFFFFFFFFFFFFFFFFFFFFFFFFFFFFFF38
:10489000FFFFFFFFFFFFFFFFFFFFFFFFFFFFFFFF28
:1048A000FFFFFFFFFFFFFFFFFFFFFFFFFFFFFFFF18
:1048B000FFFFFFFFFFFFFFFFFFFFFFFFFFFFFFFF08
:1048C000FFFFFFFFFFFFFFFFFFFFFFFFFFFFFFFFF8
:1048D000FFFFFFFFFFFFFFFFFFFFFFFFFFFFFFFFE8
:1048E000FFFFFFFFFFFFFFFFFFFFFFFFFFFFFFFFD8
:1048F000FFFFFFFFFFFFFFFFFFFFFFFFFFFFFFFFC8
:10490000FFFFFFFFFFFFFFFFFFFFFFFFFFFFFFFFB7
:10491000FFFFFFFFFFFFFFFFFFFFFFFFFFFFFFFFA7
:10492000FFFFFFFFFFFFFFFFFFFFFFFFFFFFFFFF97
:10493000FFFFFFFFFFFFFFFFFFFFFFFFFFFFFFFF87
:10494000FFFFFFFFFFFFFFFFFFFFFFFFFFFFFFFF77
:10495000FFFFFFFFFFFFFFFFFFFFFFFFFFFFFFFF67
:10496000FFFFFFFFFFFFFFFFFFFFFFFFFFFFFFFF57
:10497000FFFFFFFFFFFFFFFFFFFFFFFFFFFFFFFF47
:10498000FFFFFFFFFFFFFFFFFFFFFFFFFFFFFFFF37
:10499000FFFFFFFFFFFFFFFFFFFFFFFFFFFFFFFF27
:1049A000FFFFFFFFFFFFFFFFFFFFFFFFFFFFFFFF17
:1049B000FFFFFFFFFFFFFFFFFFFFFFFFFFFFFFFF07
:1049C000FFFFFFFFFFFFFFFFFFFFFFFFFFFFFFFFF7
:1049D000FFFFFFFFFFFFFFFFFFFFFFFFFFFFFFFFE7
:1049E000FFFFFFFFFFFFFFFFFFFFFFFFFFFFFFFFD7
:1049F000FFFFFFFFFFFFFFFFFFFFFFFFFFFFFFFFC7
:104A0000FFFFFFFFFFFFFFFFFFFFFFFFFFFFFFFFB6
:104A1000FFFFFFFFFFFFFFFFFFFFFFFFFFFFFFFFA6
:104A2000FFFFFFFFFFFFFFFFFFFFFFFFFFFFFFFF96
:104A3000FFFFFFFFFFFFFFFFFFFFFFFFFFFFFFFF86
:104A4000FFFFFFFFFFFFFFFFFFFFFFFFFFFFFFFF76
:104A5000FFFFFFFFFFFFFFFFFFFFFFFFFFFFFFFF66
:104A6000FFFFFFFFFFFFFFFFFFFFFFFFFFFFFFFF56
:104A7000FFFFFFFFFFFFFFFFFFFFFFFFFFFFFFFF46
:104A8000FFFFFFFFFFFFFFFFFFFFFFFFFFFFFFFF36
:104A9000FFFFFFFFFFFFFFFFFFFFFFFFFFFFFFFF26
:104AA000FFFFFFFFFFFFFFFFFFFFFFFFFFFFFFFF16
:104AB000FFFFFFFFFFFFFFFFFFFFFFFFFFFFFFFF06
:104AC000FFFFFFFFFFFFFFFFFFFFFFFFFFFFFFFFF6
:104AD000FFFFFFFFFFFFFFFFFFFFFFFFFFFFFFFFE6
:104AE000FFFFFFFFFFFFFFFFFFFFFFFFFFFFFFFFD6
:104AF000FFFFFFFFFFFFFFFFFFFFFFFFFFFFFFFFC6
:104B0000FFFFFFFFFFFFFFFFFFFFFFFFFFFFFFFFB5
:104B1000FFFFFFFFFFFFFFFFFFFFFFFFFFFFFFFFA5
:104B2000FFFFFFFFFFFFFFFFFFFFFFFFFFFFFFFF95
:104B3000FFFFFFFFFFFFFFFFFFFFFFFFFFFFFFFF85
:104B4000FFFFFFFFFFFFFFFFFFFFFFFFFFFFFFFF75
:104B5000FFFFFFFFFFFFFFFFFFFFFFFFFFFFFFFF65
:104B6000FFFFFFFFFFFFFFFFFFFFFFFFFFFFFFFF55
:104B7000FFFFFFFFFFFFFFFFFFFFFFFFFFFFFFFF45
:104B8000FFFFFFFFFFFFFFFFFFFFFFFFFFFFFFFF35
:104B9000FFFFFFFFFFFFFFFFFFFFFFFFFFFFFFFF25
:104BA000FFFFFFFFFFFFFFFFFFFFFFFFFFFFFFFF15
:104BB000FFFFFFFFFFFFFFFFFFFFFFFFFFFFFFFF05
:104BC000FFFFFFFFFFFFFFFFFFFFFFFFFFFFFFFFF5
:104BD000FFFFFFFFFFFFFFFFFFFFFFFFFFFFFFFFE5
:104BE000FFFFFFFFFFFFFFFFFFFFFFFFFFFFFFFFD5
:104BF000FFFFFFFFFFFFFFFFFFFFFFFFFFFFFFFFC5
:104C0000FFFFFFFFFFFFFFFFFFFFFFFFFFFFFFFFB4
:104C1000FFFFFFFFFFFFFFFFFFFFFFFFFFFFFFFFA4
:104C2000FFFFFFFFFFFFFFFFFFFFFFFFFFFFFFFF94
:104C3000FFFFFFFFFFFFFFFFFFFFFFFFFFFFFFFF84
:104C4000FFFFFFFFFFFFFFFFFFFFFFFFFFFFFFFF74
:104C5000FFFFFFFFFFFFFFFFFFFFFFFFFFFFFFFF64
:104C6000FFFFFFFFFFFFFFFFFFFFFFFFFFFFFFFF54
:104C7000FFFFFFFFFFFFFFFFFFFFFFFFFFFFFFFF44
:104C8000FFFFFFFFFFFFFFFFFFFFFFFFFFFFFFFF34
:104C9000FFFFFFFFFFFFFFFFFFFFFFFFFFFFFFFF24
:104CA000FFFFFFFFFFFFFFFFFFFFFFFFFFFFFFFF14
:104CB000FFFFFFFFFFFFFFFFFFFFFFFFFFFFFFFF04
:104CC000FFFFFFFFFFFFFFFFFFFFFFFFFFFFFFFFF4
:104CD000FFFFFFFFFFFFFFFFFFFFFFFFFFFFFFFFE4
:104CE000FFFFFFFFFFFFFFFFFFFFFFFFFFFFFFFFD4
:104CF000FFFFFFFFFFFFFFFFFFFFFFFFFFFFFFFFC4
:104D0000FFFFFFFFFFFFFFFFFFFFFFFFFFFFFFFFB3
:104D1000FFFFFFFFFFFFFFFFFFFFFFFFFFFFFFFFA3
:104D2000FFFFFFFFFFFFFFFFFFFFFFFFFFFFFFFF93
:104D3000FFFFFFFFFFFFFFFFFFFFFFFFFFFFFFFF83
:104D4000FFFFFFFFFFFFFFFFFFFFFFFFFFFFFFFF73
:104D5000FFFFFFFFFFFFFFFFFFFFFFFFFFFFFFFF63
:104D6000FFFFFFFFFFFFFFFFFFFFFFFFFFFFFFFF53
:104D7000FFFFFFFFFFFFFFFFFFFFFFFFFFFFFFFF43
:104D8000FFFFFFFFFFFFFFFFFFFFFFFFFFFFFFFF33
:104D9000FFFFFFFFFFFFFFFFFFFFFFFFFFFFFFFF23
:104DA000FFFFFFFFFFFFFFFFFFFFFFFFFFFFFFFF13
:104DB000FFFFFFFFFFFFFFFFFFFFFFFFFFFFFFFF03
:104DC000FFFFFFFFFFFFFFFFFFFFFFFFFFFFFFFFF3
:104DD000FFFFFFFFFFFFFFFFFFFFFFFFFFFFFFFFE3
:104DE000FFFFFFFFFFFFFFFFFFFFFFFFFFFFFFFFD3
:104DF000FFFFFFFFFFFFFFFFFFFFFFFFFFFFFFFFC3
:104E0000FFFFFFFFFFFFFFFFFFFFFFFFFFFFFFFFB2
:104E1000FFFFFFFFFFFFFFFFFFFFFFFFFFFFFFFFA2
:104E2000FFFFFFFFFFFFFFFFFFFFFFFFFFFFFFFF92
:104E3000FFFFFFFFFFFFFFFFFFFFFFFFFFFFFFFF82
:104E4000FFFFFFFFFFFFFFFFFFFFFFFFFFFFFFFF72
:104E5000FFFFFFFFFFFFFFFFFFFFFFFFFFFFFFFF62
:104E6000FFFFFFFFFFFFFFFFFFFFFFFFFFFFFFFF52
:104E7000FFFFFFFFFFFFFFFFFFFFFFFFFFFFFFFF42
:104E8000FFFFFFFFFFFFFFFFFFFFFFFFFFFFFFFF32
:104E9000FFFFFFFFFFFFFFFFFFFFFFFFFFFFFFFF22
:104EA000FFFFFFFFFFFFFFFFFFFFFFFFFFFFFFFF12
:104EB000FFFFFFFFFFFFFFFFFFFFFFFFFFFFFFFF02
:104EC000FFFFFFFFFFFFFFFFFFFFFFFFFFFFFFFFF2
:104ED000FFFFFFFFFFFFFFFFFFFFFFFFFFFFFFFFE2
:104EE000FFFFFFFFFFFFFFFFFFFFFFFFFFFFFFFFD2
:104EF000FFFFFFFFFFFFFFFFFFFFFFFFFFFFFFFFC2
:104F0000FFFFFFFFFFFFFFFFFFFFFFFFFFFFFFFFB1
:104F1000FFFFFFFFFFFFFFFFFFFFFFFFFFFFFFFFA1
:104F2000FFFFFFFFFFFFFFFFFFFFFFFFFFFFFFFF91
:104F3000FFFFFFFFFFFFFFFFFFFFFFFFFFFFFFFF81
:104F4000FFFFFFFFFFFFFFFFFFFFFFFFFFFFFFFF71
:104F5000FFFFFFFFFFFFFFFFFFFFFFFFFFFFFFFF61
:104F6000FFFFFFFFFFFFFFFFFFFFFFFFFFFFFFFF51
:104F7000FFFFFFFFFFFFFFFFFFFFFFFFFFFFFFFF41
:104F8000FFFFFFFFFFFFFFFFFFFFFFFFFFFFFFFF31
:104F9000FFFFFFFFFFFFFFFFFFFFFFFFFFFFFFFF21
:104FA000FFFFFFFFFFFFFFFFFFFFFFFFFFFFFFFF11
:104FB000FFFFFFFFFFFFFFFFFFFFFFFFFFFFFFFF01
:104FC000FFFFFFFFFFFFFFFFFFFFFFFFFFFFFFFFF1
:104FD000FFFFFFFFFFFFFFFFFFFFFFFFFFFFFFFFE1
:104FE000FFFFFFFFFFFFFFFFFFFFFFFFFFFFFFFFD1
:104FF000FFFFFFFFFFFFFFFFFFFFFFFFFFFFFFFFC1
:10500000FFFFFFFFFFFFFFFFFFFFFFFFFFFFFFFFB0
:10501000FFFFFFFFFFFFFFFFFFFFFFFFFFFFFFFFA0
:10502000FFFFFFFFFFFFFFFFFFFFFFFFFFFFFFFF90
:10503000FFFFFFFFFFFFFFFFFFFFFFFFFFFFFFFF80
:10504000FFFFFFFFFFFFFFFFFFFFFFFFFFFFFFFF70
:10505000FFFFFFFFFFFFFFFFFFFFFFFFFFFFFFFF60
:10506000FFFFFFFFFFFFFFFFFFFFFFFFFFFFFFFF50
:10507000FFFFFFFFFFFFFFFFFFFFFFFFFFFFFFFF40
:10508000FFFFFFFFFFFFFFFFFFFFFFFFFFFFFFFF30
:10509000FFFFFFFFFFFFFFFFFFFFFFFFFFFFFFFF20
:1050A000FFFFFFFFFFFFFFFFFFFFFFFFFFFFFFFF10
:1050B000FFFFFFFFFFFFFFFFFFFFFFFFFFFFFFFF00
:1050C000FFFFFFFFFFFFFFFFFFFFFFFFFFFFFFFFF0
:1050D000FFFFFFFFFFFFFFFFFFFFFFFFFFFFFFFFE0
:1050E000FFFFFFFFFFFFFFFFFFFFFFFFFFFFFFFFD0
:1050F000FFFFFFFFFFFFFFFFFFFFFFFFFFFFFFFFC0
:10510000FFFFFFFFFFFFFFFFFFFFFFFFFFFFFFFFAF
:10511000FFFFFFFFFFFFFFFFFFFFFFFFFFFFFFFF9F
:10512000FFFFFFFFFFFFFFFFFFFFFFFFFFFFFFFF8F
:10513000FFFFFFFFFFFFFFFFFFFFFFFFFFFFFFFF7F
:10514000FFFFFFFFFFFFFFFFFFFFFFFFFFFFFFFF6F
:10515000FFFFFFFFFFFFFFFFFFFFFFFFFFFFFFFF5F
:10516000FFFFFFFFFFFFFFFFFFFFFFFFFFFFFFFF4F
:10517000FFFFFFFFFFFFFFFFFFFFFFFFFFFFFFFF3F
:10518000FFFFFFFFFFFFFFFFFFFFFFFFFFFFFFFF2F
:10519000FFFFFFFFFFFFFFFFFFFFFFFFFFFFFFFF1F
:1051A000FFFFFFFFFFFFFFFFFFFFFFFFFFFFFFFF0F
:1051B000FFFFFFFFFFFFFFFFFFFFFFFFFFFFFFFFFF
:1051C000FFFFFFFFFFFFFFFFFFFFFFFFFFFFFFFFEF
:1051D000FFFFFFFFFFFFFFFFFFFFFFFFFFFFFFFFDF
:1051E000FFFFFFFFFFFFFFFFFFFFFFFFFFFFFFFFCF
:1051F000FFFFFFFFFFFFFFFFFFFFFFFFFFFFFFFFBF
:10520000FFFFFFFFFFFFFFFFFFFFFFFFFFFFFFFFAE
:10521000FFFFFFFFFFFFFFFFFFFFFFFFFFFFFFFF9E
:10522000FFFFFFFFFFFFFFFFFFFFFFFFFFFFFFFF8E
:10523000FFFFFFFFFFFFFFFFFFFFFFFFFFFFFFFF7E
:10524000FFFFFFFFFFFFFFFFFFFFFFFFFFFFFFFF6E
:10525000FFFFFFFFFFFFFFFFFFFFFFFFFFFFFFFF5E
:10526000FFFFFFFFFFFFFFFFFFFFFFFFFFFFFFFF4E
:10527000FFFFFFFFFFFFFFFFFFFFFFFFFFFFFFFF3E
:10528000FFFFFFFFFFFFFFFFFFFFFFFFFFFFFFFF2E
:10529000FFFFFFFFFFFFFFFFFFFFFFFFFFFFFFFF1E
:1052A000FFFFFFFFFFFFFFFFFFFFFFFFFFFFFFFF0E
:1052B000FFFFFFFFFFFFFFFFFFFFFFFFFFFFFFFFFE
:1052C000FFFFFFFFFFFFFFFFFFFFFFFFFFFFFFFFEE
:1052D000FFFFFFFFFFFFFFFFFFFFFFFFFFFFFFFFDE
:1052E000FFFFFFFFFFFFFFFFFFFFFFFFFFFFFFFFCE
:1052F000FFFFFFFFFFFFFFFFFFFFFFFFFFFFFFFFBE
:10530000FFFFFFFFFFFFFFFFFFFFFFFFFFFFFFFFAD
:10531000FFFFFFFFFFFFFFFFFFFFFFFFFFFFFFFF9D
:10532000FFFFFFFFFFFFFFFFFFFFFFFFFFFFFFFF8D
:10533000FFFFFFFFFFFFFFFFFFFFFFFFFFFFFFFF7D
:10534000FFFFFFFFFFFFFFFFFFFFFFFFFFFFFFFF6D
:10535000FFFFFFFFFFFFFFFFFFFFFFFFFFFFFFFF5D
:10536000FFFFFFFFFFFFFFFFFFFFFFFFFFFFFFFF4D
:10537000FFFFFFFFFFFFFFFFFFFFFFFFFFFFFFFF3D
:10538000FFFFFFFFFFFFFFFFFFFFFFFFFFFFFFFF2D
:10539000FFFFFFFFFFFFFFFFFFFFFFFFFFFFFFFF1D
:1053A000FFFFFFFFFFFFFFFFFFFFFFFFFFFFFFFF0D
:1053B000FFFFFFFFFFFFFFFFFFFFFFFFFFFFFFFFFD
:1053C000FFFFFFFFFFFFFFFFFFFFFFFFFFFFFFFFED
:1053D000FFFFFFFFFFFFFFFFFFFFFFFFFFFFFFFFDD
:1053E000FFFFFFFFFFFFFFFFFFFFFFFFFFFFFFFFCD
:1053F000FFFFFFFFFFFFFFFFFFFFFFFFFFFFFFFFBD
:10540000FFFFFFFFFFFFFFFFFFFFFFFFFFFFFFFFAC
:10541000FFFFFFFFFFFFFFFFFFFFFFFFFFFFFFFF9C
:10542000FFFFFFFFFFFFFFFFFFFFFFFFFFFFFFFF8C
:10543000FFFFFFFFFFFFFFFFFFFFFFFFFFFFFFFF7C
:10544000FFFFFFFFFFFFFFFFFFFFFFFFFFFFFFFF6C
:10545000FFFFFFFFFFFFFFFFFFFFFFFFFFFFFFFF5C
:10546000FFFFFFFFFFFFFFFFFFFFFFFFFFFFFFFF4C
:10547000FFFFFFFFFFFFFFFFFFFFFFFFFFFFFFFF3C
:10548000FFFFFFFFFFFFFFFFFFFFFFFFFFFFFFFF2C
:10549000FFFFFFFFFFFFFFFFFFFFFFFFFFFFFFFF1C
:1054A000FFFFFFFFFFFFFFFFFFFFFFFFFFFFFFFF0C
:1054B000FFFFFFFFFFFFFFFFFFFFFFFFFFFFFFFFFC
:1054C000FFFFFFFFFFFFFFFFFFFFFFFFFFFFFFFFEC
:1054D000FFFFFFFFFFFFFFFFFFFFFFFFFFFFFFFFDC
:1054E000FFFFFFFFFFFFFFFFFFFFFFFFFFFFFFFFCC
:1054F000FFFFFFFFFFFFFFFFFFFFFFFFFFFFFFFFBC
:10550000FFFFFFFFFFFFFFFFFFFFFFFFFFFFFFFFAB
:10551000FFFFFFFFFFFFFFFFFFFFFFFFFFFFFFFF9B
:10552000FFFFFFFFFFFFFFFFFFFFFFFFFFFFFFFF8B
:10553000FFFFFFFFFFFFFFFFFFFFFFFFFFFFFFFF7B
:10554000FFFFFFFFFFFFFFFFFFFFFFFFFFFFFFFF6B
:10555000FFFFFFFFFFFFFFFFFFFFFFFFFFFFFFFF5B
:10556000FFFFFFFFFFFFFFFFFFFFFFFFFFFFFFFF4B
:10557000FFFFFFFFFFFFFFFFFFFFFFFFFFFFFFFF3B
:10558000FFFFFFFFFFFFFFFFFFFFFFFFFFFFFFFF2B
:10559000FFFFFFFFFFFFFFFFFFFFFFFFFFFFFFFF1B
:1055A000FFFFFFFFFFFFFFFFFFFFFFFFFFFFFFFF0B
:1055B000FFFFFFFFFFFFFFFFFFFFFFFFFFFFFFFFFB
:1055C000FFFFFFFFFFFFFFFFFFFFFFFFFFFFFFFFEB
:1055D000FFFFFFFFFFFFFFFFFFFFFFFFFFFFFFFFDB
:1055E000FFFFFFFFFFFFFFFFFFFFFFFFFFFFFFFFCB
:1055F000FFFFFFFFFFFFFFFFFFFFFFFFFFFFFFFFBB
:10560000FFFFFFFFFFFFFFFFFFFFFFFFFFFFFFFFAA
:10561000FFFFFFFFFFFFFFFFFFFFFFFFFFFFFFFF9A
:10562000FFFFFFFFFFFFFFFFFFFFFFFFFFFFFFFF8A
:10563000FFFFFFFFFFFFFFFFFFFFFFFFFFFFFFFF7A
:10564000FFFFFFFFFFFFFFFFFFFFFFFFFFFFFFFF6A
:10565000FFFFFFFFFFFFFFFFFFFFFFFFFFFFFFFF5A
:10566000FFFFFFFFFFFFFFFFFFFFFFFFFFFFFFFF4A
:10567000FFFFFFFFFFFFFFFFFFFFFFFFFFFFFFFF3A
:10568000FFFFFFFFFFFFFFFFFFFFFFFFFFFFFFFF2A
:10569000FFFFFFFFFFFFFFFFFFFFFFFFFFFFFFFF1A
:1056A000FFFFFFFFFFFFFFFFFFFFFFFFFFFFFFFF0A
:1056B000FFFFFFFFFFFFFFFFFFFFFFFFFFFFFFFFFA
:1056C000FFFFFFFFFFFFFFFFFFFFFFFFFFFFFFFFEA
:1056D000FFFFFFFFFFFFFFFFFFFFFFFFFFFFFFFFDA
:1056E000FFFFFFFFFFFFFFFFFFFFFFFFFFFFFFFFCA
:1056F000FFFFFFFFFFFFFFFFFFFFFFFFFFFFFFFFBA
:10570000FFFFFFFFFFFFFFFFFFFFFFFFFFFFFFFFA9
:10571000FFFFFFFFFFFFFFFFFFFFFFFFFFFFFFFF99
:10572000FFFFFFFFFFFFFFFFFFFFFFFFFFFFFFFF89
:10573000FFFFFFFFFFFFFFFFFFFFFFFFFFFFFFFF79
:10574000FFFFFFFFFFFFFFFFFFFFFFFFFFFFFFFF69
:10575000FFFFFFFFFFFFFFFFFFFFFFFFFFFFFFFF59
:10576000FFFFFFFFFFFFFFFFFFFFFFFFFFFFFFFF49
:10577000FFFFFFFFFFFFFFFFFFFFFFFFFFFFFFFF39
:10578000FFFFFFFFFFFFFFFFFFFFFFFFFFFFFFFF29
:10579000FFFFFFFFFFFFFFFFFFFFFFFFFFFFFFFF19
:1057A000FFFFFFFFFFFFFFFFFFFFFFFFFFFFFFFF09
:1057B000FFFFFFFFFFFFFFFFFFFFFFFFFFFFFFFFF9
:1057C000FFFFFFFFFFFFFFFFFFFFFFFFFFFFFFFFE9
:1057D000FFFFFFFFFFFFFFFFFFFFFFFFFFFFFFFFD9
:1057E000FFFFFFFFFFFFFFFFFFFFFFFFFFFFFFFFC9
:1057F000FFFFFFFFFFFFFFFFFFFFFFFFFFFFFFFFB9
:10580000FFFFFFFFFFFFFFFFFFFFFFFFFFFFFFFFA8
:10581000FFFFFFFFFFFFFFFFFFFFFFFFFFFFFFFF98
:10582000FFFFFFFFFFFFFFFFFFFFFFFFFFFFFFFF88
:10583000FFFFFFFFFFFFFFFFFFFFFFFFFFFFFFFF78
:10584000FFFFFFFFFFFFFFFFFFFFFFFFFFFFFFFF68
:10585000FFFFFFFFFFFFFFFFFFFFFFFFFFFFFFFF58
:10586000FFFFFFFFFFFFFFFFFFFFFFFFFFFFFFFF48
:10587000FFFFFFFFFFFFFFFFFFFFFFFFFFFFFFFF38
:10588000FFFFFFFFFFFFFFFFFFFFFFFFFFFFFFFF28
:10589000FFFFFFFFFFFFFFFFFFFFFFFFFFFFFFFF18
:1058A000FFFFFFFFFFFFFFFFFFFFFFFFFFFFFFFF08
:1058B000FFFFFFFFFFFFFFFFFFFFFFFFFFFFFFFFF8
:1058C000FFFFFFFFFFFFFFFFFFFFFFFFFFFFFFFFE8
:1058D000FFFFFFFFFFFFFFFFFFFFFFFFFFFFFFFFD8
:1058E000FFFFFFFFFFFFFFFFFFFFFFFFFFFFFFFFC8
:1058F000FFFFFFFFFFFFFFFFFFFFFFFFFFFFFFFFB8
:10590000FFFFFFFFFFFFFFFFFFFFFFFFFFFFFFFFA7
:10591000FFFFFFFFFFFFFFFFFFFFFFFFFFFFFFFF97
:10592000FFFFFFFFFFFFFFFFFFFFFFFFFFFFFFFF87
:10593000FFFFFFFFFFFFFFFFFFFFFFFFFFFFFFFF77
:10594000FFFFFFFFFFFFFFFFFFFFFFFFFFFFFFFF67
:10595000FFFFFFFFFFFFFFFFFFFFFFFFFFFFFFFF57
:10596000FFFFFFFFFFFFFFFFFFFFFFFFFFFFFFFF47
:10597000FFFFFFFFFFFFFFFFFFFFFFFFFFFFFFFF37
:10598000FFFFFFFFFFFFFFFFFFFFFFFFFFFFFFFF27
:10599000FFFFFFFFFFFFFFFFFFFFFFFFFFFFFFFF17
:1059A000FFFFFFFFFFFFFFFFFFFFFFFFFFFFFFFF07
:1059B000FFFFFFFFFFFFFFFFFFFFFFFFFFFFFFFFF7
:1059C000FFFFFFFFFFFFFFFFFFFFFFFFFFFFFFFFE7
:1059D000FFFFFFFFFFFFFFFFFFFFFFFFFFFFFFFFD7
:1059E000FFFFFFFFFFFFFFFFFFFFFFFFFFFFFFFFC7
:1059F000FFFFFFFFFFFFFFFFFFFFFFFFFFFFFFFFB7
:105A0000FFFFFFFFFFFFFFFFFFFFFFFFFFFFFFFFA6
:105A1000FFFFFFFFFFFFFFFFFFFFFFFFFFFFFFFF96
:105A2000FFFFFFFFFFFFFFFFFFFFFFFFFFFFFFFF86
:105A3000FFFFFFFFFFFFFFFFFFFFFFFFFFFFFFFF76
:105A4000FFFFFFFFFFFFFFFFFFFFFFFFFFFFFFFF66
:105A5000FFFFFFFFFFFFFFFFFFFFFFFFFFFFFFFF56
:105A6000FFFFFFFFFFFFFFFFFFFFFFFFFFFFFFFF46
:105A7000FFFFFFFFFFFFFFFFFFFFFFFFFFFFFFFF36
:105A8000FFFFFFFFFFFFFFFFFFFFFFFFFFFFFFFF26
:105A9000FFFFFFFFFFFFFFFFFFFFFFFFFFFFFFFF16
:105AA000FFFFFFFFFFFFFFFFFFFFFFFFFFFFFFFF06
:105AB000FFFFFFFFFFFFFFFFFFFFFFFFFFFFFFFFF6
:105AC000FFFFFFFFFFFFFFFFFFFFFFFFFFFFFFFFE6
:105AD000FFFFFFFFFFFFFFFFFFFFFFFFFFFFFFFFD6
:105AE000FFFFFFFFFFFFFFFFFFFFFFFFFFFFFFFFC6
:105AF000FFFFFFFFFFFFFFFFFFFFFFFFFFFFFFFFB6
:105B0000FFFFFFFFFFFFFFFFFFFFFFFFFFFFFFFFA5
:105B1000FFFFFFFFFFFFFFFFFFFFFFFFFFFFFFFF95
:105B2000FFFFFFFFFFFFFFFFFFFFFFFFFFFFFFFF85
:105B3000FFFFFFFFFFFFFFFFFFFFFFFFFFFFFFFF75
:105B4000FFFFFFFFFFFFFFFFFFFFFFFFFFFFFFFF65
:105B5000FFFFFFFFFFFFFFFFFFFFFFFFFFFFFFFF55
:105B6000FFFFFFFFFFFFFFFFFFFFFFFFFFFFFFFF45
:105B7000FFFFFFFFFFFFFFFFFFFFFFFFFFFFFFFF35
:105B8000FFFFFFFFFFFFFFFFFFFFFFFFFFFFFFFF25
:105B9000FFFFFFFFFFFFFFFFFFFFFFFFFFFFFFFF15
:105BA000FFFFFFFFFFFFFFFFFFFFFFFFFFFFFFFF05
:105BB000FFFFFFFFFFFFFFFFFFFFFFFFFFFFFFFFF5
:105BC000FFFFFFFFFFFFFFFFFFFFFFFFFFFFFFFFE5
:105BD000FFFFFFFFFFFFFFFFFFFFFFFFFFFFFFFFD5
:105BE000FFFFFFFFFFFFFFFFFFFFFFFFFFFFFFFFC5
:105BF000FFFFFFFFFFFFFFFFFFFFFFFFFFFFFFFFB5
:105C0000FFFFFFFFFFFFFFFFFFFFFFFFFFFFFFFFA4
:105C1000FFFFFFFFFFFFFFFFFFFFFFFFFFFFFFFF94
:105C2000FFFFFFFFFFFFFFFFFFFFFFFFFFFFFFFF84
:105C3000FFFFFFFFFFFFFFFFFFFFFFFFFFFFFFFF74
:105C4000FFFFFFFFFFFFFFFFFFFFFFFFFFFFFFFF64
:105C5000FFFFFFFFFFFFFFFFFFFFFFFFFFFFFFFF54
:105C6000FFFFFFFFFFFFFFFFFFFFFFFFFFFFFFFF44
:105C7000FFFFFFFFFFFFFFFFFFFFFFFFFFFFFFFF34
:105C8000FFFFFFFFFFFFFFFFFFFFFFFFFFFFFFFF24
:105C9000FFFFFFFFFFFFFFFFFFFFFFFFFFFFFFFF14
:105CA000FFFFFFFFFFFFFFFFFFFFFFFFFFFFFFFF04
:105CB000FFFFFFFFFFFFFFFFFFFFFFFFFFFFFFFFF4
:105CC000FFFFFFFFFFFFFFFFFFFFFFFFFFFFFFFFE4
:105CD000FFFFFFFFFFFFFFFFFFFFFFFFFFFFFFFFD4
:105CE000FFFFFFFFFFFFFFFFFFFFFFFFFFFFFFFFC4
:105CF000FFFFFFFFFFFFFFFFFFFFFFFFFFFFFFFFB4
:105D0000FFFFFFFFFFFFFFFFFFFFFFFFFFFFFFFFA3
:105D1000FFFFFFFFFFFFFFFFFFFFFFFFFFFFFFFF93
:105D2000FFFFFFFFFFFFFFFFFFFFFFFFFFFFFFFF83
:105D3000FFFFFFFFFFFFFFFFFFFFFFFFFFFFFFFF73
:105D4000FFFFFFFFFFFFFFFFFFFFFFFFFFFFFFFF63
:105D5000FFFFFFFFFFFFFFFFFFFFFFFFFFFFFFFF53
:105D6000FFFFFFFFFFFFFFFFFFFFFFFFFFFFFFFF43
:105D7000FFFFFFFFFFFFFFFFFFFFFFFFFFFFFFFF33
:105D8000FFFFFFFFFFFFFFFFFFFFFFFFFFFFFFFF23
:105D9000FFFFFFFFFFFFFFFFFFFFFFFFFFFFFFFF13
:105DA000FFFFFFFFFFFFFFFFFFFFFFFFFFFFFFFF03
:105DB000FFFFFFFFFFFFFFFFFFFFFFFFFFFFFFFFF3
:105DC000FFFFFFFFFFFFFFFFFFFFFFFFFFFFFFFFE3
:105DD000FFFFFFFFFFFFFFFFFFFFFFFFFFFFFFFFD3
:105DE000FFFFFFFFFFFFFFFFFFFFFFFFFFFFFFFFC3
:105DF000FFFFFFFFFFFFFFFFFFFFFFFFFFFFFFFFB3
:105E0000FFFFFFFFFFFFFFFFFFFFFFFFFFFFFFFFA2
:105E1000FFFFFFFFFFFFFFFFFFFFFFFFFFFFFFFF92
:105E2000FFFFFFFFFFFFFFFFFFFFFFFFFFFFFFFF82
:105E3000FFFFFFFFFFFFFFFFFFFFFFFFFFFFFFFF72
:105E4000FFFFFFFFFFFFFFFFFFFFFFFFFFFFFFFF62
:105E5000FFFFFFFFFFFFFFFFFFFFFFFFFFFFFFFF52
:105E6000FFFFFFFFFFFFFFFFFFFFFFFFFFFFFFFF42
:105E7000FFFFFFFFFFFFFFFFFFFFFFFFFFFFFFFF32
:105E8000FFFFFFFFFFFFFFFFFFFFFFFFFFFFFFFF22
:105E9000FFFFFFFFFFFFFFFFFFFFFFFFFFFFFFFF12
:105EA000FFFFFFFFFFFFFFFFFFFFFFFFFFFFFFFF02
:105EB000FFFFFFFFFFFFFFFFFFFFFFFFFFFFFFFFF2
:105EC000FFFFFFFFFFFFFFFFFFFFFFFFFFFFFFFFE2
:105ED000FFFFFFFFFFFFFFFFFFFFFFFFFFFFFFFFD2
:105EE000FFFFFFFFFFFFFFFFFFFFFFFFFFFFFFFFC2
:105EF000FFFFFFFFFFFFFFFFFFFFFFFFFFFFFFFFB2
:105F0000FFFFFFFFFFFFFFFFFFFFFFFFFFFFFFFFA1
:105F1000FFFFFFFFFFFFFFFFFFFFFFFFFFFFFFFF91
:105F2000FFFFFFFFFFFFFFFFFFFFFFFFFFFFFFFF81
:105F3000FFFFFFFFFFFFFFFFFFFFFFFFFFFFFFFF71
:105F4000FFFFFFFFFFFFFFFFFFFFFFFFFFFFFFFF61
:105F5000FFFFFFFFFFFFFFFFFFFFFFFFFFFFFFFF51
:105F6000FFFFFFFFFFFFFFFFFFFFFFFFFFFFFFFF41
:105F7000FFFFFFFFFFFFFFFFFFFFFFFFFFFFFFFF31
:105F8000FFFFFFFFFFFFFFFFFFFFFFFFFFFFFFFF21
:105F9000FFFFFFFFFFFFFFFFFFFFFFFFFFFFFFFF11
:105FA000FFFFFFFFFFFFFFFFFFFFFFFFFFFFFFFF01
:105FB000FFFFFFFFFFFFFFFFFFFFFFFFFFFFFFFFF1
:105FC000FFFFFFFFFFFFFFFFFFFFFFFFFFFFFFFFE1
:105FD000FFFFFFFFFFFFFFFFFFFFFFFFFFFFFFFFD1
:105FE000FFFFFFFFFFFFFFFFFFFFFFFFFFFFFFFFC1
:105FF000FFFFFFFFFFFFFFFFFFFFFFFFFFFFFFFFB1
:10600000FFFFFFFFFFFFFFFFFFFFFFFFFFFFFFFFA0
:10601000FFFFFFFFFFFFFFFFFFFFFFFFFFFFFFFF90
:10602000FFFFFFFFFFFFFFFFFFFFFFFFFFFFFFFF80
:10603000FFFFFFFFFFFFFFFFFFFFFFFFFFFFFFFF70
:10604000FFFFFFFFFFFFFFFFFFFFFFFFFFFFFFFF60
:10605000FFFFFFFFFFFFFFFFFFFFFFFFFFFFFFFF50
:10606000FFFFFFFFFFFFFFFFFFFFFFFFFFFFFFFF40
:10607000FFFFFFFFFFFFFFFFFFFFFFFFFFFFFFFF30
:10608000FFFFFFFFFFFFFFFFFFFFFFFFFFFFFFFF20
:10609000FFFFFFFFFFFFFFFFFFFFFFFFFFFFFFFF10
:1060A000FFFFFFFFFFFFFFFFFFFFFFFFFFFFFFFF00
:1060B000FFFFFFFFFFFFFFFFFFFFFFFFFFFFFFFFF0
:1060C000FFFFFFFFFFFFFFFFFFFFFFFFFFFFFFFFE0
:1060D000FFFFFFFFFFFFFFFFFFFFFFFFFFFFFFFFD0
:1060E000FFFFFFFFFFFFFFFFFFFFFFFFFFFFFFFFC0
:1060F000FFFFFFFFFFFFFFFFFFFFFFFFFFFFFFFFB0
:10610000FFFFFFFFFFFFFFFFFFFFFFFFFFFFFFFF9F
:10611000FFFFFFFFFFFFFFFFFFFFFFFFFFFFFFFF8F
:10612000FFFFFFFFFFFFFFFFFFFFFFFFFFFFFFFF7F
:10613000FFFFFFFFFFFFFFFFFFFFFFFFFFFFFFFF6F
:10614000FFFFFFFFFFFFFFFFFFFFFFFFFFFFFFFF5F
:10615000FFFFFFFFFFFFFFFFFFFFFFFFFFFFFFFF4F
:10616000FFFFFFFFFFFFFFFFFFFFFFFFFFFFFFFF3F
:10617000FFFFFFFFFFFFFFFFFFFFFFFFFFFFFFFF2F
:10618000FFFFFFFFFFFFFFFFFFFFFFFFFFFFFFFF1F
:10619000FFFFFFFFFFFFFFFFFFFFFFFFFFFFFFFF0F
:1061A000FFFFFFFFFFFFFFFFFFFFFFFFFFFFFFFFFF
:1061B000FFFFFFFFFFFFFFFFFFFFFFFFFFFFFFFFEF
:1061C000FFFFFFFFFFFFFFFFFFFFFFFFFFFFFFFFDF
:1061D000FFFFFFFFFFFFFFFFFFFFFFFFFFFFFFFFCF
:1061E000FFFFFFFFFFFFFFFFFFFFFFFFFFFFFFFFBF
:1061F000FFFFFFFFFFFFFFFFFFFFFFFFFFFFFFFFAF
:10620000FFFFFFFFFFFFFFFFFFFFFFFFFFFFFFFF9E
:10621000FFFFFFFFFFFFFFFFFFFFFFFFFFFFFFFF8E
:10622000FFFFFFFFFFFFFFFFFFFFFFFFFFFFFFFF7E
:10623000FFFFFFFFFFFFFFFFFFFFFFFFFFFFFFFF6E
:10624000FFFFFFFFFFFFFFFFFFFFFFFFFFFFFFFF5E
:10625000FFFFFFFFFFFFFFFFFFFFFFFFFFFFFFFF4E
:10626000FFFFFFFFFFFFFFFFFFFFFFFFFFFFFFFF3E
:10627000FFFFFFFFFFFFFFFFFFFFFFFFFFFFFFFF2E
:10628000FFFFFFFFFFFFFFFFFFFFFFFFFFFFFFFF1E
:10629000FFFFFFFFFFFFFFFFFFFFFFFFFFFFFFFF0E
:1062A000FFFFFFFFFFFFFFFFFFFFFFFFFFFFFFFFFE
:1062B000FFFFFFFFFFFFFFFFFFFFFFFFFFFFFFFFEE
:1062C000FFFFFFFFFFFFFFFFFFFFFFFFFFFFFFFFDE
:1062D000FFFFFFFFFFFFFFFFFFFFFFFFFFFFFFFFCE
:1062E000FFFFFFFFFFFFFFFFFFFFFFFFFFFFFFFFBE
:1062F000FFFFFFFFFFFFFFFFFFFFFFFFFFFFFFFFAE
:10630000FFFFFFFFFFFFFFFFFFFFFFFFFFFFFFFF9D
:10631000FFFFFFFFFFFFFFFFFFFFFFFFFFFFFFFF8D
:10632000FFFFFFFFFFFFFFFFFFFFFFFFFFFFFFFF7D
:10633000FFFFFFFFFFFFFFFFFFFFFFFFFFFFFFFF6D
:10634000FFFFFFFFFFFFFFFFFFFFFFFFFFFFFFFF5D
:10635000FFFFFFFFFFFFFFFFFFFFFFFFFFFFFFFF4D
:10636000FFFFFFFFFFFFFFFFFFFFFFFFFFFFFFFF3D
:10637000FFFFFFFFFFFFFFFFFFFFFFFFFFFFFFFF2D
:10638000FFFFFFFFFFFFFFFFFFFFFFFFFFFFFFFF1D
:10639000FFFFFFFFFFFFFFFFFFFFFFFFFFFFFFFF0D
:1063A000FFFFFFFFFFFFFFFFFFFFFFFFFFFFFFFFFD
:1063B000FFFFFFFFFFFFFFFFFFFFFFFFFFFFFFFFED
:1063C000FFFFFFFFFFFFFFFFFFFFFFFFFFFFFFFFDD
:1063D000FFFFFFFFFFFFFFFFFFFFFFFFFFFFFFFFCD
:1063E000FFFFFFFFFFFFFFFFFFFFFFFFFFFFFFFFBD
:1063F000FFFFFFFFFFFFFFFFFFFFFFFFFFFFFFFFAD
:10640000FFFFFFFFFFFFFFFFFFFFFFFFFFFFFFFF9C
:10641000FFFFFFFFFFFFFFFFFFFFFFFFFFFFFFFF8C
:10642000FFFFFFFFFFFFFFFFFFFFFFFFFFFFFFFF7C
:10643000FFFFFFFFFFFFFFFFFFFFFFFFFFFFFFFF6C
:10644000FFFFFFFFFFFFFFFFFFFFFFFFFFFFFFFF5C
:10645000FFFFFFFFFFFFFFFFFFFFFFFFFFFFFFFF4C
:10646000FFFFFFFFFFFFFFFFFFFFFFFFFFFFFFFF3C
:10647000FFFFFFFFFFFFFFFFFFFFFFFFFFFFFFFF2C
:10648000FFFFFFFFFFFFFFFFFFFFFFFFFFFFFFFF1C
:10649000FFFFFFFFFFFFFFFFFFFFFFFFFFFFFFFF0C
:1064A000FFFFFFFFFFFFFFFFFFFFFFFFFFFFFFFFFC
:1064B000FFFFFFFFFFFFFFFFFFFFFFFFFFFFFFFFEC
:1064C000FFFFFFFFFFFFFFFFFFFFFFFFFFFFFFFFDC
:1064D000FFFFFFFFFFFFFFFFFFFFFFFFFFFFFFFFCC
:1064E000FFFFFFFFFFFFFFFFFFFFFFFFFFFFFFFFBC
:1064F000FFFFFFFFFFFFFFFFFFFFFFFFFFFFFFFFAC
:10650000FFFFFFFFFFFFFFFFFFFFFFFFFFFFFFFF9B
:10651000FFFFFFFFFFFFFFFFFFFFFFFFFFFFFFFF8B
:10652000FFFFFFFFFFFFFFFFFFFFFFFFFFFFFFFF7B
:10653000FFFFFFFFFFFFFFFFFFFFFFFFFFFFFFFF6B
:10654000FFFFFFFFFFFFFFFFFFFFFFFFFFFFFFFF5B
:10655000FFFFFFFFFFFFFFFFFFFFFFFFFFFFFFFF4B
:10656000FFFFFFFFFFFFFFFFFFFFFFFFFFFFFFFF3B
:10657000FFFFFFFFFFFFFFFFFFFFFFFFFFFFFFFF2B
:10658000FFFFFFFFFFFFFFFFFFFFFFFFFFFFFFFF1B
:10659000FFFFFFFFFFFFFFFFFFFFFFFFFFFFFFFF0B
:1065A000FFFFFFFFFFFFFFFFFFFFFFFFFFFFFFFFFB
:1065B000FFFFFFFFFFFFFFFFFFFFFFFFFFFFFFFFEB
:1065C000FFFFFFFFFFFFFFFFFFFFFFFFFFFFFFFFDB
:1065D000FFFFFFFFFFFFFFFFFFFFFFFFFFFFFFFFCB
:1065E000FFFFFFFFFFFFFFFFFFFFFFFFFFFFFFFFBB
:1065F000FFFFFFFFFFFFFFFFFFFFFFFFFFFFFFFFAB
:10660000FFFFFFFFFFFFFFFFFFFFFFFFFFFFFFFF9A
:10661000FFFFFFFFFFFFFFFFFFFFFFFFFFFFFFFF8A
:10662000FFFFFFFFFFFFFFFFFFFFFFFFFFFFFFFF7A
:10663000FFFFFFFFFFFFFFFFFFFFFFFFFFFFFFFF6A
:10664000FFFFFFFFFFFFFFFFFFFFFFFFFFFFFFFF5A
:10665000FFFFFFFFFFFFFFFFFFFFFFFFFFFFFFFF4A
:10666000FFFFFFFFFFFFFFFFFFFFFFFFFFFFFFFF3A
:10667000FFFFFFFFFFFFFFFFFFFFFFFFFFFFFFFF2A
:10668000FFFFFFFFFFFFFFFFFFFFFFFFFFFFFFFF1A
:10669000FFFFFFFFFFFFFFFFFFFFFFFFFFFFFFFF0A
:1066A000FFFFFFFFFFFFFFFFFFFFFFFFFFFFFFFFFA
:1066B000FFFFFFFFFFFFFFFFFFFFFFFFFFFFFFFFEA
:1066C000FFFFFFFFFFFFFFFFFFFFFFFFFFFFFFFFDA
:1066D000FFFFFFFFFFFFFFFFFFFFFFFFFFFFFFFFCA
:1066E000FFFFFFFFFFFFFFFFFFFFFFFFFFFFFFFFBA
:1066F000FFFFFFFFFFFFFFFFFFFFFFFFFFFFFFFFAA
:10670000FFFFFFFFFFFFFFFFFFFFFFFFFFFFFFFF99
:10671000FFFFFFFFFFFFFFFFFFFFFFFFFFFFFFFF89
:10672000FFFFFFFFFFFFFFFFFFFFFFFFFFFFFFFF79
:10673000FFFFFFFFFFFFFFFFFFFFFFFFFFFFFFFF69
:10674000FFFFFFFFFFFFFFFFFFFFFFFFFFFFFFFF59
:10675000FFFFFFFFFFFFFFFFFFFFFFFFFFFFFFFF49
:10676000FFFFFFFFFFFFFFFFFFFFFFFFFFFFFFFF39
:10677000FFFFFFFFFFFFFFFFFFFFFFFFFFFFFFFF29
:10678000FFFFFFFFFFFFFFFFFFFFFFFFFFFFFFFF19
:10679000FFFFFFFFFFFFFFFFFFFFFFFFFFFFFFFF09
:1067A000FFFFFFFFFFFFFFFFFFFFFFFFFFFFFFFFF9
:1067B000FFFFFFFFFFFFFFFFFFFFFFFFFFFFFFFFE9
:1067C000FFFFFFFFFFFFFFFFFFFFFFFFFFFFFFFFD9
:1067D000FFFFFFFFFFFFFFFFFFFFFFFFFFFFFFFFC9
:1067E000FFFFFFFFFFFFFFFFFFFFFFFFFFFFFFFFB9
:1067F000FFFFFFFFFFFFFFFFFFFFFFFFFFFFFFFFA9
:10680000FFFFFFFFFFFFFFFFFFFFFFFFFFFFFFFF98
:10681000FFFFFFFFFFFFFFFFFFFFFFFFFFFFFFFF88
:10682000FFFFFFFFFFFFFFFFFFFFFFFFFFFFFFFF78
:10683000FFFFFFFFFFFFFFFFFFFFFFFFFFFFFFFF68
:10684000FFFFFFFFFFFFFFFFFFFFFFFFFFFFFFFF58
:10685000FFFFFFFFFFFFFFFFFFFFFFFFFFFFFFFF48
:10686000FFFFFFFFFFFFFFFFFFFFFFFFFFFFFFFF38
:10687000FFFFFFFFFFFFFFFFFFFFFFFFFFFFFFFF28
:10688000FFFFFFFFFFFFFFFFFFFFFFFFFFFFFFFF18
:10689000FFFFFFFFFFFFFFFFFFFFFFFFFFFFFFFF08
:1068A000FFFFFFFFFFFFFFFFFFFFFFFFFFFFFFFFF8
:1068B000FFFFFFFFFFFFFFFFFFFFFFFFFFFFFFFFE8
:1068C000FFFFFFFFFFFFFFFFFFFFFFFFFFFFFFFFD8
:1068D000FFFFFFFFFFFFFFFFFFFFFFFFFFFFFFFFC8
:1068E000FFFFFFFFFFFFFFFFFFFFFFFFFFFFFFFFB8
:1068F000FFFFFFFFFFFFFFFFFFFFFFFFFFFFFFFFA8
:10690000FFFFFFFFFFFFFFFFFFFFFFFFFFFFFFFF97
:10691000FFFFFFFFFFFFFFFFFFFFFFFFFFFFFFFF87
:10692000FFFFFFFFFFFFFFFFFFFFFFFFFFFFFFFF77
:10693000FFFFFFFFFFFFFFFFFFFFFFFFFFFFFFFF67
:10694000FFFFFFFFFFFFFFFFFFFFFFFFFFFFFFFF57
:10695000FFFFFFFFFFFFFFFFFFFFFFFFFFFFFFFF47
:10696000FFFFFFFFFFFFFFFFFFFFFFFFFFFFFFFF37
:10697000FFFFFFFFFFFFFFFFFFFFFFFFFFFFFFFF27
:10698000FFFFFFFFFFFFFFFFFFFFFFFFFFFFFFFF17
:10699000FFFFFFFFFFFFFFFFFFFFFFFFFFFFFFFF07
:1069A000FFFFFFFFFFFFFFFFFFFFFFFFFFFFFFFFF7
:1069B000FFFFFFFFFFFFFFFFFFFFFFFFFFFFFFFFE7
:1069C000FFFFFFFFFFFFFFFFFFFFFFFFFFFFFFFFD7
:1069D000FFFFFFFFFFFFFFFFFFFFFFFFFFFFFFFFC7
:1069E000FFFFFFFFFFFFFFFFFFFFFFFFFFFFFFFFB7
:1069F000FFFFFFFFFFFFFFFFFFFFFFFFFFFFFFFFA7
:106A0000FFFFFFFFFFFFFFFFFFFFFFFFFFFFFFFF96
:106A1000FFFFFFFFFFFFFFFFFFFFFFFFFFFFFFFF86
:106A2000FFFFFFFFFFFFFFFFFFFFFFFFFFFFFFFF76
:106A3000FFFFFFFFFFFFFFFFFFFFFFFFFFFFFFFF66
:106A4000FFFFFFFFFFFFFFFFFFFFFFFFFFFFFFFF56
:106A5000FFFFFFFFFFFFFFFFFFFFFFFFFFFFFFFF46
:106A6000FFFFFFFFFFFFFFFFFFFFFFFFFFFFFFFF36
:106A7000FFFFFFFFFFFFFFFFFFFFFFFFFFFFFFFF26
:106A8000FFFFFFFFFFFFFFFFFFFFFFFFFFFFFFFF16
:106A9000FFFFFFFFFFFFFFFFFFFFFFFFFFFFFFFF06
:106AA000FFFFFFFFFFFFFFFFFFFFFFFFFFFFFFFFF6
:106AB000FFFFFFFFFFFFFFFFFFFFFFFFFFFFFFFFE6
:106AC000FFFFFFFFFFFFFFFFFFFFFFFFFFFFFFFFD6
:106AD000FFFFFFFFFFFFFFFFFFFFFFFFFFFFFFFFC6
:106AE000FFFFFFFFFFFFFFFFFFFFFFFFFFFFFFFFB6
:106AF000FFFFFFFFFFFFFFFFFFFFFFFFFFFFFFFFA6
:106B0000FFFFFFFFFFFFFFFFFFFFFFFFFFFFFFFF95
:106B1000FFFFFFFFFFFFFFFFFFFFFFFFFFFFFFFF85
:106B2000FFFFFFFFFFFFFFFFFFFFFFFFFFFFFFFF75
:106B3000FFFFFFFFFFFFFFFFFFFFFFFFFFFFFFFF65
:106B4000FFFFFFFFFFFFFFFFFFFFFFFFFFFFFFFF55
:106B5000FFFFFFFFFFFFFFFFFFFFFFFFFFFFFFFF45
:106B6000FFFFFFFFFFFFFFFFFFFFFFFFFFFFFFFF35
:106B7000FFFFFFFFFFFFFFFFFFFFFFFFFFFFFFFF25
:106B8000FFFFFFFFFFFFFFFFFFFFFFFFFFFFFFFF15
:106B9000FFFFFFFFFFFFFFFFFFFFFFFFFFFFFFFF05
:106BA000FFFFFFFFFFFFFFFFFFFFFFFFFFFFFFFFF5
:106BB000FFFFFFFFFFFFFFFFFFFFFFFFFFFFFFFFE5
:106BC000FFFFFFFFFFFFFFFFFFFFFFFFFFFFFFFFD5
:106BD000FFFFFFFFFFFFFFFFFFFFFFFFFFFFFFFFC5
:106BE000FFFFFFFFFFFFFFFFFFFFFFFFFFFFFFFFB5
:106BF000FFFFFFFFFFFFFFFFFFFFFFFFFFFFFFFFA5
:106C0000FFFFFFFFFFFFFFFFFFFFFFFFFFFFFFFF94
:106C1000FFFFFFFFFFFFFFFFFFFFFFFFFFFFFFFF84
:106C2000FFFFFFFFFFFFFFFFFFFFFFFFFFFFFFFF74
:106C3000FFFFFFFFFFFFFFFFFFFFFFFFFFFFFFFF64
:106C4000FFFFFFFFFFFFFFFFFFFFFFFFFFFFFFFF54
:106C5000FFFFFFFFFFFFFFFFFFFFFFFFFFFFFFFF44
:106C6000FFFFFFFFFFFFFFFFFFFFFFFFFFFFFFFF34
:106C7000FFFFFFFFFFFFFFFFFFFFFFFFFFFFFFFF24
:106C8000FFFFFFFFFFFFFFFFFFFFFFFFFFFFFFFF14
:106C9000FFFFFFFFFFFFFFFFFFFFFFFFFFFFFFFF04
:106CA000FFFFFFFFFFFFFFFFFFFFFFFFFFFFFFFFF4
:106CB000FFFFFFFFFFFFFFFFFFFFFFFFFFFFFFFFE4
:106CC000FFFFFFFFFFFFFFFFFFFFFFFFFFFFFFFFD4
:106CD000FFFFFFFFFFFFFFFFFFFFFFFFFFFFFFFFC4
:106CE000FFFFFFFFFFFFFFFFFFFFFFFFFFFFFFFFB4
:106CF000FFFFFFFFFFFFFFFFFFFFFFFFFFFFFFFFA4
:106D0000FFFFFFFFFFFFFFFFFFFFFFFFFFFFFFFF93
:106D1000FFFFFFFFFFFFFFFFFFFFFFFFFFFFFFFF83
:106D2000FFFFFFFFFFFFFFFFFFFFFFFFFFFFFFFF73
:106D3000FFFFFFFFFFFFFFFFFFFFFFFFFFFFFFFF63
:106D4000FFFFFFFFFFFFFFFFFFFFFFFFFFFFFFFF53
:106D5000FFFFFFFFFFFFFFFFFFFFFFFFFFFFFFFF43
:106D6000FFFFFFFFFFFFFFFFFFFFFFFFFFFFFFFF33
:106D7000FFFFFFFFFFFFFFFFFFFFFFFFFFFFFFFF23
:106D8000FFFFFFFFFFFFFFFFFFFFFFFFFFFFFFFF13
:106D9000FFFFFFFFFFFFFFFFFFFFFFFFFFFFFFFF03
:106DA000FFFFFFFFFFFFFFFFFFFFFFFFFFFFFFFFF3
:106DB000FFFFFFFFFFFFFFFFFFFFFFFFFFFFFFFFE3
:106DC000FFFFFFFFFFFFFFFFFFFFFFFFFFFFFFFFD3
:106DD000FFFFFFFFFFFFFFFFFFFFFFFFFFFFFFFFC3
:106DE000FFFFFFFFFFFFFFFFFFFFFFFFFFFFFFFFB3
:106DF000FFFFFFFFFFFFFFFFFFFFFFFFFFFFFFFFA3
:106E0000FFFFFFFFFFFFFFFFFFFFFFFFFFFFFFFF92
:106E1000FFFFFFFFFFFFFFFFFFFFFFFFFFFFFFFF82
:106E2000FFFFFFFFFFFFFFFFFFFFFFFFFFFFFFFF72
:106E3000FFFFFFFFFFFFFFFFFFFFFFFFFFFFFFFF62
:106E4000FFFFFFFFFFFFFFFFFFFFFFFFFFFFFFFF52
:106E5000FFFFFFFFFFFFFFFFFFFFFFFFFFFFFFFF42
:106E6000FFFFFFFFFFFFFFFFFFFFFFFFFFFFFFFF32
:106E7000FFFFFFFFFFFFFFFFFFFFFFFFFFFFFFFF22
:106E8000FFFFFFFFFFFFFFFFFFFFFFFFFFFFFFFF12
:106E9000FFFFFFFFFFFFFFFFFFFFFFFFFFFFFFFF02
:106EA000FFFFFFFFFFFFFFFFFFFFFFFFFFFFFFFFF2
:106EB000FFFFFFFFFFFFFFFFFFFFFFFFFFFFFFFFE2
:106EC000FFFFFFFFFFFFFFFFFFFFFFFFFFFFFFFFD2
:106ED000FFFFFFFFFFFFFFFFFFFFFFFFFFFFFFFFC2
:106EE000FFFFFFFFFFFFFFFFFFFFFFFFFFFFFFFFB2
:106EF000FFFFFFFFFFFFFFFFFFFFFFFFFFFFFFFFA2
:106F0000FFFFFFFFFFFFFFFFFFFFFFFFFFFFFFFF91
:106F1000FFFFFFFFFFFFFFFFFFFFFFFFFFFFFFFF81
:106F2000FFFFFFFFFFFFFFFFFFFFFFFFFFFFFFFF71
:106F3000FFFFFFFFFFFFFFFFFFFFFFFFFFFFFFFF61
:106F4000FFFFFFFFFFFFFFFFFFFFFFFFFFFFFFFF51
:106F5000FFFFFFFFFFFFFFFFFFFFFFFFFFFFFFFF41
:106F6000FFFFFFFFFFFFFFFFFFFFFFFFFFFFFFFF31
:106F7000FFFFFFFFFFFFFFFFFFFFFFFFFFFFFFFF21
:106F8000FFFFFFFFFFFFFFFFFFFFFFFFFFFFFFFF11
:106F9000FFFFFFFFFFFFFFFFFFFFFFFFFFFFFFFF01
:106FA000FFFFFFFFFFFFFFFFFFFFFFFFFFFFFFFFF1
:106FB000FFFFFFFFFFFFFFFFFFFFFFFFFFFFFFFFE1
:106FC000FFFFFFFFFFFFFFFFFFFFFFFFFFFFFFFFD1
:106FD000FFFFFFFFFFFFFFFFFFFFFFFFFFFFFFFFC1
:106FE000FFFFFFFFFFFFFFFFFFFFFFFFFFFFFFFFB1
:106FF000FFFFFFFFFFFFFFFFFFFFFFFFFFFFFFFFA1
:10700000FFFFFFFFFFFFFFFFFFFFFFFFFFFFFFFF90
:10701000FFFFFFFFFFFFFFFFFFFFFFFFFFFFFFFF80
:10702000FFFFFFFFFFFFFFFFFFFFFFFFFFFFFFFF70
:10703000FFFFFFFFFFFFFFFFFFFFFFFFFFFFFFFF60
:10704000FFFFFFFFFFFFFFFFFFFFFFFFFFFFFFFF50
:10705000FFFFFFFFFFFFFFFFFFFFFFFFFFFFFFFF40
:10706000FFFFFFFFFFFFFFFFFFFFFFFFFFFFFFFF30
:10707000FFFFFFFFFFFFFFFFFFFFFFFFFFFFFFFF20
:10708000FFFFFFFFFFFFFFFFFFFFFFFFFFFFFFFF10
:10709000FFFFFFFFFFFFFFFFFFFFFFFFFFFFFFFF00
:1070A000FFFFFFFFFFFFFFFFFFFFFFFFFFFFFFFFF0
:1070B000FFFFFFFFFFFFFFFFFFFFFFFFFFFFFFFFE0
:1070C000FFFFFFFFFFFFFFFFFFFFFFFFFFFFFFFFD0
:1070D000FFFFFFFFFFFFFFFFFFFFFFFFFFFFFFFFC0
:1070E000FFFFFFFFFFFFFFFFFFFFFFFFFFFFFFFFB0
:1070F000FFFFFFFFFFFFFFFFFFFFFFFFFFFFFFFFA0
:10710000FFFFFFFFFFFFFFFFFFFFFFFFFFFFFFFF8F
:10711000FFFFFFFFFFFFFFFFFFFFFFFFFFFFFFFF7F
:10712000FFFFFFFFFFFFFFFFFFFFFFFFFFFFFFFF6F
:10713000FFFFFFFFFFFFFFFFFFFFFFFFFFFFFFFF5F
:10714000FFFFFFFFFFFFFFFFFFFFFFFFFFFFFFFF4F
:10715000FFFFFFFFFFFFFFFFFFFFFFFFFFFFFFFF3F
:10716000FFFFFFFFFFFFFFFFFFFFFFFFFFFFFFFF2F
:10717000FFFFFFFFFFFFFFFFFFFFFFFFFFFFFFFF1F
:10718000FFFFFFFFFFFFFFFFFFFFFFFFFFFFFFFF0F
:10719000FFFFFFFFFFFFFFFFFFFFFFFFFFFFFFFFFF
:1071A000FFFFFFFFFFFFFFFFFFFFFFFFFFFFFFFFEF
:1071B000FFFFFFFFFFFFFFFFFFFFFFFFFFFFFFFFDF
:1071C000FFFFFFFFFFFFFFFFFFFFFFFFFFFFFFFFCF
:1071D000FFFFFFFFFFFFFFFFFFFFFFFFFFFFFFFFBF
:1071E000FFFFFFFFFFFFFFFFFFFFFFFFFFFFFFFFAF
:1071F000FFFFFFFFFFFFFFFFFFFFFFFFFFFFFFFF9F
:10720000FFFFFFFFFFFFFFFFFFFFFFFFFFFFFFFF8E
:10721000FFFFFFFFFFFFFFFFFFFFFFFFFFFFFFFF7E
:10722000FFFFFFFFFFFFFFFFFFFFFFFFFFFFFFFF6E
:10723000FFFFFFFFFFFFFFFFFFFFFFFFFFFFFFFF5E
:10724000FFFFFFFFFFFFFFFFFFFFFFFFFFFFFFFF4E
:10725000FFFFFFFFFFFFFFFFFFFFFFFFFFFFFFFF3E
:10726000FFFFFFFFFFFFFFFFFFFFFFFFFFFFFFFF2E
:10727000FFFFFFFFFFFFFFFFFFFFFFFFFFFFFFFF1E
:10728000FFFFFFFFFFFFFFFFFFFFFFFFFFFFFFFF0E
:10729000FFFFFFFFFFFFFFFFFFFFFFFFFFFFFFFFFE
:1072A000FFFFFFFFFFFFFFFFFFFFFFFFFFFFFFFFEE
:1072B000FFFFFFFFFFFFFFFFFFFFFFFFFFFFFFFFDE
:1072C000FFFFFFFFFFFFFFFFFFFFFFFFFFFFFFFFCE
:1072D000FFFFFFFFFFFFFFFFFFFFFFFFFFFFFFFFBE
:1072E000FFFFFFFFFFFFFFFFFFFFFFFFFFFFFFFFAE
:1072F000FFFFFFFFFFFFFFFFFFFFFFFFFFFFFFFF9E
:10730000FFFFFFFFFFFFFFFFFFFFFFFFFFFFFFFF8D
:10731000FFFFFFFFFFFFFFFFFFFFFFFFFFFFFFFF7D
:10732000FFFFFFFFFFFFFFFFFFFFFFFFFFFFFFFF6D
:10733000FFFFFFFFFFFFFFFFFFFFFFFFFFFFFFFF5D
:10734000FFFFFFFFFFFFFFFFFFFFFFFFFFFFFFFF4D
:10735000FFFFFFFFFFFFFFFFFFFFFFFFFFFFFFFF3D
:10736000FFFFFFFFFFFFFFFFFFFFFFFFFFFFFFFF2D
:10737000FFFFFFFFFFFFFFFFFFFFFFFFFFFFFFFF1D
:10738000FFFFFFFFFFFFFFFFFFFFFFFFFFFFFFFF0D
:10739000FFFFFFFFFFFFFFFFFFFFFFFFFFFFFFFFFD
:1073A000FFFFFFFFFFFFFFFFFFFFFFFFFFFFFFFFED
:1073B000FFFFFFFFFFFFFFFFFFFFFFFFFFFFFFFFDD
:1073C000FFFFFFFFFFFFFFFFFFFFFFFFFFFFFFFFCD
:1073D000FFFFFFFFFFFFFFFFFFFFFFFFFFFFFFFFBD
:1073E000FFFFFFFFFFFFFFFFFFFFFFFFFFFFFFFFAD
:1073F000FFFFFFFFFFFFFFFFFFFFFFFFFFFFFFFF9D
:10740000FFFFFFFFFFFFFFFFFFFFFFFFFFFFFFFF8C
:10741000FFFFFFFFFFFFFFFFFFFFFFFFFFFFFFFF7C
:10742000FFFFFFFFFFFFFFFFFFFFFFFFFFFFFFFF6C
:10743000FFFFFFFFFFFFFFFFFFFFFFFFFFFFFFFF5C
:10744000FFFFFFFFFFFFFFFFFFFFFFFFFFFFFFFF4C
:10745000FFFFFFFFFFFFFFFFFFFFFFFFFFFFFFFF3C
:10746000FFFFFFFFFFFFFFFFFFFFFFFFFFFFFFFF2C
:10747000FFFFFFFFFFFFFFFFFFFFFFFFFFFFFFFF1C
:10748000FFFFFFFFFFFFFFFFFFFFFFFFFFFFFFFF0C
:10749000FFFFFFFFFFFFFFFFFFFFFFFFFFFFFFFFFC
:1074A000FFFFFFFFFFFFFFFFFFFFFFFFFFFFFFFFEC
:1074B000FFFFFFFFFFFFFFFFFFFFFFFFFFFFFFFFDC
:1074C000FFFFFFFFFFFFFFFFFFFFFFFFFFFFFFFFCC
:1074D000FFFFFFFFFFFFFFFFFFFFFFFFFFFFFFFFBC
:1074E000FFFFFFFFFFFFFFFFFFFFFFFFFFFFFFFFAC
:1074F000FFFFFFFFFFFFFFFFFFFFFFFFFFFFFFFF9C
:10750000FFFFFFFFFFFFFFFFFFFFFFFFFFFFFFFF8B
:10751000FFFFFFFFFFFFFFFFFFFFFFFFFFFFFFFF7B
:10752000FFFFFFFFFFFFFFFFFFFFFFFFFFFFFFFF6B
:10753000FFFFFFFFFFFFFFFFFFFFFFFFFFFFFFFF5B
:10754000FFFFFFFFFFFFFFFFFFFFFFFFFFFFFFFF4B
:10755000FFFFFFFFFFFFFFFFFFFFFFFFFFFFFFFF3B
:10756000FFFFFFFFFFFFFFFFFFFFFFFFFFFFFFFF2B
:10757000FFFFFFFFFFFFFFFFFFFFFFFFFFFFFFFF1B
:10758000FFFFFFFFFFFFFFFFFFFFFFFFFFFFFFFF0B
:10759000FFFFFFFFFFFFFFFFFFFFFFFFFFFFFFFFFB
:1075A000FFFFFFFFFFFFFFFFFFFFFFFFFFFFFFFFEB
:1075B000FFFFFFFFFFFFFFFFFFFFFFFFFFFFFFFFDB
:1075C000FFFFFFFFFFFFFFFFFFFFFFFFFFFFFFFFCB
:1075D000FFFFFFFFFFFFFFFFFFFFFFFFFFFFFFFFBB
:1075E000FFFFFFFFFFFFFFFFFFFFFFFFFFFFFFFFAB
:1075F000FFFFFFFFFFFFFFFFFFFFFFFFFFFFFFFF9B
:10760000FFFFFFFFFFFFFFFFFFFFFFFFFFFFFFFF8A
:10761000FFFFFFFFFFFFFFFFFFFFFFFFFFFFFFFF7A
:10762000FFFFFFFFFFFFFFFFFFFFFFFFFFFFFFFF6A
:10763000FFFFFFFFFFFFFFFFFFFFFFFFFFFFFFFF5A
:10764000FFFFFFFFFFFFFFFFFFFFFFFFFFFFFFFF4A
:10765000FFFFFFFFFFFFFFFFFFFFFFFFFFFFFFFF3A
:10766000FFFFFFFFFFFFFFFFFFFFFFFFFFFFFFFF2A
:10767000FFFFFFFFFFFFFFFFFFFFFFFFFFFFFFFF1A
:10768000FFFFFFFFFFFFFFFFFFFFFFFFFFFFFFFF0A
:10769000FFFFFFFFFFFFFFFFFFFFFFFFFFFFFFFFFA
:1076A000FFFFFFFFFFFFFFFFFFFFFFFFFFFFFFFFEA
:1076B000FFFFFFFFFFFFFFFFFFFFFFFFFFFFFFFFDA
:1076C000FFFFFFFFFFFFFFFFFFFFFFFFFFFFFFFFCA
:1076D000FFFFFFFFFFFFFFFFFFFFFFFFFFFFFFFFBA
:1076E000FFFFFFFFFFFFFFFFFFFFFFFFFFFFFFFFAA
:1076F000FFFFFFFFFFFFFFFFFFFFFFFFFFFFFFFF9A
:10770000FFFFFFFFFFFFFFFFFFFFFFFFFFFFFFFF89
:10771000FFFFFFFFFFFFFFFFFFFFFFFFFFFFFFFF79
:10772000FFFFFFFFFFFFFFFFFFFFFFFFFFFFFFFF69
:10773000FFFFFFFFFFFFFFFFFFFFFFFFFFFFFFFF59
:10774000FFFFFFFFFFFFFFFFFFFFFFFFFFFFFFFF49
:10775000FFFFFFFFFFFFFFFFFFFFFFFFFFFFFFFF39
:10776000FFFFFFFFFFFFFFFFFFFFFFFFFFFFFFFF29
:10777000FFFFFFFFFFFFFFFFFFFFFFFFFFFFFFFF19
:10778000FFFFFFFFFFFFFFFFFFFFFFFFFFFFFFFF09
:10779000FFFFFFFFFFFFFFFFFFFFFFFFFFFFFFFFF9
:1077A000FFFFFFFFFFFFFFFFFFFFFFFFFFFFFFFFE9
:1077B000FFFFFFFFFFFFFFFFFFFFFFFFFFFFFFFFD9
:1077C000FFFFFFFFFFFFFFFFFFFFFFFFFFFFFFFFC9
:1077D000FFFFFFFFFFFFFFFFFFFFFFFFFFFFFFFFB9
:1077E000FFFFFFFFFFFFFFFFFFFFFFFFFFFFFFFFA9
:1077F000FFFFFFFFFFFFFFFFFFFFFFFFFFFFFFFF99
:10780000FFFFFFFFFFFFFFFFFFFFFFFFFFFFFFFF88
:10781000FFFFFFFFFFFFFFFFFFFFFFFFFFFFFFFF78
:10782000FFFFFFFFFFFFFFFFFFFFFFFFFFFFFFFF68
:10783000FFFFFFFFFFFFFFFFFFFFFFFFFFFFFFFF58
:10784000FFFFFFFFFFFFFFFFFFFFFFFFFFFFFFFF48
:10785000FFFFFFFFFFFFFFFFFFFFFFFFFFFFFFFF38
:10786000FFFFFFFFFFFFFFFFFFFFFFFFFFFFFFFF28
:10787000FFFFFFFFFFFFFFFFFFFFFFFFFFFFFFFF18
:10788000FFFFFFFFFFFFFFFFFFFFFFFFFFFFFFFF08
:10789000FFFFFFFFFFFFFFFFFFFFFFFFFFFFFFFFF8
:1078A000FFFFFFFFFFFFFFFFFFFFFFFFFFFFFFFFE8
:1078B000FFFFFFFFFFFFFFFFFFFFFFFFFFFFFFFFD8
:1078C000FFFFFFFFFFFFFFFFFFFFFFFFFFFFFFFFC8
:1078D000FFFFFFFFFFFFFFFFFFFFFFFFFFFFFFFFB8
:1078E000FFFFFFFFFFFFFFFFFFFFFFFFFFFFFFFFA8
:1078F000FFFFFFFFFFFFFFFFFFFFFFFFFFFFFFFF98
:10790000FFFFFFFFFFFFFFFFFFFFFFFFFFFFFFFF87
:10791000FFFFFFFFFFFFFFFFFFFFFFFFFFFFFFFF77
:10792000FFFFFFFFFFFFFFFFFFFFFFFFFFFFFFFF67
:10793000FFFFFFFFFFFFFFFFFFFFFFFFFFFFFFFF57
:10794000FFFFFFFFFFFFFFFFFFFFFFFFFFFFFFFF47
:10795000FFFFFFFFFFFFFFFFFFFFFFFFFFFFFFFF37
:10796000FFFFFFFFFFFFFFFFFFFFFFFFFFFFFFFF27
:10797000FFFFFFFFFFFFFFFFFFFFFFFFFFFFFFFF17
:10798000FFFFFFFFFFFFFFFFFFFFFFFFFFFFFFFF07
:10799000FFFFFFFFFFFFFFFFFFFFFFFFFFFFFFFFF7
:1079A000FFFFFFFFFFFFFFFFFFFFFFFFFFFFFFFFE7
:1079B000FFFFFFFFFFFFFFFFFFFFFFFFFFFFFFFFD7
:1079C000FFFFFFFFFFFFFFFFFFFFFFFFFFFFFFFFC7
:1079D000FFFFFFFFFFFFFFFFFFFFFFFFFFFFFFFFB7
:1079E000FFFFFFFFFFFFFFFFFFFFFFFFFFFFFFFFA7
:1079F000FFFFFFFFFFFFFFFFFFFFFFFFFFFFFFFF97
:107A0000FFFFFFFFFFFFFFFFFFFFFFFFFFFFFFFF86
:107A1000FFFFFFFFFFFFFFFFFFFFFFFFFFFFFFFF76
:107A2000FFFFFFFFFFFFFFFFFFFFFFFFFFFFFFFF66
:107A3000FFFFFFFFFFFFFFFFFFFFFFFFFFFFFFFF56
:107A4000FFFFFFFFFFFFFFFFFFFFFFFFFFFFFFFF46
:107A5000FFFFFFFFFFFFFFFFFFFFFFFFFFFFFFFF36
:107A6000FFFFFFFFFFFFFFFFFFFFFFFFFFFFFFFF26
:107A7000FFFFFFFFFFFFFFFFFFFFFFFFFFFFFFFF16
:107A8000FFFFFFFFFFFFFFFFFFFFFFFFFFFFFFFF06
:107A9000FFFFFFFFFFFFFFFFFFFFFFFFFFFFFFFFF6
:107AA000FFFFFFFFFFFFFFFFFFFFFFFFFFFFFFFFE6
:107AB000FFFFFFFFFFFFFFFFFFFFFFFFFFFFFFFFD6
:107AC000FFFFFFFFFFFFFFFFFFFFFFFFFFFFFFFFC6
:107AD000FFFFFFFFFFFFFFFFFFFFFFFFFFFFFFFFB6
:107AE000FFFFFFFFFFFFFFFFFFFFFFFFFFFFFFFFA6
:107AF000FFFFFFFFFFFFFFFFFFFFFFFFFFFFFFFF96
:107B0000FFFFFFFFFFFFFFFFFFFFFFFFFFFFFFFF85
:107B1000FFFFFFFFFFFFFFFFFFFFFFFFFFFFFFFF75
:107B2000FFFFFFFFFFFFFFFFFFFFFFFFFFFFFFFF65
:107B3000FFFFFFFFFFFFFFFFFFFFFFFFFFFFFFFF55
:107B4000FFFFFFFFFFFFFFFFFFFFFFFFFFFFFFFF45
:107B5000FFFFFFFFFFFFFFFFFFFFFFFFFFFFFFFF35
:107B6000FFFFFFFFFFFFFFFFFFFFFFFFFFFFFFFF25
:107B7000FFFFFFFFFFFFFFFFFFFFFFFFFFFFFFFF15
:107B8000FFFFFFFFFFFFFFFFFFFFFFFFFFFFFFFF05
:107B9000FFFFFFFFFFFFFFFFFFFFFFFFFFFFFFFFF5
:107BA000FFFFFFFFFFFFFFFFFFFFFFFFFFFFFFFFE5
:107BB000FFFFFFFFFFFFFFFFFFFFFFFFFFFFFFFFD5
:107BC000FFFFFFFFFFFFFFFFFFFFFFFFFFFFFFFFC5
:107BD000FFFFFFFFFFFFFFFFFFFFFFFFFFFFFFFFB5
:107BE000FFFFFFFFFFFFFFFFFFFFFFFFFFFFFFFFA5
:107BF000FFFFFFFFFFFFFFFFFFFFFFFFFFFFFFFF95
:107C0000FFFFFFFFFFFFFFFFFFFFFFFFFFFFFFFF84
:107C1000FFFFFFFFFFFFFFFFFFFFFFFFFFFFFFFF74
:107C2000FFFFFFFFFFFFFFFFFFFFFFFFFFFFFFFF64
:107C3000FFFFFFFFFFFFFFFFFFFFFFFFFFFFFFFF54
:107C4000FFFFFFFFFFFFFFFFFFFFFFFFFFFFFFFF44
:107C5000FFFFFFFFFFFFFFFFFFFFFFFFFFFFFFFF34
:107C6000FFFFFFFFFFFFFFFFFFFFFFFFFFFFFFFF24
:107C7000FFFFFFFFFFFFFFFFFFFFFFFFFFFFFFFF14
:107C8000FFFFFFFFFFFFFFFFFFFFFFFFFFFFFFFF04
:107C9000FFFFFFFFFFFFFFFFFFFFFFFFFFFFFFFFF4
:107CA000FFFFFFFFFFFFFFFFFFFFFFFFFFFFFFFFE4
:107CB000FFFFFFFFFFFFFFFFFFFFFFFFFFFFFFFFD4
:107CC000FFFFFFFFFFFFFFFFFFFFFFFFFFFFFFFFC4
:107CD000FFFFFFFFFFFFFFFFFFFFFFFFFFFFFFFFB4
:107CE000FFFFFFFFFFFFFFFFFFFFFFFFFFFFFFFFA4
:107CF000FFFFFFFFFFFFFFFFFFFFFFFFFFFFFFFF94
:107D0000FFFFFFFFFFFFFFFFFFFFFFFFFFFFFFFF83
:107D1000FFFFFFFFFFFFFFFFFFFFFFFFFFFFFFFF73
:107D2000FFFFFFFFFFFFFFFFFFFFFFFFFFFFFFFF63
:107D3000FFFFFFFFFFFFFFFFFFFFFFFFFFFFFFFF53
:107D4000FFFFFFFFFFFFFFFFFFFFFFFFFFFFFFFF43
:107D5000FFFFFFFFFFFFFFFFFFFFFFFFFFFFFFFF33
:107D6000FFFFFFFFFFFFFFFFFFFFFFFFFFFFFFFF23
:107D7000FFFFFFFFFFFFFFFFFFFFFFFFFFFFFFFF13
:107D8000FFFFFFFFFFFFFFFFFFFFFFFFFFFFFFFF03
:107D9000FFFFFFFFFFFFFFFFFFFFFFFFFFFFFFFFF3
:107DA000FFFFFFFFFFFFFFFFFFFFFFFFFFFFFFFFE3
:107DB000FFFFFFFFFFFFFFFFFFFFFFFFFFFFFFFFD3
:107DC000FFFFFFFFFFFFFFFFFFFFFFFFFFFFFFFFC3
:107DD000FFFFFFFFFFFFFFFFFFFFFFFFFFFFFFFFB3
:107DE000FFFFFFFFFFFFFFFFFFFFFFFFFFFFFFFFA3
:107DF000FFFFFFFFFFFFFFFFFFFFFFFFFFFFFFFF93
:107E0000FFFFFFFFFFFFFFFFFFFFFFFFFFFFFFFF82
:107E1000FFFFFFFFFFFFFFFFFFFFFFFFFFFFFFFF72
:107E2000FFFFFFFFFFFFFFFFFFFFFFFFFFFFFFFF62
:107E3000FFFFFFFFFFFFFFFFFFFFFFFFFFFFFFFF52
:107E4000FFFFFFFFFFFFFFFFFFFFFFFFFFFFFFFF42
:107E5000FFFFFFFFFFFFFFFFFFFFFFFFFFFFFFFF32
:107E6000FFFFFFFFFFFFFFFFFFFFFFFFFFFFFFFF22
:107E7000FFFFFFFFFFFFFFFFFFFFFFFFFFFFFFFF12
:107E8000FFFFFFFFFFFFFFFFFFFFFFFFFFFFFFFF02
:107E9000FFFFFFFFFFFFFFFFFFFFFFFFFFFFFFFFF2
:107EA000FFFFFFFFFFFFFFFFFFFFFFFFFFFFFFFFE2
:107EB000FFFFFFFFFFFFFFFFFFFFFFFFFFFFFFFFD2
:107EC000FFFFFFFFFFFFFFFFFFFFFFFFFFFFFFFFC2
:107ED000FFFFFFFFFFFFFFFFFFFFFFFFFFFFFFFFB2
:107EE000FFFFFFFFFFFFFFFFFFFFFFFFFFFFFFFFA2
:107EF000FFFFFFFFFFFFFFFFFFFFFFFFFFFFFFFF92
:107F0000FFFFFFFFFFFFFFFFFFFFFFFFFFFFFFFF81
:107F1000FFFFFFFFFFFFFFFFFFFFFFFFFFFFFFFF71
:107F2000FFFFFFFFFFFFFFFFFFFFFFFFFFFFFFFF61
:107F3000FFFFFFFFFFFFFFFFFFFFFFFFFFFFFFFF51
:107F4000FFFFFFFFFFFFFFFFFFFFFFFFFFFFFFFF41
:107F5000FFFFFFFFFFFFFFFFFFFFFFFFFFFFFFFF31
:107F6000FFFFFFFFFFFFFFFFFFFFFFFFFFFFFFFF21
:107F7000FFFFFFFFFFFFFFFFFFFFFFFFFFFFFFFF11
:107F8000FFFFFFFFFFFFFFFFFFFFFFFFFFFFFFFF01
:107F9000FFFFFFFFFFFFFFFFFFFFFFFFFFFFFFFFF1
:107FA000FFFFFFFFFFFFFFFFFFFFFFFFFFFFFFFFE1
:107FB000FFFFFFFFFFFFFFFFFFFFFFFFFFFFFFFFD1
:107FC000FFFFFFFFFFFFFFFFFFFFFFFFFFFFFFFFC1
:107FD000FFFFFFFFFFFFFFFFFFFFFFFFFFFFFFFFB1
:107FE000FFFFFFFFFFFFFFFFFFFFFFFFFFFFFFFFA1
:107FF000FFFFFFFFFFFFFFFFFFFFFFFFFFFFFFFF91
:10800000FFFFFFFFFFFFFFFFFFFFFFFFFFFFFFFF80
:10801000FFFFFFFFFFFFFFFFFFFFFFFFFFFFFFFF70
:10802000FFFFFFFFFFFFFFFFFFFFFFFFFFFFFFFF60
:10803000FFFFFFFFFFFFFFFFFFFFFFFFFFFFFFFF50
:10804000FFFFFFFFFFFFFFFFFFFFFFFFFFFFFFFF40
:10805000FFFFFFFFFFFFFFFFFFFFFFFFFFFFFFFF30
:10806000FFFFFFFFFFFFFFFFFFFFFFFFFFFFFFFF20
:10807000FFFFFFFFFFFFFFFFFFFFFFFFFFFFFFFF10
:10808000FFFFFFFFFFFFFFFFFFFFFFFFFFFFFFFF00
:10809000FFFFFFFFFFFFFFFFFFFFFFFFFFFFFFFFF0
:1080A000FFFFFFFFFFFFFFFFFFFFFFFFFFFFFFFFE0
:1080B000FFFFFFFFFFFFFFFFFFFFFFFFFFFFFFFFD0
:1080C000FFFFFFFFFFFFFFFFFFFFFFFFFFFFFFFFC0
:1080D000FFFFFFFFFFFFFFFFFFFFFFFFFFFFFFFFB0
:1080E000FFFFFFFFFFFFFFFFFFFFFFFFFFFFFFFFA0
:1080F000FFFFFFFFFFFFFFFFFFFFFFFFFFFFFFFF90
:10810000FFFFFFFFFFFFFFFFFFFFFFFFFFFFFFFF7F
:10811000FFFFFFFFFFFFFFFFFFFFFFFFFFFFFFFF6F
:10812000FFFFFFFFFFFFFFFFFFFFFFFFFFFFFFFF5F
:10813000FFFFFFFFFFFFFFFFFFFFFFFFFFFFFFFF4F
:10814000FFFFFFFFFFFFFFFFFFFFFFFFFFFFFFFF3F
:10815000FFFFFFFFFFFFFFFFFFFFFFFFFFFFFFFF2F
:10816000FFFFFFFFFFFFFFFFFFFFFFFFFFFFFFFF1F
:10817000FFFFFFFFFFFFFFFFFFFFFFFFFFFFFFFF0F
:10818000FFFFFFFFFFFFFFFFFFFFFFFFFFFFFFFFFF
:10819000FFFFFFFFFFFFFFFFFFFFFFFFFFFFFFFFEF
:1081A000FFFFFFFFFFFFFFFFFFFFFFFFFFFFFFFFDF
:1081B000FFFFFFFFFFFFFFFFFFFFFFFFFFFFFFFFCF
:1081C000FFFFFFFFFFFFFFFFFFFFFFFFFFFFFFFFBF
:1081D000FFFFFFFFFFFFFFFFFFFFFFFFFFFFFFFFAF
:1081E000FFFFFFFFFFFFFFFFFFFFFFFFFFFFFFFF9F
:1081F000FFFFFFFFFFFFFFFFFFFFFFFFFFFFFFFF8F
:10820000FFFFFFFFFFFFFFFFFFFFFFFFFFFFFFFF7E
:10821000FFFFFFFFFFFFFFFFFFFFFFFFFFFFFFFF6E
:10822000FFFFFFFFFFFFFFFFFFFFFFFFFFFFFFFF5E
:10823000FFFFFFFFFFFFFFFFFFFFFFFFFFFFFFFF4E
:10824000FFFFFFFFFFFFFFFFFFFFFFFFFFFFFFFF3E
:10825000FFFFFFFFFFFFFFFFFFFFFFFFFFFFFFFF2E
:10826000FFFFFFFFFFFFFFFFFFFFFFFFFFFFFFFF1E
:10827000FFFFFFFFFFFFFFFFFFFFFFFFFFFFFFFF0E
:10828000FFFFFFFFFFFFFFFFFFFFFFFFFFFFFFFFFE
:10829000FFFFFFFFFFFFFFFFFFFFFFFFFFFFFFFFEE
:1082A000FFFFFFFFFFFFFFFFFFFFFFFFFFFFFFFFDE
:1082B000FFFFFFFFFFFFFFFFFFFFFFFFFFFFFFFFCE
:1082C000FFFFFFFFFFFFFFFFFFFFFFFFFFFFFFFFBE
:1082D000FFFFFFFFFFFFFFFFFFFFFFFFFFFFFFFFAE
:1082E000FFFFFFFFFFFFFFFFFFFFFFFFFFFFFFFF9E
:1082F000FFFFFFFFFFFFFFFFFFFFFFFFFFFFFFFF8E
:10830000FFFFFFFFFFFFFFFFFFFFFFFFFFFFFFFF7D
:10831000FFFFFFFFFFFFFFFFFFFFFFFFFFFFFFFF6D
:10832000FFFFFFFFFFFFFFFFFFFFFFFFFFFFFFFF5D
:10833000FFFFFFFFFFFFFFFFFFFFFFFFFFFFFFFF4D
:10834000FFFFFFFFFFFFFFFFFFFFFFFFFFFFFFFF3D
:10835000FFFFFFFFFFFFFFFFFFFFFFFFFFFFFFFF2D
:10836000FFFFFFFFFFFFFFFFFFFFFFFFFFFFFFFF1D
:10837000FFFFFFFFFFFFFFFFFFFFFFFFFFFFFFFF0D
:10838000FFFFFFFFFFFFFFFFFFFFFFFFFFFFFFFFFD
:10839000FFFFFFFFFFFFFFFFFFFFFFFFFFFFFFFFED
:1083A000FFFFFFFFFFFFFFFFFFFFFFFFFFFFFFFFDD
:1083B000FFFFFFFFFFFFFFFFFFFFFFFFFFFFFFFFCD
:1083C000FFFFFFFFFFFFFFFFFFFFFFFFFFFFFFFFBD
:1083D000FFFFFFFFFFFFFFFFFFFFFFFFFFFFFFFFAD
:1083E000FFFFFFFFFFFFFFFFFFFFFFFFFFFFFFFF9D
:1083F000FFFFFFFFFFFFFFFFFFFFFFFFFFFFFFFF8D
:10840000FFFFFFFFFFFFFFFFFFFFFFFFFFFFFFFF7C
:10841000FFFFFFFFFFFFFFFFFFFFFFFFFFFFFFFF6C
:10842000FFFFFFFFFFFFFFFFFFFFFFFFFFFFFFFF5C
:10843000FFFFFFFFFFFFFFFFFFFFFFFFFFFFFFFF4C
:10844000FFFFFFFFFFFFFFFFFFFFFFFFFFFFFFFF3C
:10845000FFFFFFFFFFFFFFFFFFFFFFFFFFFFFFFF2C
:10846000FFFFFFFFFFFFFFFFFFFFFFFFFFFFFFFF1C
:10847000FFFFFFFFFFFFFFFFFFFFFFFFFFFFFFFF0C
:10848000FFFFFFFFFFFFFFFFFFFFFFFFFFFFFFFFFC
:10849000FFFFFFFFFFFFFFFFFFFFFFFFFFFFFFFFEC
:1084A000FFFFFFFFFFFFFFFFFFFFFFFFFFFFFFFFDC
:1084B000FFFFFFFFFFFFFFFFFFFFFFFFFFFFFFFFCC
:1084C000FFFFFFFFFFFFFFFFFFFFFFFFFFFFFFFFBC
:1084D000FFFFFFFFFFFFFFFFFFFFFFFFFFFFFFFFAC
:1084E000FFFFFFFFFFFFFFFFFFFFFFFFFFFFFFFF9C
:1084F000FFFFFFFFFFFFFFFFFFFFFFFFFFFFFFFF8C
:10850000FFFFFFFFFFFFFFFFFFFFFFFFFFFFFFFF7B
:10851000FFFFFFFFFFFFFFFFFFFFFFFFFFFFFFFF6B
:10852000FFFFFFFFFFFFFFFFFFFFFFFFFFFFFFFF5B
:10853000FFFFFFFFFFFFFFFFFFFFFFFFFFFFFFFF4B
:10854000FFFFFFFFFFFFFFFFFFFFFFFFFFFFFFFF3B
:10855000FFFFFFFFFFFFFFFFFFFFFFFFFFFFFFFF2B
:10856000FFFFFFFFFFFFFFFFFFFFFFFFFFFFFFFF1B
:10857000FFFFFFFFFFFFFFFFFFFFFFFFFFFFFFFF0B
:10858000FFFFFFFFFFFFFFFFFFFFFFFFFFFFFFFFFB
:10859000FFFFFFFFFFFFFFFFFFFFFFFFFFFFFFFFEB
:1085A000FFFFFFFFFFFFFFFFFFFFFFFFFFFFFFFFDB
:1085B000FFFFFFFFFFFFFFFFFFFFFFFFFFFFFFFFCB
:1085C000FFFFFFFFFFFFFFFFFFFFFFFFFFFFFFFFBB
:1085D000FFFFFFFFFFFFFFFFFFFFFFFFFFFFFFFFAB
:1085E000FFFFFFFFFFFFFFFFFFFFFFFFFFFFFFFF9B
:1085F000FFFFFFFFFFFFFFFFFFFFFFFFFFFFFFFF8B
:10860000FFFFFFFFFFFFFFFFFFFFFFFFFFFFFFFF7A
:10861000FFFFFFFFFFFFFFFFFFFFFFFFFFFFFFFF6A
:10862000FFFFFFFFFFFFFFFFFFFFFFFFFFFFFFFF5A
:10863000FFFFFFFFFFFFFFFFFFFFFFFFFFFFFFFF4A
:10864000FFFFFFFFFFFFFFFFFFFFFFFFFFFFFFFF3A
:10865000FFFFFFFFFFFFFFFFFFFFFFFFFFFFFFFF2A
:10866000FFFFFFFFFFFFFFFFFFFFFFFFFFFFFFFF1A
:10867000FFFFFFFFFFFFFFFFFFFFFFFFFFFFFFFF0A
:10868000FFFFFFFFFFFFFFFFFFFFFFFFFFFFFFFFFA
:10869000FFFFFFFFFFFFFFFFFFFFFFFFFFFFFFFFEA
:1086A000FFFFFFFFFFFFFFFFFFFFFFFFFFFFFFFFDA
:1086B000FFFFFFFFFFFFFFFFFFFFFFFFFFFFFFFFCA
:1086C000FFFFFFFFFFFFFFFFFFFFFFFFFFFFFFFFBA
:1086D000FFFFFFFFFFFFFFFFFFFFFFFFFFFFFFFFAA
:1086E000FFFFFFFFFFFFFFFFFFFFFFFFFFFFFFFF9A
:1086F000FFFFFFFFFFFFFFFFFFFFFFFFFFFFFFFF8A
:10870000FFFFFFFFFFFFFFFFFFFFFFFFFFFFFFFF79
:10871000FFFFFFFFFFFFFFFFFFFFFFFFFFFFFFFF69
:10872000FFFFFFFFFFFFFFFFFFFFFFFFFFFFFFFF59
:10873000FFFFFFFFFFFFFFFFFFFFFFFFFFFFFFFF49
:10874000FFFFFFFFFFFFFFFFFFFFFFFFFFFFFFFF39
:10875000FFFFFFFFFFFFFFFFFFFFFFFFFFFFFFFF29
:10876000FFFFFFFFFFFFFFFFFFFFFFFFFFFFFFFF19
:10877000FFFFFFFFFFFFFFFFFFFFFFFFFFFFFFFF09
:10878000FFFFFFFFFFFFFFFFFFFFFFFFFFFFFFFFF9
:10879000FFFFFFFFFFFFFFFFFFFFFFFFFFFFFFFFE9
:1087A000FFFFFFFFFFFFFFFFFFFFFFFFFFFFFFFFD9
:1087B000FFFFFFFFFFFFFFFFFFFFFFFFFFFFFFFFC9
:1087C000FFFFFFFFFFFFFFFFFFFFFFFFFFFFFFFFB9
:1087D000FFFFFFFFFFFFFFFFFFFFFFFFFFFFFFFFA9
:1087E000FFFFFFFFFFFFFFFFFFFFFFFFFFFFFFFF99
:1087F000FFFFFFFFFFFFFFFFFFFFFFFFFFFFFFFF89
:10880000FFFFFFFFFFFFFFFFFFFFFFFFFFFFFFFF78
:10881000FFFFFFFFFFFFFFFFFFFFFFFFFFFFFFFF68
:10882000FFFFFFFFFFFFFFFFFFFFFFFFFFFFFFFF58
:10883000FFFFFFFFFFFFFFFFFFFFFFFFFFFFFFFF48
:10884000FFFFFFFFFFFFFFFFFFFFFFFFFFFFFFFF38
:10885000FFFFFFFFFFFFFFFFFFFFFFFFFFFFFFFF28
:10886000FFFFFFFFFFFFFFFFFFFFFFFFFFFFFFFF18
:10887000FFFFFFFFFFFFFFFFFFFFFFFFFFFFFFFF08
:10888000FFFFFFFFFFFFFFFFFFFFFFFFFFFFFFFFF8
:10889000FFFFFFFFFFFFFFFFFFFFFFFFFFFFFFFFE8
:1088A000FFFFFFFFFFFFFFFFFFFFFFFFFFFFFFFFD8
:1088B000FFFFFFFFFFFFFFFFFFFFFFFFFFFFFFFFC8
:1088C000FFFFFFFFFFFFFFFFFFFFFFFFFFFFFFFFB8
:1088D000FFFFFFFFFFFFFFFFFFFFFFFFFFFFFFFFA8
:1088E000FFFFFFFFFFFFFFFFFFFFFFFFFFFFFFFF98
:1088F000FFFFFFFFFFFFFFFFFFFFFFFFFFFFFFFF88
:10890000FFFFFFFFFFFFFFFFFFFFFFFFFFFFFFFF77
:10891000FFFFFFFFFFFFFFFFFFFFFFFFFFFFFFFF67
:10892000FFFFFFFFFFFFFFFFFFFFFFFFFFFFFFFF57
:10893000FFFFFFFFFFFFFFFFFFFFFFFFFFFFFFFF47
:10894000FFFFFFFFFFFFFFFFFFFFFFFFFFFFFFFF37
:10895000FFFFFFFFFFFFFFFFFFFFFFFFFFFFFFFF27
:10896000FFFFFFFFFFFFFFFFFFFFFFFFFFFFFFFF17
:10897000FFFFFFFFFFFFFFFFFFFFFFFFFFFFFFFF07
:10898000FFFFFFFFFFFFFFFFFFFFFFFFFFFFFFFFF7
:10899000FFFFFFFFFFFFFFFFFFFFFFFFFFFFFFFFE7
:1089A000FFFFFFFFFFFFFFFFFFFFFFFFFFFFFFFFD7
:1089B000FFFFFFFFFFFFFFFFFFFFFFFFFFFFFFFFC7
:1089C000FFFFFFFFFFFFFFFFFFFFFFFFFFFFFFFFB7
:1089D000FFFFFFFFFFFFFFFFFFFFFFFFFFFFFFFFA7
:1089E000FFFFFFFFFFFFFFFFFFFFFFFFFFFFFFFF97
:1089F000FFFFFFFFFFFFFFFFFFFFFFFFFFFFFFFF87
:108A0000FFFFFFFFFFFFFFFFFFFFFFFFFFFFFFFF76
:108A1000FFFFFFFFFFFFFFFFFFFFFFFFFFFFFFFF66
:108A2000FFFFFFFFFFFFFFFFFFFFFFFFFFFFFFFF56
:108A3000FFFFFFFFFFFFFFFFFFFFFFFFFFFFFFFF46
:108A4000FFFFFFFFFFFFFFFFFFFFFFFFFFFFFFFF36
:108A5000FFFFFFFFFFFFFFFFFFFFFFFFFFFFFFFF26
:108A6000FFFFFFFFFFFFFFFFFFFFFFFFFFFFFFFF16
:108A7000FFFFFFFFFFFFFFFFFFFFFFFFFFFFFFFF06
:108A8000FFFFFFFFFFFFFFFFFFFFFFFFFFFFFFFFF6
:108A9000FFFFFFFFFFFFFFFFFFFFFFFFFFFFFFFFE6
:108AA000FFFFFFFFFFFFFFFFFFFFFFFFFFFFFFFFD6
:108AB000FFFFFFFFFFFFFFFFFFFFFFFFFFFFFFFFC6
:108AC000FFFFFFFFFFFFFFFFFFFFFFFFFFFFFFFFB6
:108AD000FFFFFFFFFFFFFFFFFFFFFFFFFFFFFFFFA6
:108AE000FFFFFFFFFFFFFFFFFFFFFFFFFFFFFFFF96
:108AF000FFFFFFFFFFFFFFFFFFFFFFFFFFFFFFFF86
:108B0000FFFFFFFFFFFFFFFFFFFFFFFFFFFFFFFF75
:108B1000FFFFFFFFFFFFFFFFFFFFFFFFFFFFFFFF65
:108B2000FFFFFFFFFFFFFFFFFFFFFFFFFFFFFFFF55
:108B3000FFFFFFFFFFFFFFFFFFFFFFFFFFFFFFFF45
:108B4000FFFFFFFFFFFFFFFFFFFFFFFFFFFFFFFF35
:108B5000FFFFFFFFFFFFFFFFFFFFFFFFFFFFFFFF25
:108B6000FFFFFFFFFFFFFFFFFFFFFFFFFFFFFFFF15
:108B7000FFFFFFFFFFFFFFFFFFFFFFFFFFFFFFFF05
:108B8000FFFFFFFFFFFFFFFFFFFFFFFFFFFFFFFFF5
:108B9000FFFFFFFFFFFFFFFFFFFFFFFFFFFFFFFFE5
:108BA000FFFFFFFFFFFFFFFFFFFFFFFFFFFFFFFFD5
:108BB000FFFFFFFFFFFFFFFFFFFFFFFFFFFFFFFFC5
:108BC000FFFFFFFFFFFFFFFFFFFFFFFFFFFFFFFFB5
:108BD000FFFFFFFFFFFFFFFFFFFFFFFFFFFFFFFFA5
:108BE000FFFFFFFFFFFFFFFFFFFFFFFFFFFFFFFF95
:108BF000FFFFFFFFFFFFFFFFFFFFFFFFFFFFFFFF85
:108C0000FFFFFFFFFFFFFFFFFFFFFFFFFFFFFFFF74
:108C1000FFFFFFFFFFFFFFFFFFFFFFFFFFFFFFFF64
:108C2000FFFFFFFFFFFFFFFFFFFFFFFFFFFFFFFF54
:108C3000FFFFFFFFFFFFFFFFFFFFFFFFFFFFFFFF44
:108C4000FFFFFFFFFFFFFFFFFFFFFFFFFFFFFFFF34
:108C5000FFFFFFFFFFFFFFFFFFFFFFFFFFFFFFFF24
:108C6000FFFFFFFFFFFFFFFFFFFFFFFFFFFFFFFF14
:108C7000FFFFFFFFFFFFFFFFFFFFFFFFFFFFFFFF04
:108C8000FFFFFFFFFFFFFFFFFFFFFFFFFFFFFFFFF4
:108C9000FFFFFFFFFFFFFFFFFFFFFFFFFFFFFFFFE4
:108CA000FFFFFFFFFFFFFFFFFFFFFFFFFFFFFFFFD4
:108CB000FFFFFFFFFFFFFFFFFFFFFFFFFFFFFFFFC4
:108CC000FFFFFFFFFFFFFFFFFFFFFFFFFFFFFFFFB4
:108CD000FFFFFFFFFFFFFFFFFFFFFFFFFFFFFFFFA4
:108CE000FFFFFFFFFFFFFFFFFFFFFFFFFFFFFFFF94
:108CF000FFFFFFFFFFFFFFFFFFFFFFFFFFFFFFFF84
:108D0000FFFFFFFFFFFFFFFFFFFFFFFFFFFFFFFF73
:108D1000FFFFFFFFFFFFFFFFFFFFFFFFFFFFFFFF63
:108D2000FFFFFFFFFFFFFFFFFFFFFFFFFFFFFFFF53
:108D3000FFFFFFFFFFFFFFFFFFFFFFFFFFFFFFFF43
:108D4000FFFFFFFFFFFFFFFFFFFFFFFFFFFFFFFF33
:108D5000FFFFFFFFFFFFFFFFFFFFFFFFFFFFFFFF23
:108D6000FFFFFFFFFFFFFFFFFFFFFFFFFFFFFFFF13
:108D7000FFFFFFFFFFFFFFFFFFFFFFFFFFFFFFFF03
:108D8000FFFFFFFFFFFFFFFFFFFFFFFFFFFFFFFFF3
:108D9000FFFFFFFFFFFFFFFFFFFFFFFFFFFFFFFFE3
:108DA000FFFFFFFFFFFFFFFFFFFFFFFFFFFFFFFFD3
:108DB000FFFFFFFFFFFFFFFFFFFFFFFFFFFFFFFFC3
:108DC000FFFFFFFFFFFFFFFFFFFFFFFFFFFFFFFFB3
:108DD000FFFFFFFFFFFFFFFFFFFFFFFFFFFFFFFFA3
:108DE000FFFFFFFFFFFFFFFFFFFFFFFFFFFFFFFF93
:108DF000FFFFFFFFFFFFFFFFFFFFFFFFFFFFFFFF83
:108E0000FFFFFFFFFFFFFFFFFFFFFFFFFFFFFFFF72
:108E1000FFFFFFFFFFFFFFFFFFFFFFFFFFFFFFFF62
:108E2000FFFFFFFFFFFFFFFFFFFFFFFFFFFFFFFF52
:108E3000FFFFFFFFFFFFFFFFFFFFFFFFFFFFFFFF42
:108E4000FFFFFFFFFFFFFFFFFFFFFFFFFFFFFFFF32
:108E5000FFFFFFFFFFFFFFFFFFFFFFFFFFFFFFFF22
:108E6000FFFFFFFFFFFFFFFFFFFFFFFFFFFFFFFF12
:108E7000FFFFFFFFFFFFFFFFFFFFFFFFFFFFFFFF02
:108E8000FFFFFFFFFFFFFFFFFFFFFFFFFFFFFFFFF2
:108E9000FFFFFFFFFFFFFFFFFFFFFFFFFFFFFFFFE2
:108EA000FFFFFFFFFFFFFFFFFFFFFFFFFFFFFFFFD2
:108EB000FFFFFFFFFFFFFFFFFFFFFFFFFFFFFFFFC2
:108EC000FFFFFFFFFFFFFFFFFFFFFFFFFFFFFFFFB2
:108ED000FFFFFFFFFFFFFFFFFFFFFFFFFFFFFFFFA2
:108EE000FFFFFFFFFFFFFFFFFFFFFFFFFFFFFFFF92
:108EF000FFFFFFFFFFFFFFFFFFFFFFFFFFFFFFFF82
:108F0000FFFFFFFFFFFFFFFFFFFFFFFFFFFFFFFF71
:108F1000FFFFFFFFFFFFFFFFFFFFFFFFFFFFFFFF61
:108F2000FFFFFFFFFFFFFFFFFFFFFFFFFFFFFFFF51
:108F3000FFFFFFFFFFFFFFFFFFFFFFFFFFFFFFFF41
:108F4000FFFFFFFFFFFFFFFFFFFFFFFFFFFFFFFF31
:108F5000FFFFFFFFFFFFFFFFFFFFFFFFFFFFFFFF21
:108F6000FFFFFFFFFFFFFFFFFFFFFFFFFFFFFFFF11
:108F7000FFFFFFFFFFFFFFFFFFFFFFFFFFFFFFFF01
:108F8000FFFFFFFFFFFFFFFFFFFFFFFFFFFFFFFFF1
:108F9000FFFFFFFFFFFFFFFFFFFFFFFFFFFFFFFFE1
:108FA000FFFFFFFFFFFFFFFFFFFFFFFFFFFFFFFFD1
:108FB000FFFFFFFFFFFFFFFFFFFFFFFFFFFFFFFFC1
:108FC000FFFFFFFFFFFFFFFFFFFFFFFFFFFFFFFFB1
:108FD000FFFFFFFFFFFFFFFFFFFFFFFFFFFFFFFFA1
:108FE000FFFFFFFFFFFFFFFFFFFFFFFFFFFFFFFF91
:108FF000FFFFFFFFFFFFFFFFFFFFFFFFFFFFFFFF81
:10900000FFFFFFFFFFFFFFFFFFFFFFFFFFFFFFFF70
:10901000FFFFFFFFFFFFFFFFFFFFFFFFFFFFFFFF60
:10902000FFFFFFFFFFFFFFFFFFFFFFFFFFFFFFFF50
:10903000FFFFFFFFFFFFFFFFFFFFFFFFFFFFFFFF40
:10904000FFFFFFFFFFFFFFFFFFFFFFFFFFFFFFFF30
:10905000FFFFFFFFFFFFFFFFFFFFFFFFFFFFFFFF20
:10906000FFFFFFFFFFFFFFFFFFFFFFFFFFFFFFFF10
:10907000FFFFFFFFFFFFFFFFFFFFFFFFFFFFFFFF00
:10908000FFFFFFFFFFFFFFFFFFFFFFFFFFFFFFFFF0
:10909000FFFFFFFFFFFFFFFFFFFFFFFFFFFFFFFFE0
:1090A000FFFFFFFFFFFFFFFFFFFFFFFFFFFFFFFFD0
:1090B000FFFFFFFFFFFFFFFFFFFFFFFFFFFFFFFFC0
:1090C000FFFFFFFFFFFFFFFFFFFFFFFFFFFFFFFFB0
:1090D000FFFFFFFFFFFFFFFFFFFFFFFFFFFFFFFFA0
:1090E000FFFFFFFFFFFFFFFFFFFFFFFFFFFFFFFF90
:1090F000FFFFFFFFFFFFFFFFFFFFFFFFFFFFFFFF80
:10910000FFFFFFFFFFFFFFFFFFFFFFFFFFFFFFFF6F
:10911000FFFFFFFFFFFFFFFFFFFFFFFFFFFFFFFF5F
:10912000FFFFFFFFFFFFFFFFFFFFFFFFFFFFFFFF4F
:10913000FFFFFFFFFFFFFFFFFFFFFFFFFFFFFFFF3F
:10914000FFFFFFFFFFFFFFFFFFFFFFFFFFFFFFFF2F
:10915000FFFFFFFFFFFFFFFFFFFFFFFFFFFFFFFF1F
:10916000FFFFFFFFFFFFFFFFFFFFFFFFFFFFFFFF0F
:10917000FFFFFFFFFFFFFFFFFFFFFFFFFFFFFFFFFF
:10918000FFFFFFFFFFFFFFFFFFFFFFFFFFFFFFFFEF
:10919000FFFFFFFFFFFFFFFFFFFFFFFFFFFFFFFFDF
:1091A000FFFFFFFFFFFFFFFFFFFFFFFFFFFFFFFFCF
:1091B000FFFFFFFFFFFFFFFFFFFFFFFFFFFFFFFFBF
:1091C000FFFFFFFFFFFFFFFFFFFFFFFFFFFFFFFFAF
:1091D000FFFFFFFFFFFFFFFFFFFFFFFFFFFFFFFF9F
:1091E000FFFFFFFFFFFFFFFFFFFFFFFFFFFFFFFF8F
:1091F000FFFFFFFFFFFFFFFFFFFFFFFFFFFFFFFF7F
:10920000FFFFFFFFFFFFFFFFFFFFFFFFFFFFFFFF6E
:10921000FFFFFFFFFFFFFFFFFFFFFFFFFFFFFFFF5E
:10922000FFFFFFFFFFFFFFFFFFFFFFFFFFFFFFFF4E
:10923000FFFFFFFFFFFFFFFFFFFFFFFFFFFFFFFF3E
:10924000FFFFFFFFFFFFFFFFFFFFFFFFFFFFFFFF2E
:10925000FFFFFFFFFFFFFFFFFFFFFFFFFFFFFFFF1E
:10926000FFFFFFFFFFFFFFFFFFFFFFFFFFFFFFFF0E
:10927000FFFFFFFFFFFFFFFFFFFFFFFFFFFFFFFFFE
:10928000FFFFFFFFFFFFFFFFFFFFFFFFFFFFFFFFEE
:10929000FFFFFFFFFFFFFFFFFFFFFFFFFFFFFFFFDE
:1092A000FFFFFFFFFFFFFFFFFFFFFFFFFFFFFFFFCE
:1092B000FFFFFFFFFFFFFFFFFFFFFFFFFFFFFFFFBE
:1092C000FFFFFFFFFFFFFFFFFFFFFFFFFFFFFFFFAE
:1092D000FFFFFFFFFFFFFFFFFFFFFFFFFFFFFFFF9E
:1092E000FFFFFFFFFFFFFFFFFFFFFFFFFFFFFFFF8E
:1092F000FFFFFFFFFFFFFFFFFFFFFFFFFFFFFFFF7E
:10930000FFFFFFFFFFFFFFFFFFFFFFFFFFFFFFFF6D
:10931000FFFFFFFFFFFFFFFFFFFFFFFFFFFFFFFF5D
:10932000FFFFFFFFFFFFFFFFFFFFFFFFFFFFFFFF4D
:10933000FFFFFFFFFFFFFFFFFFFFFFFFFFFFFFFF3D
:10934000FFFFFFFFFFFFFFFFFFFFFFFFFFFFFFFF2D
:10935000FFFFFFFFFFFFFFFFFFFFFFFFFFFFFFFF1D
:10936000FFFFFFFFFFFFFFFFFFFFFFFFFFFFFFFF0D
:10937000FFFFFFFFFFFFFFFFFFFFFFFFFFFFFFFFFD
:10938000FFFFFFFFFFFFFFFFFFFFFFFFFFFFFFFFED
:10939000FFFFFFFFFFFFFFFFFFFFFFFFFFFFFFFFDD
:1093A000FFFFFFFFFFFFFFFFFFFFFFFFFFFFFFFFCD
:1093B000FFFFFFFFFFFFFFFFFFFFFFFFFFFFFFFFBD
:1093C000FFFFFFFFFFFFFFFFFFFFFFFFFFFFFFFFAD
:1093D000FFFFFFFFFFFFFFFFFFFFFFFFFFFFFFFF9D
:1093E000FFFFFFFFFFFFFFFFFFFFFFFFFFFFFFFF8D
:1093F000FFFFFFFFFFFFFFFFFFFFFFFFFFFFFFFF7D
:10940000FFFFFFFFFFFFFFFFFFFFFFFFFFFFFFFF6C
:10941000FFFFFFFFFFFFFFFFFFFFFFFFFFFFFFFF5C
:10942000FFFFFFFFFFFFFFFFFFFFFFFFFFFFFFFF4C
:10943000FFFFFFFFFFFFFFFFFFFFFFFFFFFFFFFF3C
:10944000FFFFFFFFFFFFFFFFFFFFFFFFFFFFFFFF2C
:10945000FFFFFFFFFFFFFFFFFFFFFFFFFFFFFFFF1C
:10946000FFFFFFFFFFFFFFFFFFFFFFFFFFFFFFFF0C
:10947000FFFFFFFFFFFFFFFFFFFFFFFFFFFFFFFFFC
:10948000FFFFFFFFFFFFFFFFFFFFFFFFFFFFFFFFEC
:10949000FFFFFFFFFFFFFFFFFFFFFFFFFFFFFFFFDC
:1094A000FFFFFFFFFFFFFFFFFFFFFFFFFFFFFFFFCC
:1094B000FFFFFFFFFFFFFFFFFFFFFFFFFFFFFFFFBC
:1094C000FFFFFFFFFFFFFFFFFFFFFFFFFFFFFFFFAC
:1094D000FFFFFFFFFFFFFFFFFFFFFFFFFFFFFFFF9C
:1094E000FFFFFFFFFFFFFFFFFFFFFFFFFFFFFFFF8C
:1094F000FFFFFFFFFFFFFFFFFFFFFFFFFFFFFFFF7C
:10950000FFFFFFFFFFFFFFFFFFFFFFFFFFFFFFFF6B
:10951000FFFFFFFFFFFFFFFFFFFFFFFFFFFFFFFF5B
:10952000FFFFFFFFFFFFFFFFFFFFFFFFFFFFFFFF4B
:10953000FFFFFFFFFFFFFFFFFFFFFFFFFFFFFFFF3B
:10954000FFFFFFFFFFFFFFFFFFFFFFFFFFFFFFFF2B
:10955000FFFFFFFFFFFFFFFFFFFFFFFFFFFFFFFF1B
:10956000FFFFFFFFFFFFFFFFFFFFFFFFFFFFFFFF0B
:10957000FFFFFFFFFFFFFFFFFFFFFFFFFFFFFFFFFB
:10958000FFFFFFFFFFFFFFFFFFFFFFFFFFFFFFFFEB
:10959000FFFFFFFFFFFFFFFFFFFFFFFFFFFFFFFFDB
:1095A000FFFFFFFFFFFFFFFFFFFFFFFFFFFFFFFFCB
:1095B000FFFFFFFFFFFFFFFFFFFFFFFFFFFFFFFFBB
:1095C000FFFFFFFFFFFFFFFFFFFFFFFFFFFFFFFFAB
:1095D000FFFFFFFFFFFFFFFFFFFFFFFFFFFFFFFF9B
:1095E000FFFFFFFFFFFFFFFFFFFFFFFFFFFFFFFF8B
:1095F000FFFFFFFFFFFFFFFFFFFFFFFFFFFFFFFF7B
:10960000FFFFFFFFFFFFFFFFFFFFFFFFFFFFFFFF6A
:10961000FFFFFFFFFFFFFFFFFFFFFFFFFFFFFFFF5A
:10962000FFFFFFFFFFFFFFFFFFFFFFFFFFFFFFFF4A
:10963000FFFFFFFFFFFFFFFFFFFFFFFFFFFFFFFF3A
:10964000FFFFFFFFFFFFFFFFFFFFFFFFFFFFFFFF2A
:10965000FFFFFFFFFFFFFFFFFFFFFFFFFFFFFFFF1A
:10966000FFFFFFFFFFFFFFFFFFFFFFFFFFFFFFFF0A
:10967000FFFFFFFFFFFFFFFFFFFFFFFFFFFFFFFFFA
:10968000FFFFFFFFFFFFFFFFFFFFFFFFFFFFFFFFEA
:10969000FFFFFFFFFFFFFFFFFFFFFFFFFFFFFFFFDA
:1096A000FFFFFFFFFFFFFFFFFFFFFFFFFFFFFFFFCA
:1096B000FFFFFFFFFFFFFFFFFFFFFFFFFFFFFFFFBA
:1096C000FFFFFFFFFFFFFFFFFFFFFFFFFFFFFFFFAA
:1096D000FFFFFFFFFFFFFFFFFFFFFFFFFFFFFFFF9A
:1096E000FFFFFFFFFFFFFFFFFFFFFFFFFFFFFFFF8A
:1096F000FFFFFFFFFFFFFFFFFFFFFFFFFFFFFFFF7A
:10970000FFFFFFFFFFFFFFFFFFFFFFFFFFFFFFFF69
:10971000FFFFFFFFFFFFFFFFFFFFFFFFFFFFFFFF59
:10972000FFFFFFFFFFFFFFFFFFFFFFFFFFFFFFFF49
:10973000FFFFFFFFFFFFFFFFFFFFFFFFFFFFFFFF39
:10974000FFFFFFFFFFFFFFFFFFFFFFFFFFFFFFFF29
:10975000FFFFFFFFFFFFFFFFFFFFFFFFFFFFFFFF19
:10976000FFFFFFFFFFFFFFFFFFFFFFFFFFFFFFFF09
:10977000FFFFFFFFFFFFFFFFFFFFFFFFFFFFFFFFF9
:10978000FFFFFFFFFFFFFFFFFFFFFFFFFFFFFFFFE9
:10979000FFFFFFFFFFFFFFFFFFFFFFFFFFFFFFFFD9
:1097A000FFFFFFFFFFFFFFFFFFFFFFFFFFFFFFFFC9
:1097B000FFFFFFFFFFFFFFFFFFFFFFFFFFFFFFFFB9
:1097C000FFFFFFFFFFFFFFFFFFFFFFFFFFFFFFFFA9
:1097D000FFFFFFFFFFFFFFFFFFFFFFFFFFFFFFFF99
:1097E000FFFFFFFFFFFFFFFFFFFFFFFFFFFFFFFF89
:1097F000FFFFFFFFFFFFFFFFFFFFFFFFFFFFFFFF79
:10980000FFFFFFFFFFFFFFFFFFFFFFFFFFFFFFFF68
:10981000FFFFFFFFFFFFFFFFFFFFFFFFFFFFFFFF58
:10982000FFFFFFFFFFFFFFFFFFFFFFFFFFFFFFFF48
:10983000FFFFFFFFFFFFFFFFFFFFFFFFFFFFFFFF38
:10984000FFFFFFFFFFFFFFFFFFFFFFFFFFFFFFFF28
:10985000FFFFFFFFFFFFFFFFFFFFFFFFFFFFFFFF18
:10986000FFFFFFFFFFFFFFFFFFFFFFFFFFFFFFFF08
:10987000FFFFFFFFFFFFFFFFFFFFFFFFFFFFFFFFF8
:10988000FFFFFFFFFFFFFFFFFFFFFFFFFFFFFFFFE8
:10989000FFFFFFFFFFFFFFFFFFFFFFFFFFFFFFFFD8
:1098A000FFFFFFFFFFFFFFFFFFFFFFFFFFFFFFFFC8
:1098B000FFFFFFFFFFFFFFFFFFFFFFFFFFFFFFFFB8
:1098C000FFFFFFFFFFFFFFFFFFFFFFFFFFFFFFFFA8
:1098D000FFFFFFFFFFFFFFFFFFFFFFFFFFFFFFFF98
:1098E000FFFFFFFFFFFFFFFFFFFFFFFFFFFFFFFF88
:1098F000FFFFFFFFFFFFFFFFFFFFFFFFFFFFFFFF78
:10990000FFFFFFFFFFFFFFFFFFFFFFFFFFFFFFFF67
:10991000FFFFFFFFFFFFFFFFFFFFFFFFFFFFFFFF57
:10992000FFFFFFFFFFFFFFFFFFFFFFFFFFFFFFFF47
:10993000FFFFFFFFFFFFFFFFFFFFFFFFFFFFFFFF37
:10994000FFFFFFFFFFFFFFFFFFFFFFFFFFFFFFFF27
:10995000FFFFFFFFFFFFFFFFFFFFFFFFFFFFFFFF17
:10996000FFFFFFFFFFFFFFFFFFFFFFFFFFFFFFFF07
:10997000FFFFFFFFFFFFFFFFFFFFFFFFFFFFFFFFF7
:10998000FFFFFFFFFFFFFFFFFFFFFFFFFFFFFFFFE7
:10999000FFFFFFFFFFFFFFFFFFFFFFFFFFFFFFFFD7
:1099A000FFFFFFFFFFFFFFFFFFFFFFFFFFFFFFFFC7
:1099B000FFFFFFFFFFFFFFFFFFFFFFFFFFFFFFFFB7
:1099C000FFFFFFFFFFFFFFFFFFFFFFFFFFFFFFFFA7
:1099D000FFFFFFFFFFFFFFFFFFFFFFFFFFFFFFFF97
:1099E000FFFFFFFFFFFFFFFFFFFFFFFFFFFFFFFF87
:1099F000FFFFFFFFFFFFFFFFFFFFFFFFFFFFFFFF77
:109A0000FFFFFFFFFFFFFFFFFFFFFFFFFFFFFFFF66
:109A1000FFFFFFFFFFFFFFFFFFFFFFFFFFFFFFFF56
:109A2000FFFFFFFFFFFFFFFFFFFFFFFFFFFFFFFF46
:109A3000FFFFFFFFFFFFFFFFFFFFFFFFFFFFFFFF36
:109A4000FFFFFFFFFFFFFFFFFFFFFFFFFFFFFFFF26
:109A5000FFFFFFFFFFFFFFFFFFFFFFFFFFFFFFFF16
:109A6000FFFFFFFFFFFFFFFFFFFFFFFFFFFFFFFF06
:109A7000FFFFFFFFFFFFFFFFFFFFFFFFFFFFFFFFF6
:109A8000FFFFFFFFFFFFFFFFFFFFFFFFFFFFFFFFE6
:109A9000FFFFFFFFFFFFFFFFFFFFFFFFFFFFFFFFD6
:109AA000FFFFFFFFFFFFFFFFFFFFFFFFFFFFFFFFC6
:109AB000FFFFFFFFFFFFFFFFFFFFFFFFFFFFFFFFB6
:109AC000FFFFFFFFFFFFFFFFFFFFFFFFFFFFFFFFA6
:109AD000FFFFFFFFFFFFFFFFFFFFFFFFFFFFFFFF96
:109AE000FFFFFFFFFFFFFFFFFFFFFFFFFFFFFFFF86
:109AF000FFFFFFFFFFFFFFFFFFFFFFFFFFFFFFFF76
:109B0000FFFFFFFFFFFFFFFFFFFFFFFFFFFFFFFF65
:109B1000FFFFFFFFFFFFFFFFFFFFFFFFFFFFFFFF55
:109B2000FFFFFFFFFFFFFFFFFFFFFFFFFFFFFFFF45
:109B3000FFFFFFFFFFFFFFFFFFFFFFFFFFFFFFFF35
:109B4000FFFFFFFFFFFFFFFFFFFFFFFFFFFFFFFF25
:109B5000FFFFFFFFFFFFFFFFFFFFFFFFFFFFFFFF15
:109B6000FFFFFFFFFFFFFFFFFFFFFFFFFFFFFFFF05
:109B7000FFFFFFFFFFFFFFFFFFFFFFFFFFFFFFFFF5
:109B8000FFFFFFFFFFFFFFFFFFFFFFFFFFFFFFFFE5
:109B9000FFFFFFFFFFFFFFFFFFFFFFFFFFFFFFFFD5
:109BA000FFFFFFFFFFFFFFFFFFFFFFFFFFFFFFFFC5
:109BB000FFFFFFFFFFFFFFFFFFFFFFFFFFFFFFFFB5
:109BC000FFFFFFFFFFFFFFFFFFFFFFFFFFFFFFFFA5
:109BD000FFFFFFFFFFFFFFFFFFFFFFFFFFFFFFFF95
:109BE000FFFFFFFFFFFFFFFFFFFFFFFFFFFFFFFF85
:109BF000FFFFFFFFFFFFFFFFFFFFFFFFFFFFFFFF75
:109C0000FFFFFFFFFFFFFFFFFFFFFFFFFFFFFFFF64
:109C1000FFFFFFFFFFFFFFFFFFFFFFFFFFFFFFFF54
:109C2000FFFFFFFFFFFFFFFFFFFFFFFFFFFFFFFF44
:109C3000FFFFFFFFFFFFFFFFFFFFFFFFFFFFFFFF34
:109C4000FFFFFFFFFFFFFFFFFFFFFFFFFFFFFFFF24
:109C5000FFFFFFFFFFFFFFFFFFFFFFFFFFFFFFFF14
:109C6000FFFFFFFFFFFFFFFFFFFFFFFFFFFFFFFF04
:109C7000FFFFFFFFFFFFFFFFFFFFFFFFFFFFFFFFF4
:109C8000FFFFFFFFFFFFFFFFFFFFFFFFFFFFFFFFE4
:109C9000FFFFFFFFFFFFFFFFFFFFFFFFFFFFFFFFD4
:109CA000FFFFFFFFFFFFFFFFFFFFFFFFFFFFFFFFC4
:109CB000FFFFFFFFFFFFFFFFFFFFFFFFFFFFFFFFB4
:109CC000FFFFFFFFFFFFFFFFFFFFFFFFFFFFFFFFA4
:109CD000FFFFFFFFFFFFFFFFFFFFFFFFFFFFFFFF94
:109CE000FFFFFFFFFFFFFFFFFFFFFFFFFFFFFFFF84
:109CF000FFFFFFFFFFFFFFFFFFFFFFFFFFFFFFFF74
:109D0000FFFFFFFFFFFFFFFFFFFFFFFFFFFFFFFF63
:109D1000FFFFFFFFFFFFFFFFFFFFFFFFFFFFFFFF53
:109D2000FFFFFFFFFFFFFFFFFFFFFFFFFFFFFFFF43
:109D3000FFFFFFFFFFFFFFFFFFFFFFFFFFFFFFFF33
:109D4000FFFFFFFFFFFFFFFFFFFFFFFFFFFFFFFF23
:109D5000FFFFFFFFFFFFFFFFFFFFFFFFFFFFFFFF13
:109D6000FFFFFFFFFFFFFFFFFFFFFFFFFFFFFFFF03
:109D7000FFFFFFFFFFFFFFFFFFFFFFFFFFFFFFFFF3
:109D8000FFFFFFFFFFFFFFFFFFFFFFFFFFFFFFFFE3
:109D9000FFFFFFFFFFFFFFFFFFFFFFFFFFFFFFFFD3
:109DA000FFFFFFFFFFFFFFFFFFFFFFFFFFFFFFFFC3
:109DB000FFFFFFFFFFFFFFFFFFFFFFFFFFFFFFFFB3
:109DC000FFFFFFFFFFFFFFFFFFFFFFFFFFFFFFFFA3
:109DD000FFFFFFFFFFFFFFFFFFFFFFFFFFFFFFFF93
:109DE000FFFFFFFFFFFFFFFFFFFFFFFFFFFFFFFF83
:109DF000FFFFFFFFFFFFFFFFFFFFFFFFFFFFFFFF73
:109E0000FFFFFFFFFFFFFFFFFFFFFFFFFFFFFFFF62
:109E1000FFFFFFFFFFFFFFFFFFFFFFFFFFFFFFFF52
:109E2000FFFFFFFFFFFFFFFFFFFFFFFFFFFFFFFF42
:109E3000FFFFFFFFFFFFFFFFFFFFFFFFFFFFFFFF32
:109E4000FFFFFFFFFFFFFFFFFFFFFFFFFFFFFFFF22
:109E5000FFFFFFFFFFFFFFFFFFFFFFFFFFFFFFFF12
:109E6000FFFFFFFFFFFFFFFFFFFFFFFFFFFFFFFF02
:109E7000FFFFFFFFFFFFFFFFFFFFFFFFFFFFFFFFF2
:109E8000FFFFFFFFFFFFFFFFFFFFFFFFFFFFFFFFE2
:109E9000FFFFFFFFFFFFFFFFFFFFFFFFFFFFFFFFD2
:109EA000FFFFFFFFFFFFFFFFFFFFFFFFFFFFFFFFC2
:109EB000FFFFFFFFFFFFFFFFFFFFFFFFFFFFFFFFB2
:109EC000FFFFFFFFFFFFFFFFFFFFFFFFFFFFFFFFA2
:109ED000FFFFFFFFFFFFFFFFFFFFFFFFFFFFFFFF92
:109EE000FFFFFFFFFFFFFFFFFFFFFFFFFFFFFFFF82
:109EF000FFFFFFFFFFFFFFFFFFFFFFFFFFFFFFFF72
:109F0000FFFFFFFFFFFFFFFFFFFFFFFFFFFFFFFF61
:109F1000FFFFFFFFFFFFFFFFFFFFFFFFFFFFFFFF51
:109F2000FFFFFFFFFFFFFFFFFFFFFFFFFFFFFFFF41
:109F3000FFFFFFFFFFFFFFFFFFFFFFFFFFFFFFFF31
:109F4000FFFFFFFFFFFFFFFFFFFFFFFFFFFFFFFF21
:109F5000FFFFFFFFFFFFFFFFFFFFFFFFFFFFFFFF11
:109F6000FFFFFFFFFFFFFFFFFFFFFFFFFFFFFFFF01
:109F7000FFFFFFFFFFFFFFFFFFFFFFFFFFFFFFFFF1
:109F8000FFFFFFFFFFFFFFFFFFFFFFFFFFFFFFFFE1
:109F9000FFFFFFFFFFFFFFFFFFFFFFFFFFFFFFFFD1
:109FA000FFFFFFFFFFFFFFFFFFFFFFFFFFFFFFFFC1
:109FB000FFFFFFFFFFFFFFFFFFFFFFFFFFFFFFFFB1
:109FC000FFFFFFFFFFFFFFFFFFFFFFFFFFFFFFFFA1
:109FD000FFFFFFFFFFFFFFFFFFFFFFFFFFFFFFFF91
:109FE000FFFFFFFFFFFFFFFFFFFFFFFFFFFFFFFF81
:109FF000FFFFFFFFFFFFFFFFFFFFFFFFFFFFFFFF71
:10A00000FFFFFFFFFFFFFFFFFFFFFFFFFFFFFFFF60
:10A01000FFFFFFFFFFFFFFFFFFFFFFFFFFFFFFFF50
:10A02000FFFFFFFFFFFFFFFFFFFFFFFFFFFFFFFF40
:10A03000FFFFFFFFFFFFFFFFFFFFFFFFFFFFFFFF30
:10A04000FFFFFFFFFFFFFFFFFFFFFFFFFFFFFFFF20
:10A05000FFFFFFFFFFFFFFFFFFFFFFFFFFFFFFFF10
:10A06000FFFFFFFFFFFFFFFFFFFFFFFFFFFFFFFF00
:10A07000FFFFFFFFFFFFFFFFFFFFFFFFFFFFFFFFF0
:10A08000FFFFFFFFFFFFFFFFFFFFFFFFFFFFFFFFE0
:10A09000FFFFFFFFFFFFFFFFFFFFFFFFFFFFFFFFD0
:10A0A000FFFFFFFFFFFFFFFFFFFFFFFFFFFFFFFFC0
:10A0B000FFFFFFFFFFFFFFFFFFFFFFFFFFFFFFFFB0
:10A0C000FFFFFFFFFFFFFFFFFFFFFFFFFFFFFFFFA0
:10A0D000FFFFFFFFFFFFFFFFFFFFFFFFFFFFFFFF90
:10A0E000FFFFFFFFFFFFFFFFFFFFFFFFFFFFFFFF80
:10A0F000FFFFFFFFFFFFFFFFFFFFFFFFFFFFFFFF70
:10A10000FFFFFFFFFFFFFFFFFFFFFFFFFFFFFFFF5F
:10A11000FFFFFFFFFFFFFFFFFFFFFFFFFFFFFFFF4F
:10A12000FFFFFFFFFFFFFFFFFFFFFFFFFFFFFFFF3F
:10A13000FFFFFFFFFFFFFFFFFFFFFFFFFFFFFFFF2F
:10A14000FFFFFFFFFFFFFFFFFFFFFFFFFFFFFFFF1F
:10A15000FFFFFFFFFFFFFFFFFFFFFFFFFFFFFFFF0F
:10A16000FFFFFFFFFFFFFFFFFFFFFFFFFFFFFFFFFF
:10A17000FFFFFFFFFFFFFFFFFFFFFFFFFFFFFFFFEF
:10A18000FFFFFFFFFFFFFFFFFFFFFFFFFFFFFFFFDF
:10A19000FFFFFFFFFFFFFFFFFFFFFFFFFFFFFFFFCF
:10A1A000FFFFFFFFFFFFFFFFFFFFFFFFFFFFFFFFBF
:10A1B000FFFFFFFFFFFFFFFFFFFFFFFFFFFFFFFFAF
:10A1C000FFFFFFFFFFFFFFFFFFFFFFFFFFFFFFFF9F
:10A1D000FFFFFFFFFFFFFFFFFFFFFFFFFFFFFFFF8F
:10A1E000FFFFFFFFFFFFFFFFFFFFFFFFFFFFFFFF7F
:10A1F000FFFFFFFFFFFFFFFFFFFFFFFFFFFFFFFF6F
:10A20000FFFFFFFFFFFFFFFFFFFFFFFFFFFFFFFF5E
:10A21000FFFFFFFFFFFFFFFFFFFFFFFFFFFFFFFF4E
:10A22000FFFFFFFFFFFFFFFFFFFFFFFFFFFFFFFF3E
:10A23000FFFFFFFFFFFFFFFFFFFFFFFFFFFFFFFF2E
:10A24000FFFFFFFFFFFFFFFFFFFFFFFFFFFFFFFF1E
:10A25000FFFFFFFFFFFFFFFFFFFFFFFFFFFFFFFF0E
:10A26000FFFFFFFFFFFFFFFFFFFFFFFFFFFFFFFFFE
:10A27000FFFFFFFFFFFFFFFFFFFFFFFFFFFFFFFFEE
:10A28000FFFFFFFFFFFFFFFFFFFFFFFFFFFFFFFFDE
:10A29000FFFFFFFFFFFFFFFFFFFFFFFFFFFFFFFFCE
:10A2A000FFFFFFFFFFFFFFFFFFFFFFFFFFFFFFFFBE
:10A2B000FFFFFFFFFFFFFFFFFFFFFFFFFFFFFFFFAE
:10A2C000FFFFFFFFFFFFFFFFFFFFFFFFFFFFFFFF9E
:10A2D000FFFFFFFFFFFFFFFFFFFFFFFFFFFFFFFF8E
:10A2E000FFFFFFFFFFFFFFFFFFFFFFFFFFFFFFFF7E
:10A2F000FFFFFFFFFFFFFFFFFFFFFFFFFFFFFFFF6E
:10A30000FFFFFFFFFFFFFFFFFFFFFFFFFFFFFFFF5D
:10A31000FFFFFFFFFFFFFFFFFFFFFFFFFFFFFFFF4D
:10A32000FFFFFFFFFFFFFFFFFFFFFFFFFFFFFFFF3D
:10A33000FFFFFFFFFFFFFFFFFFFFFFFFFFFFFFFF2D
:10A34000FFFFFFFFFFFFFFFFFFFFFFFFFFFFFFFF1D
:10A35000FFFFFFFFFFFFFFFFFFFFFFFFFFFFFFFF0D
:10A36000FFFFFFFFFFFFFFFFFFFFFFFFFFFFFFFFFD
:10A37000FFFFFFFFFFFFFFFFFFFFFFFFFFFFFFFFED
:10A38000FFFFFFFFFFFFFFFFFFFFFFFFFFFFFFFFDD
:10A39000FFFFFFFFFFFFFFFFFFFFFFFFFFFFFFFFCD
:10A3A000FFFFFFFFFFFFFFFFFFFFFFFFFFFFFFFFBD
:10A3B000FFFFFFFFFFFFFFFFFFFFFFFFFFFFFFFFAD
:10A3C000FFFFFFFFFFFFFFFFFFFFFFFFFFFFFFFF9D
:10A3D000FFFFFFFFFFFFFFFFFFFFFFFFFFFFFFFF8D
:10A3E000FFFFFFFFFFFFFFFFFFFFFFFFFFFFFFFF7D
:10A3F000FFFFFFFFFFFFFFFFFFFFFFFFFFFFFFFF6D
:10A40000FFFFFFFFFFFFFFFFFFFFFFFFFFFFFFFF5C
:10A41000FFFFFFFFFFFFFFFFFFFFFFFFFFFFFFFF4C
:10A42000FFFFFFFFFFFFFFFFFFFFFFFFFFFFFFFF3C
:10A43000FFFFFFFFFFFFFFFFFFFFFFFFFFFFFFFF2C
:10A44000FFFFFFFFFFFFFFFFFFFFFFFFFFFFFFFF1C
:10A45000FFFFFFFFFFFFFFFFFFFFFFFFFFFFFFFF0C
:10A46000FFFFFFFFFFFFFFFFFFFFFFFFFFFFFFFFFC
:10A47000FFFFFFFFFFFFFFFFFFFFFFFFFFFFFFFFEC
:10A48000FFFFFFFFFFFFFFFFFFFFFFFFFFFFFFFFDC
:10A49000FFFFFFFFFFFFFFFFFFFFFFFFFFFFFFFFCC
:10A4A000FFFFFFFFFFFFFFFFFFFFFFFFFFFFFFFFBC
:10A4B000FFFFFFFFFFFFFFFFFFFFFFFFFFFFFFFFAC
:10A4C000FFFFFFFFFFFFFFFFFFFFFFFFFFFFFFFF9C
:10A4D000FFFFFFFFFFFFFFFFFFFFFFFFFFFFFFFF8C
:10A4E000FFFFFFFFFFFFFFFFFFFFFFFFFFFFFFFF7C
:10A4F000FFFFFFFFFFFFFFFFFFFFFFFFFFFFFFFF6C
:10A50000FFFFFFFFFFFFFFFFFFFFFFFFFFFFFFFF5B
:10A51000FFFFFFFFFFFFFFFFFFFFFFFFFFFFFFFF4B
:10A52000FFFFFFFFFFFFFFFFFFFFFFFFFFFFFFFF3B
:10A53000FFFFFFFFFFFFFFFFFFFFFFFFFFFFFFFF2B
:10A54000FFFFFFFFFFFFFFFFFFFFFFFFFFFFFFFF1B
:10A55000FFFFFFFFFFFFFFFFFFFFFFFFFFFFFFFF0B
:10A56000FFFFFFFFFFFFFFFFFFFFFFFFFFFFFFFFFB
:10A57000FFFFFFFFFFFFFFFFFFFFFFFFFFFFFFFFEB
:10A58000FFFFFFFFFFFFFFFFFFFFFFFFFFFFFFFFDB
:10A59000FFFFFFFFFFFFFFFFFFFFFFFFFFFFFFFFCB
:10A5A000FFFFFFFFFFFFFFFFFFFFFFFFFFFFFFFFBB
:10A5B000FFFFFFFFFFFFFFFFFFFFFFFFFFFFFFFFAB
:10A5C000FFFFFFFFFFFFFFFFFFFFFFFFFFFFFFFF9B
:10A5D000FFFFFFFFFFFFFFFFFFFFFFFFFFFFFFFF8B
:10A5E000FFFFFFFFFFFFFFFFFFFFFFFFFFFFFFFF7B
:10A5F000FFFFFFFFFFFFFFFFFFFFFFFFFFFFFFFF6B
:10A60000FFFFFFFFFFFFFFFFFFFFFFFFFFFFFFFF5A
:10A61000FFFFFFFFFFFFFFFFFFFFFFFFFFFFFFFF4A
:10A62000FFFFFFFFFFFFFFFFFFFFFFFFFFFFFFFF3A
:10A63000FFFFFFFFFFFFFFFFFFFFFFFFFFFFFFFF2A
:10A64000FFFFFFFFFFFFFFFFFFFFFFFFFFFFFFFF1A
:10A65000FFFFFFFFFFFFFFFFFFFFFFFFFFFFFFFF0A
:10A66000FFFFFFFFFFFFFFFFFFFFFFFFFFFFFFFFFA
:10A67000FFFFFFFFFFFFFFFFFFFFFFFFFFFFFFFFEA
:10A68000FFFFFFFFFFFFFFFFFFFFFFFFFFFFFFFFDA
:10A69000FFFFFFFFFFFFFFFFFFFFFFFFFFFFFFFFCA
:10A6A000FFFFFFFFFFFFFFFFFFFFFFFFFFFFFFFFBA
:10A6B000FFFFFFFFFFFFFFFFFFFFFFFFFFFFFFFFAA
:10A6C000FFFFFFFFFFFFFFFFFFFFFFFFFFFFFFFF9A
:10A6D000FFFFFFFFFFFFFFFFFFFFFFFFFFFFFFFF8A
:10A6E000FFFFFFFFFFFFFFFFFFFFFFFFFFFFFFFF7A
:10A6F000FFFFFFFFFFFFFFFFFFFFFFFFFFFFFFFF6A
:10A70000FFFFFFFFFFFFFFFFFFFFFFFFFFFFFFFF59
:10A71000FFFFFFFFFFFFFFFFFFFFFFFFFFFFFFFF49
:10A72000FFFFFFFFFFFFFFFFFFFFFFFFFFFFFFFF39
:10A73000FFFFFFFFFFFFFFFFFFFFFFFFFFFFFFFF29
:10A74000FFFFFFFFFFFFFFFFFFFFFFFFFFFFFFFF19
:10A75000FFFFFFFFFFFFFFFFFFFFFFFFFFFFFFFF09
:10A76000FFFFFFFFFFFFFFFFFFFFFFFFFFFFFFFFF9
:10A77000FFFFFFFFFFFFFFFFFFFFFFFFFFFFFFFFE9
:10A78000FFFFFFFFFFFFFFFFFFFFFFFFFFFFFFFFD9
:10A79000FFFFFFFFFFFFFFFFFFFFFFFFFFFFFFFFC9
:10A7A000FFFFFFFFFFFFFFFFFFFFFFFFFFFFFFFFB9
:10A7B000FFFFFFFFFFFFFFFFFFFFFFFFFFFFFFFFA9
:10A7C000FFFFFFFFFFFFFFFFFFFFFFFFFFFFFFFF99
:10A7D000FFFFFFFFFFFFFFFFFFFFFFFFFFFFFFFF89
:10A7E000FFFFFFFFFFFFFFFFFFFFFFFFFFFFFFFF79
:10A7F000FFFFFFFFFFFFFFFFFFFFFFFFFFFFFFFF69
:10A80000FFFFFFFFFFFFFFFFFFFFFFFFFFFFFFFF58
:10A81000FFFFFFFFFFFFFFFFFFFFFFFFFFFFFFFF48
:10A82000FFFFFFFFFFFFFFFFFFFFFFFFFFFFFFFF38
:10A83000FFFFFFFFFFFFFFFFFFFFFFFFFFFFFFFF28
:10A84000FFFFFFFFFFFFFFFFFFFFFFFFFFFFFFFF18
:10A85000FFFFFFFFFFFFFFFFFFFFFFFFFFFFFFFF08
:10A86000FFFFFFFFFFFFFFFFFFFFFFFFFFFFFFFFF8
:10A87000FFFFFFFFFFFFFFFFFFFFFFFFFFFFFFFFE8
:10A88000FFFFFFFFFFFFFFFFFFFFFFFFFFFFFFFFD8
:10A89000FFFFFFFFFFFFFFFFFFFFFFFFFFFFFFFFC8
:10A8A000FFFFFFFFFFFFFFFFFFFFFFFFFFFFFFFFB8
:10A8B000FFFFFFFFFFFFFFFFFFFFFFFFFFFFFFFFA8
:10A8C000FFFFFFFFFFFFFFFFFFFFFFFFFFFFFFFF98
:10A8D000FFFFFFFFFFFFFFFFFFFFFFFFFFFFFFFF88
:10A8E000FFFFFFFFFFFFFFFFFFFFFFFFFFFFFFFF78
:10A8F000FFFFFFFFFFFFFFFFFFFFFFFFFFFFFFFF68
:10A90000FFFFFFFFFFFFFFFFFFFFFFFFFFFFFFFF57
:10A91000FFFFFFFFFFFFFFFFFFFFFFFFFFFFFFFF47
:10A92000FFFFFFFFFFFFFFFFFFFFFFFFFFFFFFFF37
:10A93000FFFFFFFFFFFFFFFFFFFFFFFFFFFFFFFF27
:10A94000FFFFFFFFFFFFFFFFFFFFFFFFFFFFFFFF17
:10A95000FFFFFFFFFFFFFFFFFFFFFFFFFFFFFFFF07
:10A96000FFFFFFFFFFFFFFFFFFFFFFFFFFFFFFFFF7
:10A97000FFFFFFFFFFFFFFFFFFFFFFFFFFFFFFFFE7
:10A98000FFFFFFFFFFFFFFFFFFFFFFFFFFFFFFFFD7
:10A99000FFFFFFFFFFFFFFFFFFFFFFFFFFFFFFFFC7
:10A9A000FFFFFFFFFFFFFFFFFFFFFFFFFFFFFFFFB7
:10A9B000FFFFFFFFFFFFFFFFFFFFFFFFFFFFFFFFA7
:10A9C000FFFFFFFFFFFFFFFFFFFFFFFFFFFFFFFF97
:10A9D000FFFFFFFFFFFFFFFFFFFFFFFFFFFFFFFF87
:10A9E000FFFFFFFFFFFFFFFFFFFFFFFFFFFFFFFF77
:10A9F000FFFFFFFFFFFFFFFFFFFFFFFFFFFFFFFF67
:10AA0000FFFFFFFFFFFFFFFFFFFFFFFFFFFFFFFF56
:10AA1000FFFFFFFFFFFFFFFFFFFFFFFFFFFFFFFF46
:10AA2000FFFFFFFFFFFFFFFFFFFFFFFFFFFFFFFF36
:10AA3000FFFFFFFFFFFFFFFFFFFFFFFFFFFFFFFF26
:10AA4000FFFFFFFFFFFFFFFFFFFFFFFFFFFFFFFF16
:10AA5000FFFFFFFFFFFFFFFFFFFFFFFFFFFFFFFF06
:10AA6000FFFFFFFFFFFFFFFFFFFFFFFFFFFFFFFFF6
:10AA7000FFFFFFFFFFFFFFFFFFFFFFFFFFFFFFFFE6
:10AA8000FFFFFFFFFFFFFFFFFFFFFFFFFFFFFFFFD6
:10AA9000FFFFFFFFFFFFFFFFFFFFFFFFFFFFFFFFC6
:10AAA000FFFFFFFFFFFFFFFFFFFFFFFFFFFFFFFFB6
:10AAB000FFFFFFFFFFFFFFFFFFFFFFFFFFFFFFFFA6
:10AAC000FFFFFFFFFFFFFFFFFFFFFFFFFFFFFFFF96
:10AAD000FFFFFFFFFFFFFFFFFFFFFFFFFFFFFFFF86
:10AAE000FFFFFFFFFFFFFFFFFFFFFFFFFFFFFFFF76
:10AAF000FFFFFFFFFFFFFFFFFFFFFFFFFFFFFFFF66
:10AB0000FFFFFFFFFFFFFFFFFFFFFFFFFFFFFFFF55
:10AB1000FFFFFFFFFFFFFFFFFFFFFFFFFFFFFFFF45
:10AB2000FFFFFFFFFFFFFFFFFFFFFFFFFFFFFFFF35
:10AB3000FFFFFFFFFFFFFFFFFFFFFFFFFFFFFFFF25
:10AB4000FFFFFFFFFFFFFFFFFFFFFFFFFFFFFFFF15
:10AB5000FFFFFFFFFFFFFFFFFFFFFFFFFFFFFFFF05
:10AB6000FFFFFFFFFFFFFFFFFFFFFFFFFFFFFFFFF5
:10AB7000FFFFFFFFFFFFFFFFFFFFFFFFFFFFFFFFE5
:10AB8000FFFFFFFFFFFFFFFFFFFFFFFFFFFFFFFFD5
:10AB9000FFFFFFFFFFFFFFFFFFFFFFFFFFFFFFFFC5
:10ABA000FFFFFFFFFFFFFFFFFFFFFFFFFFFFFFFFB5
:10ABB000FFFFFFFFFFFFFFFFFFFFFFFFFFFFFFFFA5
:10ABC000FFFFFFFFFFFFFFFFFFFFFFFFFFFFFFFF95
:10ABD000FFFFFFFFFFFFFFFFFFFFFFFFFFFFFFFF85
:10ABE000FFFFFFFFFFFFFFFFFFFFFFFFFFFFFFFF75
:10ABF000FFFFFFFFFFFFFFFFFFFFFFFFFFFFFFFF65
:10AC0000FFFFFFFFFFFFFFFFFFFFFFFFFFFFFFFF54
:10AC1000FFFFFFFFFFFFFFFFFFFFFFFFFFFFFFFF44
:10AC2000FFFFFFFFFFFFFFFFFFFFFFFFFFFFFFFF34
:10AC3000FFFFFFFFFFFFFFFFFFFFFFFFFFFFFFFF24
:10AC4000FFFFFFFFFFFFFFFFFFFFFFFFFFFFFFFF14
:10AC5000FFFFFFFFFFFFFFFFFFFFFFFFFFFFFFFF04
:10AC6000FFFFFFFFFFFFFFFFFFFFFFFFFFFFFFFFF4
:10AC7000FFFFFFFFFFFFFFFFFFFFFFFFFFFFFFFFE4
:10AC8000FFFFFFFFFFFFFFFFFFFFFFFFFFFFFFFFD4
:10AC9000FFFFFFFFFFFFFFFFFFFFFFFFFFFFFFFFC4
:10ACA000FFFFFFFFFFFFFFFFFFFFFFFFFFFFFFFFB4
:10ACB000FFFFFFFFFFFFFFFFFFFFFFFFFFFFFFFFA4
:10ACC000FFFFFFFFFFFFFFFFFFFFFFFFFFFFFFFF94
:10ACD000FFFFFFFFFFFFFFFFFFFFFFFFFFFFFFFF84
:10ACE000FFFFFFFFFFFFFFFFFFFFFFFFFFFFFFFF74
:10ACF000FFFFFFFFFFFFFFFFFFFFFFFFFFFFFFFF64
:10AD0000FFFFFFFFFFFFFFFFFFFFFFFFFFFFFFFF53
:10AD1000FFFFFFFFFFFFFFFFFFFFFFFFFFFFFFFF43
:10AD2000FFFFFFFFFFFFFFFFFFFFFFFFFFFFFFFF33
:10AD3000FFFFFFFFFFFFFFFFFFFFFFFFFFFFFFFF23
:10AD4000FFFFFFFFFFFFFFFFFFFFFFFFFFFFFFFF13
:10AD5000FFFFFFFFFFFFFFFFFFFFFFFFFFFFFFFF03
:10AD6000FFFFFFFFFFFFFFFFFFFFFFFFFFFFFFFFF3
:10AD7000FFFFFFFFFFFFFFFFFFFFFFFFFFFFFFFFE3
:10AD8000FFFFFFFFFFFFFFFFFFFFFFFFFFFFFFFFD3
:10AD9000FFFFFFFFFFFFFFFFFFFFFFFFFFFFFFFFC3
:10ADA000FFFFFFFFFFFFFFFFFFFFFFFFFFFFFFFFB3
:10ADB000FFFFFFFFFFFFFFFFFFFFFFFFFFFFFFFFA3
:10ADC000FFFFFFFFFFFFFFFFFFFFFFFFFFFFFFFF93
:10ADD000FFFFFFFFFFFFFFFFFFFFFFFFFFFFFFFF83
:10ADE000FFFFFFFFFFFFFFFFFFFFFFFFFFFFFFFF73
:10ADF000FFFFFFFFFFFFFFFFFFFFFFFFFFFFFFFF63
:10AE0000FFFFFFFFFFFFFFFFFFFFFFFFFFFFFFFF52
:10AE1000FFFFFFFFFFFFFFFFFFFFFFFFFFFFFFFF42
:10AE2000FFFFFFFFFFFFFFFFFFFFFFFFFFFFFFFF32
:10AE3000FFFFFFFFFFFFFFFFFFFFFFFFFFFFFFFF22
:10AE4000FFFFFFFFFFFFFFFFFFFFFFFFFFFFFFFF12
:10AE5000FFFFFFFFFFFFFFFFFFFFFFFFFFFFFFFF02
:10AE6000FFFFFFFFFFFFFFFFFFFFFFFFFFFFFFFFF2
:10AE7000FFFFFFFFFFFFFFFFFFFFFFFFFFFFFFFFE2
:10AE8000FFFFFFFFFFFFFFFFFFFFFFFFFFFFFFFFD2
:10AE9000FFFFFFFFFFFFFFFFFFFFFFFFFFFFFFFFC2
:10AEA000FFFFFFFFFFFFFFFFFFFFFFFFFFFFFFFFB2
:10AEB000FFFFFFFFFFFFFFFFFFFFFFFFFFFFFFFFA2
:10AEC000FFFFFFFFFFFFFFFFFFFFFFFFFFFFFFFF92
:10AED000FFFFFFFFFFFFFFFFFFFFFFFFFFFFFFFF82
:10AEE000FFFFFFFFFFFFFFFFFFFFFFFFFFFFFFFF72
:10AEF000FFFFFFFFFFFFFFFFFFFFFFFFFFFFFFFF62
:10AF0000FFFFFFFFFFFFFFFFFFFFFFFFFFFFFFFF51
:10AF1000FFFFFFFFFFFFFFFFFFFFFFFFFFFFFFFF41
:10AF2000FFFFFFFFFFFFFFFFFFFFFFFFFFFFFFFF31
:10AF3000FFFFFFFFFFFFFFFFFFFFFFFFFFFFFFFF21
:10AF4000FFFFFFFFFFFFFFFFFFFFFFFFFFFFFFFF11
:10AF5000FFFFFFFFFFFFFFFFFFFFFFFFFFFFFFFF01
:10AF6000FFFFFFFFFFFFFFFFFFFFFFFFFFFFFFFFF1
:10AF7000FFFFFFFFFFFFFFFFFFFFFFFFFFFFFFFFE1
:10AF8000FFFFFFFFFFFFFFFFFFFFFFFFFFFFFFFFD1
:10AF9000FFFFFFFFFFFFFFFFFFFFFFFFFFFFFFFFC1
:10AFA000FFFFFFFFFFFFFFFFFFFFFFFFFFFFFFFFB1
:10AFB000FFFFFFFFFFFFFFFFFFFFFFFFFFFFFFFFA1
:10AFC000FFFFFFFFFFFFFFFFFFFFFFFFFFFFFFFF91
:10AFD000FFFFFFFFFFFFFFFFFFFFFFFFFFFFFFFF81
:10AFE000FFFFFFFFFFFFFFFFFFFFFFFFFFFFFFFF71
:10AFF000FFFFFFFFFFFFFFFFFFFFFFFFFFFFFFFF61
:10B00000FFFFFFFFFFFFFFFFFFFFFFFFFFFFFFFF50
:10B01000FFFFFFFFFFFFFFFFFFFFFFFFFFFFFFFF40
:10B02000FFFFFFFFFFFFFFFFFFFFFFFFFFFFFFFF30
:10B03000FFFFFFFFFFFFFFFFFFFFFFFFFFFFFFFF20
:10B04000FFFFFFFFFFFFFFFFFFFFFFFFFFFFFFFF10
:10B05000FFFFFFFFFFFFFFFFFFFFFFFFFFFFFFFF00
:10B06000FFFFFFFFFFFFFFFFFFFFFFFFFFFFFFFFF0
:10B07000FFFFFFFFFFFFFFFFFFFFFFFFFFFFFFFFE0
:10B08000FFFFFFFFFFFFFFFFFFFFFFFFFFFFFFFFD0
:10B09000FFFFFFFFFFFFFFFFFFFFFFFFFFFFFFFFC0
:10B0A000FFFFFFFFFFFFFFFFFFFFFFFFFFFFFFFFB0
:10B0B000FFFFFFFFFFFFFFFFFFFFFFFFFFFFFFFFA0
:10B0C000FFFFFFFFFFFFFFFFFFFFFFFFFFFFFFFF90
:10B0D000FFFFFFFFFFFFFFFFFFFFFFFFFFFFFFFF80
:10B0E000FFFFFFFFFFFFFFFFFFFFFFFFFFFFFFFF70
:10B0F000FFFFFFFFFFFFFFFFFFFFFFFFFFFFFFFF60
:10B10000FFFFFFFFFFFFFFFFFFFFFFFFFFFFFFFF4F
:10B11000FFFFFFFFFFFFFFFFFFFFFFFFFFFFFFFF3F
:10B12000FFFFFFFFFFFFFFFFFFFFFFFFFFFFFFFF2F
:10B13000FFFFFFFFFFFFFFFFFFFFFFFFFFFFFFFF1F
:10B14000FFFFFFFFFFFFFFFFFFFFFFFFFFFFFFFF0F
:10B15000FFFFFFFFFFFFFFFFFFFFFFFFFFFFFFFFFF
:10B16000FFFFFFFFFFFFFFFFFFFFFFFFFFFFFFFFEF
:10B17000FFFFFFFFFFFFFFFFFFFFFFFFFFFFFFFFDF
:10B18000FFFFFFFFFFFFFFFFFFFFFFFFFFFFFFFFCF
:10B19000FFFFFFFFFFFFFFFFFFFFFFFFFFFFFFFFBF
:10B1A000FFFFFFFFFFFFFFFFFFFFFFFFFFFFFFFFAF
:10B1B000FFFFFFFFFFFFFFFFFFFFFFFFFFFFFFFF9F
:10B1C000FFFFFFFFFFFFFFFFFFFFFFFFFFFFFFFF8F
:10B1D000FFFFFFFFFFFFFFFFFFFFFFFFFFFFFFFF7F
:10B1E000FFFFFFFFFFFFFFFFFFFFFFFFFFFFFFFF6F
:10B1F000FFFFFFFFFFFFFFFFFFFFFFFFFFFFFFFF5F
:10B20000FFFFFFFFFFFFFFFFFFFFFFFFFFFFFFFF4E
:10B21000FFFFFFFFFFFFFFFFFFFFFFFFFFFFFFFF3E
:10B22000FFFFFFFFFFFFFFFFFFFFFFFFFFFFFFFF2E
:10B23000FFFFFFFFFFFFFFFFFFFFFFFFFFFFFFFF1E
:10B24000FFFFFFFFFFFFFFFFFFFFFFFFFFFFFFFF0E
:10B25000FFFFFFFFFFFFFFFFFFFFFFFFFFFFFFFFFE
:10B26000FFFFFFFFFFFFFFFFFFFFFFFFFFFFFFFFEE
:10B27000FFFFFFFFFFFFFFFFFFFFFFFFFFFFFFFFDE
:10B28000FFFFFFFFFFFFFFFFFFFFFFFFFFFFFFFFCE
:10B29000FFFFFFFFFFFFFFFFFFFFFFFFFFFFFFFFBE
:10B2A000FFFFFFFFFFFFFFFFFFFFFFFFFFFFFFFFAE
:10B2B000FFFFFFFFFFFFFFFFFFFFFFFFFFFFFFFF9E
:10B2C000FFFFFFFFFFFFFFFFFFFFFFFFFFFFFFFF8E
:10B2D000FFFFFFFFFFFFFFFFFFFFFFFFFFFFFFFF7E
:10B2E000FFFFFFFFFFFFFFFFFFFFFFFFFFFFFFFF6E
:10B2F000FFFFFFFFFFFFFFFFFFFFFFFFFFFFFFFF5E
:10B30000FFFFFFFFFFFFFFFFFFFFFFFFFFFFFFFF4D
:10B31000FFFFFFFFFFFFFFFFFFFFFFFFFFFFFFFF3D
:10B32000FFFFFFFFFFFFFFFFFFFFFFFFFFFFFFFF2D
:10B33000FFFFFFFFFFFFFFFFFFFFFFFFFFFFFFFF1D
:10B34000FFFFFFFFFFFFFFFFFFFFFFFFFFFFFFFF0D
:10B35000FFFFFFFFFFFFFFFFFFFFFFFFFFFFFFFFFD
:10B36000FFFFFFFFFFFFFFFFFFFFFFFFFFFFFFFFED
:10B37000FFFFFFFFFFFFFFFFFFFFFFFFFFFFFFFFDD
:10B38000FFFFFFFFFFFFFFFFFFFFFFFFFFFFFFFFCD
:10B39000FFFFFFFFFFFFFFFFFFFFFFFFFFFFFFFFBD
:10B3A000FFFFFFFFFFFFFFFFFFFFFFFFFFFFFFFFAD
:10B3B000FFFFFFFFFFFFFFFFFFFFFFFFFFFFFFFF9D
:10B3C000FFFFFFFFFFFFFFFFFFFFFFFFFFFFFFFF8D
:10B3D000FFFFFFFFFFFFFFFFFFFFFFFFFFFFFFFF7D
:10B3E000FFFFFFFFFFFFFFFFFFFFFFFFFFFFFFFF6D
:10B3F000FFFFFFFFFFFFFFFFFFFFFFFFFFFFFFFF5D
:10B40000FFFFFFFFFFFFFFFFFFFFFFFFFFFFFFFF4C
:10B41000FFFFFFFFFFFFFFFFFFFFFFFFFFFFFFFF3C
:10B42000FFFFFFFFFFFFFFFFFFFFFFFFFFFFFFFF2C
:10B43000FFFFFFFFFFFFFFFFFFFFFFFFFFFFFFFF1C
:10B44000FFFFFFFFFFFFFFFFFFFFFFFFFFFFFFFF0C
:10B45000FFFFFFFFFFFFFFFFFFFFFFFFFFFFFFFFFC
:10B46000FFFFFFFFFFFFFFFFFFFFFFFFFFFFFFFFEC
:10B47000FFFFFFFFFFFFFFFFFFFFFFFFFFFFFFFFDC
:10B48000FFFFFFFFFFFFFFFFFFFFFFFFFFFFFFFFCC
:10B49000FFFFFFFFFFFFFFFFFFFFFFFFFFFFFFFFBC
:10B4A000FFFFFFFFFFFFFFFFFFFFFFFFFFFFFFFFAC
:10B4B000FFFFFFFFFFFFFFFFFFFFFFFFFFFFFFFF9C
:10B4C000FFFFFFFFFFFFFFFFFFFFFFFFFFFFFFFF8C
:10B4D000FFFFFFFFFFFFFFFFFFFFFFFFFFFFFFFF7C
:10B4E000FFFFFFFFFFFFFFFFFFFFFFFFFFFFFFFF6C
:10B4F000FFFFFFFFFFFFFFFFFFFFFFFFFFFFFFFF5C
:10B50000FFFFFFFFFFFFFFFFFFFFFFFFFFFFFFFF4B
:10B51000FFFFFFFFFFFFFFFFFFFFFFFFFFFFFFFF3B
:10B52000FFFFFFFFFFFFFFFFFFFFFFFFFFFFFFFF2B
:10B53000FFFFFFFFFFFFFFFFFFFFFFFFFFFFFFFF1B
:10B54000FFFFFFFFFFFFFFFFFFFFFFFFFFFFFFFF0B
:10B55000FFFFFFFFFFFFFFFFFFFFFFFFFFFFFFFFFB
:10B56000FFFFFFFFFFFFFFFFFFFFFFFFFFFFFFFFEB
:10B57000FFFFFFFFFFFFFFFFFFFFFFFFFFFFFFFFDB
:10B58000FFFFFFFFFFFFFFFFFFFFFFFFFFFFFFFFCB
:10B59000FFFFFFFFFFFFFFFFFFFFFFFFFFFFFFFFBB
:10B5A000FFFFFFFFFFFFFFFFFFFFFFFFFFFFFFFFAB
:10B5B000FFFFFFFFFFFFFFFFFFFFFFFFFFFFFFFF9B
:10B5C000FFFFFFFFFFFFFFFFFFFFFFFFFFFFFFFF8B
:10B5D000FFFFFFFFFFFFFFFFFFFFFFFFFFFFFFFF7B
:10B5E000FFFFFFFFFFFFFFFFFFFFFFFFFFFFFFFF6B
:10B5F000FFFFFFFFFFFFFFFFFFFFFFFFFFFFFFFF5B
:10B60000FFFFFFFFFFFFFFFFFFFFFFFFFFFFFFFF4A
:10B61000FFFFFFFFFFFFFFFFFFFFFFFFFFFFFFFF3A
:10B62000FFFFFFFFFFFFFFFFFFFFFFFFFFFFFFFF2A
:10B63000FFFFFFFFFFFFFFFFFFFFFFFFFFFFFFFF1A
:10B64000FFFFFFFFFFFFFFFFFFFFFFFFFFFFFFFF0A
:10B65000FFFFFFFFFFFFFFFFFFFFFFFFFFFFFFFFFA
:10B66000FFFFFFFFFFFFFFFFFFFFFFFFFFFFFFFFEA
:10B67000FFFFFFFFFFFFFFFFFFFFFFFFFFFFFFFFDA
:10B68000FFFFFFFFFFFFFFFFFFFFFFFFFFFFFFFFCA
:10B69000FFFFFFFFFFFFFFFFFFFFFFFFFFFFFFFFBA
:10B6A000FFFFFFFFFFFFFFFFFFFFFFFFFFFFFFFFAA
:10B6B000FFFFFFFFFFFFFFFFFFFFFFFFFFFFFFFF9A
:10B6C000FFFFFFFFFFFFFFFFFFFFFFFFFFFFFFFF8A
:10B6D000FFFFFFFFFFFFFFFFFFFFFFFFFFFFFFFF7A
:10B6E000FFFFFFFFFFFFFFFFFFFFFFFFFFFFFFFF6A
:10B6F000FFFFFFFFFFFFFFFFFFFFFFFFFFFFFFFF5A
:10B70000FFFFFFFFFFFFFFFFFFFFFFFFFFFFFFFF49
:10B71000FFFFFFFFFFFFFFFFFFFFFFFFFFFFFFFF39
:10B72000FFFFFFFFFFFFFFFFFFFFFFFFFFFFFFFF29
:10B73000FFFFFFFFFFFFFFFFFFFFFFFFFFFFFFFF19
:10B74000FFFFFFFFFFFFFFFFFFFFFFFFFFFFFFFF09
:10B75000FFFFFFFFFFFFFFFFFFFFFFFFFFFFFFFFF9
:10B76000FFFFFFFFFFFFFFFFFFFFFFFFFFFFFFFFE9
:10B77000FFFFFFFFFFFFFFFFFFFFFFFFFFFFFFFFD9
:10B78000FFFFFFFFFFFFFFFFFFFFFFFFFFFFFFFFC9
:10B79000FFFFFFFFFFFFFFFFFFFFFFFFFFFFFFFFB9
:10B7A000FFFFFFFFFFFFFFFFFFFFFFFFFFFFFFFFA9
:10B7B000FFFFFFFFFFFFFFFFFFFFFFFFFFFFFFFF99
:10B7C000FFFFFFFFFFFFFFFFFFFFFFFFFFFFFFFF89
:10B7D000FFFFFFFFFFFFFFFFFFFFFFFFFFFFFFFF79
:10B7E000FFFFFFFFFFFFFFFFFFFFFFFFFFFFFFFF69
:10B7F000FFFFFFFFFFFFFFFFFFFFFFFFFFFFFFFF59
:10B80000FFFFFFFFFFFFFFFFFFFFFFFFFFFFFFFF48
:10B81000FFFFFFFFFFFFFFFFFFFFFFFFFFFFFFFF38
:10B82000FFFFFFFFFFFFFFFFFFFFFFFFFFFFFFFF28
:10B83000FFFFFFFFFFFFFFFFFFFFFFFFFFFFFFFF18
:10B84000FFFFFFFFFFFFFFFFFFFFFFFFFFFFFFFF08
:10B85000FFFFFFFFFFFFFFFFFFFFFFFFFFFFFFFFF8
:10B86000FFFFFFFFFFFFFFFFFFFFFFFFFFFFFFFFE8
:10B87000FFFFFFFFFFFFFFFFFFFFFFFFFFFFFFFFD8
:10B88000FFFFFFFFFFFFFFFFFFFFFFFFFFFFFFFFC8
:10B89000FFFFFFFFFFFFFFFFFFFFFFFFFFFFFFFFB8
:10B8A000FFFFFFFFFFFFFFFFFFFFFFFFFFFFFFFFA8
:10B8B000FFFFFFFFFFFFFFFFFFFFFFFFFFFFFFFF98
:10B8C000FFFFFFFFFFFFFFFFFFFFFFFFFFFFFFFF88
:10B8D000FFFFFFFFFFFFFFFFFFFFFFFFFFFFFFFF78
:10B8E000FFFFFFFFFFFFFFFFFFFFFFFFFFFFFFFF68
:10B8F000FFFFFFFFFFFFFFFFFFFFFFFFFFFFFFFF58
:10B90000FFFFFFFFFFFFFFFFFFFFFFFFFFFFFFFF47
:10B91000FFFFFFFFFFFFFFFFFFFFFFFFFFFFFFFF37
:10B92000FFFFFFFFFFFFFFFFFFFFFFFFFFFFFFFF27
:10B93000FFFFFFFFFFFFFFFFFFFFFFFFFFFFFFFF17
:10B94000FFFFFFFFFFFFFFFFFFFFFFFFFFFFFFFF07
:10B95000FFFFFFFFFFFFFFFFFFFFFFFFFFFFFFFFF7
:10B96000FFFFFFFFFFFFFFFFFFFFFFFFFFFFFFFFE7
:10B97000FFFFFFFFFFFFFFFFFFFFFFFFFFFFFFFFD7
:10B98000FFFFFFFFFFFFFFFFFFFFFFFFFFFFFFFFC7
:10B99000FFFFFFFFFFFFFFFFFFFFFFFFFFFFFFFFB7
:10B9A000FFFFFFFFFFFFFFFFFFFFFFFFFFFFFFFFA7
:10B9B000FFFFFFFFFFFFFFFFFFFFFFFFFFFFFFFF97
:10B9C000FFFFFFFFFFFFFFFFFFFFFFFFFFFFFFFF87
:10B9D000FFFFFFFFFFFFFFFFFFFFFFFFFFFFFFFF77
:10B9E000FFFFFFFFFFFFFFFFFFFFFFFFFFFFFFFF67
:10B9F000FFFFFFFFFFFFFFFFFFFFFFFFFFFFFFFF57
:10BA0000FFFFFFFFFFFFFFFFFFFFFFFFFFFFFFFF46
:10BA1000FFFFFFFFFFFFFFFFFFFFFFFFFFFFFFFF36
:10BA2000FFFFFFFFFFFFFFFFFFFFFFFFFFFFFFFF26
:10BA3000FFFFFFFFFFFFFFFFFFFFFFFFFFFFFFFF16
:10BA4000FFFFFFFFFFFFFFFFFFFFFFFFFFFFFFFF06
:10BA5000FFFFFFFFFFFFFFFFFFFFFFFFFFFFFFFFF6
:10BA6000FFFFFFFFFFFFFFFFFFFFFFFFFFFFFFFFE6
:10BA7000FFFFFFFFFFFFFFFFFFFFFFFFFFFFFFFFD6
:10BA8000FFFFFFFFFFFFFFFFFFFFFFFFFFFFFFFFC6
:10BA9000FFFFFFFFFFFFFFFFFFFFFFFFFFFFFFFFB6
:10BAA000FFFFFFFFFFFFFFFFFFFFFFFFFFFFFFFFA6
:10BAB000FFFFFFFFFFFFFFFFFFFFFFFFFFFFFFFF96
:10BAC000FFFFFFFFFFFFFFFFFFFFFFFFFFFFFFFF86
:10BAD000FFFFFFFFFFFFFFFFFFFFFFFFFFFFFFFF76
:10BAE000FFFFFFFFFFFFFFFFFFFFFFFFFFFFFFFF66
:10BAF000FFFFFFFFFFFFFFFFFFFFFFFFFFFFFFFF56
:10BB0000FFFFFFFFFFFFFFFFFFFFFFFFFFFFFFFF45
:10BB1000FFFFFFFFFFFFFFFFFFFFFFFFFFFFFFFF35
:10BB2000FFFFFFFFFFFFFFFFFFFFFFFFFFFFFFFF25
:10BB3000FFFFFFFFFFFFFFFFFFFFFFFFFFFFFFFF15
:10BB4000FFFFFFFFFFFFFFFFFFFFFFFFFFFFFFFF05
:10BB5000FFFFFFFFFFFFFFFFFFFFFFFFFFFFFFFFF5
:10BB6000FFFFFFFFFFFFFFFFFFFFFFFFFFFFFFFFE5
:10BB7000FFFFFFFFFFFFFFFFFFFFFFFFFFFFFFFFD5
:10BB8000FFFFFFFFFFFFFFFFFFFFFFFFFFFFFFFFC5
:10BB9000FFFFFFFFFFFFFFFFFFFFFFFFFFFFFFFFB5
:10BBA000FFFFFFFFFFFFFFFFFFFFFFFFFFFFFFFFA5
:10BBB000FFFFFFFFFFFFFFFFFFFFFFFFFFFFFFFF95
:10BBC000FFFFFFFFFFFFFFFFFFFFFFFFFFFFFFFF85
:10BBD000FFFFFFFFFFFFFFFFFFFFFFFFFFFFFFFF75
:10BBE000FFFFFFFFFFFFFFFFFFFFFFFFFFFFFFFF65
:10BBF000FFFFFFFFFFFFFFFFFFFFFFFFFFFFFFFF55
:10BC0000FFFFFFFFFFFFFFFFFFFFFFFFFFFFFFFF44
:10BC1000FFFFFFFFFFFFFFFFFFFFFFFFFFFFFFFF34
:10BC2000FFFFFFFFFFFFFFFFFFFFFFFFFFFFFFFF24
:10BC3000FFFFFFFFFFFFFFFFFFFFFFFFFFFFFFFF14
:10BC4000FFFFFFFFFFFFFFFFFFFFFFFFFFFFFFFF04
:10BC5000FFFFFFFFFFFFFFFFFFFFFFFFFFFFFFFFF4
:10BC6000FFFFFFFFFFFFFFFFFFFFFFFFFFFFFFFFE4
:10BC7000FFFFFFFFFFFFFFFFFFFFFFFFFFFFFFFFD4
:10BC8000FFFFFFFFFFFFFFFFFFFFFFFFFFFFFFFFC4
:10BC9000FFFFFFFFFFFFFFFFFFFFFFFFFFFFFFFFB4
:10BCA000FFFFFFFFFFFFFFFFFFFFFFFFFFFFFFFFA4
:10BCB000FFFFFFFFFFFFFFFFFFFFFFFFFFFFFFFF94
:10BCC000FFFFFFFFFFFFFFFFFFFFFFFFFFFFFFFF84
:10BCD000FFFFFFFFFFFFFFFFFFFFFFFFFFFFFFFF74
:10BCE000FFFFFFFFFFFFFFFFFFFFFFFFFFFFFFFF64
:10BCF000FFFFFFFFFFFFFFFFFFFFFFFFFFFFFFFF54
:10BD0000FFFFFFFFFFFFFFFFFFFFFFFFFFFFFFFF43
:10BD1000FFFFFFFFFFFFFFFFFFFFFFFFFFFFFFFF33
:10BD2000FFFFFFFFFFFFFFFFFFFFFFFFFFFFFFFF23
:10BD3000FFFFFFFFFFFFFFFFFFFFFFFFFFFFFFFF13
:10BD4000FFFFFFFFFFFFFFFFFFFFFFFFFFFFFFFF03
:10BD5000FFFFFFFFFFFFFFFFFFFFFFFFFFFFFFFFF3
:10BD6000FFFFFFFFFFFFFFFFFFFFFFFFFFFFFFFFE3
:10BD7000FFFFFFFFFFFFFFFFFFFFFFFFFFFFFFFFD3
:10BD8000FFFFFFFFFFFFFFFFFFFFFFFFFFFFFFFFC3
:10BD9000FFFFFFFFFFFFFFFFFFFFFFFFFFFFFFFFB3
:10BDA000FFFFFFFFFFFFFFFFFFFFFFFFFFFFFFFFA3
:10BDB000FFFFFFFFFFFFFFFFFFFFFFFFFFFFFFFF93
:10BDC000FFFFFFFFFFFFFFFFFFFFFFFFFFFFFFFF83
:10BDD000FFFFFFFFFFFFFFFFFFFFFFFFFFFFFFFF73
:10BDE000FFFFFFFFFFFFFFFFFFFFFFFFFFFFFFFF63
:10BDF000FFFFFFFFFFFFFFFFFFFFFFFFFFFFFFFF53
:10BE0000FFFFFFFFFFFFFFFFFFFFFFFFFFFFFFFF42
:10BE1000FFFFFFFFFFFFFFFFFFFFFFFFFFFFFFFF32
:10BE2000FFFFFFFFFFFFFFFFFFFFFFFFFFFFFFFF22
:10BE3000FFFFFFFFFFFFFFFFFFFFFFFFFFFFFFFF12
:10BE4000FFFFFFFFFFFFFFFFFFFFFFFFFFFFFFFF02
:10BE5000FFFFFFFFFFFFFFFFFFFFFFFFFFFFFFFFF2
:10BE6000FFFFFFFFFFFFFFFFFFFFFFFFFFFFFFFFE2
:10BE7000FFFFFFFFFFFFFFFFFFFFFFFFFFFFFFFFD2
:10BE8000FFFFFFFFFFFFFFFFFFFFFFFFFFFFFFFFC2
:10BE9000FFFFFFFFFFFFFFFFFFFFFFFFFFFFFFFFB2
:10BEA000FFFFFFFFFFFFFFFFFFFFFFFFFFFFFFFFA2
:10BEB000FFFFFFFFFFFFFFFFFFFFFFFFFFFFFFFF92
:10BEC000FFFFFFFFFFFFFFFFFFFFFFFFFFFFFFFF82
:10BED000FFFFFFFFFFFFFFFFFFFFFFFFFFFFFFFF72
:10BEE000FFFFFFFFFFFFFFFFFFFFFFFFFFFFFFFF62
:10BEF000FFFFFFFFFFFFFFFFFFFFFFFFFFFFFFFF52
:10BF0000FFFFFFFFFFFFFFFFFFFFFFFFFFFFFFFF41
:10BF1000FFFFFFFFFFFFFFFFFFFFFFFFFFFFFFFF31
:10BF2000FFFFFFFFFFFFFFFFFFFFFFFFFFFFFFFF21
:10BF3000FFFFFFFFFFFFFFFFFFFFFFFFFFFFFFFF11
:10BF4000FFFFFFFFFFFFFFFFFFFFFFFFFFFFFFFF01
:10BF5000FFFFFFFFFFFFFFFFFFFFFFFFFFFFFFFFF1
:10BF6000FFFFFFFFFFFFFFFFFFFFFFFFFFFFFFFFE1
:10BF7000FFFFFFFFFFFFFFFFFFFFFFFFFFFFFFFFD1
:10BF8000FFFFFFFFFFFFFFFFFFFFFFFFFFFFFFFFC1
:10BF9000FFFFFFFFFFFFFFFFFFFFFFFFFFFFFFFFB1
:10BFA000FFFFFFFFFFFFFFFFFFFFFFFFFFFFFFFFA1
:10BFB000FFFFFFFFFFFFFFFFFFFFFFFFFFFFFFFF91
:10BFC000FFFFFFFFFFFFFFFFFFFFFFFFFFFFFFFF81
:10BFD000FFFFFFFFFFFFFFFFFFFFFFFFFFFFFFFF71
:10BFE000FFFFFFFFFFFFFFFFFFFFFFFFFFFFFFFF61
:10BFF000FFFFFFFFFFFFFFFFFFFFFFFFFFFFFFFF51
:10C00000FFFFFFFFFFFFFFFFFFFFFFFFFFFFFFFF40
:10C01000FFFFFFFFFFFFFFFFFFFFFFFFFFFFFFFF30
:10C02000FFFFFFFFFFFFFFFFFFFFFFFFFFFFFFFF20
:10C03000FFFFFFFFFFFFFFFFFFFFFFFFFFFFFFFF10
:10C04000FFFFFFFFFFFFFFFFFFFFFFFFFFFFFFFF00
:10C05000FFFFFFFFFFFFFFFFFFFFFFFFFFFFFFFFF0
:10C06000FFFFFFFFFFFFFFFFFFFFFFFFFFFFFFFFE0
:10C07000FFFFFFFFFFFFFFFFFFFFFFFFFFFFFFFFD0
:10C08000FFFFFFFFFFFFFFFFFFFFFFFFFFFFFFFFC0
:10C09000FFFFFFFFFFFFFFFFFFFFFFFFFFFFFFFFB0
:10C0A000FFFFFFFFFFFFFFFFFFFFFFFFFFFFFFFFA0
:10C0B000FFFFFFFFFFFFFFFFFFFFFFFFFFFFFFFF90
:10C0C000FFFFFFFFFFFFFFFFFFFFFFFFFFFFFFFF80
:10C0D000FFFFFFFFFFFFFFFFFFFFFFFFFFFFFFFF70
:10C0E000FFFFFFFFFFFFFFFFFFFFFFFFFFFFFFFF60
:10C0F000FFFFFFFFFFFFFFFFFFFFFFFFFFFFFFFF50
:10C10000FFFFFFFFFFFFFFFFFFFFFFFFFFFFFFFF3F
:10C11000FFFFFFFFFFFFFFFFFFFFFFFFFFFFFFFF2F
:10C12000FFFFFFFFFFFFFFFFFFFFFFFFFFFFFFFF1F
:10C13000FFFFFFFFFFFFFFFFFFFFFFFFFFFFFFFF0F
:10C14000FFFFFFFFFFFFFFFFFFFFFFFFFFFFFFFFFF
:10C15000FFFFFFFFFFFFFFFFFFFFFFFFFFFFFFFFEF
:10C16000FFFFFFFFFFFFFFFFFFFFFFFFFFFFFFFFDF
:10C17000FFFFFFFFFFFFFFFFFFFFFFFFFFFFFFFFCF
:10C18000FFFFFFFFFFFFFFFFFFFFFFFFFFFFFFFFBF
:10C19000FFFFFFFFFFFFFFFFFFFFFFFFFFFFFFFFAF
:10C1A000FFFFFFFFFFFFFFFFFFFFFFFFFFFFFFFF9F
:10C1B000FFFFFFFFFFFFFFFFFFFFFFFFFFFFFFFF8F
:10C1C000FFFFFFFFFFFFFFFFFFFFFFFFFFFFFFFF7F
:10C1D000FFFFFFFFFFFFFFFFFFFFFFFFFFFFFFFF6F
:10C1E000FFFFFFFFFFFFFFFFFFFFFFFFFFFFFFFF5F
:10C1F000FFFFFFFFFFFFFFFFFFFFFFFFFFFFFFFF4F
:10C20000FFFFFFFFFFFFFFFFFFFFFFFFFFFFFFFF3E
:10C21000FFFFFFFFFFFFFFFFFFFFFFFFFFFFFFFF2E
:10C22000FFFFFFFFFFFFFFFFFFFFFFFFFFFFFFFF1E
:10C23000FFFFFFFFFFFFFFFFFFFFFFFFFFFFFFFF0E
:10C24000FFFFFFFFFFFFFFFFFFFFFFFFFFFFFFFFFE
:10C25000FFFFFFFFFFFFFFFFFFFFFFFFFFFFFFFFEE
:10C26000FFFFFFFFFFFFFFFFFFFFFFFFFFFFFFFFDE
:10C27000FFFFFFFFFFFFFFFFFFFFFFFFFFFFFFFFCE
:10C28000FFFFFFFFFFFFFFFFFFFFFFFFFFFFFFFFBE
:10C29000FFFFFFFFFFFFFFFFFFFFFFFFFFFFFFFFAE
:10C2A000FFFFFFFFFFFFFFFFFFFFFFFFFFFFFFFF9E
:10C2B000FFFFFFFFFFFFFFFFFFFFFFFFFFFFFFFF8E
:10C2C000FFFFFFFFFFFFFFFFFFFFFFFFFFFFFFFF7E
:10C2D000FFFFFFFFFFFFFFFFFFFFFFFFFFFFFFFF6E
:10C2E000FFFFFFFFFFFFFFFFFFFFFFFFFFFFFFFF5E
:10C2F000FFFFFFFFFFFFFFFFFFFFFFFFFFFFFFFF4E
:10C30000FFFFFFFFFFFFFFFFFFFFFFFFFFFFFFFF3D
:10C31000FFFFFFFFFFFFFFFFFFFFFFFFFFFFFFFF2D
:10C32000FFFFFFFFFFFFFFFFFFFFFFFFFFFFFFFF1D
:10C33000FFFFFFFFFFFFFFFFFFFFFFFFFFFFFFFF0D
:10C34000FFFFFFFFFFFFFFFFFFFFFFFFFFFFFFFFFD
:10C35000FFFFFFFFFFFFFFFFFFFFFFFFFFFFFFFFED
:10C36000FFFFFFFFFFFFFFFFFFFFFFFFFFFFFFFFDD
:10C37000FFFFFFFFFFFFFFFFFFFFFFFFFFFFFFFFCD
:10C38000FFFFFFFFFFFFFFFFFFFFFFFFFFFFFFFFBD
:10C39000FFFFFFFFFFFFFFFFFFFFFFFFFFFFFFFFAD
:10C3A000FFFFFFFFFFFFFFFFFFFFFFFFFFFFFFFF9D
:10C3B000FFFFFFFFFFFFFFFFFFFFFFFFFFFFFFFF8D
:10C3C000FFFFFFFFFFFFFFFFFFFFFFFFFFFFFFFF7D
:10C3D000FFFFFFFFFFFFFFFFFFFFFFFFFFFFFFFF6D
:10C3E000FFFFFFFFFFFFFFFFFFFFFFFFFFFFFFFF5D
:10C3F000FFFFFFFFFFFFFFFFFFFFFFFFFFFFFFFF4D
:10C40000FFFFFFFFFFFFFFFFFFFFFFFFFFFFFFFF3C
:10C41000FFFFFFFFFFFFFFFFFFFFFFFFFFFFFFFF2C
:10C42000FFFFFFFFFFFFFFFFFFFFFFFFFFFFFFFF1C
:10C43000FFFFFFFFFFFFFFFFFFFFFFFFFFFFFFFF0C
:10C44000FFFFFFFFFFFFFFFFFFFFFFFFFFFFFFFFFC
:10C45000FFFFFFFFFFFFFFFFFFFFFFFFFFFFFFFFEC
:10C46000FFFFFFFFFFFFFFFFFFFFFFFFFFFFFFFFDC
:10C47000FFFFFFFFFFFFFFFFFFFFFFFFFFFFFFFFCC
:10C48000FFFFFFFFFFFFFFFFFFFFFFFFFFFFFFFFBC
:10C49000FFFFFFFFFFFFFFFFFFFFFFFFFFFFFFFFAC
:10C4A000FFFFFFFFFFFFFFFFFFFFFFFFFFFFFFFF9C
:10C4B000FFFFFFFFFFFFFFFFFFFFFFFFFFFFFFFF8C
:10C4C000FFFFFFFFFFFFFFFFFFFFFFFFFFFFFFFF7C
:10C4D000FFFFFFFFFFFFFFFFFFFFFFFFFFFFFFFF6C
:10C4E000FFFFFFFFFFFFFFFFFFFFFFFFFFFFFFFF5C
:10C4F000FFFFFFFFFFFFFFFFFFFFFFFFFFFFFFFF4C
:10C50000FFFFFFFFFFFFFFFFFFFFFFFFFFFFFFFF3B
:10C51000FFFFFFFFFFFFFFFFFFFFFFFFFFFFFFFF2B
:10C52000FFFFFFFFFFFFFFFFFFFFFFFFFFFFFFFF1B
:10C53000FFFFFFFFFFFFFFFFFFFFFFFFFFFFFFFF0B
:10C54000FFFFFFFFFFFFFFFFFFFFFFFFFFFFFFFFFB
:10C55000FFFFFFFFFFFFFFFFFFFFFFFFFFFFFFFFEB
:10C56000FFFFFFFFFFFFFFFFFFFFFFFFFFFFFFFFDB
:10C57000FFFFFFFFFFFFFFFFFFFFFFFFFFFFFFFFCB
:10C58000FFFFFFFFFFFFFFFFFFFFFFFFFFFFFFFFBB
:10C59000FFFFFFFFFFFFFFFFFFFFFFFFFFFFFFFFAB
:10C5A000FFFFFFFFFFFFFFFFFFFFFFFFFFFFFFFF9B
:10C5B000FFFFFFFFFFFFFFFFFFFFFFFFFFFFFFFF8B
:10C5C000FFFFFFFFFFFFFFFFFFFFFFFFFFFFFFFF7B
:10C5D000FFFFFFFFFFFFFFFFFFFFFFFFFFFFFFFF6B
:10C5E000FFFFFFFFFFFFFFFFFFFFFFFFFFFFFFFF5B
:10C5F000FFFFFFFFFFFFFFFFFFFFFFFFFFFFFFFF4B
:10C60000FFFFFFFFFFFFFFFFFFFFFFFFFFFFFFFF3A
:10C61000FFFFFFFFFFFFFFFFFFFFFFFFFFFFFFFF2A
:10C62000FFFFFFFFFFFFFFFFFFFFFFFFFFFFFFFF1A
:10C63000FFFFFFFFFFFFFFFFFFFFFFFFFFFFFFFF0A
:10C64000FFFFFFFFFFFFFFFFFFFFFFFFFFFFFFFFFA
:10C65000FFFFFFFFFFFFFFFFFFFFFFFFFFFFFFFFEA
:10C66000FFFFFFFFFFFFFFFFFFFFFFFFFFFFFFFFDA
:10C67000FFFFFFFFFFFFFFFFFFFFFFFFFFFFFFFFCA
:10C68000FFFFFFFFFFFFFFFFFFFFFFFFFFFFFFFFBA
:10C69000FFFFFFFFFFFFFFFFFFFFFFFFFFFFFFFFAA
:10C6A000FFFFFFFFFFFFFFFFFFFFFFFFFFFFFFFF9A
:10C6B000FFFFFFFFFFFFFFFFFFFFFFFFFFFFFFFF8A
:10C6C000FFFFFFFFFFFFFFFFFFFFFFFFFFFFFFFF7A
:10C6D000FFFFFFFFFFFFFFFFFFFFFFFFFFFFFFFF6A
:10C6E000FFFFFFFFFFFFFFFFFFFFFFFFFFFFFFFF5A
:10C6F000FFFFFFFFFFFFFFFFFFFFFFFFFFFFFFFF4A
:10C70000FFFFFFFFFFFFFFFFFFFFFFFFFFFFFFFF39
:10C71000FFFFFFFFFFFFFFFFFFFFFFFFFFFFFFFF29
:10C72000FFFFFFFFFFFFFFFFFFFFFFFFFFFFFFFF19
:10C73000FFFFFFFFFFFFFFFFFFFFFFFFFFFFFFFF09
:10C74000FFFFFFFFFFFFFFFFFFFFFFFFFFFFFFFFF9
:10C75000FFFFFFFFFFFFFFFFFFFFFFFFFFFFFFFFE9
:10C76000FFFFFFFFFFFFFFFFFFFFFFFFFFFFFFFFD9
:10C77000FFFFFFFFFFFFFFFFFFFFFFFFFFFFFFFFC9
:10C78000FFFFFFFFFFFFFFFFFFFFFFFFFFFFFFFFB9
:10C79000FFFFFFFFFFFFFFFFFFFFFFFFFFFFFFFFA9
:10C7A000FFFFFFFFFFFFFFFFFFFFFFFFFFFFFFFF99
:10C7B000FFFFFFFFFFFFFFFFFFFFFFFFFFFFFFFF89
:10C7C000FFFFFFFFFFFFFFFFFFFFFFFFFFFFFFFF79
:10C7D000FFFFFFFFFFFFFFFFFFFFFFFFFFFFFFFF69
:10C7E000FFFFFFFFFFFFFFFFFFFFFFFFFFFFFFFF59
:10C7F000FFFFFFFFFFFFFFFFFFFFFFFFFFFFFFFF49
:10C80000FFFFFFFFFFFFFFFFFFFFFFFFFFFFFFFF38
:10C81000FFFFFFFFFFFFFFFFFFFFFFFFFFFFFFFF28
:10C82000FFFFFFFFFFFFFFFFFFFFFFFFFFFFFFFF18
:10C83000FFFFFFFFFFFFFFFFFFFFFFFFFFFFFFFF08
:10C84000FFFFFFFFFFFFFFFFFFFFFFFFFFFFFFFFF8
:10C85000FFFFFFFFFFFFFFFFFFFFFFFFFFFFFFFFE8
:10C86000FFFFFFFFFFFFFFFFFFFFFFFFFFFFFFFFD8
:10C87000FFFFFFFFFFFFFFFFFFFFFFFFFFFFFFFFC8
:10C88000FFFFFFFFFFFFFFFFFFFFFFFFFFFFFFFFB8
:10C89000FFFFFFFFFFFFFFFFFFFFFFFFFFFFFFFFA8
:10C8A000FFFFFFFFFFFFFFFFFFFFFFFFFFFFFFFF98
:10C8B000FFFFFFFFFFFFFFFFFFFFFFFFFFFFFFFF88
:10C8C000FFFFFFFFFFFFFFFFFFFFFFFFFFFFFFFF78
:10C8D000FFFFFFFFFFFFFFFFFFFFFFFFFFFFFFFF68
:10C8E000FFFFFFFFFFFFFFFFFFFFFFFFFFFFFFFF58
:10C8F000FFFFFFFFFFFFFFFFFFFFFFFFFFFFFFFF48
:10C90000FFFFFFFFFFFFFFFFFFFFFFFFFFFFFFFF37
:10C91000FFFFFFFFFFFFFFFFFFFFFFFFFFFFFFFF27
:10C92000FFFFFFFFFFFFFFFFFFFFFFFFFFFFFFFF17
:10C93000FFFFFFFFFFFFFFFFFFFFFFFFFFFFFFFF07
:10C94000FFFFFFFFFFFFFFFFFFFFFFFFFFFFFFFFF7
:10C95000FFFFFFFFFFFFFFFFFFFFFFFFFFFFFFFFE7
:10C96000FFFFFFFFFFFFFFFFFFFFFFFFFFFFFFFFD7
:10C97000FFFFFFFFFFFFFFFFFFFFFFFFFFFFFFFFC7
:10C98000FFFFFFFFFFFFFFFFFFFFFFFFFFFFFFFFB7
:10C99000FFFFFFFFFFFFFFFFFFFFFFFFFFFFFFFFA7
:10C9A000FFFFFFFFFFFFFFFFFFFFFFFFFFFFFFFF97
:10C9B000FFFFFFFFFFFFFFFFFFFFFFFFFFFFFFFF87
:10C9C000FFFFFFFFFFFFFFFFFFFFFFFFFFFFFFFF77
:10C9D000FFFFFFFFFFFFFFFFFFFFFFFFFFFFFFFF67
:10C9E000FFFFFFFFFFFFFFFFFFFFFFFFFFFFFFFF57
:10C9F000FFFFFFFFFFFFFFFFFFFFFFFFFFFFFFFF47
:10CA0000FFFFFFFFFFFFFFFFFFFFFFFFFFFFFFFF36
:10CA1000FFFFFFFFFFFFFFFFFFFFFFFFFFFFFFFF26
:10CA2000FFFFFFFFFFFFFFFFFFFFFFFFFFFFFFFF16
:10CA3000FFFFFFFFFFFFFFFFFFFFFFFFFFFFFFFF06
:10CA4000FFFFFFFFFFFFFFFFFFFFFFFFFFFFFFFFF6
:10CA5000FFFFFFFFFFFFFFFFFFFFFFFFFFFFFFFFE6
:10CA6000FFFFFFFFFFFFFFFFFFFFFFFFFFFFFFFFD6
:10CA7000FFFFFFFFFFFFFFFFFFFFFFFFFFFFFFFFC6
:10CA8000FFFFFFFFFFFFFFFFFFFFFFFFFFFFFFFFB6
:10CA9000FFFFFFFFFFFFFFFFFFFFFFFFFFFFFFFFA6
:10CAA000FFFFFFFFFFFFFFFFFFFFFFFFFFFFFFFF96
:10CAB000FFFFFFFFFFFFFFFFFFFFFFFFFFFFFFFF86
:10CAC000FFFFFFFFFFFFFFFFFFFFFFFFFFFFFFFF76
:10CAD000FFFFFFFFFFFFFFFFFFFFFFFFFFFFFFFF66
:10CAE000FFFFFFFFFFFFFFFFFFFFFFFFFFFFFFFF56
:10CAF000FFFFFFFFFFFFFFFFFFFFFFFFFFFFFFFF46
:10CB0000FFFFFFFFFFFFFFFFFFFFFFFFFFFFFFFF35
:10CB1000FFFFFFFFFFFFFFFFFFFFFFFFFFFFFFFF25
:10CB2000FFFFFFFFFFFFFFFFFFFFFFFFFFFFFFFF15
:10CB3000FFFFFFFFFFFFFFFFFFFFFFFFFFFFFFFF05
:10CB4000FFFFFFFFFFFFFFFFFFFFFFFFFFFFFFFFF5
:10CB5000FFFFFFFFFFFFFFFFFFFFFFFFFFFFFFFFE5
:10CB6000FFFFFFFFFFFFFFFFFFFFFFFFFFFFFFFFD5
:10CB7000FFFFFFFFFFFFFFFFFFFFFFFFFFFFFFFFC5
:10CB8000FFFFFFFFFFFFFFFFFFFFFFFFFFFFFFFFB5
:10CB9000FFFFFFFFFFFFFFFFFFFFFFFFFFFFFFFFA5
:10CBA000FFFFFFFFFFFFFFFFFFFFFFFFFFFFFFFF95
:10CBB000FFFFFFFFFFFFFFFFFFFFFFFFFFFFFFFF85
:10CBC000FFFFFFFFFFFFFFFFFFFFFFFFFFFFFFFF75
:10CBD000FFFFFFFFFFFFFFFFFFFFFFFFFFFFFFFF65
:10CBE000FFFFFFFFFFFFFFFFFFFFFFFFFFFFFFFF55
:10CBF000FFFFFFFFFFFFFFFFFFFFFFFFFFFFFFFF45
:10CC0000FFFFFFFFFFFFFFFFFFFFFFFFFFFFFFFF34
:10CC1000FFFFFFFFFFFFFFFFFFFFFFFFFFFFFFFF24
:10CC2000FFFFFFFFFFFFFFFFFFFFFFFFFFFFFFFF14
:10CC3000FFFFFFFFFFFFFFFFFFFFFFFFFFFFFFFF04
:10CC4000FFFFFFFFFFFFFFFFFFFFFFFFFFFFFFFFF4
:10CC5000FFFFFFFFFFFFFFFFFFFFFFFFFFFFFFFFE4
:10CC6000FFFFFFFFFFFFFFFFFFFFFFFFFFFFFFFFD4
:10CC7000FFFFFFFFFFFFFFFFFFFFFFFFFFFFFFFFC4
:10CC8000FFFFFFFFFFFFFFFFFFFFFFFFFFFFFFFFB4
:10CC9000FFFFFFFFFFFFFFFFFFFFFFFFFFFFFFFFA4
:10CCA000FFFFFFFFFFFFFFFFFFFFFFFFFFFFFFFF94
:10CCB000FFFFFFFFFFFFFFFFFFFFFFFFFFFFFFFF84
:10CCC000FFFFFFFFFFFFFFFFFFFFFFFFFFFFFFFF74
:10CCD000FFFFFFFFFFFFFFFFFFFFFFFFFFFFFFFF64
:10CCE000FFFFFFFFFFFFFFFFFFFFFFFFFFFFFFFF54
:10CCF000FFFFFFFFFFFFFFFFFFFFFFFFFFFFFFFF44
:10CD0000FFFFFFFFFFFFFFFFFFFFFFFFFFFFFFFF33
:10CD1000FFFFFFFFFFFFFFFFFFFFFFFFFFFFFFFF23
:10CD2000FFFFFFFFFFFFFFFFFFFFFFFFFFFFFFFF13
:10CD3000FFFFFFFFFFFFFFFFFFFFFFFFFFFFFFFF03
:10CD4000FFFFFFFFFFFFFFFFFFFFFFFFFFFFFFFFF3
:10CD5000FFFFFFFFFFFFFFFFFFFFFFFFFFFFFFFFE3
:10CD6000FFFFFFFFFFFFFFFFFFFFFFFFFFFFFFFFD3
:10CD7000FFFFFFFFFFFFFFFFFFFFFFFFFFFFFFFFC3
:10CD8000FFFFFFFFFFFFFFFFFFFFFFFFFFFFFFFFB3
:10CD9000FFFFFFFFFFFFFFFFFFFFFFFFFFFFFFFFA3
:10CDA000FFFFFFFFFFFFFFFFFFFFFFFFFFFFFFFF93
:10CDB000FFFFFFFFFFFFFFFFFFFFFFFFFFFFFFFF83
:10CDC000FFFFFFFFFFFFFFFFFFFFFFFFFFFFFFFF73
:10CDD000FFFFFFFFFFFFFFFFFFFFFFFFFFFFFFFF63
:10CDE000FFFFFFFFFFFFFFFFFFFFFFFFFFFFFFFF53
:10CDF000FFFFFFFFFFFFFFFFFFFFFFFFFFFFFFFF43
:10CE0000FFFFFFFFFFFFFFFFFFFFFFFFFFFFFFFF32
:10CE1000FFFFFFFFFFFFFFFFFFFFFFFFFFFFFFFF22
:10CE2000FFFFFFFFFFFFFFFFFFFFFFFFFFFFFFFF12
:10CE3000FFFFFFFFFFFFFFFFFFFFFFFFFFFFFFFF02
:10CE4000FFFFFFFFFFFFFFFFFFFFFFFFFFFFFFFFF2
:10CE5000FFFFFFFFFFFFFFFFFFFFFFFFFFFFFFFFE2
:10CE6000FFFFFFFFFFFFFFFFFFFFFFFFFFFFFFFFD2
:10CE7000FFFFFFFFFFFFFFFFFFFFFFFFFFFFFFFFC2
:10CE8000FFFFFFFFFFFFFFFFFFFFFFFFFFFFFFFFB2
:10CE9000FFFFFFFFFFFFFFFFFFFFFFFFFFFFFFFFA2
:10CEA000FFFFFFFFFFFFFFFFFFFFFFFFFFFFFFFF92
:10CEB000FFFFFFFFFFFFFFFFFFFFFFFFFFFFFFFF82
:10CEC000FFFFFFFFFFFFFFFFFFFFFFFFFFFFFFFF72
:10CED000FFFFFFFFFFFFFFFFFFFFFFFFFFFFFFFF62
:10CEE000FFFFFFFFFFFFFFFFFFFFFFFFFFFFFFFF52
:10CEF000FFFFFFFFFFFFFFFFFFFFFFFFFFFFFFFF42
:10CF0000FFFFFFFFFFFFFFFFFFFFFFFFFFFFFFFF31
:10CF1000FFFFFFFFFFFFFFFFFFFFFFFFFFFFFFFF21
:10CF2000FFFFFFFFFFFFFFFFFFFFFFFFFFFFFFFF11
:10CF3000FFFFFFFFFFFFFFFFFFFFFFFFFFFFFFFF01
:10CF4000FFFFFFFFFFFFFFFFFFFFFFFFFFFFFFFFF1
:10CF5000FFFFFFFFFFFFFFFFFFFFFFFFFFFFFFFFE1
:10CF6000FFFFFFFFFFFFFFFFFFFFFFFFFFFFFFFFD1
:10CF7000FFFFFFFFFFFFFFFFFFFFFFFFFFFFFFFFC1
:10CF8000FFFFFFFFFFFFFFFFFFFFFFFFFFFFFFFFB1
:10CF9000FFFFFFFFFFFFFFFFFFFFFFFFFFFFFFFFA1
:10CFA000FFFFFFFFFFFFFFFFFFFFFFFFFFFFFFFF91
:10CFB000FFFFFFFFFFFFFFFFFFFFFFFFFFFFFFFF81
:10CFC000FFFFFFFFFFFFFFFFFFFFFFFFFFFFFFFF71
:10CFD000FFFFFFFFFFFFFFFFFFFFFFFFFFFFFFFF61
:10CFE000FFFFFFFFFFFFFFFFFFFFFFFFFFFFFFFF51
:10CFF000FFFFFFFFFFFFFFFFFFFFFFFFFFFFFFFF41
:10D00000FFFFFFFFFFFFFFFFFFFFFFFFFFFFFFFF30
:10D01000FFFFFFFFFFFFFFFFFFFFFFFFFFFFFFFF20
:10D02000FFFFFFFFFFFFFFFFFFFFFFFFFFFFFFFF10
:10D03000FFFFFFFFFFFFFFFFFFFFFFFFFFFFFFFF00
:10D04000FFFFFFFFFFFFFFFFFFFFFFFFFFFFFFFFF0
:10D05000FFFFFFFFFFFFFFFFFFFFFFFFFFFFFFFFE0
:10D06000FFFFFFFFFFFFFFFFFFFFFFFFFFFFFFFFD0
:10D07000FFFFFFFFFFFFFFFFFFFFFFFFFFFFFFFFC0
:10D08000FFFFFFFFFFFFFFFFFFFFFFFFFFFFFFFFB0
:10D09000FFFFFFFFFFFFFFFFFFFFFFFFFFFFFFFFA0
:10D0A000FFFFFFFFFFFFFFFFFFFFFFFFFFFFFFFF90
:10D0B000FFFFFFFFFFFFFFFFFFFFFFFFFFFFFFFF80
:10D0C000FFFFFFFFFFFFFFFFFFFFFFFFFFFFFFFF70
:10D0D000FFFFFFFFFFFFFFFFFFFFFFFFFFFFFFFF60
:10D0E000FFFFFFFFFFFFFFFFFFFFFFFFFFFFFFFF50
:10D0F000FFFFFFFFFFFFFFFFFFFFFFFFFFFFFFFF40
:10D10000FFFFFFFFFFFFFFFFFFFFFFFFFFFFFFFF2F
:10D11000FFFFFFFFFFFFFFFFFFFFFFFFFFFFFFFF1F
:10D12000FFFFFFFFFFFFFFFFFFFFFFFFFFFFFFFF0F
:10D13000FFFFFFFFFFFFFFFFFFFFFFFFFFFFFFFFFF
:10D14000FFFFFFFFFFFFFFFFFFFFFFFFFFFFFFFFEF
:10D15000FFFFFFFFFFFFFFFFFFFFFFFFFFFFFFFFDF
:10D16000FFFFFFFFFFFFFFFFFFFFFFFFFFFFFFFFCF
:10D17000FFFFFFFFFFFFFFFFFFFFFFFFFFFFFFFFBF
:10D18000FFFFFFFFFFFFFFFFFFFFFFFFFFFFFFFFAF
:10D19000FFFFFFFFFFFFFFFFFFFFFFFFFFFFFFFF9F
:10D1A000FFFFFFFFFFFFFFFFFFFFFFFFFFFFFFFF8F
:10D1B000FFFFFFFFFFFFFFFFFFFFFFFFFFFFFFFF7F
:10D1C000FFFFFFFFFFFFFFFFFFFFFFFFFFFFFFFF6F
:10D1D000FFFFFFFFFFFFFFFFFFFFFFFFFFFFFFFF5F
:10D1E000FFFFFFFFFFFFFFFFFFFFFFFFFFFFFFFF4F
:10D1F000FFFFFFFFFFFFFFFFFFFFFFFFFFFFFFFF3F
:10D20000FFFFFFFFFFFFFFFFFFFFFFFFFFFFFFFF2E
:10D21000FFFFFFFFFFFFFFFFFFFFFFFFFFFFFFFF1E
:10D22000FFFFFFFFFFFFFFFFFFFFFFFFFFFFFFFF0E
:10D23000FFFFFFFFFFFFFFFFFFFFFFFFFFFFFFFFFE
:10D24000FFFFFFFFFFFFFFFFFFFFFFFFFFFFFFFFEE
:10D25000FFFFFFFFFFFFFFFFFFFFFFFFFFFFFFFFDE
:10D26000FFFFFFFFFFFFFFFFFFFFFFFFFFFFFFFFCE
:10D27000FFFFFFFFFFFFFFFFFFFFFFFFFFFFFFFFBE
:10D28000FFFFFFFFFFFFFFFFFFFFFFFFFFFFFFFFAE
:10D29000FFFFFFFFFFFFFFFFFFFFFFFFFFFFFFFF9E
:10D2A000FFFFFFFFFFFFFFFFFFFFFFFFFFFFFFFF8E
:10D2B000FFFFFFFFFFFFFFFFFFFFFFFFFFFFFFFF7E
:10D2C000FFFFFFFFFFFFFFFFFFFFFFFFFFFFFFFF6E
:10D2D000FFFFFFFFFFFFFFFFFFFFFFFFFFFFFFFF5E
:10D2E000FFFFFFFFFFFFFFFFFFFFFFFFFFFFFFFF4E
:10D2F000FFFFFFFFFFFFFFFFFFFFFFFFFFFFFFFF3E
:10D30000FFFFFFFFFFFFFFFFFFFFFFFFFFFFFFFF2D
:10D31000FFFFFFFFFFFFFFFFFFFFFFFFFFFFFFFF1D
:10D32000FFFFFFFFFFFFFFFFFFFFFFFFFFFFFFFF0D
:10D33000FFFFFFFFFFFFFFFFFFFFFFFFFFFFFFFFFD
:10D34000FFFFFFFFFFFFFFFFFFFFFFFFFFFFFFFFED
:10D35000FFFFFFFFFFFFFFFFFFFFFFFFFFFFFFFFDD
:10D36000FFFFFFFFFFFFFFFFFFFFFFFFFFFFFFFFCD
:10D37000FFFFFFFFFFFFFFFFFFFFFFFFFFFFFFFFBD
:10D38000FFFFFFFFFFFFFFFFFFFFFFFFFFFFFFFFAD
:10D39000FFFFFFFFFFFFFFFFFFFFFFFFFFFFFFFF9D
:10D3A000FFFFFFFFFFFFFFFFFFFFFFFFFFFFFFFF8D
:10D3B000FFFFFFFFFFFFFFFFFFFFFFFFFFFFFFFF7D
:10D3C000FFFFFFFFFFFFFFFFFFFFFFFFFFFFFFFF6D
:10D3D000FFFFFFFFFFFFFFFFFFFFFFFFFFFFFFFF5D
:10D3E000FFFFFFFFFFFFFFFFFFFFFFFFFFFFFFFF4D
:10D3F000FFFFFFFFFFFFFFFFFFFFFFFFFFFFFFFF3D
:10D40000FFFFFFFFFFFFFFFFFFFFFFFFFFFFFFFF2C
:10D41000FFFFFFFFFFFFFFFFFFFFFFFFFFFFFFFF1C
:10D42000FFFFFFFFFFFFFFFFFFFFFFFFFFFFFFFF0C
:10D43000FFFFFFFFFFFFFFFFFFFFFFFFFFFFFFFFFC
:10D44000FFFFFFFFFFFFFFFFFFFFFFFFFFFFFFFFEC
:10D45000FFFFFFFFFFFFFFFFFFFFFFFFFFFFFFFFDC
:10D46000FFFFFFFFFFFFFFFFFFFFFFFFFFFFFFFFCC
:10D47000FFFFFFFFFFFFFFFFFFFFFFFFFFFFFFFFBC
:10D48000FFFFFFFFFFFFFFFFFFFFFFFFFFFFFFFFAC
:10D49000FFFFFFFFFFFFFFFFFFFFFFFFFFFFFFFF9C
:10D4A000FFFFFFFFFFFFFFFFFFFFFFFFFFFFFFFF8C
:10D4B000FFFFFFFFFFFFFFFFFFFFFFFFFFFFFFFF7C
:10D4C000FFFFFFFFFFFFFFFFFFFFFFFFFFFFFFFF6C
:10D4D000FFFFFFFFFFFFFFFFFFFFFFFFFFFFFFFF5C
:10D4E000FFFFFFFFFFFFFFFFFFFFFFFFFFFFFFFF4C
:10D4F000FFFFFFFFFFFFFFFFFFFFFFFFFFFFFFFF3C
:10D50000FFFFFFFFFFFFFFFFFFFFFFFFFFFFFFFF2B
:10D51000FFFFFFFFFFFFFFFFFFFFFFFFFFFFFFFF1B
:10D52000FFFFFFFFFFFFFFFFFFFFFFFFFFFFFFFF0B
:10D53000FFFFFFFFFFFFFFFFFFFFFFFFFFFFFFFFFB
:10D54000FFFFFFFFFFFFFFFFFFFFFFFFFFFFFFFFEB
:10D55000FFFFFFFFFFFFFFFFFFFFFFFFFFFFFFFFDB
:10D56000FFFFFFFFFFFFFFFFFFFFFFFFFFFFFFFFCB
:10D57000FFFFFFFFFFFFFFFFFFFFFFFFFFFFFFFFBB
:10D58000FFFFFFFFFFFFFFFFFFFFFFFFFFFFFFFFAB
:10D59000FFFFFFFFFFFFFFFFFFFFFFFFFFFFFFFF9B
:10D5A000FFFFFFFFFFFFFFFFFFFFFFFFFFFFFFFF8B
:10D5B000FFFFFFFFFFFFFFFFFFFFFFFFFFFFFFFF7B
:10D5C000FFFFFFFFFFFFFFFFFFFFFFFFFFFFFFFF6B
:10D5D000FFFFFFFFFFFFFFFFFFFFFFFFFFFFFFFF5B
:10D5E000FFFFFFFFFFFFFFFFFFFFFFFFFFFFFFFF4B
:10D5F000FFFFFFFFFFFFFFFFFFFFFFFFFFFFFFFF3B
:10D60000FFFFFFFFFFFFFFFFFFFFFFFFFFFFFFFF2A
:10D61000FFFFFFFFFFFFFFFFFFFFFFFFFFFFFFFF1A
:10D62000FFFFFFFFFFFFFFFFFFFFFFFFFFFFFFFF0A
:10D63000FFFFFFFFFFFFFFFFFFFFFFFFFFFFFFFFFA
:10D64000FFFFFFFFFFFFFFFFFFFFFFFFFFFFFFFFEA
:10D65000FFFFFFFFFFFFFFFFFFFFFFFFFFFFFFFFDA
:10D66000FFFFFFFFFFFFFFFFFFFFFFFFFFFFFFFFCA
:10D67000FFFFFFFFFFFFFFFFFFFFFFFFFFFFFFFFBA
:10D68000FFFFFFFFFFFFFFFFFFFFFFFFFFFFFFFFAA
:10D69000FFFFFFFFFFFFFFFFFFFFFFFFFFFFFFFF9A
:10D6A000FFFFFFFFFFFFFFFFFFFFFFFFFFFFFFFF8A
:10D6B000FFFFFFFFFFFFFFFFFFFFFFFFFFFFFFFF7A
:10D6C000FFFFFFFFFFFFFFFFFFFFFFFFFFFFFFFF6A
:10D6D000FFFFFFFFFFFFFFFFFFFFFFFFFFFFFFFF5A
:10D6E000FFFFFFFFFFFFFFFFFFFFFFFFFFFFFFFF4A
:10D6F000FFFFFFFFFFFFFFFFFFFFFFFFFFFFFFFF3A
:10D70000FFFFFFFFFFFFFFFFFFFFFFFFFFFFFFFF29
:10D71000FFFFFFFFFFFFFFFFFFFFFFFFFFFFFFFF19
:10D72000FFFFFFFFFFFFFFFFFFFFFFFFFFFFFFFF09
:10D73000FFFFFFFFFFFFFFFFFFFFFFFFFFFFFFFFF9
:10D74000FFFFFFFFFFFFFFFFFFFFFFFFFFFFFFFFE9
:10D75000FFFFFFFFFFFFFFFFFFFFFFFFFFFFFFFFD9
:10D76000FFFFFFFFFFFFFFFFFFFFFFFFFFFFFFFFC9
:10D77000FFFFFFFFFFFFFFFFFFFFFFFFFFFFFFFFB9
:10D78000FFFFFFFFFFFFFFFFFFFFFFFFFFFFFFFFA9
:10D79000FFFFFFFFFFFFFFFFFFFFFFFFFFFFFFFF99
:10D7A000FFFFFFFFFFFFFFFFFFFFFFFFFFFFFFFF89
:10D7B000FFFFFFFFFFFFFFFFFFFFFFFFFFFFFFFF79
:10D7C000FFFFFFFFFFFFFFFFFFFFFFFFFFFFFFFF69
:10D7D000FFFFFFFFFFFFFFFFFFFFFFFFFFFFFFFF59
:10D7E000FFFFFFFFFFFFFFFFFFFFFFFFFFFFFFFF49
:10D7F000FFFFFFFFFFFFFFFFFFFFFFFFFFFFFFFF39
:10D80000FFFFFFFFFFFFFFFFFFFFFFFFFFFFFFFF28
:10D81000FFFFFFFFFFFFFFFFFFFFFFFFFFFFFFFF18
:10D82000FFFFFFFFFFFFFFFFFFFFFFFFFFFFFFFF08
:10D83000FFFFFFFFFFFFFFFFFFFFFFFFFFFFFFFFF8
:10D84000FFFFFFFFFFFFFFFFFFFFFFFFFFFFFFFFE8
:10D85000FFFFFFFFFFFFFFFFFFFFFFFFFFFFFFFFD8
:10D86000FFFFFFFFFFFFFFFFFFFFFFFFFFFFFFFFC8
:10D87000FFFFFFFFFFFFFFFFFFFFFFFFFFFFFFFFB8
:10D88000FFFFFFFFFFFFFFFFFFFFFFFFFFFFFFFFA8
:10D89000FFFFFFFFFFFFFFFFFFFFFFFFFFFFFFFF98
:10D8A000FFFFFFFFFFFFFFFFFFFFFFFFFFFFFFFF88
:10D8B000FFFFFFFFFFFFFFFFFFFFFFFFFFFFFFFF78
:10D8C000FFFFFFFFFFFFFFFFFFFFFFFFFFFFFFFF68
:10D8D000FFFFFFFFFFFFFFFFFFFFFFFFFFFFFFFF58
:10D8E000FFFFFFFFFFFFFFFFFFFFFFFFFFFFFFFF48
:10D8F000FFFFFFFFFFFFFFFFFFFFFFFFFFFFFFFF38
:10D90000FFFFFFFFFFFFFFFFFFFFFFFFFFFFFFFF27
:10D91000FFFFFFFFFFFFFFFFFFFFFFFFFFFFFFFF17
:10D92000FFFFFFFFFFFFFFFFFFFFFFFFFFFFFFFF07
:10D93000FFFFFFFFFFFFFFFFFFFFFFFFFFFFFFFFF7
:10D94000FFFFFFFFFFFFFFFFFFFFFFFFFFFFFFFFE7
:10D95000FFFFFFFFFFFFFFFFFFFFFFFFFFFFFFFFD7
:10D96000FFFFFFFFFFFFFFFFFFFFFFFFFFFFFFFFC7
:10D97000FFFFFFFFFFFFFFFFFFFFFFFFFFFFFFFFB7
:10D98000FFFFFFFFFFFFFFFFFFFFFFFFFFFFFFFFA7
:10D99000FFFFFFFFFFFFFFFFFFFFFFFFFFFFFFFF97
:10D9A000FFFFFFFFFFFFFFFFFFFFFFFFFFFFFFFF87
:10D9B000FFFFFFFFFFFFFFFFFFFFFFFFFFFFFFFF77
:10D9C000FFFFFFFFFFFFFFFFFFFFFFFFFFFFFFFF67
:10D9D000FFFFFFFFFFFFFFFFFFFFFFFFFFFFFFFF57
:10D9E000FFFFFFFFFFFFFFFFFFFFFFFFFFFFFFFF47
:10D9F000FFFFFFFFFFFFFFFFFFFFFFFFFFFFFFFF37
:10DA0000FFFFFFFFFFFFFFFFFFFFFFFFFFFFFFFF26
:10DA1000FFFFFFFFFFFFFFFFFFFFFFFFFFFFFFFF16
:10DA2000FFFFFFFFFFFFFFFFFFFFFFFFFFFFFFFF06
:10DA3000FFFFFFFFFFFFFFFFFFFFFFFFFFFFFFFFF6
:10DA4000FFFFFFFFFFFFFFFFFFFFFFFFFFFFFFFFE6
:10DA5000FFFFFFFFFFFFFFFFFFFFFFFFFFFFFFFFD6
:10DA6000FFFFFFFFFFFFFFFFFFFFFFFFFFFFFFFFC6
:10DA7000FFFFFFFFFFFFFFFFFFFFFFFFFFFFFFFFB6
:10DA8000FFFFFFFFFFFFFFFFFFFFFFFFFFFFFFFFA6
:10DA9000FFFFFFFFFFFFFFFFFFFFFFFFFFFFFFFF96
:10DAA000FFFFFFFFFFFFFFFFFFFFFFFFFFFFFFFF86
:10DAB000FFFFFFFFFFFFFFFFFFFFFFFFFFFFFFFF76
:10DAC000FFFFFFFFFFFFFFFFFFFFFFFFFFFFFFFF66
:10DAD000FFFFFFFFFFFFFFFFFFFFFFFFFFFFFFFF56
:10DAE000FFFFFFFFFFFFFFFFFFFFFFFFFFFFFFFF46
:10DAF000FFFFFFFFFFFFFFFFFFFFFFFFFFFFFFFF36
:10DB0000FFFFFFFFFFFFFFFFFFFFFFFFFFFFFFFF25
:10DB1000FFFFFFFFFFFFFFFFFFFFFFFFFFFFFFFF15
:10DB2000FFFFFFFFFFFFFFFFFFFFFFFFFFFFFFFF05
:10DB3000FFFFFFFFFFFFFFFFFFFFFFFFFFFFFFFFF5
:10DB4000FFFFFFFFFFFFFFFFFFFFFFFFFFFFFFFFE5
:10DB5000FFFFFFFFFFFFFFFFFFFFFFFFFFFFFFFFD5
:10DB6000FFFFFFFFFFFFFFFFFFFFFFFFFFFFFFFFC5
:10DB7000FFFFFFFFFFFFFFFFFFFFFFFFFFFFFFFFB5
:10DB8000FFFFFFFFFFFFFFFFFFFFFFFFFFFFFFFFA5
:10DB9000FFFFFFFFFFFFFFFFFFFFFFFFFFFFFFFF95
:10DBA000FFFFFFFFFFFFFFFFFFFFFFFFFFFFFFFF85
:10DBB000FFFFFFFFFFFFFFFFFFFFFFFFFFFFFFFF75
:10DBC000FFFFFFFFFFFFFFFFFFFFFFFFFFFFFFFF65
:10DBD000FFFFFFFFFFFFFFFFFFFFFFFFFFFFFFFF55
:10DBE000FFFFFFFFFFFFFFFFFFFFFFFFFFFFFFFF45
:10DBF000FFFFFFFFFFFFFFFFFFFFFFFFFFFFFFFF35
:10DC0000FFFFFFFFFFFFFFFFFFFFFFFFFFFFFFFF24
:10DC1000FFFFFFFFFFFFFFFFFFFFFFFFFFFFFFFF14
:10DC2000FFFFFFFFFFFFFFFFFFFFFFFFFFFFFFFF04
:10DC3000FFFFFFFFFFFFFFFFFFFFFFFFFFFFFFFFF4
:10DC4000FFFFFFFFFFFFFFFFFFFFFFFFFFFFFFFFE4
:10DC5000FFFFFFFFFFFFFFFFFFFFFFFFFFFFFFFFD4
:10DC6000FFFFFFFFFFFFFFFFFFFFFFFFFFFFFFFFC4
:10DC7000FFFFFFFFFFFFFFFFFFFFFFFFFFFFFFFFB4
:10DC8000FFFFFFFFFFFFFFFFFFFFFFFFFFFFFFFFA4
:10DC9000FFFFFFFFFFFFFFFFFFFFFFFFFFFFFFFF94
:10DCA000FFFFFFFFFFFFFFFFFFFFFFFFFFFFFFFF84
:10DCB000FFFFFFFFFFFFFFFFFFFFFFFFFFFFFFFF74
:10DCC000FFFFFFFFFFFFFFFFFFFFFFFFFFFFFFFF64
:10DCD000FFFFFFFFFFFFFFFFFFFFFFFFFFFFFFFF54
:10DCE000FFFFFFFFFFFFFFFFFFFFFFFFFFFFFFFF44
:10DCF000FFFFFFFFFFFFFFFFFFFFFFFFFFFFFFFF34
:10DD0000FFFFFFFFFFFFFFFFFFFFFFFFFFFFFFFF23
:10DD1000FFFFFFFFFFFFFFFFFFFFFFFFFFFFFFFF13
:10DD2000FFFFFFFFFFFFFFFFFFFFFFFFFFFFFFFF03
:10DD3000FFFFFFFFFFFFFFFFFFFFFFFFFFFFFFFFF3
:10DD4000FFFFFFFFFFFFFFFFFFFFFFFFFFFFFFFFE3
:10DD5000FFFFFFFFFFFFFFFFFFFFFFFFFFFFFFFFD3
:10DD6000FFFFFFFFFFFFFFFFFFFFFFFFFFFFFFFFC3
:10DD7000FFFFFFFFFFFFFFFFFFFFFFFFFFFFFFFFB3
:10DD8000FFFFFFFFFFFFFFFFFFFFFFFFFFFFFFFFA3
:10DD9000FFFFFFFFFC008400EBB5EB9B5A00011076
:10DDA000C0045A000312FC80DD50963EC00484007B
:10DDB0008421D50384008020EB9EFC802E07E5BFE4
:10DDC0005CF000C9D5042E07E5C0E61FE8F4FC802E
:10DDD000FC6650CF80048161800C81A28420FA5CB3
:10DDE00080C581438124DD42020580009B46976BFC
:10DDF0004E57009E0125800344023ADC0135800223
:10DE000046107FFF39004901DD564402421839109F
:10DE10004D01804D443000FF8480FB1881C14001DA
:10DE200034019600E20AE83D0831000180E94271C0
:10DE3000A0730003801D5A0801F438060E02C8F0D2
:10DE4000A1BAA0394068980140080001FFB44260BF
:10DE5000007381E60063801800738019406918011F
:10DE600040799C0197B297FA42630003EB3E88C762
:10DE7000520300024E07000695814067980DD505B4
:10DE80008EC295B14067980C85E1C605E2264067D1
:10DE90003C1B81E64060BCD738660E0A8886D5C038
:10DEA000C44684C02EA7D84C80265004800C55331D
:10DEB00000FFE3EAE82538261A02C21EFEACB5C010
:10DEC0004021105651C07FF804807FFE423140242B
:10DED000423920734079080040319C76B67CBB0102
:10DEE000422144244221C8738C2140211C5696486B
:10DEF000BA81B6E080738CC150000028D5D95A1879
:10DF00000117FA1842918073F1180004801B8C01EC
:10DF10001004801B00058003002580028801EB535C
:10DF2000EAEB0014801658108020AE40FCE6FC643A
:10DF3000838044020A40EB8F508F801085202E078B
:10DF4000D836F38181C181423B044C2080C9F082E4
:10DF500044D23BAC44B23A5096C840042400A601D7
:10DF600038742400004E0003002E000288E488402C
:10DF700054C100FF97F88007802CF38349FF2835B0
:10DF8000F303C029F00288ED42760073A7385A40A7
:10DF90002F2354020020C01FF001971FC810800ECD
:10DFA0009B439768DE0438471808D51308500001D2
:10DFB000D4129A439648E2C1E8F4D50DE68BE80BFB
:10DFC000380590005A00FF08380500003807180887
:10DFD0008CC197B08D225A9810C28006FCE43A0F8B
:10DFE000943C3A6FBABC51FFFD94506F82983A034B
:10DFF0001420B18A8420844B800604EF80AD027F18
:10E000008152DD488006EA9F844BDD42B0228420A5
:10E01000442001E0DD42B01384204420003CDD4276
:10E020008560000F82A9F084814B812B44D23A5045
:10E0300045C21794EB62A600E320E85BEB6240C0A8
:10E04000244050060002B0488046846049FFFF71BA
:10E05000FB188600822C86A3456000644D000047B3
:10E0600050180001552080FF80B2D03EB0483830B3
:10E07000C0003930940038268C003816CC005A2065
:10E08000FF315A10FF2F809C42412073805C422058
:10E09000A0732242000C2211000C22288001C40F20
:10E0A000C10E422158244041109640110436E0240C
:10E0B000E80454B200FFD50354B080FFE754E811E0
:10E0C000B05342155473E3E342298C014039BC1A22
:10E0D000AE88AEC910B080025015000154A080FF78
:10E0E0008CA19768D5C38212D5BAEB5CEA8DD5A313
:10E0F00044421798862050D27FFC474008952E97BF
:10E10000E5C48111FB78514A043F82CDFA4845208D
:10E1100000FC86FF44C24684553880FFE3E94EF296
:10E1200000B4393344085059800197684C5480A892
:10E130000032001C5A30FF18800D4202AC73EABA5C
:10E140005A00FF12802C4211C873001080DE5A184A
:10E15000020B802C42104873000080DE5A08020433
:10E160004800008BE7144EF20088820D4302AC7326
:10E17000A0218390B9028A01EB7DA062B8039A08BE
:10E18000EA56FE044207BC7340FA0007E975B06224
:10E190004214087350F8000451908010A80A1130FE
:10E1A0008010B68114F08001105C8001B0538400AF
:10E1B0008D904C05001C21C2001600F080004DC758
:10E1C000C01221C8000A00F080014DC7C00C01CC6C
:10E1D000800301E0800240FF700641EE3C1B11EC21
:10E1E00080038C0196008C23D5E580164202AC7327
:10E1F000EABA5A30FF1F5A00FF17830C802C438164
:10E20000C8734210487301CC00DE010080DEE39C3D
:10E21000E90A40FE4006E90F030C006C0210806C16
:10E22000E381E909B0224204087310300012D50ED0
:10E230005A00FF08B0624214087310008012D5061D
:10E24000B0224204087311700012B0224204087315
:10E250005010001081E0A60A5A00FF0B820E430006
:10E260004873B4101407800300080012AE0C503439
:10E270000001548180FF8CA148FFFF598DA15042BD
:10E28000002848FFFF4BB022816084A0FB48B08D7E
:10E290004C5400219D29976080654C34001AB0626F
:10E2A0004211A8730500000205108002E1B0E80DDC
:10E2B0003B0054003B0154203B00D4003B00542061
:10E2C0003B0154003B00D4209C5996C8D5E78C18DC
:10E2D000D5E05003800AFE04F08542039C24F086BA
:10E2E00044C217948400F082FB58838C44D2468445
:10E2F000F0024C04013A3C73EE13F106F00554733E
:10E3000080A040009C1A80E000158010000580115C
:10E3100038130400385300004C508120E225EA37BE
:10E32000429094014012BC1BFE3C80E1802C4213C1
:10E33000A873F0838C38000080085A08FF0B801CFB
:10E340004203A873EABA5A00FF10844081C2D51A6A
:10E35000EBAC806D42300873000180FEC8F1A60C62
:10E36000A64DEA4BC8ED801C4203A8738440EABA6C
:10E370005A00FF08EAB3804D422004730221006C6A
:10E3800085C1803C4214A8738C38000080085A086C
:10E39000FF0A801C4204A873EABA5A00FF128400E4
:10E3A000D52144F000FC806D42303C73000180FEBA
:10E3B000C8F1A60CA64DF287EA4BF207C8EB801C09
:10E3C0004204A873EABA5A00FF09EAB3806D4230EA
:10E3D00004730201806CD50284005017000140E0F4
:10E3E0008013803C4214A873003080200415800202
:10E3F0005A38FF09822C4313A873003880205A3002
:10E40000FF158A4096935EF17FFCE903E445E90D30
:10E410005AE8020CF003E020E911000580135CF0DB
:10E42000005BE80C4800009AF003E020E9070005D3
:10E430008013F104E2204EF20091001580110005D6
:10E44000801038730400EAC5805CE2E042E380019A
:10E4500040703C1B4223A8738C58001100085A18C6
:10E46000FF04480000EA826C4337287382AE8DF8BF
:10E47000003980085A30FF0448000098807C803CB6
:10E480004213A873423728738400050080041001EA
:10E490008021A00AA15C05118002420800244202EA
:10E4A000C4734042C00051408008502180084000A1
:10E4B0001016A80AA011042A000151318018422820
:10E4C0000824422280730009800740211056142A34
:10E4D000000151408018002A0007A90C8802100A88
:10E4E0000007002A0006000980068C248802100A12
:10E4F000000680419C1C153F8007154F800349FF93
:10E50000262D053F8007054F8003000980085A0823
:10E51000FF0448000085100A0008FA18803C4217E2
:10E520000073FA58801C420388732330800C223019
:10E53000000C50200010E073E8098C38A6CC8C1831
:10E54000A64DAEC4AE45133100042E27E5C48006A7
:10E550009A469648E222E969F0028D788C0196008D
:10E56000F08248FFFEC784E044A23BACEB62A60009
:10E57000E2E0E867EB6240901C408D22B0488046A4
:10E580008461800949FFFCD5F0823C57EDD1B75F2B
:10E59000040F80AF8029B088F302444217988CE1C1
:10E5A00049FFFC1897F8D5E3EA7081ED42F08073DB
:10E5B000FE1C514780D8001A0006880D5A18012405
:10E5C000501000D8A6CE5A3801150237806C0200D0
:10E5D000006CE203E8038402D50AE260E90A220A39
:10E5E000000522308005E0608402E804AE0FD512F9
:10E5F0008402100A0007841F81C71001000880F5FB
:10E6000048FFFF3E500000D8A6465A1801A78422B2
:10E61000AE47841F1009800848FFFF32000A000837
:10E620001009800848FFFF7B081000014CE0FF92B2
:10E6300010707FFFD58E800E81C780E048FFFF20DD
:10E6400051FF826C3A6FBA84EC18DD9EFC6EF08349
:10E65000B1D244020A50F1823B004C0480273B00B7
:10E66000CC24A4008122AC08CA103C03EC183C2046
:10E67000034F3C30034E4211000142318001960BA2
:10E6800096DB2E67D836D50EEB953C2003513C30F7
:10E6900003504211000142318001960B96DB2E6738
:10E6A000D8378EC197B0C6078A03406018D6963314
:10E6B000F081D502F681EAC144E217948E028540CA
:10E6C00050BF805CF085F0024CA0015C0007002187
:10E6D0004E020152040700044E07014E3C03F2A80B
:10E6E0009604C00A0007001DE6024EF30145F1053D
:10E6F000E0014EF201414E9300130007001C8421FB
:10E70000EA4B4E0301392E07D8360087001C0067FC
:10E71000001D85A250CF803CF084D54A84010017AB
:10E72000001DD5EF38539000F38B4002A0005550E8
:10E7300000FF983CA681F58A9816556000FF803648
:10E740008015F489F288155F8007156F800649FFF0
:10E75000244C056F8006055F8007F208F409F50A6E
:10E76000F30BC8328C825A4812DF804B842084001D
:10E77000391101114E93003D3926060289B239162E
:10E78000060A8C015A0803F68C218C465A1803F1AC
:10E79000F0025A080148B40C04160001E020E92EEA
:10E7A00004260002E022E92A5AD0013D85A1800C0E
:10E7B0008420844CDD42800B8420FA42DD42848038
:10E7C00080648783D5B0F004435B0073F003381096
:10E7D00055114E1500048861D50284208C419C2976
:10E7E000969096004220707338158909D5BC392659
:10E7F000020289B23916020AD5C504160002E020C9
:10E800004E93000BE80450547FFFD5035054000191
:10E81000548280FFD5CAE8039F31D5029D3197A06D
:10E82000D5C4041700043C27EDCEEA37FE1C42F0A5
:10E830008824E00F4EF300A0E061E807EA3041C011
:10E84000080152D00064D50385A08781B42C04064A
:10E850000001E001E80314160001806CA01AA099E1
:10E86000E040E803140600010436000188013D176A
:10E87000EDD0EA79FE0C94594220C424E040E91816
:10E880003C27EDCF42F08824E00FE9144010043615
:10E890008A22845EFE9C42FE0424EAE4881143102E
:10E8A0003424E1AF40D0BC1B41C03C1BD50385A143
:10E8B000878084408641511F803438060A024E0604
:10E8C000000439260A0A38060A028428151F800720
:10E8D000152F8006F28449FF274EF204051F80079A
:10E8E000052F8006380889098C415A2803E8020858
:10E8F0008001221880022228800094018A018A0265
:10E900009603C0088A22F2019401FE54400080164A
:10E910009603402E34004E93001A44123ADC38100D
:10E92000A10188010417000242168424421070736A
:10E9300040D089B64ED500073C03EC184206800152
:10E94000D502800914070002D51644124218381067
:10E950009901880104170003421684244210707341
:10E96000840040D089B64ED50005EB954206800163
:10E9700014070003EBD5EB9150E7002848FFFEA5F4
:10E98000FCEEFC0144621794A6708440F08149FFBC
:10E99000FE5FF001A670844149FFFE5AFC8104200D
:10E9A000003B4450F000FF5644301000B441DB41BE
:10E9B000FC2180C180E0A009EAECB65FF0815A102A
:10E9C000012C001380F3C922801FEA255EF0012C80
:10E9D000B426A0B1E80AFE44FE844430012CEB5179
:10E9E000EB39B626A8B1D5185EF002599449E9046E
:10E9F000B63F9491D509FE44949144300258FE8468
:10EA0000EB51B63FEB39F281D50784234021045600
:10EA1000EA30B646A83122138011B41F88018387DB
:10EA2000B8AF22138012F0018801B8B08401FCA1B4
:10EA3000CA03A089C20F223000110420002F8A438C
:10EA4000B64122200012040000308A02A809840086
:10EA5000DD9EB641A889D5FC3A2F943C3A6FB0BCF4
:10EA6000049F800DB0093A301420005480004E52AB
:10EA700000A3B50104B080014E8500048184D50255
:10EA800081834EB50004A1C3D502A1C2C7034EC302
:10EA900000048403D5074256000342038003D003D9
:10EAA0008402EBEE0004800080C15A08032042F487
:10EAB000000340F63C07E9048400B601D508840150
:10EAC0004E840003841F42860075B70642F580031A
:10EAD000E0EFE9038400D56E84014EB40003841F87
:10EAE00042B3807514B30001D5665A00020480E277
:10EAF000D52F4203A02442162C24EA56422080033C
:10EB000085405015000F4030040DC306501500011C
:10EB100054A080FFD5F74011040DC9F94000280D1D
:10EB20004011280DFE044200847349FF222B40A0AF
:10EB3000280C4EA200414205AC2442761C2442041B
:10EB4000207349FF221FFE3C407028F7EB3E8006F1
:10EB5000EA25E0E0E9048400B606D52C4020040A4A
:10EB6000806242341C73B4264031807642259C7307
:10EB70009ACB40010016A071B6669A080014800076
:10EB8000A8315A18011950118009E633E80484208D
:10EB9000B626D5074E3700048E6AD5028C6AB66653
:10EBA00050100009E633E9974E0700048E0AD5029B
:10EBB0008C0AA8313A6FB084EC10DD9EFC20A14194
:10EBC000B4C0427294242241001122010012427307
:10EBD0001873FE4CAD171201000888868805E0E125
:10EBE00097239603E817E083E8034E6500143C136F
:10EBF000EC188A23E081E9034E66000DE003E80388
:10EC00004E5500093C13EC199ACBE003E9064E5728
:10EC10000005AD1712010008FCA0FC7144720A6CDB
:10EC20003B03CC00B15E3B02CC203C83EC183CC3E0
:10EC3000EC192E57DBD184E0976EF79AF79B0310FF
:10EC40008003030080044E5203C9F088A411F49499
:10EC5000400400019603F086A41981434006000198
:10EC60009603F0874208C424F08F42084024F090B5
:10EC700040040409F09140060409F0924004080998
:10EC8000F08B40060809812280C122D1000022E1D8
:10EC90008000F785148F800914CF800AF08C2E072E
:10ECA000DC24E2E04EF2039AEA7004BF800842B32B
:10ECB0008073EA4C4E02038E000580F64E03038AF1
:10ECC0000003000EF08D0003000FF08E0205806738
:10ECD000E6024EF2008D02058066E6024EF30088E1
:10ECE0003C33EC18E6043C13EC194EF2008122553B
:10ECF0008005220480004C02807B220480019A1847
:10ED0000D07622558006220500004C028071220533
:10ED100000019A08D06C22058003404188098A606E
:10ED20004231800396DBE08322558004E80C4020CA
:10ED300088098A25EA75964BE041E805E080E803FA
:10ED4000E045E955504580142312000322320004A7
:10ED5000401044018403FE448AA38442FE2CEB212C
:10ED600040200856F19CF29DC902C241B01CF297A6
:10ED7000F196F495F393151F8004EA255EF0030CD9
:10ED8000051F8004F313F415F116F217E93087809C
:10ED9000401884019A9A15CF8000801CB0DC505531
:10EDA000802849FF2601F11C3C1FF70CF11D3C1F78
:10EDB000F70DC01DEA4C5A00041B84011205806740
:10EDC000100580F58422800749FF28C53C17EE18FE
:10EDD0003C07EE1A121580071205800812158005EF
:10EDE0001205800611C580EF480002F402458067D5
:10EDF0005A480149000580EF5A080134F0145A08B6
:10EE0000013144020DF88028804C49FF26905A08B1
:10EE100001293C1DF70B220580063C2DF70A2235FF
:10EE200080058A018A62FE0442018C73F30FE003BD
:10EE3000E818F310E003E80412258007D50E220538
:10EE40008007884084024021005612258007222531
:10EE5000800888224010803612158008480002BAC7
:10EE6000000580EE4E0202B6EA4C5A080304480040
:10EE700002A9020580701205800702058071480012
:10EE800002A7E6824EF302A6B5ABB406E011E80491
:10EE90002E07DBE0D505000580E9C0048E011005D2
:10EEA00080E904558005842240F285F6E1AF5035B3
:10EEB0008014E80CDD50EAA3C0070405800F40F081
:10EEC00005F6E0AFE82A8403D5268407FE2C85E802
:10EED00040003C16E011E91EEBB0C8038401D51BCD
:10EEE0000425800A44100031FE8C4520004040F18A
:10EEF00049F6E1AFE80F3C23EE1354210200C208AB
:10EF00000425800FFE5440F0C9F6E0AFE8068C01FE
:10EF1000D5028400100580EA000580E984200025E0
:10EF200080EFEA92100580F03E17E4F45A2801645D
:10EF3000002580D25A2802604422529038111E0ABD
:10EF40004422528438111C085A08011F5A400212E8
:10EF5000EBB0E602E90EEA26EA2254100010840A19
:10EF6000C1043C13ED82D502A472FE0C480000CF10
:10EF7000EA46840A54108200C1042E17DB8FD5F6AE
:10EF800000130014D5F35A480204480000C22E278B
:10EF9000E8660003001BEA79FF0CFE14E080E80637
:10EFA000EA26EA2296264E0200B4EA61001580F1B4
:10EFB0000205806AEA6996A65A180110C2042E1743
:10EFC000DB06EA9CEA4654108200C1042E17DB8C53
:10EFD000EA9C00130011EA9CC2042E17DB07EA9C8E
:10EFE000EA4654108200C1042E17DB8BEA9C001302
:10EFF0000010EA9CE686E9355A080134EBB0E603D6
:10F00000E804EA4C5A08032E220180072215801BCF
:10F0100022F5801C9A41220180088A0FFE044200DA
:10F02000847344109C3FE020E91CDD50EAA3C80A29
:10F03000EA26EA2254100010840AC10C3C13ED8227
:10F04000D50A8007EA635A0801F5EBB0E603E8F158
:10F05000D55FA472FE0C1205806A8401F085D55834
:10F06000EA4C0215806AF1845A080315EA26EA225E
:10F070009626C005F0042E17DB08D545DD50EAA31F
:10F08000C005F0042E17DB8ED53EF00400130013EC
:10F09000D53A225180074C56800AF006D0072251FB
:10F0A00080084C570004F007D816EA26EA22962674
:10F0B000C0042E17DB09D509DD50EAA3C0042E17C2
:10F0C000DB8DD503001300128403FE44F00490216D
:10F0D0009648D519EA26EA229626C005F0082E178A
:10F0E000DB09D50BDD50EAA3C005F0042E17DB8D3C
:10F0F000D50AF00800130012804749FF2526F09337
:10F10000F113F004844A49FF24E91205806A84015E
:10F11000100F8067F0050315806AC834EA4C5A0066
:10F12000033222358011F0064011B4018A034210E7
:10F13000040122258012F007404138018A02420072
:10F140001001974940488808E0A4151F801E151F2C
:10F15000801F151F8020151F8021E809F511964991
:10F16000E0659222E803F19ED502F19F9641E024EA
:10F17000E809F1129601E0419202E803F0A0D502FD
:10F18000F0A122358011838BB82F225580128A037B
:10F19000F09AB8308A05F09B000580F3C004EA4C71
:10F1A0005A08020D8400100580F3220580058A03A9
:10F1B000F09A220580068A05F09B000580F34E0335
:10F1C00000B402058066E6034EF3008A001580D382
:10F1D0005A18010448000084E605E8048E019601EF
:10F1E000D5028404022580683C13E79DE241E9775B
:10F1F000221480004C11807422148001F2099A516B
:10F200004C30806E221500004C12806A22150001DD
:10F21000F20A9A51D1645015801422408003F109FA
:10F22000050F800B8A24EA75964BE1812225800E1A
:10F23000E80EF10A050F800C8A22EA75964BE181EF
:10F24000E806F10BE024E803E182E949F11AC90379
:10F25000F11BC145FA24826B4330047351207FFFB8
:10F2600022198007220980088A614031C876CB05BF
:10F270008AA04052C8B6C5332219800322098004EF
:10F280009A619A104010C83640004816944941C00F
:10F290000408F19C15CF801DC9034FC20021B01C8A
:10F2A000F196F295F493151F8004EA253C33E79E0E
:10F2B000051F8004E003F413F215F116E910840031
:10F2C000B61F88248401885CB0DA504580145055FC
:10F2D000802849FF2369051F8004C826502F8067B6
:10F2E00000030013F28144200032F283F221B65F62
:10F2F000B05E14BF80023A3094008051B05A49FF8A
:10F30000FBAD000580D35A08010C000F80675A003E
:10F310000308B01AF10DF20E49FF23CFD50EEA4CC7
:10F320005A08030CD5048401100580F3800BB05AF1
:10F330002E27E78049FFFB3500130018B01A804BD9
:10F340004430006449FFFC3C22158007E02DE905AC
:10F35000F00642100401D502802D22058008121506
:10F360008007E00EE905F20742010001D502800E98
:10F37000002580EF120580085A28012C3C0FF70B5E
:10F38000F01A3C1FF70AC803F01BC02384001005C5
:10F3900080EF440FFF9C221580703C0FF70A3C0F52
:10F3A000F70B220580038A01F09A2215807122054D
:10F3B00080048A01F09BB01AEA2512058068D509FD
:10F3C00002158011121580070205801212058008AF
:10F3D0008CE197F848FFFC65FCF1FC0049FF85646F
:10F3E0004900002349FF7E5849FF7E7149FF7EBADC
:10F3F00049FF6B5E49FF4FE949FF7E8649FF505741
:10F4000049FF7EFB49FF7C5749FF6D2649FF476E48
:10F4100049FF7BA649FF7E7C49FF4C7949FF84A0C8
:10F4200049FF521CFC80FC0049FF3BD8840049FF87
:10F43000479E840149FF4F4349FF4E9F49FF37EEE6
:10F440008401EB4649FF4EB249FF4EBF840149FF9C
:10F450004F3649FF4FA5840049FF3D4949FF3435E8
:10F46000840149FF4FA349FF47D449FF5367FC80FC
:10F47000FFFFFFFFFFFFFFFFFFFFFFFFFFFFFFFF9C
:10F48000FFFFFFFFFFFFFFFFFFFFFFFFFFFFFFFF8C
:10F49000FFFFFFFFFFFFFFFFFFFFFFFFFFFFFFFF7C
:10F4A000FFFFFFFFFFFFFFFFFFFFFFFFFFFFFFFF6C
:10F4B000FFFFFFFFFFFFFFFFFFFFFFFFFFFFFFFF5C
:10F4C000FFFFFFFFFFFFFFFFFFFFFFFFFFFFFFFF4C
:10F4D000FFFFFFFFFFFFFFFFFFFFFFFFFFFFFFFF3C
:10F4E000FFFFFFFFFFFFFFFFFFFFFFFFFFFFFFFF2C
:10F4F000FFFFFFFFFFFFFFFFFFFFFFFFFFFFFFFF1C
:10F50000FFFFFFFFFFFFFFFFFFFFFFFFFFFFFFFF0B
:10F51000FFFFFFFFFFFFFFFFFFFFFFFFFFFFFFFFFB
:10F52000FFFFFFFFFFFFFFFFFFFFFFFFFFFFFFFFEB
:10F53000FFFFFFFFFFFFFFFFFFFFFFFFFFFFFFFFDB
:10F54000FFFFFFFFFFFFFFFFFFFFFFFFFFFFFFFFCB
:10F55000FFFFFFFFFFFFFFFFFFFFFFFFFFFFFFFFBB
:10F56000FFFFFFFFFFFFFFFFFFFFFFFFFFFFFFFFAB
:10F57000FFFFFFFFFFFFFFFFFFFFFFFFFFFFFFFF9B
:10F58000FFFFFFFFFFFFFFFFFFFFFFFFFFFFFFFF8B
:10F59000FFFFFFFFFFFFFFFFFFFFFFFFFFFFFFFF7B
:10F5A000FFFFFFFFFFFFFFFFFFFFFFFFFFFFFFFF6B
:10F5B000FFFFFFFFFFFFFFFFFFFFFFFFFFFFFFFF5B
:10F5C000FFFFFFFFFFFFFFFFFFFFFFFFFFFFFFFF4B
:10F5D000FFFFFFFFFFFFFFFFFFFFFFFFFFFFFFFF3B
:10F5E000FFFFFFFFFFFFFFFFFFFFFFFFFFFFFFFF2B
:10F5F000FFFFFFFFFFFFFFFFFFFFFFFFFFFFFFFF1B
:10F60000FFFFFFFFFFFFFFFFFFFFFFFFFFFFFFFF0A
:10F61000FFFFFFFFFFFFFFFFFFFFFFFFFFFFFFFFFA
:10F62000FFFFFFFFFFFFFFFFFFFFFFFFFFFFFFFFEA
:10F63000FFFFFFFFFFFFFFFFFFFFFFFFFFFFFFFFDA
:10F64000FFFFFFFFFFFFFFFFFFFFFFFFFFFFFFFFCA
:10F65000FFFFFFFFFFFFFFFFFFFFFFFFFFFFFFFFBA
:10F66000FFFFFFFFFFFFFFFFFFFFFFFFFFFFFFFFAA
:10F67000FFFFFFFFFFFFFFFFFFFFFFFFFFFFFFFF9A
:10F68000FFFFFFFFFFFFFFFFFFFFFFFFFFFFFFFF8A
:10F69000FFFFFFFFFFFFFFFFFFFFFFFFFFFFFFFF7A
:10F6A000FFFFFFFFFFFFFFFFFFFFFFFFFFFFFFFF6A
:10F6B000FFFFFFFFFFFFFFFFFFFFFFFFFFFFFFFF5A
:10F6C000FFFFFFFFFFFFFFFFFFFFFFFFFFFFFFFF4A
:10F6D000FFFFFFFFFFFFFFFFFFFFFFFFFFFFFFFF3A
:10F6E000FFFFFFFFFFFFFFFFFFFFFFFFFFFFFFFF2A
:10F6F000FFFFFFFFFFFFFFFFFFFFFFFFFFFFFFFF1A
:10F70000FFFFFFFFFFFFFFFFFFFFFFFFFFFFFFFF09
:10F71000FFFFFFFFFFFFFFFFFFFFFFFFFFFFFFFFF9
:10F72000FFFFFFFFFFFFFFFFFFFFFFFFFFFFFFFFE9
:10F73000FFFFFFFFFFFFFFFFFFFFFFFFFFFFFFFFD9
:10F74000FFFFFFFFFFFFFFFFFFFFFFFFFFFFFFFFC9
:10F75000FFFFFFFFFFFFFFFFFFFFFFFFFFFFFFFFB9
:10F76000FFFFFFFFFFFFFFFFFFFFFFFFFFFFFFFFA9
:10F77000FFFFFFFFFFFFFFFFFFFFFFFFFFFFFFFF99
:10F78000FFFFFFFFFFFFFFFFFFFFFFFFFFFFFFFF89
:10F79000FFFFFFFFFFFFFFFFFFFFFFFFFFFFFFFF79
:10F7A000FFFFFFFFFFFFFFFFFFFFFFFFFFFFFFFF69
:10F7B000FFFFFFFFFFFFFFFFFFFFFFFFFFFFFFFF59
:10F7C000FFFFFFFFFFFFFFFFFFFFFFFFFFFFFFFF49
:10F7D000FFFFFFFFFFFFFFFFFFFFFFFFFFFFFFFF39
:10F7E000FFFFFFFFFFFFFFFFFFFFFFFFFFFFFFFF29
:10F7F000FFFFFFFFFFFFFFFFFFFFFFFFFFFFFFFF19
:10F80000FFFFFFFFFFFFFFFFFFFFFFFFFFFFFFFF08
:10F81000FFFFFFFFFFFFFFFFFFFFFFFFFFFFFFFFF8
:10F82000FFFFFFFFFFFFFFFFFFFFFFFFFFFFFFFFE8
:10F83000FFFFFFFFFFFFFFFFFFFFFFFFFFFFFFFFD8
:10F84000FFFFFFFFFFFFFFFFFFFFFFFFFFFFFFFFC8
:10F85000FFFFFFFFFFFFFFFFFFFFFFFFFFFFFFFFB8
:10F86000FFFFFFFFFFFFFFFFFFFFFFFFFFFFFFFFA8
:10F87000FFFFFFFFFFFFFFFFFFFFFFFFFFFFFFFF98
:10F88000FFFFFFFFFFFFFFFFFFFFFFFFFFFFFFFF88
:10F89000FFFFFFFFFFFFFFFFFFFFFFFFFFFFFFFF78
:10F8A000FFFFFFFFFFFFFFFFFFFFFFFFFFFFFFFF68
:10F8B000FFFFFFFFFFFFFFFFFFFFFFFFFFFFFFFF58
:10F8C000FFFFFFFFFFFFFFFFFFFFFFFFFFFFFFFF48
:10F8D000FFFFFFFFFFFFFFFFFFFFFFFFFFFFFFFF38
:10F8E000FFFFFFFFFFFFFFFFFFFFFFFFFFFFFFFF28
:10F8F000FFFFFFFFFFFFFFFFFFFFFFFFFFFFFFFF18
:10F90000FFFFFFFFFFFFFFFFFFFFFFFFFFFFFFFF07
:10F91000FFFFFFFFFFFFFFFFFFFFFFFFFFFFFFFFF7
:10F92000FFFFFFFFFFFFFFFFFFFFFFFFFFFFFFFFE7
:10F93000FFFFFFFFFFFFFFFFFFFFFFFFFFFFFFFFD7
:10F94000FFFFFFFFFFFFFFFFFFFFFFFFFFFFFFFFC7
:10F95000FFFFFFFFFFFFFFFFFFFFFFFFFFFFFFFFB7
:10F96000FFFFFFFFFFFFFFFFFFFFFFFFFFFFFFFFA7
:10F97000FFFFFFFFFFFFFFFFFFFFFFFFFFFFFFFF97
:10F98000FFFFFFFFFFFFFFFFFFFFFFFFFFFFFFFF87
:10F99000FFFFFFFFFFFFFFFFFFFFFFFFFFFFFFFF77
:10F9A000FFFFFFFFFFFFFFFFFFFFFFFFFFFFFFFF67
:10F9B000FFFFFFFFFFFFFFFFFFFFFFFFFFFFFFFF57
:10F9C000FFFFFFFFFFFFFFFFFFFFFFFFFFFFFFFF47
:10F9D000FFFFFFFFFFFFFFFFFFFFFFFFFFFFFFFF37
:10F9E000FFFFFFFFFFFFFFFFFFFFFFFFFFFFFFFF27
:10F9F000FFFFFFFFFFFFFFFFFFFFFFFFFFFFFFFF17
:10FA0000FFFFFFFFFFFFFFFFFFFFFFFFFFFFFFFF06
:10FA1000FFFFFFFFFFFFFFFFFFFFFFFFFFFFFFFFF6
:10FA2000FFFFFFFFFFFFFFFFFFFFFFFFFFFFFFFFE6
:10FA3000FFFFFFFFFFFFFFFFFFFFFFFFFFFFFFFFD6
:10FA4000FFFFFFFFFFFFFFFFFFFFFFFFFFFFFFFFC6
:10FA5000FFFFFFFFFFFFFFFFFFFFFFFFFFFFFFFFB6
:10FA6000FFFFFFFFFFFFFFFFFFFFFFFFFFFFFFFFA6
:10FA7000FFFFFFFFFFFFFFFFFFFFFFFFFFFFFFFF96
:10FA8000FFFFFFFFFFFFFFFFFFFFFFFFFFFFFFFF86
:10FA9000FFFFFFFFFFFFFFFFFFFFFFFFFFFFFFFF76
:10FAA000FFFFFFFFFFFFFFFFFFFFFFFFFFFFFFFF66
:10FAB000FFFFFFFFFFFFFFFFFFFFFFFFFFFFFFFF56
:10FAC000FFFFFFFFFFFFFFFFFFFFFFFFFFFFFFFF46
:10FAD000FFFFFFFFFFFFFFFFFFFFFFFFFFFFFFFF36
:10FAE000FFFFFFFFFFFFFFFFFFFFFFFFFFFFFFFF26
:10FAF000FFFFFFFFFFFFFFFFFFFFFFFFFFFFFFFF16
:10FB0000FFFFFFFFFFFFFFFFFFFFFFFFFFFFFFFF05
:10FB1000FFFFFFFFFFFFFFFFFFFFFFFFFFFFFFFFF5
:10FB2000FFFFFFFFFFFFFFFFFFFFFFFFFFFFFFFFE5
:10FB3000FFFFFFFFFFFFFFFFFFFFFFFFFFFFFFFFD5
:10FB4000FFFFFFFFFFFFFFFFFFFFFFFFFFFFFFFFC5
:10FB5000FFFFFFFFFFFFFFFFFFFFFFFFFFFFFFFFB5
:10FB6000FFFFFFFFFFFFFFFFFFFFFFFFFFFFFFFFA5
:10FB7000FFFFFFFFFFFFFFFFFFFFFFFFFFFFFFFF95
:10FB8000FFFFFFFFFFFFFFFFFFFFFFFFFFFFFFFF85
:10FB9000FFFFFFFFFFFFFFFFFFFFFFFFFFFFFFFF75
:10FBA000FFFFFFFFFFFFFFFFFFFFFFFFFFFFFFFF65
:10FBB000FFFFFFFFFFFFFFFFFFFFFFFFFFFFFFFF55
:10FBC000FFFFFFFFFFFFFFFFFFFFFFFFFFFFFFFF45
:10FBD000FFFFFFFFFFFFFFFFFFFFFFFFFFFFFFFF35
:10FBE000FFFFFFFFFFFFFFFFFFFFFFFFFFFFFFFF25
:10FBF000FFFFFFFFFFFFFFFFFFFFFFFFFFFFFFFF15
:10FC0000FFFFFFFFFFFFFFFFFFFFFFFFFFFFFFFF04
:10FC1000FFFFFFFFFFFFFFFFFFFFFFFFFFFFFFFFF4
:10FC2000FFFFFFFFFFFFFFFFFFFFFFFFFFFFFFFFE4
:10FC3000FFFFFFFFFFFFFFFFFFFFFFFFFFFFFFFFD4
:10FC4000FFFFFFFFFFFFFFFFFFFFFFFFFFFFFFFFC4
:10FC5000FFFFFFFFFFFFFFFFFFFFFFFFFFFFFFFFB4
:10FC6000FFFFFFFFFFFFFFFFFFFFFFFFFFFFFFFFA4
:10FC7000FFFFFFFFFFFFFFFFFFFFFFFFFFFFFFFF94
:10FC8000FFFFFFFFFFFFFFFFFFFFFFFFFFFFFFFF84
:10FC9000FFFFFFFFFFFFFFFFFFFFFFFFFFFFFFFF74
:10FCA000FFFFFFFFFFFFFFFFFFFFFFFFFFFFFFFF64
:10FCB000FFFFFFFFFFFFFFFFFFFFFFFFFFFFFFFF54
:10FCC000FFFFFFFFFFFFFFFFFFFFFFFFFFFFFFFF44
:10FCD000FFFFFFFFFFFFFFFFFFFFFFFFFFFFFFFF34
:10FCE000FFFFFFFFFFFFFFFFFFFFFFFFFFFFFFFF24
:10FCF000FFFFFFFFFFFFFFFFFFFFFFFFFFFFFFFF14
:10FD0000FFFFFFFFFFFFFFFFFFFFFFFFFFFFFFFF03
:10FD1000FFFFFFFFFFFFFFFFFFFFFFFFFFFFFFFFF3
:10FD2000FFFFFFFFFFFFFFFFFFFFFFFFFFFFFFFFE3
:10FD3000FFFFFFFFFFFFFFFFFFFFFFFFFFFFFFFFD3
:10FD4000FFFFFFFFFFFFFFFFFFFFFFFFFFFFFFFFC3
:10FD5000FFFFFFFFFFFFFFFFFFFFFFFFFFFFFFFFB3
:10FD6000FFFFFFFFFFFFFFFFFFFFFFFFFFFFFFFFA3
:10FD7000FFFFFFFFFFFFFFFFFFFFFFFFFFFFFFFF93
:10FD8000FFFFFFFFFFFFFFFFFFFFFFFFFFFFFFFF83
:10FD9000FFFFFFFFF4FFFFFF0000000000FFFFFF79
:10FDA000494C01010000FFFFFFFFFFFFFFFFFFFFC6
:10FDB000EBF95BF900000000FF07FF072032323249
:10FDC000B004800794DD010094DD010070F40100AF
:10FDD00000700300B077030024010000240100003C
:10FDE000980001000200091F0200091F5AA58400A3
:10FDF000020008000202000C05060000A393DD4388
:10FE0000480056804800546248005488480054AE68
:10FE1000480054D4480054FA48005520480055463C
:10FE20004800556C480055DA480055DC480055DE5E
:10FE3000480055E0480055E2480055E4480055E6C2
:10FE4000480055E8480055EA480055EC480055EE92
:10FE5000480055F0480055F2480055F4480055F761
:10FE6000480055FA480055FD480056004800560322
:10FE700048005606480056094800560C4800560FE0
:10FE80004800561248005615480056184800561BA0
:10FE90004800561E48005621480056244800562760
:10FEA0004800562AE6AD000058AE00005AAE0000E9
:10FEB000ACAE0000E2AE0000E4AE00008AAF00008D
:10FEC0008CAF000094AF000096AF000098AF000028
:10FED000B6AF0000D4AF0000DCAF0000E4AF00001C
:10FEE000ECAF000084B0000014B1000072B100005B
:10FEF00074B1000076B10000C8B10000CAB10000C2
:10FF0000CCB10000CEB1000014B2000016B2000067
:10FF100038B200003AB20000ECB200000CB30000AE
:10FF2000ECB30000FC6151CF803881812E869DFAB0
:10FF30002EB69DFB401584088C286610800741FF73
:10FF4000840181BF5AC8011F3C634F09C61E3C1380
:10FF50004F0884A0FFCA410104084210AC73808599
:10FF600096E0E26B88A7E81198CD4031AC7652312B
:10FF700083E842380C2440319876383691098C81D8
:10FF8000D5F04EC2000385604044040880E085C07F
:10FF900044A21394541700FFE22BE8625AC80104EC
:10FFA0003826B9013C33F9B096CE96D9C3122E3714
:10FFB000EA8E84009740E2A3E8088C0140550020B7
:10FFC0000052FFFFD9F8D548846044007FFFD50375
:10FFD00044007FFF9658E228E80738138D118C61A2
:10FFE00042008001D5F8842080C1812198C2960802
:10FFF000E208E80B38038511E003E80588C05004E7
:020000022000DC
:100000008001EB088C21D5F44E920027142E7FF24C
:10001000144E7FF3DD40044E7FF3042E7FF24063E5
:1000200024D65A0801054E640008D50AFE12E0C025
:10003000E8039783D5064263080197B3D50284C0CD
:10004000800784A04C540009A4408CA18A261A1071
:1000500000019768D5F850E7000188E4D59C51FE6F
:100060007FD0FCE0FC6551CF805881802E069DFA40
:10007000140E7FF12E069DFB140E7FEF80E32E07FA
:10008000F3682E37F340144E7FED408180004044EA
:1000900008085002000AEB31EA72815FEA724004FC
:1000A00004088C08EB31817FEA7281BFEA72500448
:1000B0000007EB3181DFEA7280DFEA728400141EF0
:1000C0007FEE142E7FF0120E7FE78044800B842099
:1000D000145E7FEC144E7FEBEA26044E7FEB800A21
:1000E00080448420EA26800684208048EA26801FF7
:1000F00084208048EA26440F80003C0BF5502E17E0
:10010000F3402E07F368813F882044207FFF84005E
:10011000E001E806382701098C019600D5FA800C29
:10012000802E804A503E7FCE49000EBC45222F646F
:100130002E47F340840082B29740E2A4E81F3909B9
:10014000010154180080C11838370111842055303E
:1001500080FFE3E4E80F382A850140280803EBB666
:10016000CA074D3280063827051142310C018C2117
:10017000D5EF383701098C01D5E0800E811CB28C97
:10018000225E000080268049806B49001081B211F8
:100190009501840080A0041E7FF18440D118403670
:1001A00014208022048E7FEF4C14000F38F1881148
:1001B00042F780035EF78191E9038C0196018C215F
:1001C00096488844D5F08CA19768D5E62F27F34050
:1001D0002E57F3682E369DFD88B2926145322F640A
:1001E000E045E81B38430800CC1038198901966FA8
:1001F000E061E90538170901EBADD50C38450A0275
:1002000040120436EBADD50638158A024010903600
:10021000EBAD8C419690D5E54116C820844040C98D
:1002200004093D37F52E3CA3F52F8FA2802244B060
:10023000006496D0E26CE83F394689112A48FFFFF6
:10024000048E7FF0403A100104EE7FEE42318003CD
:10025000E1144031B807E805E104E803C32AD527D3
:10026000E1F4E927E1E4E925C32438430800383400
:10027000880040F19000E81D41090801403340002A
:1002800089890031FFFF01087FFF89834F02001237
:1002900042422C2440423C969721E344E80A4231F2
:1002A000AC244031C07696D9E343E8038C219648CC
:1002B0008C41D5C02E27EA60E222E90C84213E174A
:1002C000F3692E169DF7FE549449E020E90784E077
:1002D000D50584003E07F36984E0022E7FE74402DF
:1002E00032E43C17F550EB33FE0C441004004000A0
:1002F00004163C0BF5508400E005E81140268020F0
:1003000022110000E027E906043E7FED42108C0137
:10031000D50280278C01AC509600D5EF800D4900A6
:100320000EBA51FE7FD0FCE0FC203C23F9B02E77C2
:10033000EA8E968E9691440232C48420861F451020
:100340000032445213941100000011100001CA073A
:100350008C2196488C025A1810F8FCA084609718DB
:10036000E287E8F738628D0095194C60C0158885E2
:10037000A721E699E809206000005A67FF04E0C45D
:10038000E80AAF00D50820F000015AF03204E08FEF
:10039000E802AF018C61D5E4FC6884003E07F340BD
:1003A000842044022F64EB21EA2644022FA48420F7
:1003B00044200320EA26801FEB218420EA268400C3
:1003C000847F2E27F3408200824080C044C232C422
:1003D00044D0003244E22FA48283455FFF80444230
:1003E0002F64388601108C61EB96822E84E04530B4
:1003F00000FFEB0896DA40B0801151740001431001
:1004000034734166002080A78153E107E805218B02
:100410000001E0F8E90411488000D5535AA8FF0C08
:10042000552180FF38124901814940158404381252
:100430004909D5234CA480185B38FF20E6A6E806BE
:1004400038124901EAB0381249098C61550180FF20
:100450003812410140380010401584043812410917
:100460008269D50A5B30FF0AE6A6E8063812410128
:10047000EAB03812410984A08CA197684C95000617
:100480004C99C00680D0D50480D2D50280C900180E
:10049000800038FF9800FE77964850F780011018CA
:1004A000800038FF98084C7BC0054010D404D50765
:1004B000518C7FFF4C7C0006581080401018800043
:1004C0008CE18DA15A7832A3E6A6E806381219010C
:1004D000EAB0381219095AA0FF065B30FF048C42BB
:1004E000D5028C418C0196905A00100448FFFF7B86
:1004F0003E27F340840044322F649640E222E80A0B
:1005000038118101384F8000FE67381181098C0154
:10051000D5F5FCE8FC00EA7C846064330403DD4329
:10052000EA7DFC80DD9EFC00DD405A080106840067
:10053000441007D0D504840044102328EA9784008F
:100540008421EA54FC80FC00EA89DD4ADD4A490046
:100550004FE149004B18EB8249004B5449004B993D
:100560004900305849001D8B49001DB649003BD257
:10057000490031404900134949003B2649004B5F7F
:100580004900196E49004DF249001F60FC802E079A
:10059000F378DD9E3C0DFCF25A080106FC0084064F
:1005A000DD4DFC80DD9E2E07F3749600C8182E17D3
:1005B000F36C5A180111FC003E07F36C4900311727
:1005C0005A0802048403D50284043E07F3788404A5
:1005D000DD59FC8084023E07F378DD9EDD9EDD9EC2
:1005E000DD9EFC60490029BBEABF44721380C03025
:1005F000DD4280C05A08010949002AED80068424A2
:1006000080478067EB6E84C04492352844A2140072
:1006100044B21380EBD4C803EAA2FCE08400401388
:1006200000408829A6489648381500088C015A08C9
:1006300014F8FA0BDD4DEBD45A0801078400380595
:100640009808490032D18CC15A6804E6D5E6FCE02E
:10065000FC008401490012D14900351BFC80EB1ECF
:100660005A000107EABFC804EB009600C00CEB1E5D
:1006700096005A08010884203E17F3C63E17F36A15
:10068000DD9E8401DD9EFC0284003E07F36F3E0781
:10069000F3B4EA28C00F840AEA2B49001E5E490021
:1006A00030AAC80584013E07F36AD5178405DD59D1
:1006B000D51484023E07F7088401EAD449002DC905
:1006C000840149001E6D49001E87DD405A0801045F
:1006D00049001E2F8400EAD4840EDD4D49FFFFC17E
:1006E0004E0300708406DD59EA28C00549004A48D7
:1006F000490030A749003CBA49FFFF164900395765
:100700008401490038CEDD45C8042E07EA3CD503F4
:100710002E07EA54EBD6DD45EA5BEACBDD40C01C90
:100720002E07F5FD9616C00C3C13F5408403FE0C15
:100730008441960184208062EA5549003BFF2E07E0
:10074000F5FD8441540000FB3E07F5FD84203C0389
:10075000F5408062EA558407DD59DD40C804840114
:1007600049001E1E4900105184003E07F6F1490061
:10077000392B8408DD5949FFFED8DD45EA5BDD45AC
:10078000F081EA34F082EA2FF083F102F001F20303
:10079000EA2484013E07F36F84043E07F37A840061
:1007A000DD4BDD40C804840149004A40490000583F
:1007B0008409DD59DD40C8038403D5028405DD4D7D
:1007C000FC82FC002E07F37A9600C0045A0004064F
:1007D000FC8049FFFF5AFC8049FFFF3CFC80FC0085
:1007E000DD42C00A84018420EA5484014900342691
:1007F00084003E07F36DFC80FC408402DD594470A8
:10080000004084C0852149FFFEC749FFFEEC2E074A
:10081000F37896005A000111C0085A0802F63E67A4
:10082000F37C49FFFFD0D5F03E67F36C3E67F36B76
:100830003E97F378D5E98403DD593E67F37A3E7736
:10084000EAF13E67F37949FFFFCC49FFFEAED5DC04
:100850003E07F37ADD9E2E07F37ADD9EDD9E46107D
:100860000081E60104008033EBF640003D241400D3
:100870008033DD9E5A10021FE623E805C10B5A1093
:100880000110DD9E5A100428E624E91C5A10052C9C
:10089000DD9EDD48EBD09604EA77DD51D508DD48D2
:1008A000EBD096044210C80940008244140100298C
:1008B000DD9EDD48EBD096044210CC0940008264F6
:1008C000D5F6DD480411002A9604EAE0EA93140103
:1008D000002ADD9EEA4C0411003C9604EBDB40004C
:1008E0008284D509EA4C0411003C96044210D409D4
:1008F000400082A41401003CDD9E46300087A05FCA
:100900009482400100C45400004466108044FE47B5
:10091000A85FDD9E46300087A05F9485400100E41B
:10092000540000A0661080A0FE47A85FDD9E403006
:10093000200840318184462000FF46400087403136
:10094000820450210F0050520218B425FED6EBF15C
:10095000502100FFFE56FE5FB625A069961F661067
:1009600080F0EA93A829DD9E4020400840210284BF
:10097000EA6D402103044640FFF050518238B4250F
:10098000FF16EB2DDD4FFE56FE67B625A0A9EBB78F
:10099000961FFE5640008184A829DD9E46300087C0
:1009A0000411808D94874001012454000280661058
:1009B0008280FE471411808DDD9E46300087041131
:1009C000808D40202008400101C454004100661081
:1009D000C100FE471411808DDD9E4030200840315B
:1009E0008184462000FF4640008740318204502128
:1009F0000F005052021CB425FED6EBF1502100FF2F
:100A0000FE56FE5FB625A069961F661080F0EA9339
:100A1000A829DD9E4020400840210284EA6D402143
:100A200003044640FFF050518234B425FF16EB2DED
:100A3000DD4FFE56FE67B625A0A9EBB7961FFE5602
:100A400040008184A829DD9EFC60EA41812081620A
:100A5000818180E48143EBE8540487FF0493039190
:100A600097EF669487FF4094800414930391EB62A0
:100A700004230008460F800FDD44FE1640003204B8
:100A80001403000804030066802C660007FFFE477D
:100A9000141300660423002D4035AA044613F3F016
:100AA000460C0C0F4031AF045010803F50000FC077
:100AB000FECEFE16402180041423002D0443002F97
:100AC0006642003FFFE71473002FFCE0FC00443750
:100AD0005C14B423462FF8FFDD4F9617FE56EAE864
:100AE0008441B62344075814441754148062DD41EE
:100AF000FC8046200081041100139604EB6740003F
:100B000081A414010013DD9EFC00DD5480C00400AC
:100B100083AD844142007808140083AD80625000A8
:100B20008AB4501086B4DD41CE0484018026D506F7
:100B300044600034840044100068EA6D8383BA493D
:100B400066213FFFFE57B9C9DD54042083AE422120
:100B50006009400103048441140083AE80625000A8
:100B60008AB8501086B8DD41461000840400832AFC
:100B7000844166003FFFFF871460832A500088A8E5
:100B80008062501084A8DD41FC80FC0044175C1496
:100B9000B401844158002000B60180624407581413
:100BA00044175414DD4144175C7CB4018441EBB319
:100BB000B60180624407587C4417547CDD414407E9
:100BC0005C34B42084414210F008B620B420806226
:100BD0004210F408B6204407583444175434DD4119
:100BE000FC8046000081EB4E66109000EB2CEB4E33
:100BF00066108800EB2CEB4EEB67EB2CEB4E66108F
:100C0000C000EB2CA0454210F809A84504100013C1
:100C10004210EC0914100013DD9EFC214670008187
:100C2000840349FFFF550403802784C86600000C35
:100C3000FE3714038027840049FFFF6849FFFFA7A0
:100C400049FFFFD1EAD050200224B422EA29FE77DE
:100C5000B622A05292304010C0085810A000A852EE
:100C6000040380F9461FF3FFDD53FE46EB7B1413AC
:100C700080F98006EA578006EA65440758188460C0
:100C8000B61F4407541884278443808380A3F081CF
:100C900044075C18EA2349000F84840049FFFE2FB3
:100CA0008400EBA6840049FFFE7B8401EB7984017C
:100CB00049FFFE32840149FFFE82840149FFFE564E
:100CC000840949FFFEA9FCA146200082A055960494
:100CD000EA77DD51A815DD9E46000082A00542009E
:100CE000400BDD9E46300082A11C400002044421DE
:100CF0000001441EFFFEFE16FE66FE0FA81CDD9ED0
:100D0000FC0095114042090440420A2440220B0491
:100D1000FE87402104C4402105A4465000824021A2
:100D200006C4A1AC401107A44643F7F3463C080CA7
:100D3000EA4550420F7F58318080FE66FEF6400043
:100D40008C04A82CFC8046300082B483964D42422D
:100D50004008B683B48340200840664207FFFE6720
:100D6000B6234C010005A059AA41D5FCB403EAA65C
:100D7000B603DD9E46300082B483964D4242400861
:100D8000B683B48340200840664207FFFE67B6235F
:100D9000044180154418FFFFFE6644430000FE67CF
:100DA0001411801580234C010005A301A909D5FC6D
:100DB000B403EAA6B603DD9EFC0044175C00B40150
:100DC0008441EBC1B6018062EBEFEBA3DD41440748
:100DD0005C18B4208441EA31B620B4208062EAAFC6
:100DE000B6204407581844175418DD41FC80FC0015
:100DF00049FFFFE4FC804620008250410040B424BB
:100E0000460F800F58000800FE4646301900FE5F6E
:100E1000B624A064FE0E4610258050108258FE0FA6
:100E2000A824DD9E44071060B400EB35DD9E440726
:100E30001060B4004200080BDD9E44271060B442ED
:100E40004221080BC2038440D502FA40E621EB3A66
:100E500042003C24EA9AB421EAE1C1038420D5028D
:100E6000FA2044571028B465FF13EAC3FE16402247
:100E70000C02FE87B64544271030B422FE66FE0FF2
:100E8000B602DD9E44371060B48384404242080BB2
:100E9000CC02FA40EB3AFE0CB423EAE1C103842011
:100EA000D502FA2044371034B483EAC3FE16402238
:100EB0000812FE87B643DD9E44371060B483844039
:100EC0004242080BCC02FA40EB3AFE0CB423EAE1B2
:100ED000C1038420D502FA204437102CB483EAC31E
:100EE000FE1640220812FE87B643DD9E44071038E6
:100EF000EA9AB400B421EAE1C1038420D502FA20C1
:100F00004000040D9601DD9EFC00EA8DB401EBB4B7
:100F1000B601DD508421EB45EB488420EB454400CD
:100F20000C008421EB224400C0008420EB22EB481B
:100F30008420EA4DEB68EB36FC80FC00EA8DB401BE
:100F4000EBB4B601DD508421EB45EB488420EB4542
:100F50004400C0008421EB2244000C008420EB22DA
:100F6000EB488420EA4DFC8044340140B443964F62
:100F70006621000C40110444B62344248098B42216
:100F80009604EA31DD5CB602DD9E44071060B400D1
:100F900044170020EB355A080108B4016600070722
:100FA00058000404D506B40166000707580003037F
:100FB000B60144170000B40158000303B6014417FA
:100FC0000004B4016600030358000302B60144178D
:100FD000000CB40166000101B6014417001CB40105
:100FE00066000101DD4EB601DD9EFC00465000802A
:100FF000EBF19D919D2E403014203811980038312E
:101000008800EAC7964818128001DCF60010000C30
:10101000AE680010000E0020000D401104849648B8
:1010200046200086AE50001000100030000FEAC7C6
:101030009648AE510010001200300011EAC79648E1
:10104000AE5200000013AE138404EB30FC80FC00B1
:10105000462FFEFFEABC50610FF150310FF05050A7
:1010600080085020800E404014203812180038426A
:101070000C0040120484964818128001DAF5001022
:10108000000CAE680010000E0020000D401104841A
:10109000964846200086AE54001000100030000F25
:1010A000EAC79648AE550010001200300011EAC79A
:1010B0009648AE5600000013AE178408EB30FC8053
:1010C0004630008004218071EBBD54000F01662181
:1010D0000F01FE8714218071DD9E462000810411DE
:1010E00000119649DD5114010011DD9E462000815A
:1010F0000411000D9230EA5E1401000DDD9E4620C1
:1011000000810411000D9649DD511401000DDD9E92
:10111000462000810411000E9230EA5E1401000E98
:10112000DD9E462000810411000E9649DD51140118
:10113000000EDD9E46200081041100119230EA5E0F
:1011400014010011DD9E4620008104110012962F2B
:101150006610FE00EBE414010012DD9E46200080C4
:10116000041100709627EAFAFE0F14010070DD9E4C
:10117000463000800411809D462FF80FDD4F9637D2
:10118000FE56EA451411809DDD9E46200080041124
:10119000006F9627EAFAFE0F1401006FDD9E4630BD
:1011A00000800411809D46280FFFDD4F9637FE56C4
:1011B000401083041411809DDD9E4620008104119F
:1011C00000139604DD49FE0F14010013DD9E460056
:1011D0000081040000139604DD9E46200081041166
:1011E00000149604EA6BEBF214010014DD9E462015
:1011F000008104410019B46040423008928C92741E
:1012000040320E8414310019A10146580808585282
:1012100080800431001AFF664647F7F750420F7F7F
:10122000FEE6FEEF1431001AA1024650020E5052A3
:1012300080F00431001BFF66464FFDF150420F0F56
:10124000FEE6FEEF1431001BA103465001C004313D
:10125000004DFF66464FFE3F50420FFFFEE6FEEF99
:101260001431004DA0040441006940306C099425FC
:10127000920540000F64140100691411000BDD9EFB
:10128000B480465007E7DD4850528E000431001408
:10129000FF66464FF818504201FFFEE6FEEF14319C
:1012A0000014A101465007E05052807E0431001521
:1012B000FF66464FF81F50420F81FEE6FEEF1431E5
:1012C000001504310016A1026631FE7E54427E7E76
:1012D000FEE714310016A1034650C0000431001788
:1012E000FF66464F3FFF50420FFFFEE6FEEF143110
:1012F0000017A104465FF7E750528E7804310018BA
:10130000FF664640081850420187FEE6FEEF1431A2
:101310000018A005463000C00451001940400C02DE
:10132000463FFF3FEB0340028C02FE2714010019E9
:10133000B40114010009A0091401000ADD9E463021
:10134000008104118012462FFF3FDD4F960FFE569D
:101350004010824414118012DD9E4600008104106A
:1013600000128403EBAADD9EDD9EDD9EDD9E4434EB
:101370008090B4239604968466108080401088E4A0
:10138000B623DD5450408048A0E44231C0094021DA
:101390008A04A8A4B44442217C09400103E4B604B1
:1013A000DD9E441FFF80EBC5AE40DD9E46300081D0
:1013B0000441803940204808461CFF3F4001038417
:1013C000DD53462300C0FE16FE66FE0F1401803971
:1013D000DD9E4630008104118039462FF3FFDD4F3A
:1013E000960FFE56401082C414118039DD9EDD9E9A
:1013F0004630008104218039441CFF3FFE564423BF
:101400000000FE57442300C0402100C2FE571411C3
:101410008039041180F6960F66108030EA9314012B
:1014200080F6DD9E4620008104110039960F66107B
:101430008C004010814414110039041100F666102C
:1014400080C0400080C4140100F6DD9E461000817B
:10145000504080E0B444A0E246288F88502108F82C
:10146000FE9E4631501058318400FE9FA8A2A0A3D2
:1014700066210007A8A3C81B04208038460FFCF390
:10148000500000CCFE164620030850210320FE1712
:101490001400803804208070EBCC50000FF0FE1652
:1014A0004620C0008C48FE1714008070DD9EFC00B2
:1014B00080C0EBE8DD540400839397B4EBDD40601B
:1014C000184414608393EB62FC804404502CB400F5
:1014D000EAABDD9E4404502CB4004200500BDD9E6C
:1014E00046200081041100159604EA77DD511401AD
:1014F0000015DD9E44048008B400EB35DD9E4640B7
:1015000000810432003A462F8FFF502108FFFE9ED3
:101510004630500058318400FE9F1422003A5A0091
:101520000F0D04320039462FF3FFDD4F960FFE9E5C
:10153000400102C4140200395A100F13DD4804019F
:101540000039964F66000C00400005441401003934
:10155000040100F6660000C0EBA5141100F6DD9E44
:10156000441431E8B401DD4EB601DD9E441720C0BD
:10157000400080C0B42046202000EBA4B620B42058
:10158000FE56C9FEDD9E442720C0401104C0B44170
:10159000463FFE0FEB03FED6462001F0400102025B
:1015A000FE1FB601DD9E442720C0401104C0B46177
:1015B000462010004231E00940010302FE1FB6013F
:1015C000DD9E4404808444148004B440B4218461CA
:1015D0004210C00B40108A1EC10644148006AEC8DB
:1015E0003E37EAF7B420EA6FB400EBDC4000063E79
:1015F000C007EA9E8422AE4084013E07EAF6EAF183
:10160000B420EA6FB400EBE3EBAAC007EA9E84249F
:10161000AE4084013E07EAF5EAF1B420EA6FB40077
:101620004200540B400006BEC007EA9EFA30AE40AE
:1016300084013E07EAF4EAF1B420EA6FB400420004
:10164000580B400006DEC007EA9EEB8EAE408401D8
:101650003E07EAF3EAF1B420EA6FB40042005C0B03
:10166000400006FEC008EA9E441FFF80AE40840191
:101670003E07EAF2DD9EFC0044110000EA6FB6204E
:1016800044148084B40142005C08B6014416003062
:10169000B401EB0AB6018405EA90FC802E07EAF457
:1016A000DD9E3E07EAF4DD9E2E07EAF2DD9E3E0750
:1016B000EAF2DD9EFC4080E080C184008027814208
:1016C000812349FFFF628007EA904103980844475D
:1016D00020C08890A02140A530089214934C40056A
:1016E0000284A062A821EB2B50000F00002F803451
:1016F0004030800246503000221F8014505280FF3C
:1017000040108B04FE6EFE5FA862A0634094B00898
:101710009234932C40148684A863A064002F8038F0
:1017200040308002221F801640108B04FE6EFE5F48
:10173000F208A864A06540213008924C9234401110
:101740000684A865A066222F8018FE0E001F803C2C
:10175000B46440110704FF4EA067462F0FE0FE5609
:10176000FF474620F01FF010DD4FFE868400140274
:101770000008460F8F0F50000FFEFE1E463070F01F
:101780008C6140619A02FF87460F0FFFFE8FDD4498
:10179000FE86000F80444610F00040008302FE8762
:1017A000E6E3440720DCA966B6C43828000AE9034A
:1017B000FAC2D502FAC088C744A480848046840156
:1017C0008420EA37B52A84214060980C4094801226
:1017D000FE3640048004B60AFCC0FC0044672318AF
:1017E0008E01400300C0B4C04020882440310C4426
:1017F0006663000796D7FEF7001F8014B660A0C18D
:1018000040420604462FF80F461007F050210C0006
:10181000EBBBFED6FF0EFF1FA901003F8018A102FF
:1018200040528E04FF16FF4EFF67A942A0C3024F2D
:101830008008FE9E003F801C40320E04FE5EFE5774
:10184000A843FC80441723188E01400080C0B420B8
:1018500066108007B620A081461FF80F50108C003C
:10186000FE8EA881A082FE8EA882A083FE56A84389
:10187000DD9E44272248B4229604EA31DD5CB6029C
:10188000DD9E442722B8B4229604EA6BEBF2B6023E
:10189000DD9E442723B84402142840103008B402C7
:1018A000443723BC9214EAB340000595B602B42332
:1018B000EB2B50000C0040208002461020008C24AE
:1018C000FE57B623442723C0B4224436205C92340A
:1018D00040118684B622442723C4B42244372334DB
:1018E000FE46EBA4B622B443461F0FFFDD53FE8E27
:1018F000B6434437233CB4434446206092544022CC
:101900000A84B643443723ACB443FE86B643442727
:1019100023B4B462FE1EDD4EB6024407232CB4404D
:10192000FE56B620DD9E4010B808CA044427233472
:10193000D50C443723B0B443EA4A9254EB1140012A
:101940000195B6034427232CB402921240004808A4
:10195000401005D5B62244172100B40142006408A6
:10196000B601DD9E4620008304110010960F66101C
:101970008003FE0F14010010DD9E46200083041139
:1019800000109604EA31DD5C14010010DD9EFC229B
:10199000EAE28383BC1847000F0366420100BC984B
:1019A000BC1884A0664200FFFF17BC9851080C0FBA
:1019B000504180E499ACB4C6387094024063400250
:1019C00088C73862FC0A8CA4EAE25A580CF5838373
:1019D000BE3CA14B979F9875BD1858528100BD9889
:1019E000BD18665280FFFEAFBA98B45FB644F201EC
:1019F000BABAF202BABBB9BCB420B624A041B9BA93
:101A0000A042B9BBA003B8BCB818EB2AB898FCA296
:101A1000FC20EAE28383BC188C4266420100BC9839
:101A20009710BA18505180E8EBB6FEA7BA98BA18CA
:101A3000504180E4EB71BA98506180EC4010044052
:101A4000503180F0462000834C008011A281B644C2
:101A50008380BA3FB645BA7FB646B4430270017E72
:101A6000925040238A04B643D5EE8382B818EB2AFD
:101A7000B898FCA0FC20462000838382BB18663106
:101A80008100BB98BB18663180FFFE5FB998BD39F5
:101A90004630F03C501180F0B460BC3AFF4E88A351
:101AA000A0C1BF3BFF0E8883A0C2BE3CFE7E882340
:101AB000A0C3546300F0BDB99833BCBAB9BB96411A
:101AC000B83C9210DD51B8BCFCA0FC684400BE4498
:101AD000B1C53B004404812180273B00C424A400FD
:101AE000AC0880C28420FA40B00850AF80308163D7
:101AF000DD43800A8420FA40DD435A6801038520D3
:101B00005AB8020558B30001D50281662E07F6F1D6
:101B100087845A000103878085005025800181C891
:101B200044C20B149D7185A185633803A000541431
:101B300000FF38660000F1838ADC97B18CC1FF9406
:101B4000F28297B1406314D68006F5814900239351
:101B50008C08F501F202F103C60740E6800C4067ED
:101B600018D754E303FF4010AC37403024015441F0
:101B7000800F38350602B008380006024031A80848
:101B8000403190803835060A40070140B0C88D01C9
:101B90003801860A5A880ACB8003802A4420006CC8
:101BA00049FFFEF7FCE8DD9E44248090B42240000B
:101BB00000845400001166108011FE47B622EB3FEE
:101BC0005020026CB4226610800758108004B622A0
:101BD000B42266109F0058108800B622A053EB84F0
:101BE000A853DD540400806FEA2C1400806FDD9E42
:101BF0003E07EAF8DD9E2E07EAF8DD9E4427200026
:101C0000B4229604EB02EBE4B602DD9E440720000A
:101C1000B400EAAEDD9E461000825A0801080400B6
:101C20008008EBDF58000002D5050400800866003C
:101C3000000214008008DD9E46300083041180EE0F
:101C400040202008C0038400D50344000200FE1792
:101C50005420030066008300FE17140180EEDD9E11
:101C600046300083041180EE40202808C003840021
:101C7000D502EAA3FE1754200C0066008C00FE1764
:101C8000140180EEDD9E44272068B4229601923034
:101C9000EB3CB62244272070B4229230EA5EB602B2
:101CA000DD9E44372000B423462FF8FFDD4F961702
:101CB000FE56EAE8B623DD9E44272000B4229604AF
:101CC000DD49FE0FB602DD9E44272004B4229604AF
:101CD000DD49FE0FB602DD9E44272000B4229604A3
:101CE000EA77DD51B602DD9E44272000B422960437
:101CF000EB73400082E4B602DD9E84013E07EAF900
:101D0000DD9E84003E07EAF9DD9E46000083040064
:101D100000EEEAAEDD9EC90744271000B422FE0F94
:101D2000B602DD9E5A18010844171000B441400164
:101D30000012B601DD9E5A18010844271004B4228F
:101D4000FE0FB602DD9EC90744171004B4414001DE
:101D50000012B601DD9E5A18010844271008B4226B
:101D6000FE0FB602DD9EC90744171008B4414001BA
:101D70000012B601DD9E44071008B400EAAE56001A
:101D80000001DD9EC805EA8DB401EA2CD5065A088B
:101D9000010CEA8DB401DD4EB6014417100CB401FC
:101DA000EB0AB601DD9E5A08020BEA8DB401DD4E46
:101DB000B6014407100CB4208420B620DD9E4427D1
:101DC0001018B4229604EA31DD5CB602DD9EFC00F8
:101DD000950A40420424FF0FC81246600097403025
:101DE000A4088386BD61403185644011900454107D
:101DF0008A0766428A07FE67B9E1FC805A08010F2C
:101E0000460000978380BA61401204C45410804792
:101E100066210047FE57B9E1FC805A0802144020B1
:101E2000BC084630009704618061402106044011DF
:101E30001004445E7FF844418007FE66FF76FE6F23
:101E4000D5125A0803144000A40846300097042114
:101E50008061400005644010100454108A076641F8
:101E60000A07FE6714118061FC805A08040CEAFE20
:101E70000401006140120504541081076600010747
:101E8000D50C5A08050EEAFE04010061401205A4B3
:101E90005410A00766002007FE4714110061FC8063
:101EA000FC60466000972EB69DFB2E869DFA812130
:101EB000EAE6A071DD44FE0E42007008A8318421DC
:101EC0008403814280E3EA84EBEEA04140E5801385
:101ED000EA44A841A04240C40013DD55EBC6A84225
:101EE00050177FFF542083FFA04342D6382466104A
:101EF00083FFFE57A8435016FFFF9689A044403643
:101F0000B0019230DD57A844A0458E61DD554010E8
:101F1000B004A8455441FFFFA0C6EA7BFEE7A8C66F
:101F20008380B9128485DD555810DA50B992424643
:101F30001024B9148E819721923040120604B9946E
:101F4000B91554421FFFDD55DD4CB9950413005FF0
:101F5000EA441413005F0413005F58109000141338
:101F6000005F441FFFE0EBBAA0F392704031C0085D
:101F70005831FFFFA8F3A0739649EA30A873B4263E
:101F8000EA294080A004B706B446EB95FE564010FF
:101F9000AD04B6260413006054269FFFEAAF141365
:101FA000006004130024EB23FE57141300240423C1
:101FB0000024461E000FDD53FE564010BA041413D1
:101FC00000240413002546207000EAF24011051594
:101FD0001413002504130025EB23FF0F14430025E1
:101FE00004130031DD4C14130031A071EA30A871E4
:101FF000B90FEA30B98FB4264210F8081C1300312B
:10200000B910DD4CB990B420DD4CB620B426EAFE00
:10201000964CC1FDA04184CADD49A841A041EA6BAC
:10202000A8418380B911DD49B99104010060842081
:10203000EBF6140100608403EA84442000FF84006E
:1020400084A54433C7604503C75E4513C764E20CEB
:10205000E81F421014248C22944938408C113844D3
:1020600081098083424018733D27F55022420000C9
:10207000E1C4E8053C4BF5503820C0003810C411CD
:102080004210AC243815020A8C019600D5E1ACB898
:10209000FCE0FC202E769DFA4413C80040201C2052
:1020A0004C0100072A3000011A308001D5FA466041
:1020B00000970403006F506300C4EA58EB9DEB34B3
:1020C000EAE6DD44FE0E46119000FE0F14037FD0B9
:1020D00084018020EA84EBEEA04158108004A841DE
:1020E000A04158108010A841A042DD555810DAA038
:1020F000A842A047DD55EBC6A8472E469DFB9C6134
:10210000422384248E4196D1A084925040218A0497
:10211000A8840420000B66217FFF1420000B0430EC
:10212000000C9EA154517FFFEA7BFEEF1430000C9F
:102130000430000A550103FF663183FF4031C004BB
:102140001430000AA0C5FEBCEA7B58318001A8C546
:10215000043000088E41EA7BFEFF14300008043092
:10216000000954217FFFEA7BFED7143000090430B8
:102170000012EA7B5831D0A0143000120430001154
:10218000583180021430001142339024045000145E
:102190008E614111801392B040589604145000147F
:1021A0000450001554319FFF6652FFFFFF7F14500B
:1021B000001504500013FFCC665283FF4102C00497
:1021C000150000130450001654139FFF6652FFFFC2
:1021D000FF57145000160423003558212000142303
:1021E00000350423002E582110001423002E047300
:1021F0007FF366739FFFFFCF14737FF304237FF495
:1022000066211FFFFE9F14237FF4EBBCEAAF14137B
:10221000002EEB7C58108040EB85EB7C6610800331
:10222000DD4CEB850413001EEA29FE671413001E23
:1022300004137FFFDD4914137FFFB426DD4CB6265F
:10224000EB34EA3014137FD00410000FEA3014107E
:10225000000FEB7C58108100EB8504100010DD4C62
:1022600014100010B420DD4CB620B426964CC1FEEC
:10227000A041EB84A841A041EAE0A8418380B911C4
:10228000EA6BB99184018420EA84FCA0FC61F181AD
:102290002E969DFA2FC69DFB40E48013408E0013BE
:1022A000816381424274382440C2001340D28013BB
:1022B00084604413C6C0E26EE80838200D1138204F
:1022C0008D098C6196D8D5F8466000970403006F9D
:1022D000506300C4EA58EB9DEB34EAE6DD44FE0EA1
:1022E00046113000FE0F14037FD084218400EA845D
:1022F0000413003E460FE03FDD44FE0E46100B0087
:10230000FE0FEB9D4400180014037FD7EBEEA041B5
:102310004043B80058108004A841A04197215810AC
:102320008010A841A04250347FFFDD555810DA00DC
:10233000A842A04796D9DD55EBC6A8479E6196896D
:10234000A044407708089230DD57A8440410000BE1
:102350005421FFFFDD551410000B0410000C543104
:1023600083FFDD55FE571410000CA0458EE1DD55AE
:10237000DD4CA8450410000897F9DD554010B8045D
:1023800014100008501E7FFF4217042454421FFF00
:102390008E215420FFFF04100009DD55FE57141054
:1023A00000090410000A661083FFFECF1430000AF3
:1023B00004100012DD555810DA1014100012041029
:1023C00000149230401386041410001404100015F9
:1023D00054739FFFDD55DD4C14100015EBBC5810F5
:1023E00080081413002EEBBC581090001413002E1C
:1023F00004137FCFEA294010F00414137FCF042385
:102400007FCFEB95FE564100A50415037FCF041343
:1024100000085024000196494010B204EBBA04535E
:10242000000F92B0405696041453000F0413000896
:102430004210BC09EBBA0413002FEAAF1413002FAB
:1024400004137FF3EB23FF0F14437FF304337FF375
:10245000461E000FDD53FE5EEA4314137FF30413A0
:102460007FF446246000EAF24011051514137FF44E
:1024700004137FF4462270F0EB23FFCF14737FF434
:10248000EB534210BC08EB5BEB539649FE57EB5BFA
:1024900004137FFFDD4914137FFFB426DD4CB626FD
:1024A000EB34EA3014137FD00410000FEA3014101C
:1024B000000FEB53DD4CEB5B04100010DD4C1410EF
:1024C0000010B420DD4CB620B426EAFE964CC1FDC7
:1024D000A041EB84A841A041EAE0A8418382B86012
:1024E000EBF6B8E084008020EA8484004433C6E040
:1024F0004443C6E4E20EE8119443988BF601B4A27B
:1025000038530008A4913825000838109002381577
:10251000820A8C019600D5EFFCE144260000B4222B
:102520009604DD49FE0FB602DD9EFC0049002354EF
:10253000FC80FC002E17F7014427221C5A180107C3
:10254000B422923240000644D50A8E014010380869
:10255000B402921240004808400005D5B60284003B
:10256000EACF840049FFF8A5FC80FC0049FFF8A1F0
:10257000FC80FC0049FFF89AFC8044060000B4008F
:102580004200700BDD9EB460FE8E4031841240111B
:102590008804B620DD9EB460FA54926C96DF808089
:1025A000424188733B00E00080448C448C61842B62
:1025B0003B01602040218476B44097584041200977
:1025C000971FDC0B8CA1405284365450800F66114B
:1025D0000F0040109504B620B440EBB796DFFE56CE
:1025E00040308D8458318001B66084023E07F34349
:1025F000DD9E4630008504218032EB41EB711421D1
:10260000803244363814B443966F925840216008A3
:1026100040210115B64344363808B403EBE6DD4FDC
:10262000FE16EAA4B60344163804B401EA58B6010B
:102630004414800CB40142000C0BC0FD84284404F7
:10264000800CAE40EA21EB25EB2AEB05DD9E4630FF
:10265000008504218032EB41EB7114218032443635
:102660003414B443966F92584021600840210115FC
:10267000B64344363408B403EBE6DD4FFE16EAA455
:10268000B60344163404B401EA58B6014414800C6D
:10269000B40142004C0BC0FD84284404800EAE40BF
:1026A000EA21EB25EB2AEB05DD9E3C0C04C69604E3
:1026B000C802DD9EFC6044A23348812A856BFAF48F
:1026C0002E87F3435A88023D49000705C8393C2C40
:1026D00004C64061200940513009979F975FDE058D
:1026E00084013E07F343FCE09C714000AC36660178
:1026F0000F00965F804AEBBD42231C733C0E04C65C
:10270000A0113E87F343C004A053A095EAF9804985
:1027100042231C73A012C004A054A096EAF98009B9
:1027200042031C73A007C0038421EB9E800942036F
:102730001C7304000008C0C58421EB06D5C2FCE070
:10274000FC6081232E37EAFA820081648145F70C10
:10275000F60D5A380113C002EAF94E9200068009BC
:10276000802B804AEAF9C70480078421EB9EC621AA
:1027700080068421EB06FCE064C304028400DD587B
:102780003C1FFCE344023348441213B43D0FFCE108
:102790003C2FFCE53C9FFCE23C4FFCE43C5FFCE64C
:1027A0003C7FFCE73C6FFCE849FFFEF764C3040391
:1027B000FCE0FC01B63F8022F381EB9EB41FF101E7
:1027C000EB06FC8144163C04B401DD4EB601DD9EEF
:1027D00044263804B42244063804EA83C9FCB420F1
:1027E000DD49B620B420EA83C9FE44263404B4226D
:1027F00044063404EA83C9FCB420DD49B620B42081
:10280000EA83C9FEDD9E84204404808CB620DD9ED0
:1028100044263850B4229604EAADEA60FE47B62258
:1028200044263450B422EA60FE0FB602DD9E4426F0
:102830003800B4229604EAADEA60FE47B622442688
:102840003400B422EA60FE0FB602DD9E44262084E6
:10285000B422EA29FE0FB602DD9E44262070B4227F
:10286000400001045400010166108101FE47B622B8
:10287000DD9E44262084B4229604EA60EB49B60229
:10288000DD9E44262084B462EA91DD53FE5EDD5174
:10289000B602DD9E844144148028AE88442480C45E
:1028A000B4229604DD49FE0FB602DD9E4414802852
:1028B000B4019604C0FE842144048028AE40DD9E0D
:1028C0004426208CB4229604DD49FE0FB602DD9E1C
:1028D0004436205CB60344362080B40396499210F7
:1028E000EA45B623B403960140200A04B643DD9EB0
:1028F00044262084B4229604EA31DD5CB602DD9ED3
:1029000044262018B42244348001EA44B6224426E6
:102910002000B4228481EA30B62244262020B4224A
:10292000FE26EA44B6228422AE5844248080B42293
:10293000EB0240108124B622AF18B422EA31DD5CEC
:10294000B602DD9EFC20467000834000156483873C
:1029500005038014404012244660F7FF465F0800DC
:102960004012070450630801505287FE404098020D
:102970004058140240121404B994BC15461007F0D4
:10298000460FF80F40210E04EBBB50000C00403105
:102990000402FE2640218004BA95FCA04630008344
:1029A0000411800A9648582080010411800AEA29FF
:1029B000FE571411800A44101FFFFE44141180BBFF
:1029C0004410007FFE4414118075461000FFDD5353
:1029D000FE0C14018077DD9E460000830400001683
:1029E0009601DD9EB460EABCA08114308047A0C28D
:1029F000A0031430804840313808042080499254A4
:102A0000EB1140210DD5EBFE40203808EAE5921489
:102A1000EAB3400009D5EABDDD9E462000830431BB
:102A20000012441CFFFF960FFE5EDD5114010012E0
:102A3000DD9EFC40840080C48122842380E349FF22
:102A4000F341381499018402EA5FEBD48422DD4714
:102A5000FCC04620008704110085EA4A9234EAB29D
:102A6000EAA514110085DD9E46200087503102142E
:102A7000B4234010B008922CEAE8B623A059920C77
:102A80009600EA29FE0FA819DD9EFC01F18149FF9D
:102A9000FFE2F00149FFFFEAFC81460000810410DB
:102AA000001A462808085821008040308802462035
:102AB000C0008C48FE9F1420001A0420001B6610E2
:102AC000BFFF6621000F582100061420001B0420C0
:102AD00000255810800C662103C014200025141016
:102AE0000079041000786610FF005810840014105C
:102AF00000780410001992324010C8085810B2C86B
:102B000014100019DD9EFC00EBB88400EB6C84010E
:102B1000EA9DEA28FC802E17F3C45A1001325A00AD
:102B2000011BC0045A00021EDD9EEA8AB401EAECD1
:102B30009210EA76B6014414020CB401EACC5800B3
:102B40000098B601B441EA7ADD44FE1646200980B9
:102B5000FE17D515EA8AB401EAEC9210EA76D5059B
:102B6000EA8AB4019210DD5FB6014414020CB4018C
:102B7000EACCB601B441EA7ADD44FE16B601DD9E28
:102B8000FC0044175C4CB401844166000080B6012F
:102B900080624407584C4417544CDD41FC80FC01D2
:102BA000DD4280C0C82044075828B61F4407542877
:102BB000F081461C000044075C284628000080661F
:102BC000808680A6EA234407581CB61F4407541C7D
:102BD000F081461000C044075C1CEB0980668086CB
:102BE00080A6EA23FC8144240018B4229604DD491F
:102BF000FE0FB602DD9E44272000B4229604EAE0D0
:102C0000EA93B602DD9EFC01EA41EB998440B61FCF
:102C100050030654F081806250030E54808280A2DB
:102C200046100FF0EA2350030A988440B61F500361
:102C30000698F081806250030E98808280A2461030
:102C40002800EA2350030AA08460B61F500306A0A0
:102C5000F081808350030EA080A34611FE00462021
:102C60005400EA2350030AA48460B61F500306A44C
:102C7000F0814610FE0050030EA4462038008083E9
:102C800080A3EA23FC81FC00EA6404100077500072
:102C900001B4EA311410000AB420EA414E15FFFED7
:102CA0008386B8734414012458001000B8F3B87335
:102CB000506301B466002000A836A03742007408B3
:102CC000A837B40166000002B601840ADD46B406E6
:102CD0004E05FFFFFC804610008550408080B464A4
:102CE000460710F850200FFFFE9E58214000B644C2
:102CF000B4448E01FE16B604EB090401007BEBB36D
:102D00001401007BB444EB5C50000BFFFE1658002E
:102D10000400B604DD9EFC00EA528386B920EB5C19
:102D2000500007FFFE0E58000800B8A08401DD46E1
:102D30002E07EFD05A08011D50630080B4065400DE
:102D40000800C01649FFF2455A080113EB00C006FF
:102D500049FFEC1F5A080205FC80EA28C0FA49FF27
:102D6000EC185A0001062E0005405A0801E9FC80C3
:102D70004610008504208020EB5C50000BFFFE16FF
:102D80005800040014008020DD9E46100080505042
:102D900080808060501080B0A299AAA9EB09D9FD6B
:102DA00004110035023000189230EB9B14110035ED
:102DB000EB32505080185000003450108034A28103
:102DC000AAA9D9FEDD9E461000805050820C80607A
:102DD0005010823CA299AAA9EB09D9FD04110094D4
:102DE000023000189230EB9B14110094EB325050DB
:102DF00080385000003450108054A281AAA9D9FE16
:102E0000DD9EFC224410BE503B00C400B182441041
:102E10009000A871B480EABC84403B0FC420F282C9
:102E2000A0C114408047A102A00314408048404143
:102E3000B0080430804980FF92744031D00840319E
:102E400091951430804940303008EAE5464C0C0C2E
:102E50009214EAB340000D95EABD045080CD503283
:102E600000C04601212150000212FF5EFF471450AE
:102E700080CD045080CE9088FF5EFF47145080CEF6
:102E8000045080CFFF5EFF47145080CF045080D0A5
:102E90006652803F58528012145080D0EB3204505A
:102EA000802D5010822CFEEEFEC71430FFA204309D
:102EB000FFA39208FF1EFE271400FFA3EAE204010D
:102EC00080C058000080140180C0800296848C016C
:102ED00038238A029600AA895A0810FAEB468443DE
:102EE0001420009B0410009C5000027C9236EB4C96
:102EF00014107FFD14207FFE04107FFF9236EB4CF0
:102F000014107FFF8420968C8C2138230A02964867
:102F1000AA815A1810FAEB468443503002BCB643DB
:102F2000A0599236EB4CA859A89AA05B9236EB4C6C
:102F3000A85BFCA2461000865050811C50108130C6
:102F4000EB94AEA800200013102280148CA1D9F9B4
:102F5000DD9E461000865050814450108158EB94FD
:102F6000AEA800200013102280148CA1D9F9DD9E98
:102F70005A0002225A00043F4E03005CEA64041027
:102F80000020964D5EF0810CEBC0E80B4210DC088F
:102F9000EAEEEA22EA77EA25EA22EBDBEA25DD9E81
:102FA000EB73EAEEEA22EBB2EA25EA224210D008FD
:102FB000EA25DD9EEA6404100021964D5EF0810C46
:102FC00004100029E80CEAB0EB78EA224210C809A4
:102FD000EA25EA224210D809EA25DD9E66108080A3
:102FE000EB78EA224210C808EA25EA22EB7BEA25C0
:102FF000DD9EEA64041000219230964D5EF0810C53
:10300000EBC0E80CEA30EAEEEA224210C409EA25F5
:10301000EA224210D409EA25DD9E4210FC09EAEEBC
:10302000EA224210C408EA25EA224210D408EA251E
:10303000DD9EFC0080C15A000216E603E803C007CB
:10304000FC805A00032A5A000419FC80DD48978D41
:103050008382B920661087FFFF8FBEA049FFFF8AD9
:10306000FC80DD48978D8382B921661087FFFF8F32
:10307000BEA149FFFF7FFC80DD488382BB21466FF4
:10308000800F50630FFF964DFF9E40630604BEA164
:1030900049FFFF70FC80EBE8DD4804110398440E03
:1030A000003FFE4697B5406098C414610398EB62F8
:1030B000FC8046200083041100C09604EA60EB49BE
:1030C000140100C0DD9E46200083041100C0960458
:1030D0004210E40940008324140100C0DD9E462014
:1030E0000083EB5F960F66108300DD5CEBFBDD9EDB
:1030F00046200083EB5F9604DD49FE0FEBFBDD9E6F
:1031000046200083EB5F96046610840040008144F3
:10311000EBFBDD9E461000865A080119840014005E
:10312000803F140080400400F44D660001FC58000C
:1031300000C81400F44D0420F44D440F01FFFE16A6
:10314000580064001400F44DDD9E460000FFDD448D
:103150001400803F14008040DD9E4630008304113F
:10316000800E402024084001010454000300661032
:103170008300FE471411800EDD9E462000875051CB
:1031800002005031020AEB94884196901822800187
:10319000DBFBDD9E46200081041100229604DD4900
:1031A000FE0F14010022DD9E5A10020E5A10031A5F
:1031B000C924EA4C962704110076EAFAFE0F14019E
:1031C0000076DD9EEA4C96274010400804310076D8
:1031D000460FFE0FDD44FE1EFE0F14010076DD9E3D
:1031E000EA4C96274010600804310076EAE6DD4498
:1031F000FE1EFE0F14010076DD9E5A0002095A00E1
:10320000030CC80FEAD0EB599627DD9EEAD0EB59A4
:1032100092109627DD9EEAD0EB5992189627DD9EF4
:10322000EA78DD9E8400DD9E4600008750500174E0
:1032300084605020018EACE8123280148CA284008D
:1032400046100087DAF9AC28120080DB120080C833
:10325000120080DC120080C9120080DD120080CADA
:10326000120080DE120080CB120080DF120080CCC2
:10327000120080E0120080CD120080E1DD9E2E075A
:10328000F3A8C008FC0049FFFFD184003E07F3A863
:10329000FC80DD9E5A000221E603E803C007DD9EA4
:1032A0005A0003255A00040DDD9EDD48040100305C
:1032B000EA35660003FFFE4714110030DD9EDD484D
:1032C00004310031460FC00FDD44EA35FE1EEB3CF1
:1032D00014110031DD9EDD4804010031EA3566003D
:1032E00003FFFE4714110031DD9EFC00EA59542013
:1032F00083FF460F801F04118398DD44FE0E4000BB
:103300000A248441140183985011866050018A6018
:103310008062DD41FC805A0002105A00031AC82066
:10332000DD4804310032460FFF0FDD44965FFE1E7C
:10333000EB3CEBF3DD9EDD4804310032460F0FFF1E
:10334000DD44965FFE1E40100704EBF3DD9EDD4872
:10335000040100329404920440100784EBF3DD9ED4
:103360005420800742108C0B5A000231E603E80516
:10337000C00B5A00011BDD9E5A000447E604E935E4
:103380005A000551DD9EEA59EAEFB40466000800D0
:1033900040100564B624B424460C7FFFDD44FE0EC5
:1033A00040200B64B644DD9EEA59EAEFB40466009F
:1033B0002000401005A4B624A061460C7FFFDD4428
:1033C000FE0E40200B64A8A1DD9EEA59EAEFB4048A
:1033D0006600100040100584B624A0216600380065
:1033E00040200964A8A1DD9EEA59EAEFB404660012
:1033F0004000401005C4B624A0226600000E402004
:103400000824A8A2DD9EEA6D504180F0B404EBFAD6
:10341000EBA5B624B4046600070040200904B644B6
:10342000DD9EEAD0504000F0B464663180804011E7
:1034300084E4B624B4246610B80040208964B644FD
:10344000DD9E5A00021FE603E805C00B5A00011179
:10345000DD9E5A000429E604E91C5A000531DD9E70
:10346000DD48EBDA964FEBDFFE47EB57DD9EDD489C
:10347000EBDA964F6600003040100484EB57DD9E77
:10348000DD48EBDA964F660000C0EBA5EB57DD9EFA
:10349000DD480401002094029202401007C4141178
:1034A0000020DD9EEA4C0431003C440F3FFF964F64
:1034B000FE1E401005C41411003CDD9EEA4C043190
:1034C000003C440CFFFF964FFE1EEB3C1411003CE9
:1034D000DD9E46000081040000F5920B9627DD9EDC
:1034E0004600008104000028960FDD9E4600008102
:1034F000EBC084034000049EDD9EFC002E10161DD0
:1035000050207FF15010FFCEE62280C05C01000108
:10351000E8088422DD5A8402802649FFFF23FC80CC
:103520008420DD5A8400802649FFFF1CFC80460071
:1035300000810420039746181000EBBBFE5646207E
:1035400022D0EB50FE571410039704200399461F16
:1035500003FF50108FC0FE5646201C008C4AFE57B9
:103560001410039904200391441F07FFFE565810BE
:10357000880014100391041003956610BF005810C2
:10358000810014100395DD9EFC40EA410403002DE8
:1035900050730A589210EA8C04030399509306580A
:1035A0006600003FFE0FEBC30403002A9208EA8C7A
:1035B000040303986600003FFE0F140303980403FE
:1035C000002FEBE2EA8C440F03FFFE164000054497
:1035D000EBC40413000846000FF0EBE2FE46EA7A63
:1035E000DD44FE16FE0FEBC40403002904230399F7
:1035F000EA8C460F03FFDD44FE16400006C4EBC311
:103600000403002904030398EBB014030398040394
:103610000091EBE29214EA8C46081FFFDD44FE168F
:1036200040000724EBC4040300960423039192088E
:103630005410001F440F07FFFE16400005641403DA
:10364000039104030095EA8C0403039566003F0090
:10365000EBBD140303950413002B50030A44968812
:1036600004130296EA29FE57141302960423002B32
:103670005013064496D004230196EBB6FE9F142304
:10368000019684418062DD418441EB9950130654D8
:103690008062DD418441800780298062DD41844170
:1036A00050030A5C5013065C8062DD418441500384
:1036B0000A60501306608062DD418441EADDEAFD64
:1036C0008062DD41FCC046100080E601040080A459
:1036D0004200700940003F84140080A4DD9E460033
:1036E0000080040000A44200700A4200700BDD9EBE
:1036F0002E17F3A8FE0F3E07F3A8DD9E46100087A5
:1037000050508094501080BC0A20000154211FFFAB
:103710001A228001D9FAFC008401EB30FC804610AB
:103720000087505080BC501080E40A2000015421D2
:1037300003FF1A228001D9FAFC008402EB30FC80DE
:103740004453D7C0844038308800384008004032A5
:103750000D049902A72140319204990AA7218C42B5
:1037600040319304AAE95A2834F04610101044035B
:10377000D828B62046000083503003ACA059421030
:10378000BC08A859A059661087FFEAB0A859B443ED
:10379000461F800FDD53FE56462009A0FE57B62374
:1037A000DD9EFC20848080C480E482048224E6CDF7
:1037B0003820180038309800E80B968F96CF4021BB
:1037C000100CEBCA4118880441080C04D50E96CFA2
:1037D00050527FF64051940C5431000350227FE642
:1037E0004021880CFEAFFFD78C828CC15A4828E15B
:1037F000EB3F151000DB150000DCEB4614700035C4
:10380000FCA0FC20844080C280E280A2820238407A
:103810001800551300FF970FE7B03830980040426A
:10382000080CE80BE7AC41081004E80896CF5041BB
:103830000008EBCAFF5FD507FF6796CF50417FE8CE
:10384000EBCAFFDF8C428CC15A2828E3EB461500F7
:103850000088145000891470008AFCA0FC2CB18BE5
:1038600080064410BE58EAC5EA803B00C8003B0011
:1038700048204400BE8C3B005000B1C1FA44B00661
:103880008420EB6ADD438006802649FFFF5B8007CA
:10389000802749FFFF88B006802049FFFFB4FCACB9
:1038A000FC20EB8EEA9FAE40EB51446080E944740B
:1038B0008008B407EB19C8068EC1C6048401DD4632
:1038C000D5F9FCA0FC00DD54040083978441EBC1D2
:1038D000EB938062EADAEAF8DD41FC802E20161DC7
:1038E000EA6D50217FCEE64204218086E808924CA2
:1038F000969FAE8004018087920CD5079248969FD0
:10390000AE80040180879208961FAE08DD9EFC0001
:1039100080C15A08FF055A68FF0EFC802E10161D44
:103920005010FFCEE622E80449FFE820D5F5EBA6CB
:10393000D5F3EA73EB0DE6028006E80449FFE86C74
:10394000FC80EB79FC80DD9EDD9EDD9EFC00840129
:103950008420DD5A84018020DD5A84018422DD5ACE
:10396000FC80FC00EA640400002944675C003C0F12
:10397000FCECB4063C0FFCEB84208401DD5A84018E
:103980008020DD5A84018422DD5AB4068441580027
:1039900000C0B606EBA3EBEF8062DD41FC80FC00CB
:1039A0003C1DFCECEA64EB783C1DFCEB44075C003E
:1039B0008441B6208062EBEFEBA3DD41FC80461032
:1039C0000081504080E0B4448403402009DE3E275B
:1039D000F3A92E27F330B464FE16442F3FFFFE9E5A
:1039E000400101C4B604DD9E2E07F3A9DD48043171
:1039F000003854100003440F3FFFFE1E400005C472
:103A000014010038DD9EFC202F07EA9246600082F8
:103A1000A49042104073B4E68822EA35667383FFAF
:103A2000FFCFB6E6A031F10692109627AE20A03166
:103A300092159627AE18A0319627AE08A0315400F3
:103A400003E09205AE28FCA044248080B4229604B2
:103A5000EB02EBE4B602DD9E44262004B422463A93
:103A60003000EAF240118515B622EB558448AE8845
:103A7000FA40AE888442AE888441AE888444AE88E1
:103A800044248080B422960F66109F0058108B004B
:103A9000B62244262000B4624617FFFF50108FFC68
:103AA000FE5EEA30FE47B6224416200CB441EA7AA4
:103AB00050000EFFFE1642005808B601DD9EFC00C5
:103AC000EA47B4204210AC0BC1048448EB55AE88E1
:103AD000B4004200300BC004FA20EAF4AE40EA47DA
:103AE000B420EA83C104EB558441AE88B400EB2FC7
:103AF000C021EAF5B400EB2FC01D8422EAF4AE40E9
:103B0000DD425A080118EB63C003490018604407FE
:103B100021E8B40096003E07F5FC8404EA90840591
:103B2000EA9084013E07F3CC4900185E84003E070A
:103B3000F3CCEA47B400EB35C0048424EAF4AE4089
:103B4000FC80C80444072014D50344072018B4009F
:103B5000EA4A920CDD9EC8044407200CD5125A088C
:103B6000010544072010D50D5A080205440720A07E
:103B7000D5085A080305440720A4D503440720A804
:103B8000B400EA4A920CDD9E44272014B422EA4A8B
:103B90009234EAB2EAA5B622DD9E44272018B42268
:103BA000EA4A9234EAB2EAA5B622DD9E4427201CF6
:103BB000B422EAB4EAA1FE0FB602DD9E442720201B
:103BC000B422EAB4EAA1FE0FB602DD9E44272034F7
:103BD000B422EAB4EAA1FE0FB602DD9E4427200C0F
:103BE000B422EA4A9234EAB2EAA5B622DD9E44271C
:103BF0002010B422EA4A9234EAB2EAA5B622DD9E47
:103C00004437201CB423EB2DDD4FEAB4FE56EA45C1
:103C1000B623DD9E44372020B423EB2DDD4FEAB4DC
:103C2000FE56EA45B623DD9E44272054B422962F43
:103C30006610803FFE0FB602DD9E44272054B4225A
:103C4000962F6610BF00DD5CB602DD9E443720581B
:103C5000B423462FFC0FDD4F962FFE56EA45B623C0
:103C6000DD9EFC404464006446008080B6068520EA
:103C70008401DD4644740C40EAFBB726DD46B407F8
:103C80008441EBA78062B607441404404404084012
:103C9000DD41B407844142004C0944140440B60796
:103CA000806244040840DD41EB3FB6068401DD46F6
:103CB000B726440720C0B420EBA4B620B42042109D
:103CC000E40BC9FD840149FFEF95FCC0FC0049FFEE
:103CD000FFCAFC8044248090B4229604EA6B401012
:103CE0008024B622DD5404208015EB87FE171400D3
:103CF0008015042080DC46080FFFDD44FE164623B5
:103D00003000FE17140080DC84003E07F37C842220
:103D1000EBC5AE40DD9E44140018C805B401420056
:103D20004809D503B401EB1DB6014414020CB401DB
:103D3000EACCB601B441EA7ADD44FE16B601441479
:103D40007000B401EAA6B601DD9EFA20EBC5AE40D4
:103D5000DD9E8424EA9FAE40DD9EFC014404588C25
:103D60004434550C46100FF044210000B61FF38177
:103D7000808180A2EA23FC81FC00EA410413038ACB
:103D8000460FFF3FDD44FE0E8441EBA71403038A78
:103D90005013062850030A288062DD41041303995A
:103DA000460AFFFB50000FBFFE0E84415800404002
:103DB000EBC3EAFDEADD8062DD4104030296844143
:103DC00066001F0058000F001403029604030196BA
:103DD0005013065866001F0058000F001403019688
:103DE000806250030A58DD41FC8044348088B483EB
:103DF00040206408461FCFFF40010304DD534620E6
:103E00003000FE16FE66FE0FB603DD9E4010200851
:103E1000DD4840108184043100349504FE47FE677C
:103E20009270964940108E041411003404510033EE
:103E300046187FFFDD535430000FFE6E40108F6434
:103E4000141100330411003AFE27661080784030C8
:103E50008C641431003AEA4C0411003E9600EA29C1
:103E6000FE0F1401003EDD9E40102008DD4840108A
:103E70008184505100D0A0EAFE47401080849270A7
:103E8000964940108E04A86AB46546187FFFDD533A
:103E9000EBB9FE5E40109364B625A06E463FF87FF6
:103EA000EB03FE5E40109264A86EEA6D401050086D
:103EB0000441803EDD51EA9146200FF0DD53FE16AD
:103EC000FE66FE0F1401803EDD9E4414500CB401CA
:103ED000DD4EB601DD9E46200081A05596044210BD
:103EE000F00940108384A855A0554210F409400001
:103EF00083A4A815DD9E4620008150410120A0E545
:103F00004010B8084231F008A8E5A823A0E5922E99
:103F1000927240308E44A8E5A824B4049214EAE8D2
:103F2000B624DD9E4600008150400120A065443348
:103F3000FFFF4210F009A865843FA863A0A5FE9F7B
:103F4000A8A5A864B424923440118684B624DD9ECA
:103F5000B460EABCA08114308047A0C2A003143032
:103F6000804840313008042080499254EB114021B0
:103F70000D95EBFE40203008EAE59214EAB34000CC
:103F80000995EABDDD9EFC2080C1DD540430839795
:103F90008441663180801430839780E08062EADA61
:103FA000EAF8DD418401EA3F46000083041000EE98
:103FB000462F3FFFDD4FFE8E142000EE8401EBA65E
:103FC0008404EB795A78FF045A60FF058007802645
:103FD000EB4D84018420EB4AFCA0FC01F08149FFF9
:103FE000FAA8F1018403EA41EA20844150030A441B
:103FF000501306448062DD418441EB99501306540E
:104000008062DD41844150030A5C5013065C80628B
:10401000DD418441EADDEAFD8062DD41FC815A1820
:10402000010CEA5904218017960466210100400121
:10403000010414018017DD48A016964CEA2CFE47B7
:10404000A856DD9EB460EABCA08114308047A0C2AF
:10405000A00314308048403138080420804992542D
:10406000EB1140210DD5EBFE40203808EAE5921413
:10407000EAB3400009D5EABDDD9EFC01EA415003E8
:104080000A948460B61F50030694F0818083500325
:104090000E9480A34610600046204000EA234404AA
:1040A00058884434550884228440B61FF3818081A7
:1040B00080A2EA2350030A488440B61F50030648F2
:1040C000F0814410006050030E488062808280A21C
:1040D000EA23FC81FC0044045508B4205810F80081
:1040E000B6208421EB06FC80FC0144040920846096
:1040F000B61F842144040520F081804144040D2032
:10410000808380A3EA23FC8144248088B42296041F
:104110006610880040008164B602DD9E44048088F9
:10412000B400EB19DD9E44248088B4229604661006
:10413000C000400081C4B602DD9EFC00EA4E44107F
:10414000004B84418405EA328461544000F880A326
:104150008405FA2F4420004BDD564410004C844166
:104160008405EA328461544000F8FA2F8405442023
:10417000004C80A3DD56FC80FC0044100102440486
:10418000501CB6204414503CB401442130B092116C
:10419000EB5DB60144145020B40192124001024478
:1041A000B60144145034B4019211EB5DB6014414CD
:1041B0005038B4019211EB5DB601440458E4B420C8
:1041C000EAFA5810800FB62044145564B4416621B1
:1041D000001F5821000FB64184418062DD41FC8000
:1041E0004E0300A6FC204612492480E0506089243A
:1041F00044045900B6C04023180944045904B64089
:1042000044045908B6E044045580B6C044045584BB
:10421000B64044045588B6E0440458F4B6C044049B
:1042200058F8B640440458FCB6E044045574B6C08F
:1042300044045578B6404404557CB6E0441458EC28
:10424000440458E8B6C0B641441458F0B6E14434CA
:10425000556C44145568B6C1B64344245570B6E253
:1042600084498062DD41460092495020024944144D
:10427000589CB641443458A040132009B623443416
:1042800058A4B6E34434551CB64344345520B623F1
:1042900044345524B6E350000D8944345890B60395
:1042A00044345894B62344345898B6E344345510F3
:1042B000B64344345514B62344345518B6E3443455
:1042C00058CCB603443458D0B623443458D4B6E35B
:1042D0004434554CB64344345550B62344345554B5
:1042E000B6E3443458C0B603443458C4B623443407
:1042F00058C8B6E344345540B64344345544B62315
:1043000044345548B6E3443458D8B603440458DC22
:10431000B620440458E0B6E044045558B64044047E
:10432000555CB62044045560B6E0FCA0DD9EFC0060
:10433000DD5450408E94B404844142005C09B604BC
:10434000B404806242005009B60450008A945010B0
:104350008694DD41FC80FC00FA2784418405EA3222
:104360009626461FF6FCDD48501080FFC00A040167
:1043700003A5FE464600090050000B00FE47D50489
:10438000040103A5FE46141103A5DD548441500029
:104390008A94806250108694DD41FC80FC00844148
:1043A0004444590CFE1694C5B4044414558C66005C
:1043B0000020FE1FB604B40166000020FEC7B661EF
:1043C000B4048062EBFAB604B401EBFAB6018004DF
:1043D000DD41FC80FC00EA4151C30EB4B41C8441B1
:1043E00042007408B61C501306B450030AB480622D
:1043F000DD41B41C42007409B61CFC8046200080DC
:10440000041100A4960F66108060400080A414017F
:1044100000A4DD9E44240084B4229604EA77DD5192
:10442000B602DD9E44240084B42296044210C409DE
:1044300040008224B602DD9E44240084B422960407
:10444000EA60EB49B602DD9EFC00EA4151C30E640E
:10445000B43C440CFFFFFE0E8441B61CEAFDEADDCD
:104460008062DD41B8098441660003005800020003
:10447000B8895013068850030A888062DD41FC80A9
:1044800044340020B4A34424008C4252EC0B5A085C
:10449000010BB422EA295810808AB622B403EBB08B
:1044A000B603D50DB482964C664200FF5842008A8E
:1044B000B682B403EBB040100764B623B402EACC72
:1044C000B6028005DD9EFC41FD30840184208122FE
:1044D00049FFFFD8F08144143008B4014454300C33
:1044E000EA2CB60180868AE64424300080059AE6EC
:1044F00096D8E269E81798FC9659B46292704030F9
:104500008E04B662B425DD4CB625B4254210D80B16
:10451000C1FDB420EB7BB620B42092281812000114
:10452000D5E74404300CB420DD49B620B420EA4479
:10453000B6204414309CB4019604C0FEF1018400FE
:1045400049FFFFA0FCC1FC004620924950210249CE
:1045500040411809EBFFEBDEB6408460B681EBD832
:10456000B661EBA2B64144245520B682EBABB662ED
:1045700084438062DD41FC80FC00462249245021B6
:10458000092440411809EBFFEBDEB6408460B68198
:10459000EBD8B661EBA2B64144245520B682EBAB12
:1045A000B66284438062DD41FC808421440480182B
:1045B000AE4044148098B401DD4EB601DD9EFC008F
:1045C00049FFFFF5FC80442FFF8044148008AE882B
:1045D00044245024B462EA91DD53FE5EEBB2B6226D
:1045E00044248088B422960466108080400080E4D1
:1045F000B602DD9EFC004630924950118D89EBFFDA
:1046000046200249B62050210249EBDEB6418480A3
:10461000EBD8B68150318249EBA2B66144345520C3
:10462000B643EBABB68284438062DD41FC80441428
:104630000018B441460BFFBF500007FFFE16B6013D
:10464000EA8AB4019210DD5FB601DD9E5A08010CC2
:104650004417103CB401EB419208B601EA9AB40148
:10466000EBB4D5102E07F3B4C80E4417103CB401B8
:104670004629B000EB4140010115B601EA9AB401A8
:10468000EBB3B601DD9E44240010B40246198780C6
:104690009601FE0FB602DD9EFC0044040018B440F3
:1046A0004618048D501084BEFE564626E8628C41A2
:1046B000FE57B62044240010B4224430987892303B
:1046C000EB9BB622B420EBDBB620B420EBB2B620D5
:1046D00084008020EB7FFC80FC4044740018406024
:1046E0002C08B527406303C45A080123DD405A084B
:1046F000010F461400405810880042634808FF8E9E
:10470000461BFFBFEB74EB75FF87D50B46240000FB
:10471000461BFFFFEB50EB74FEB6EB7540610004E7
:10472000B6C7EA8AB401EAEC9210EA76D50F4624BD
:104730000000461BFFFFEB74EB50EB75FEB6FE1757
:10474000B607EA8AB4019210DD5FB601FCC04427C7
:1047500030104414701CB4029604C805B401EAABCE
:104760005A0001FB44173010B40142000C0B5A00F0
:1047700001FDDD9E84A0D004EB518CA1D5FDDD9E12
:10478000FC00EBD1EB60B423EA5C5A180106B422BA
:10479000EA5C5A1001FA44173000B6018402EB3685
:1047A000EB0EFC80FC004611FFFF50108F00FE0F47
:1047B000EB4FFC80FC004611FFFFFE0FEB4FFC802F
:1047C000FC004601FFFF500002BBEB4FFC80FC00E9
:1047D000EBD1EB60B423EA5C5A180106B422EA5C20
:1047E0005A1001FA44173000B6018402EB36FC80FF
:1047F000FC004661FFF950030527EB1850030487BE
:10480000EB18EB0EFC80FC004661FFF9500305003D
:10481000EB1850030400EB18EB0EFC80FC608120C9
:104820008181FD3181A4816564A30402440180007B
:10483000DD58DD405A08010546001018DD5849FFD3
:10484000FFD95A90FF048009EAF740769D0440039F
:104850009A0440003304EB4F4E9300088ED0E6C21A
:10486000E808FA04DD46D5055A9802045A603FFB71
:104870005AB80104840FEAF749FFFFC764A3040391
:10488000FCE0FC018461F081FA2F84024420003FA7
:10489000F40180A3DD56840ADD46FC81FC20EBD1C7
:1048A000EB60B423EA5C5A180106B422EA5C5A10A1
:1048B00001FA44173000B6014460100044748008C7
:1048C000B407EBDCC8082E07F3BCC80584018EC111
:1048D000EB36CEF784224404800AAE4044073014FD
:1048E000B40092109600FCA0FC6180C180E2F081CF
:1048F00064A3040244018000DD58DD405A0801052C
:1049000046001018DD584692F00040949D044094F3
:104910009A0484C0816649FFFF6DF001EAF78009BF
:1049200049FFFFBE80E02E07F3BC5A0801088CC186
:1049300097B03EB7F3BC5A6804F0840FEAF749FF1A
:10494000FF6464A304035A6004048007FCE184004C
:10495000FCE1FC004410003F84418402EA32FC8008
:104960004404701CB420EA5CC90CFC0080C04900FF
:104970002DF4B406EAAB5A0801FC840AEA2BFC8049
:10498000DD9E44173008B4016600001FDD4EB601FD
:104990004404800A8424AE408422AE4044148088BB
:1049A000B401EB1DB601DD9EFC00EA4E840084617B
:1049B000FA2FFA41808080A3DD56DD425A080105B6
:1049C000840ADD46D503DD5BEA2B84008461FA2F7F
:1049D000FA59808080A3DD56DD425A080105840A19
:1049E000DD46FC80FA04EA2BFC80FC00EA4E8400E1
:1049F0008461FA2FFA58808080A3DD56DD425A0880
:104A00000105840ADD46D503FA04EA2B840084619B
:104A1000FA2FFA40808080A3DD56DD425A08010556
:104A2000840ADD46FC80DD5BEA2BFC804407300411
:104A3000B420DD49B620B420DD4CB620DD9EFC005C
:104A400044275C1CB4224210FC09400083E4B602F7
:104A5000B4024417541C42007809B602844144074A
:104A6000581C8062DD41FC8044240054B422962FFF
:104A70006610803FFE0FB602DD9E44340054B4231E
:104A8000EB214001000C540001E0661081E0FE477C
:104A9000B623DD9EFC00DD405A0801048400EA9D37
:104AA000FC80DD9EDD9EDD9EDD9EDD9EDD9EDD9E2D
:104AB000441400D4B401EBA7B60144140208B44175
:104AC000EA7ADD44FE16B60144071060B400EBE359
:104AD000C805EA21EB25EBDDEB0544140108B40120
:104AE00058002000B601DD9E46000085502000C819
:104AF000B422EAAFB622B422EB02B622DD9EFC005D
:104B000044140108B401EA5258004000B6018386FB
:104B1000B832DD4EB8B28401DD46B832EA2CB8B204
:104B2000B831DD4EB8B1FC804610008514008046D7
:104B300004008011420078081400801184001400E1
:104B4000801CDD9EFC00EA528386B8CCF004B9CD0F
:104B5000BAC0BBC1BCC2BDC3B8A2F005B8A3FC803B
:104B60004424809CB4229604DD49FE47B622B42238
:104B7000EA6BEBF2B602DD9E4620008050510388BE
:104B8000B46595049720663180F0FEE7B665A0ED28
:104B9000540000F0663180F0FE1FA82D5051037CB8
:104BA00050210380EAC0AE28A60BEB208CA1DAFBD3
:104BB000DD9E4600008050200388B42266108F0FCF
:104BC000B622A05566108F0FA855DD9E46200080A6
:104BD000043100E2EBB96631800FFEE7143100E2E8
:104BE000043100E7505103786631800F4001809511
:104BF000140100E75021037CEAC0AE28A60BEB208D
:104C00008CA1DAFBDD9E46200080044100E240508A
:104C10003008443F0FFF9769FF1EFF2F144100E249
:104C2000044100E74450F00040028102FEE6FEC766
:104C3000143100E75051038450210388EAC0AE28A4
:104C4000A60BEB208CA1DAFBDD9E462000805051A4
:104C50000388B465EBB966318F0040319104B665C5
:104C6000A0ED540000F066318F0040018084A82D33
:104C70005051038050210384EAC0AE28A60BEB20DC
:104C80008CA1DAFBDD9EC90B462000850411002AA9
:104C90009604DD49FE0F1401002ADD9EDD54041048
:104CA0008013964C5A1801FBFC0080C049FFE414A5
:104CB000C80FEA218381BA2040032008466710FF0D
:104CC00050630EFF54000100FF96FE37B8A0FC8031
:104CD000461000850400802AEBC11400802ADD9E66
:104CE000FC404690008580C0467710F8C810490007
:104CF00004F48389B83250738FFF42003C08B8B285
:104D0000B820FFC65873C000BFA0D50F840149006A
:104D100004E48389B83250738FFF42003C08B8B274
:104D2000B82084C1FFC6BFA0EA21B4419634422115
:104D3000480940210244B6418381BA2AEA59EB501E
:104D4000BAAABA2A66212000402101A4BAAAB44115
:104D500042217409402103A4B6410421801C66212C
:104D60000800400101641401801CA00BEA58A80B44
:104D7000EB27FCC0FC2080E0DD42EA525A08011C0F
:104D80008386B84A3C13F9449210DD51B8CADD401D
:104D9000C80B3C0DFCA0EB96A0329218EAAD400087
:104DA0000515A832D522A07292384010E008DD4CDB
:104DB000A872D51BDD40C80B3C0DFCA1EB96A032C0
:104DC0009218EAAD40000515A832D507A0729238B6
:104DD0004010E008DD4CA872EA218381B84A3C23E8
:104DE000F9469210EA76B8CAEAC9CF043C1DFC9F86
:104DF000D5033C1C01511410002BFCA0461000856B
:104E0000B441960442215409B641B44142215809A3
:104E1000402102C4B6410420802A662104004001DA
:104E200001441400802ADD9E46200085B4229604A9
:104E3000EB73400082E4B602DD9EFC01E601F081E6
:104E4000EB663EF7F37BB44342215C0940113EE43C
:104E5000B623EBC2F001EB26EB27FC81FC20EB66CE
:104E6000C95C5A0803134606BB87500009F08383C8
:104E7000B8D344006756B8D48401B99AB99BB9D560
:104E8000B8D1B9D2B9D7FCA03C6DFBF63C03F7EA28
:104E900040001A048383B8D33C7DFBF73C5DFBF8EC
:104EA000963940001604B8D43C4DFBF93C2DFBFA72
:104EB000962140000A04B89A3C1DFBFB3D1DFBFCFB
:104EC00096094100460444030000FFC61501801BFB
:104ED000FF8692EC406399D53C7DFBF5FF46FFC60B
:104EE00040631E15FF0640531555FE86404291153E
:104EF000FE46402208D5401104954008800240003B
:104F00008055B8D53C0DFBFDB8D13C0DFBFEB8D2A9
:104F10003C0DFBFFB8D7FCA0CA2F3C1DFB8D3C2DE0
:104F2000FB8C9649EA438383B9D33C1DFB8B3C2D14
:104F3000FB8A9649EA43B9D43C1C01763C2C0175A6
:104F40009649EA43B99A3C1C01743C2C017396497A
:104F5000EA43B99B3C2DFB8D3D0DFB8C3D2DFB8B1E
:104F60003C7DFB8A3C6C01763C5C01753C4C0174D9
:104F70003D3C0173D52E3C1DFB893C2DFB88964999
:104F8000EA438383B9D33C1DFB873C2DFB869649BE
:104F9000EA43B9D43C1C01723C2C01719649EA43A6
:104FA000B99A3C1C01703C2C016F9649EA43B99BAD
:104FB0003C2DFB893D0DFB883D2DFB873C7DFB8611
:104FC0003C6C01723C5C01713C4C01703D3C016FDA
:104FD000441300004118040241090402938CFE8E20
:104FE000410845D5FFCE40280A15FF8E40211D55AA
:104FF000FF4E40211915FF0E402114D54021109578
:105000004019840240110455EAAC14118055EA217C
:10501000C80B3C0DFB858381B8D13C0C016EB8D226
:105020003C0C016DD50A3C0DFB848381B8D13C0C4E
:10503000016CB8D23C0C016BEABDFCA04620008597
:10504000C90A500100D4A844A845B620A841A842E6
:10505000A843DD9E46113E82501088A0EAAC141190
:105060000039C80C44100E38503100D4A85D4410EB
:1050700007FEB603A859A81AD50D46010400500032
:105080000E38503100D4A81D84208402B623A819FC
:10509000A85A14010038DD9E46300085C9365A08EA
:1050A00003114606BA8550000F8650218160A8136F
:1050B0008401A854A855A856B602A851A852DD9E4E
:1050C0003C0DFC013C1DFC00DD5150218160A8130A
:1050D0003C0DFC033C1DFC02DD51A8143C0DFC05FD
:1050E0003C1DFC04DD51A8153C0DFC073C1DFC06D5
:1050F000DD51A8163C0DFC08B6023C0DFC09A811B8
:105100003C0DFC0AA812DD9ECA1A3C2DFB833C1DF7
:10511000FB82DD575041816CB6243C2DFB813C1D48
:10512000FB80DD57A8613C2C016A3C1C0169DD57FE
:10513000A8623C2C01683C1C0167D5193C2DFB7F03
:105140003C1DFB7EDD575041816CB6243C2DFB7D20
:105150003C1DFB7CDD57A8613C2C01663C1C0165B5
:10516000DD57A8623C2C01643C1C0163DD57EAACAE
:105170001411805EEA21C80C3C0DFB7B14008058A2
:105180003C0C0162140080593C0C0161D50B3C0DB4
:10519000FB7A140080583C0C0160140080593C0CD0
:1051A000015F1400805ADD9EC91A3C0DFC3B3C1D7A
:1051B000FC3AEA45EAC91410004B3C1DFC3D3C2D6D
:1051C000FC3CDD57EB6D3C1DFC3F3C2DFC3EDD57B0
:1051D000EB703C2DFC403C1DFC41D53DEAACEA2186
:1051E000C81ECA043C2DFB79D5033C2DFB783C0D31
:1051F000FB77EA761400804B3C1C015E3C0C015DA1
:10520000EA45EAC9EB6D3C2C015C3C1C015BDD57B7
:10521000EB703C2C015A3C1C0159D51DCA043C2D95
:10522000FB76D5033C2DFB753C0DFB74EA76140030
:10523000804B3C1C01583C0C0157EA45EAC9EB6D18
:105240003C2C01563C1C0155DD57EB703C2C0154A5
:105250003C1C0153DD5714100024DD9E46200085C0
:1052600004110060EAF29228EB4914010060DD9E0F
:10527000FC00EA52C8368386B848660001FF580031
:105280000005B8C8B8499210DD5F58000020B8C9C1
:10529000B8609210DD5F580079E0B8E0B426EB2BDF
:1052A000DD44FE0EB606B426EBCCDD44FE0E420015
:1052B0006C08B606DD425A08010B8386B949440FD3
:1052C0000000FE0FB8C9B845DD4ED5088386B84941
:1052D0009601EB1DB8C9B845EA2C14030045FC80C3
:1052E0008386B848660001FF5800001AB8C8B8495C
:1052F0009210DD5F580032C8B8C9B8609210DD5F07
:1053000058003CF0B8E0B426EB2BDD44FE0EB606A8
:10531000B426EBCCDD44FE0E42006C08B606B84560
:10532000EA2CB8C5DD425A080108040300494610BA
:1053300003409601D50604030049461001A09601DA
:10534000FE0F14030049FC80FC20EB668383BA1136
:10535000966F6621003FFE574657FFFFB991507187
:10536000813C844050528FF0860350318138E650A2
:1053700038100800E80CB5A395914048180C404837
:1053800090124010980CFE67B623D50C9915B5A75E
:1053900095214068100C406898124010900CFE77E0
:1053A000B6278C415A2820E5FCA046100085A00BAA
:1053B000EA58A80BDD9EFC404670008544604268B8
:1053C000507380B444909000B4A797694C54800700
:1053D000C6068401DD468EC1D5F8CE0349FFF478B8
:1053E000FCC046200085A0539604EB67400081A4D2
:1053F000A813DD9E46200085505100A8B405DD5459
:1054000042006808B60504008014660000E05800F9
:1054100000601400801444121004003080590040D1
:1054200080584031D008403193040040805BB4057F
:10543000403193640040805C403193840040805D43
:105440000010805A403193A4403187C44617BF00F2
:10545000FECE461840FFDD53FE0EFE1FB605DD9E54
:1054600046100085EB25EBDDEB05DD9E3C0FFCF0E7
:10547000DD9EFC6085608121FAC14063040C81805F
:105480009C8B960E802BEA3744A4000C80E0802B86
:10549000540600018049B50AEA37FE3FFE364064F3
:1054A0001812FF87B6CAFCE044250000EB58B4414F
:1054B000463FFF0FEB03FED6462000F040010202FC
:1054C000FE1FB601DD9E644304028440642304038E
:1054D00044348080462010004021040CB4A38C3852
:1054E000EAC3FE1640228812FE87B64364430403D3
:1054F000DD9E44250004EB58B441925040000A045C
:10550000B601DD9EFC01F38144300064CA044421ED
:1055100030B0D5165A2801134420FFFFDA0D44F0AD
:1055200003E840423C97FE244031840C40000C9735
:105530009061E283D50CFE2CD50444201F40FE145C
:105540004031840C40000CB69061E0A3E9028C016C
:105550009601C0038E019601F10149FFFFCCFC8149
:10556000FC018420101F800794044415000088204B
:10557000442500088802B4419694102F8007B44156
:1055800058210001B641B44058210004B640B4404F
:105590009694CAFEB441EA7EEB879604FE17B601E4
:1055A000FC81C80D8421EA38AE4044050008B420CF
:1055B000EA44B620B420964CC1FEDD9E5A08010E86
:1055C0008422EA38AE4044050018B420EA44B620EC
:1055D000B420964CC1FEDD9E5A08020E8424EA389F
:1055E000AE4044050028B420EA44B620B420964CCE
:1055F000C1FEDD9E5A08030D8428EA38AE404405FA
:105600000038B420EA44B620B420964CC1FEDD9E9A
:1056100044250000EB58B4419604EB87FE17B60111
:10562000DD9E8421C00A84225A00010884245A0085
:1056300002055A0803058428EA38AE40DD9E44047A
:105640008080B420EA47B4004200600B4000071E8F
:10565000C00DFC00EA388421AE40DD403C0DFCF07A
:10566000C0043C0DFCF0DD20FC80DD9E4404808005
:10567000B420EA47B400EAC2EAFCC021FC0084225C
:10568000EA38AE40DD40DD405A080119EA640460A2
:10569000001397B45A68010949FFDF1EC805800648
:1056A000EA9D4900147EEA4FC00684013E000D22A7
:1056B00049FFF7BF840249FFEA30FC80DD9E4424A5
:1056C000005CB4229230EA5EB602DD9E4404005CC7
:1056D000B4009601DD9E4620008504310020461767
:1056E00010FF940650108FBF9636FE5EFE0F140119
:1056F0000020DD9E44140138B401463006A0580055
:105700000200B60144040128B440EA91DD53FE8E44
:10571000FE9FB640B460EBE6DD4FFE9EB640B4405F
:10572000FE56B620B440EB95FE56B620DD9EFC40FA
:105730008120EA7C84E0EB3D84013E07F3C48007CE
:1057400049FFEA5380078027EB7F44040004B4201C
:10575000EAECDD49B62044040010B4209230DD5755
:10576000B6204404001CB420DD4CB6205A98010435
:105770008009D502800749FFF76B44240090B4628A
:10578000460F000F50100FFFFE5E463055A0FE5F23
:10579000B62244340094B423EAA158108280B62380
:1057A000B42244340138EAA158108096B622442429
:1057B0000004B422DD4CB622B443EA91DD53FE5618
:1057C00046200690FE57B6234424001CB422DD4C2C
:1057D000B62244240024B422964CC1FE44240090F6
:1057E000B422DD44FE0E46100C80FE0FB60284018A
:1057F00049FFE9FB84003E07F3C4EA7DFCC0462074
:105800000081041100149604DD49FE0F14010014F8
:10581000DD9E46200081A0559604DD49FE0FA815A7
:10582000DD9E441470085A080108B4019210DD5F2F
:1058300058007823D504B4019210DD5FB601DD9ED7
:1058400044245014B4229604DD49FE0FB602DD9EB6
:105850004424000CB4229604EA31DD5CB602DD9EDD
:1058600044051000B42084074000051EDD9E442539
:105870001000B422961766108700DD5CB602DD9E2C
:1058800044248084B4229604EA31DD5CB602DD9EB5
:1058900044251000B4229604DD49FE0FB602DD9EB9
:1058A00044251004B4229230EA5EB602DD9E44150F
:1058B000100CB401EB0AB601DD9E4415100CB401C6
:1058C000DD4EB60144151018B40196005A005AFE78
:1058D000DD9EFC604400012CDD464475100C8560A3
:1058E00044AFFF984495101810B38000FA1810A325
:1058F0008000DD46B4094465100C96005A00A5F6F8
:10590000B406EA2CB606FCE0FC00842049FFDB2E3E
:10591000FC802E17F3CC5A1801208420444234D83E
:1059200098C12E27F3E4A6D84021044096D8884495
:105930008C21AED05A1814F6EA70844196004412B5
:10594000137CEACEEA708C019600EAB9EA70960FF1
:10595000EAB98401DD9E8400DD9EFC20DD425A0808
:10596000012C2E07F34CC028840049FFF06F8400FF
:10597000445234D8446235284442137C4472138024
:10598000820084204020044098EAA6D8884696D811
:105990008C21AED05A1814F83812000096483813EB
:1059A0008008390200088C015A0804ED8400EAB925
:1059B000840149FFF04BFCA080A0401004408440CB
:1059C000D104A2E98843D5FD040000108802FE033B
:1059D000DD9EFC00842F80C0EB650413000FFE0DDC
:1059E0008420EA96FC80FC2080C15A08010949FF06
:1059F000FE6F2E17F5FDEA5E4800007C5A0811067E
:105A0000EB90B601EB00D55E5A08064C2E77F37882
:105A100049FFD7232E17EAF097F8407386044073A6
:105A20008104DD4040038304B6062F07F6F92E07F4
:105A3000F6F82E77F6F72E57F6F62E47F6F52E30B7
:105A400005402E27F6F42E17F6F32F17F5FD55080F
:105A50000001410845A496044008002497FC40003A
:105A60001C44976C40001464972496DC400010841A
:105A700040000CA4969440000964964C40000584B4
:105A80002E27F374A8312E37F3752E07F3702E17D7
:105A9000F371DD5F40000D04FE17EAA4A832FCA0FC
:105AA0005A080E13EB1E2E27F70896042E37F7041C
:105AB000B601EAEB2E17ECB8DD5F40000D04FE17CF
:105AC000EAA4A831FCA05A081C04EBD5D5125A0848
:105AD0001A0D2E07F708B6012E07F704A809EAEBFE
:105AE000A80AEB83A80BFCA05A082D052E00053F41
:105AF000B606FCA0FC00DD425A08010549FFDA06A3
:105B0000FC8049FFDA1CFC8084003E00053E843F97
:105B100084003C0FFCF23C1BF57E441186A03C1F28
:105B2000FA9B3E07F350DD9EFC008401EBE7840105
:105B3000EBF58400EBB1840049FFE6C4FC80FC0077
:105B400049FFE6B649FFFFF2FC80FC01B61F840165
:105B5000F181EBB1F001B43F844149FFDEE68421DD
:105B6000B45F4400008349FFE6B58400EBE7840F8F
:105B7000EBF5840149FFE6BE49FFFFE3FC81FC0130
:105B8000F0818401EBB1840049FFE69C8400F101BF
:105B9000804049FFDECAEAF3A688A6C9A60AA64B3A
:105BA000DD5F40000D04FE17EAA48440F10149FFC7
:105BB000E6918400EBE7840FEBF5840149FFE69A58
:105BC00049FFFFBFFC81FC008400EA9B8401EABB23
:105BD000FC80FC0080C0DD425A0801195A680105AA
:105BE000EBFC5A0001FF8401EB89EB8FEA9BEAF39F
:105BF0008401442FFFA3EACE8C015A0826FEFA1531
:105C0000EABB49FFFFE28400EB89FC80FC0080C016
:105C1000EB8FCE0784213E17F3C7EA9BFA0FD5031B
:105C2000EA9BFA0B3E07F3F5440000623E07F3F6E9
:105C3000FA003E07F3F7FA083E07F3F88405EABBDB
:105C40005A68020649FFFFC18400EB89FC80FC40D2
:105C500080E0840080C281418123EA68EB8FEA9B67
:105C6000FA153E07F3F596303E07F3F64003200998
:105C700092D0960097B03E07F3F742751C243E671A
:105C8000F3F884A0EAF39C2DD70638249400EACEDA
:105C90008CA1D5FAEABB8402EA68FCC0FC2180E052
:105CA00080C1F2815A08010EDD425A080104480001
:105CB00000E9A43049FFFD05A6323E07F5FDFCA131
:105CC0005A081123DD42B446A0715A08011796D430
:105CD000CB052E27F3E8400188069600964CEBF999
:105CE000C904EB00E220D50285E1541780FF3E177E
:105CF000F37CFA01480000C39694964C3E27F3E8E3
:105D00003E17F37CFCA15A08064BDD425A080104F9
:105D1000480000B8B4069640920896003E17F37803
:105D200049FFD598B406A67292183E17EAF0EB8C9C
:105D3000A03196443E17F6F94210040B3E17F6F8D0
:105D40004210080B3E17F6F742100C0B3E17F6F602
:105D50004210100B3E17F6F54210140B3E10054092
:105D600042102C0B3E17F6F44210300B920D9600A9
:105D70003E17F6F33E07F5FDA03296403E17F3744A
:105D80004010200996483E17F37540104009964888
:105D900092183E17F3703E07F371FCA15A080E24C7
:105DA000DD42B4265A08010D968CCA052E17F36AF7
:105DB0004001040696003E07F36A840ED55FA031C9
:105DC000964C3E17F36A96403E17F708401020099C
:105DD00096483E17F7044010400996483E17F705CD
:105DE0009218D5428E0CE602E80EDD425A08014AAE
:105DF0005A700C0384003C0FFCFB84248401442271
:105E0000141CD50A5A781B0CDD425A08013B840544
:105E10008424442214008062EB6EFCA15A781C1189
:105E2000DD42B4265A080109EBD5882096493C1B6F
:105E3000F9F38007D52396493C1BF9F3FCA15A7866
:105E40001D04DD42FCA15A781A12DD425A00011AE3
:105E5000A6303E07F708A6343E07F7040003000803
:105E6000EAD40003000CDD52FCA15A782D0BDD4270
:105E70005A080108A630EB61FA1DF10149FFFDB592
:105E8000FCA1FC00EAF3442FFF82AE88FA55AE89EC
:105E90009680AE8A40202009921096909600AE8B94
:105EA000AE0C8405EABBFC80FC02F0818400F18228
:105EB000F283EA68F00249FFFFE6F001F103844251
:105EC00049FFFE458402EA68FC82FC00DD4280C096
:105ED0005A080113840049FFE4DF840049FFE4D33A
:105EE00049FFFE24840049FFFD11800649FFDCCBF9
:105EF00049FFDCD1D50B840149FFE5044404801936
:105F00008421AE40840149FFFD0149FFD840FC8057
:105F1000FC00EBA042002C0BFC80FC00EBA0EB197A
:105F2000FC8004508010D808FC00800149FFFD531C
:105F30008420EA96FC808401DD9E50107FF1E622E9
:105F4000E9048E1FEB47DD9E5A080F0BEB1E5A002B
:105F5000010A2E07F3C684208E01EA96DD9E840195
:105F6000DD9E8400DD9E5A001B078E06842196006C
:105F7000EA96DD9E8400DD9E3C1DFCF25A10011560
:105F80005A000F065A002C045A082E082E17F37CCC
:105F9000840040000406DD9E5CF00034E9073C0DFF
:105FA000FCFBEB47DD9E8001DD9E8400DD9EFC4610
:105FB00084C080E1F08B8122B67FF4838403802645
:105FC00080468461808680A6F681F682EBCE8402CC
:105FD000B6FF84E18026F082F084F20B84038066B1
:105FE000808780A6F781F683F785F786F787149F69
:105FF0008008F68949000570800649FFDB54800758
:10600000842349FFDAD249FFDB4BC0FE840349FFFA
:10601000DC1BFCC6FC42814049000C3780E0490093
:106020000C373C93F4F35AA81007EB3E80E0EB40AA
:1060300080C0D50B5AA81F07EB3E80E03C6C05845E
:10604000D50480C05AA028044490032049FFD6F10B
:10605000E6014013BCA0804944300040FA8080062D
:1060600049FFFFA78400EA68800649FFFF0C84010E
:1060700084C049FFDBE944A00040FB3084018086F6
:1060800080A6806080268046B75FF681F682149FE6
:106090008003EBCE49FFD6CDE2C04013BCA08442C2
:1060A0004400064049FFFD538402EA68B75FF68169
:1060B000F682149F80038401802680468066808655
:1060C00080A6EBCEFCC2FC403C1DFCF25A18010A33
:1060D0005A0006053E17F36AFCC084203C1FFCF200
:1060E00080C084E0EBFCEB085A980108CFFC8027C5
:1060F000FA04EA5480E9D5F78006EB7D3C6E056230
:1061000049FFFC73842FEBD3EB653C0E0561DD4248
:1061100081205A080166FA04441000C8EA97FA047C
:106120008029EA545A780105FA048027EA54800647
:1061300049FFFF244E03008C49FFFEECC0F94400E8
:106140000044EB7D442235BC49FFFEB0800644127A
:1061500035BC49FFFEE880E0C004840ADD46D5E88E
:10616000440040008421EA4D8006441235BC44229C
:1061700035783C7E056249FFFD93EBD3842FEB65B8
:106180003C0E0561800649FFFEDA5A0801058006CB
:1061900049FFFF4244223578FA0184248062EB6E85
:1061A00084E049FFFEB75A08010D3C1DFCF25A106D
:1061B000014F5CF383E8E8EF8CE197F9DD46D5F217
:1061C000FA048420EA545A680C0549000C41D505AC
:1061D0005A68200449000C5E44004000D515EABF0F
:1061E000C0058006EB725A000133EAA38421EA4D10
:1061F000D503EABFC80C3C5C0562DE0E800649FF91
:10620000FEBDC0F8EAA38420EA4DFCC08006EB7214
:106210005A0801F3D5F8EBD349FFFBDDC806EB7D47
:106220008006804149FFFD3CEAA38420EA4D49FFF6
:10623000FE765A08010D3C0DFCF25A0001E5EABF5A
:10624000C0F78006EB725A0801F4D5DDFCC0FC00F3
:106250008400DD4BDD425A080107490003698408C8
:10626000DD4DD5058408DD4D49000362FA1DDD4D85
:10627000FC804E0700149E41401084354010845528
:106280004010849540108515401086158C2184009F
:106290009221C1038C01D5FDDD9E8400DD9E8080AE
:1062A00084409AE096D8E261E80808320001E26290
:1062B00040313C1B8043D5F69C119600DD9EFC408E
:1062C00051FFFBE044200400812080E1B0088420DD
:1062D000DD43B1814420BEA03B01440480063B0065
:1062E0004424A450AC40FA408420B004DD43842010
:1062F0004E930007842AEA4249FFFFD3802084603E
:10630000866344920B3C45220B30971840424C97D1
:1063100039030C00B00840A4C04041101100844073
:106320009610E201E80DB40A38588A0238000901D3
:10633000EA5A4000154038088A0A8C41D5F23829BB
:106340004000B004380012028A47969F4021014065
:106350008C61B0043820120A5A380AD9B008442097
:10636000006C49FFDB57B0044410006C49FFDB842C
:1063700051FF8420FCC04412020038108101440007
:1063800000325CF081918E21E8064000805640008A
:106390000880D507400080365210803140000480CC
:1063A0009601DD9E8420EB3F141000DDEB320400EB
:1063B000803666007F7F14008036DD9EFC6284C0DC
:1063C000814080038161F481F683EA71F083F001FA
:1063D00049FFEBC38180F003F08384E098B74091DC
:1063E00000138009967849FFFFC880404EA2000A3A
:1063F000F10338060101381089018A0138052509A1
:106400004EB20006F003EB333805A5098CE15A784B
:1064100010E78CD097B15A6B20E2FCE2FC4184C0BB
:106420008120800280E1F681EA71F081F001F08143
:1064300080469651E227E807F001EB3338048909DA
:106440008C41D5F8FCC1FC4184C0812180E0F681FB
:10645000EAC4EA71F081F20150210640F2818046DF
:106460009611E209E807F001EB33380389098C4102
:10647000D5F8800749001C88FCC1FC4184C08120FC
:10648000800280E1F681EA71F081F001F0818046BE
:106490009651E227E808F0013814891138100909EB
:1064A0008C41D5F7FCC1FC20453080004122040915
:1064B000C02A2A5100012B1080014052C008410817
:1064C000C0088AB080D242619473405310B64272C1
:1064D00080034063C00ACE0F407880134E560007F9
:1064E000E2C5525780009769D50284A188A712504F
:1064F000FFFFD5068985899391901300FFFF8E01D8
:106500009601D5D7FCA02E17EA38880196015410C1
:106510000003C1048C048A019601DD9EFC602F10EB
:106520000D21864A5B180107440003FF3C0BF5145C
:1065300082513C53F5103C23F5112EF7EA373C838A
:10654000F5123C33F5133C63F5143D03F5162E07A5
:10655000EA322E77EA342EA7EA353CB3F5182F3706
:10656000EA362E97EA2EC12C9AAA445000344241B2
:106570001424886640223C018870524900018860DA
:106580008E54422410738867886A8A434035C0005D
:1065900088608867887352490002422190734045A1
:1065A000A4008890888088E480624023CC009A9A76
:1065B000402148574001041792019600D5028001FE
:1065C0005B180106441001043C1BF514FCE0FC04BC
:1065D00044120B003B00D000B00344120B143B00EC
:1065E0005020807F3B00C4043B01C424A708AF189F
:1065F000A649AE592E17EA3C38000400380F800037
:106600008C019600FC84EADFDD9E3E07F6F0DD9EFD
:10661000FC0044620A0044020C8849FFE1E50013D3
:10662000006D00230071003300700043006E0053C2
:10663000006F840149FFE188840149FFE1B18400D2
:1066400049FFE5600003006C3E07F6F0FC80FC00AB
:106650009442541080FCEA42EB37FC80FC0080C07E
:106660009401540000FE49FFE53C8006842049FF68
:10667000E553800649FFE573FC80FC4180E0DD4086
:10668000B61F49001C842E47F6F044920AD8446293
:106690000B00F08184008049806680A4802049FF3F
:1066A000E1CA2E17F6F0840038148501EA5F2E1730
:1066B000F6F0840438148501EA5FEADF84203803A9
:1066C0000000DD47EADF842338030000DD47DD40BA
:1066D0005A00010484C1D51EEADFC8FDDD4580C033
:1066E000C8FAEAAA5A08FFF88046EA4238100800B9
:1066F0009790E622E8058C415A280AFA80C2800663
:106700008420DD4780068422DD4780068423DD4720
:1067100084C08400802749FFFFA3CF04EA4280277A
:10672000EB378007EBE9DD405A080110F001B43F78
:10673000804649FFF395F001B43F8046EBC8F00175
:10674000B43F804649FFF532FCC1FC558140DD4035
:10675000F081F1018400EA8B44220CC04EA30015A5
:10676000B1E0EB0CB196802AFA588007EABEDD430F
:10677000DD405A08012644020C98442216D0EA361D
:10678000EABEEB0CD51CB1CCEB0CB1828420FA58DC
:106790008007EABEDD43DD405A080113B09644305D
:1067A000BEAC509F80803B01E40080093B01642027
:1067B0008420FA58EABEDD433B04E400EBBF8006C8
:1067C000DD5D8007EA958400EA85800AEB7EEAB108
:1067D000EB248402EB56800A490009EDFCD52E0714
:1067E000F6FBDD9E3E07F6FBDD9E2E07F6FADD9EEC
:1067F000DD9EFC20441000BE8441840BEA3280C040
:106800004410003F84028441EA3280E0DD425A08AD
:10681000010B97FCCF0897AEC60649FFD66D80C026
:10682000840AC6062E67F37B97B0CE04840BDD592D
:10683000D505840049FFF30384C18006FCA0FC0059
:1068400049FFE163FC80FC002E67F6F24400010082
:1068500097B08420CE14802649FFDA7F3C6FFDBFBD
:106860003C0DFDBF5CF005B4E8073C0DFDBF8C019D
:106870003C0FFDBFD5F644000100842149FFDA6DCD
:10688000FC80FC00441217508060844080C1E67098
:10689000E931A748A7098E708885A74A96D98885C7
:1068A000A74B8C3088850050FFF488850050FFF599
:1068B00088850050FFF688850050FFF788850050D6
:1068C000FFF888850050FFF988850050FFFA888519
:1068D0000050FFFB88850050FFFC88850050FFFDBD
:1068E00088850050FFFE88850050FFFF888588441A
:1068F000D5CF40101009401304805450000F44308D
:10690000FFFF9E299741D304EAC08840D5FBFE12C1
:106910009600FC8044321750E222E8083840040018
:10692000384184088C219648D5F8DD9EFC0384000C
:10693000EB6FEA28100F8015EB68EAA02E17F70816
:106940005A100104480000688402EAA03C53FB830B
:10695000DD50D0053C03FB839601EAA0000F8015B3
:106960005A080105EAEB4E0200B649FFCE3B49FF4B
:10697000EFF2EB6F006F801497B4CE0B2E07F70089
:106980005A080108EBEBDD4E49FFEF7D3E67F7004B
:1069900049FFF00C49FFFF55840049FFF73284009E
:1069A00049FFF739840049FFF73E846184403C0386
:1069B000F53C8427EA558400842149001D4B84015D
:1069C0008020EA888400EB8C8400EA9C8400EA2A18
:1069D000EBB88400EB6CDD45EA5BDD45F081EA3421
:1069E000F082EA2FF083F102F001F203EA24EACB0D
:1069F000DD4280C04E03006FFA01EA2BEA284E0305
:106A0000006A8401EA2B8CC1020F800B97B1E20669
:106A1000E8F6D55E2E17F7085A18025DEAA03C5337
:106A2000FB83DD50D0053C03FB839601EAA0000FF9
:106A30008015C803EAEBC04E49FFCDD349FFEB9E5A
:106A400049FFEF89EB6FEBEB9604C009EBEB5400C9
:106A500000FE49FFEF1884013E07F70049FFEFC72A
:106A60008401EB8C84028020490018FE8401EA9C9A
:106A70008400EA2A8401EBB8EB6C844180623C0319
:106A8000F5408420EA5584218400EA88840149FF86
:106A9000F5CA8401802049001CDDDD45EA5BDD4547
:106AA000F081EA34F082EA2FF083F102F001F20380
:106AB000EA24EACBDD42C80E80C0EA28C00B84017C
:106AC000EA2B8CC1020F800B97B1E206E8F7840134
:106AD000EB61FC83FC05F60EB6DF006F803CF681AF
:106AE000226F8020F682226F8022F683226F80241C
:106AF000F684006F804CF685006F8050F686006F3C
:106B00008054F687F616F688006F805CF689EBA94C
:106B1000FC85FC05DD4280805A080117440224DC14
:106B20008460B61F44000090F088F481F382F38300
:106B3000F484F385F386F387F3898404842544265B
:106B4000200880A3EBA9FC85FC05DD4280805A0863
:106B50000117440620048460B61F44000D89F088A4
:106B6000F481F482F383F384F385F386F387F38966
:106B7000840584244422175180A3EBA9FC85FC00E2
:106B800049FFD57B49FFFFE24402175044100079CA
:106B9000AE41441FFF84AE428439AE43FC80FC20EA
:106BA0004436200444721750A6B8B42380C0EA29A2
:106BB000FE57B62349FFFE67380398089C319601BB
:106BC00049FFDCB98405EA90FCA0FC00EA27842197
:106BD000EA39FC80FC0049FFFFFA8405DD4649FFE5
:106BE000FE34FC80FC402E07F3CCC8044472140031
:106BF000D503447224DC442620042E17F720B40267
:106C0000EACCFE0FB602A63896004E020209842195
:106C10003E100D245A08200944020DF08420844EB1
:106C2000EA2D852EEA3E5A08210544020DE4D518C6
:106C30005A08220544020DE0D5055A0823094402EA
:106C40000DDC84208444EA2D8524EA3E5A0824057C
:106C500044020DD4D5205A08270944020DC88420C7
:106C60008449EA2D8529EA3E5A08280944020DB4D0
:106C70008420FA41EA2DFB21EA3E5A082909440200
:106C80000DAC84208446EA2D8526EA3E5A082A095E
:106C900044020DA484208445EA2D8525EA3E5A0845
:106CA0002D03EA4B5A082E0B44020CEC8420FA44C4
:106CB000EA2D8401EACFFB24EA3E5A082F0D440254
:106CC0000D44842044200060EA2D8401EACF4490E2
:106CD0000060EA3E5A08370944020D40842084428D
:106CE000EA2D480001885A08380FEAA98521440294
:106CF00017508420381024088D215A9813FD8401E0
:106D0000EACFEA3E5A086218A6399780CE03800679
:106D1000D50FA7B997B05A680107800649FFD83444
:106D20004800007BA63996005A000203EAB749FFE3
:106D3000D82BEA4B5A08D110800749FFF5EC5A08C6
:106D40000103EA4B8461A639FA2FA6BA80A3A73BB8
:106D5000DD56EA4B5A08D20B440FFFD2EAA9A639F6
:106D60008441A67AEA32480001445A08F308EB83CA
:106D700085219600EAA9480001445A080114A63961
:106D80005A001B03EAB7A63A9600C8043E07F6F27B
:106D9000EA4BA7BA97B05A600103EAB73E67F6F22A
:106DA000D53B5A080F2AA7B997B05A68010BEAA930
:106DB0003E67F721EA283E07F72285234800012293
:106DC000A6395A000203EAB7800749FFF5A480C03C
:106DD0005A080105DD5BDD52D51FA63B96003E0734
:106DE000F708A63CA67DDD5C3C0BFB8384013E07D7
:106DF000F7044800007A5A086124A6399780CE0526
:106E0000EA278026EA39EA4BA7B997B05A68010801
:106E1000EA278026EA398520480000F4A6395A007E
:106E20000203EAB7A67A8405FE0CC802EAFB3C0B13
:106E3000FB81DD5BDD5284093E00053CEA4B5A00D4
:106E4000F104480000C284004422173C9878A64808
:106E50004442173C9648381100088C015A080FF834
:106E60008401EACFA639A77A960096684050200898
:106E70005A0010125A0008105A00010E9E84E64271
:106E8000E90A50207FCEE643E9068E1CE603E903BB
:106E9000FF4FD50297692E07F3CC5A080129440009
:106EA00030004C50007844003A004C50007F840081
:106EB000443234D82E17F3E43822000040108040CA
:106EC000969088238C01AE885A080FF6EA708441A8
:106ED00096004412137CEACEEA708C019600EAB95F
:106EE000EA70960FEAB9DD5BDD52EA4B44001D0003
:106EF000D03E5CF29D01E81B44000500D0305CF2FE
:106F00008501E80B5A510028440004004C5040759C
:106F1000DD5BDD528402EA48EAA3D02544001C0070
:106F20004C50406BDD5BDD528401D52444003200BF
:106F3000D0295CF2B201E80844001E00D01F4400D2
:106F40003000D85AD52744003300D02044003A00FE
:106F5000D02CD552DD5BDD528401EA48DD5BDD5289
:106F60008403EA48DD5BDD528404EA48DD5BDD52E0
:106F700084003E000D1F8405EA48DD5BDD52840677
:106F8000EA48DD5BDD528407EA48DD5BDD528408B8
:106F9000EA48DD4280C05A08013044020D188420BE
:106FA000FA58EA2DFB38D52DDD4280C05A0801255C
:106FB00044020D008420FA48EA2D49FFFB0A3E07EF
:106FC000F72EFB28D51E5A08F70FA63996005A0847
:106FD00002178437EBF83E07F72184003E07F722BB
:106FE0008523D50B5A08FD0C841DEAA984013E07B0
:106FF000F7218522D502852084C1D503852080C94B
:10700000DD425A0801094E920007800949FFFDC977
:1070100049FFDA8D84003E67F36EAE38FCC0FC0099
:1070200049FFDAA9C008EB63C00549FFD6A6EB47C4
:10703000D50284019600FC80FC0049FFDA98FC80B0
:10704000FC00EB3E84213E17F7018432EBF82E1052
:107050000D1E442217505A1801078434EBF884207F
:107060003E100D1E84A044300C8080802A10000148
:107070009DA990289648381118088CA2A66038114E
:107080001408DBF444000C8149FFFD8BFC80FC00FC
:10709000EB835A085204EBCFDD522E07F70496001B
:1070A0005A08011EEAD449FFF8D4DD40C80349FF5D
:1070B000E954DD405A08010449FFE93B84003E07DA
:1070C000F704EAD42E10053F5A1801084410005066
:1070D0003E17ECB8EB61D503EBCFDD522E00053C3B
:1070E0005A08010549001423D51E5A080205490013
:1070F0000D7CD5199E43E622E804490014BAD51345
:107100009E45E622E80449000FDED50D9E47E622A3
:10711000E804490012CCD5075A0809093C03FB8151
:1071200049000A4084003E00053CFC80C0085A0823
:10713000020F440236004410BED4D5054402360086
:107140004410BEEC3B00D4003B005420DD9EFC000C
:107150008401842184C03E07ECB984003E60053D73
:1071600049FFFFE684003E67F6F23C0BFB8E49FFC9
:10717000FD08840049FFE47249FFFCCDFC80FC005F
:10718000DD425A08013C2E07ECBD44620CEC66104F
:1071900000013E17ECBDEA9AB4214210C80BC904A5
:1071A000EBDF3E07ECBD840844123618988849FF8F
:1071B000F67D4422361844120CEC8406A6D0AECAE2
:1071C0008E01003100081030800896000031001058
:1071D0001030800E8C418C21C8F22E17ECBD443249
:1071E0000D44661080403E17ECBD984338230000E4
:1071F0008C01102080475A0814FAFC80FC6051FF73
:10720000F92050BF80608420FA50800BDD43842039
:10721000EA50B028DD434410BF083B00DC004400C6
:10722000BF28509F80803B04DC204470BF383B0067
:107230004C0050AF80243B0FCC20B184EBEA84207B
:10724000FA44800A3B035020819FDD43DD405A0809
:107250000110EBEAB04EB1D33B00D0203B035020ED
:1072600080078420FA44DD43EBEA3B05502084008C
:10727000EA3F8420380304005A0004059E81E64258
:10728000E80638258202CA033805820A8C215A187A
:1072900014F38420380504005A0004059E81E64258
:1072A000E80638258202CA033805820A8C215A185A
:1072B00014F346A0294046801EF084C050A50294D5
:1072C000508401EF38159A02C123387619019E893E
:1072D00092E184005C21000296C1E267E80D5A1831
:1072E0000406B0E83881820AD505C204B0E838A1A6
:1072F000820A8C01D5F238D49A01EBCB44100258A3
:1073000042D004738047802DB0289649EAD98CC1B9
:107310005A6808DA8401EA3F51FF86E0FCE0FC008D
:1073200084C03E67F38049FFD4EE3E67F37FFC8064
:10733000FC00004F80145A4004082E40161CC4075D
:1073400044500425D506445002BFD50344500324BD
:107350004042840950F22000E00FE806526220000B
:10736000E0C0E929D51744F0400040F7945DE00FF4
:10737000E90584C1AF988461D5028460CA045000D5
:107380006000D517520020008A04404014969722CE
:10739000D51440628809E0C0E90584C1AF988461D2
:1073A000D5028460CA0450006000D5EF520020006E
:1073B0008804D5EC84608083966788245A38010855
:1073C00084044042009688819722D502970AFA0FDA
:1073D000424200018400420200009600FC80FC60F2
:1073E00051FFF8B0F388F186F287818050BF80B0FA
:1073F00049FFD48DF0848420FA50800B509F811077
:10740000DD438420EA508009DD434400BF083B008F
:107410005C00B0343B005C204400BF4C3B005C008F
:107420004410BF2850AF80F03B055C20B0143B00F7
:10743000CC003B004C204400BF6C3B004400448027
:10744000BF38B01250DF80743B004420B1D83B04F9
:1074500050008420FA44800DEB6ADD43DD405A0879
:1074600001123B045000B062508F809C3B00D02042
:10747000EB6A80088420FA44DD433B0450003B065D
:10748000D02084C044E22D40388398005A800406FE
:1074900050047FFFE602E80E3805A202C80B38054B
:1074A000220241C0040838073000EA71881C380500
:1074B000A20A8CC15A6814EA84C0387698005A70BF
:1074C00004059E39E602E80D38059E02C80A380513
:1074D0001E0240800408EAC4EA71880838059E0A42
:1074E0008CC15A6814EC842550760002FFCC42A669
:1074F00004249C3EF083F203FA0FEB3A4000280C80
:10750000FE93FE03F28CF08E87803885F2024E8265
:10751000009DEA73EB0DE602E9055BC8040487856C
:10752000D5F5B01238007000F085B03438607201C3
:10753000EBCB4420025842600873B014382071012C
:1075400096718009924149FFCC00F00584C040D07B
:10755000040840068013F08A540E00FFF089E0CD45
:10756000E86444000032FE34F08B400698018E013E
:1075700044100032FE0C40E300139601F08DF0053C
:1075800084E0E2C014FF800FF00FC020F00BF20384
:107590008807414000133814D202F00CF306EB14B4
:1075A0004010880DF20838043911B65FF209F281F3
:1075B0009667F204F40780AC154F8011155F8010B8
:1075C00049FFFEB8F103EAC3D51EF00DF2088807A3
:1075D000414000133814D202F00EF306EB143804C5
:1075E00039114010A80DB65FF209F2819667F204D6
:1075F000F40780AC154F8011155F801049FFFE9A8B
:107600004000280C055F8010054F80114000540495
:107610003804D20AF00A8CE1880E40E000135A7850
:1076200032B59C319780D59CB03438807201EBCB59
:107630004420025842800873B0143820710140146D
:10764000001380099241EAD951CE00015BC00804C1
:1076500048FFFF5D51FF8750FCE0FC004402E93029
:1076600049FFE2944402F24049FFE29944030320B7
:1076700049FFE2B644030AF049FFE2BB8400EBACE9
:10768000EAB1EB24EAB149FFE29B840049FFE2BA88
:10769000EAB149FFE2C1FC80FC0A4400BF74EA364B
:1076A0008420FA58B00A3B0FE420DD43801FDD5DE3
:1076B000B00A80DFEA95FC8AFC024410BFA03B00C0
:1076C000CC00801F3B0FCC2049FFDB9DFC82FC00DF
:1076D000840849FFE2AB840149FFE2B1FC80FC0071
:1076E000DD4080C0C81349FFCCFA800649FFCD00B9
:1076F000800649FFCD06800649FFCD0C800649FF74
:10770000CD124400016E49FFCD17FC80FC0080C003
:10771000C817DD40C80D2E07F14CEA512E07F15273
:10772000EA662E07F14DEA692E07F153D534840934
:10773000EA51840AEA66EA78EA698006D52C5A0892
:107740000514DD40C80D2E07F150EA512E07F15601
:10775000EA662E07F151EA692E07F157D51C84001D
:10776000EA518401D5145A080719DD40C80D2E07C7
:10777000F14EEA512E07F154EA662E07F14FEA69FD
:107780002E07F155D5088409EA518409EA66EA789A
:10779000EA69840049FFCD05FC80FC00C803840928
:1077A000D50284008C01EB1FFC80FC0080C0C0046B
:1077B0005A00010EFC8049FFF045EBC284013E6790
:1077C000F37BEB26EA53EBE98006D51D49FFF03A3F
:1077D0008400EB26840049FFCC823C03F50C49FF72
:1077E000CC873C03F50D49FFCC8C3C03F50E49FFDB
:1077F000CC913C03F50F49FFCC964400016E49FF44
:10780000CC9B8400EAB6FC80FC008400EB928401EF
:10781000EAD38400EB12FC80FC008401EB9284002C
:10782000EAD38400EB12FC80FC008400EB9284001D
:10783000EAD38400EB12FC80FC005A0002095A00D3
:10784000030A5A08010A49FFFFE1FC8049FFFFE6ED
:10785000FC8049FFFFEBFC80FC00EA813C6DFBF102
:107860005A0801054900077BFC80EAC480603E009D
:107870000D0C441226FC8006442003202E4006C92D
:1078800049FFF59EFC803C0DFBF3DD9E3C0DFBF1BA
:10789000DD9E3C0DFBF2DD9E440226FCDD9EFC00DD
:1078A00049FFD224FC80FC008400EB3BFC80FC0000
:1078B0008401EB3BFC80FC00C80949FFFFF6EBD9D3
:1078C0003C1DFC82EA56EB9CD50849FFFFF24402BE
:1078D000123CEB54EA56EB88EB13EAC8FC80FC0040
:1078E000C80FDD40C8074402118AEA404402119ED5
:1078F000D52644020F2CEA40440226C4D5205A085B
:107900000410DD40C807440211B2EA40440211C627
:10791000D51644020F18EA40440226B0D5105A0882
:107920000511DD40C807440211DAEA40440211EEB5
:10793000D50644020F04EA404402269C49FFCB8945
:10794000FC80EA53DD9E2E0006C9DD9E2E0006C88F
:10795000DD9E3E0006C8DD9EFC0049FFC9B7EA5D1A
:107960005A00010B84018420DD5A84018020DD5AF5
:1079700084018422DD5AFC80FC01F08180C28001F8
:10798000EADCCE0B8403EAEA840349FFD848F0011D
:10799000842149FFF496FC818402EAEAF001842103
:1079A0008440846249FFD093FC81FC008400EA2A71
:1079B000840084203E0006C93E0006C88041EA5388
:1079C000EA24FC80FC00EB15EA53EA5B8400EA2A17
:1079D000EA5384202E2006C8EA2449FFFF17FC80C2
:1079E000FC21F08180E2800180C3EADC5A78011238
:1079F0005A6802088006EAEAF00184208047D5062A
:107A00008402EAEAF00180278440806649FFD05F63
:107A1000FCA1FC00446061A849FFE19949FFDD5BDE
:107A2000C006C6068401DD468EC1D5F9CE0349FFE6
:107A3000E14F49FFE18CFC80FC0080C03E07EFC0B5
:107A40004900150B800649FFCBBAFC80FC41DD40A4
:107A500080C0C81E49FFE364F0818006EB0FEA9FF7
:107A6000EB8EAE40FAD180E08121EA3AB400EB1906
:107A7000C80DC60CEBFC5A08010610938000FAD121
:107A8000D5FA8401EA2B8EC1D5F1F001EB0FFCC1D0
:107A9000FC01DD4080C0C80A49FFE342F081800656
:107AA000EB0F49FFDEFFF001EB0FFC81FC0080C013
:107AB0005A08011E2E07EAA43E07EAA584003E07E5
:107AC000EAFAEAA249FFDBDD840CDD4D800649FFBE
:107AD000EC8A49FFD9228006EB1649FFE8FBEACD84
:107AE000DD408020C8188006EB01FC80840DDD4D50
:107AF0008400EB1684008020EB018401DD4649FF01
:107B0000FF8AEAA249FFEC5949FFEC5184013E0784
:107B1000EAFAEBD2FC80FC22B61F8400100F800F23
:107B20008400F181EA3F842084418061EA53EBCDF7
:107B30008400EA988401DD4B84C044722D402E07F6
:107B4000F37FC8052E0005405A0801FBEAA2560340
:107B50000001EA9849FFFF5FEB27EAC43803980861
:107B60005A60010484C1D5EC8400DD4B8400501FB1
:107B7000800FB45FF30149FFFC34501F800FB45FE6
:107B8000F301800649FFFC2D8006EA3F000F800FBD
:107B9000EBF9FA01DD4DEB90100F800FDD5E9604DE
:107BA000C003106F800F000F800FFCA2FC00EA5F83
:107BB000FC80FC0080C03E0006CA49FFFE7E8006B5
:107BC000EBE9FC80FC0049FFC914FC80FC148040F8
:107BD00080C1C943C82B3C0DFB15B61F3C0DFB14DF
:107BE000F08144000101F08244000202F08344006D
:107BF0000404F08444000808F08544001010F08666
:107C000044002020F08744004040F08844008080F9
:107C1000F089F28AF28BF28CF28DF28EF28FF29072
:107C2000F291F292F293B014D54E5A08010A801FD5
:107C3000EB44DD43DD50B61F8026B014D5445A080E
:107C4000025A4420BFB0801F3B01640480DFEA80F9
:107C5000EB0CEA82B014D547C82C3C0DFB15B61FBF
:107C60003C0DFB14F08144000101F082440002024B
:107C7000F08344000404F08444000808F0854400C4
:107C80001010F08644002020F08744004040F08827
:107C900044008080F089F28AF28BF28CF28DF28EB1
:107CA000F28FF290F291F292F293B0148022D50BFF
:107CB0005A08010E8420801FEB44DD43DD50B61FBF
:107CC0008420B014EB44DD43801FD5105A08021302
:107CD0004410BFB0801FEAC580DFEA80EA638420D9
:107CE000EA82B014EB44DD438006EB04B01449FF94
:107CF000D86CFC94FC01DD40F081F1018401EA8B39
:107D0000FC81FC01DD40F081F1018400EA8BFC8103
:107D1000FC2B4400C000EA36B1C24400C028EBBFCF
:107D2000B18CEA368400EABE49FFCFAF840049FF38
:107D3000CFBA49FFFC9449FFFCB1EB4B49FFFCBEB5
:107D400049FFFCC7EA618400EA20EBEDEA49F081D3
:107D5000F1018400EA5FEA618402EA20EBEDEA497E
:107D6000F081F1018402EA5FEA618404EA20EBED2C
:107D7000EA49F081F1018404EA5F84008020EA8707
:107D800084028420EA8784038420EA8744420A002C
:107D90000012008000220081003200820202002BCB
:107DA0000042008349FFC6528007EACA8006EAC142
:107DB000840149FFCA14840049FFFEFD49FFDA34FB
:107DC0003E0006CAFCABFC218400EBA164730402F4
:107DD000EBE1EBB5FE3EDD588400EA858400EA2A3B
:107DE0008400EAB6EB4BDD40C811EA535A0801089B
:107DF0004402123CEB54EA56EB88D506EBD93C1D05
:107E0000FC82EA56EB9CEB13EAC8DD40C80744024B
:107E10000CC0DD5D440216F8D50644020C98DD5D09
:107E2000440216D0EA95DD40F081F1018400EAB504
:107E30008400EB12DD40EADE8401EB1CDD405A08D1
:107E4000011DEA6AC81A2E6006CACE17EAAA5A08A5
:107E5000FF158026EA42EB8B9788E642E8058C21E5
:107E60005A180AFB80C180068420DD4780068422E0
:107E7000DD4780068423DD47EB3DFCA1FC21840225
:107E8000EBA164730402EBE1EBB5FE3EDD58840424
:107E9000EA858407EA2A8400EAB6DD40F081F10130
:107EA0008402EA8BDD40C811EA535A0801084402F3
:107EB000123CEB54EA56EB88D506EBD93C1DFC820C
:107EC000EA56EB9CEB13EAC8DD40C80744020EDC1F
:107ED000DD5D44022674D50644020EB4DD5D440225
:107EE000264CEA95DD40F081F1018402EAB5EB15FC
:107EF000DD40EADE8401EB1CDD405A08011DEA6A20
:107F0000C81A2E6006CACE17EAAA5A08FF1580269C
:107F1000EA42EB8B9788E642E8058C215A180AFB67
:107F200080C180068420DD4780068422DD478006EC
:107F30008423DD47EB3DFCA1FC00EB15EA3D5A082C
:107F4000010449FFFF9D49FFF95B84C0800684203E
:107F500049FFFDE35A0801078CC197B05A6806F83B
:107F6000D502C6FBEB28FC80FC00DD4280C05A082D
:107F7000011784028026EB8D44008000EA4D440006
:107F800000C8DD46842044008000EA4D8400EB8D6B
:107F900049FFE332EACD80068026EB01FC80FC003D
:107FA000DD425A0801082E17F3C7C904EB8D49FFBB
:107FB000FFDDFC80FC408520452202004510003298
:107FC0004530200084C040432400976138391501B2
:107FD0005CF181918E614071C496E9035242003197
:107FE00097204031C4764031908096D994D9410091
:107FF0000C00886122480000227180009BE740410C
:1080000014202252000042738003E0A7E802ADE092
:1080100022F800005EF7BFC1E80622F180005EF79B
:10802000BFC1E903133200008CC197B15A6810CD6B
:1080300050348010409180135A9B20C6FCC0FC0035
:108040002E07F37FC8092E0005405A00010649009B
:108050001218EAFFC0F6FC80FC00EAA249FFFFF11B
:1080600084003E07F37FFC80FC00FA01441000B757
:108070008441EA323E000D1DFC80EA46DD9E2E075B
:10808000F3315A00031DFC00EA4EFA10DD4D2E3785
:10809000F3315A38010AEA99FA01EB07FA2FEA8F0D
:1080A00058420002D509CB0AEA998461EB07FA012C
:1080B000FA2FEA8FFF1F80A3DD56FC80DD9EEA5D6C
:1080C000C805FC0049FFDC4FFC80DD9E9604C0061D
:1080D000FC00800149FFE4B5FC80DD9EFC01F081DD
:1080E00049FFCD9BF00149FFCDA9F00149FFCDBA71
:1080F000FC81FC01EA3C3E00161DEB403C0E058471
:108100002E07F71296043E00161BEB5A961F3E00F0
:10811000162DEB5A5400003090043E0016212E0715
:10812000F715961F3E0016232E07F71592043E0002
:1081300016242E07F70F2E17F710DD5C3C080B0AEC
:1081400084003E0016253E001626841F3E00162A97
:108150003E00162B49FFFB9C3C0E058384003C0E21
:1081600005802E07F7163E0016282E07F7173E004B
:108170001629EB5A2E1016239206EB915A100F0671
:108180005A0803048401EB91EA735A003206501036
:108190007FE4E623E83E84213E10161B2E17F712DB
:1081A00096483E10162C5A18FF03FA383C1E0580DC
:1081B0005A08042884213E10161BEBF4EB9FEB8039
:1081C0002E27F7112E37F71240218904E2413C187F
:1081D0000B0B40113C1AEB862E17F7183C280B0CA2
:1081E000965F3E10161A2E17F719964C3E100D1C6E
:1081F0002E17F7195410800E90213E17F330D51426
:108200005A081C0AEBF4EB9FEB80EB86842FD50A0F
:108210005A0004D2EBF4EB9FEB80EB862E17F7119C
:10822000965F3E10161A2E17F71A964F5A1001072E
:108230002E17F71A964F5A1803048421D50284206A
:108240003E10162E84215A001E0384203E10162F45
:1082500084213E10161C5A0001045A0808072E07F4
:10826000F71292073E00161C84003E000D21EA3DE5
:10827000C004EA815A08010584013E000D21EA4646
:10828000C8163C500B0ADD50D8062E000D21C8033D
:10829000841FD50A80052E60161BEA49F081F10182
:1082A000800649FFF13D3E00161AD5035A000FF231
:1082B000EA46E602E80B84013E000D1E841F3E00E4
:1082C000161A841F3C080B0AFC81FC81FC002E67F7
:1082D000F6F2EA2797B08420CE0A8421EA39802674
:1082E000EA27EA398401EA2BEA278421EA39EBCF2D
:1082F000DD52FC80FC00FA0FDD4DDD42C02049FF5D
:10830000F6A149FFFFE5840144100096EA97840135
:108310008020EA5484C049FFF684C81184014900D2
:1083200011B85A08010B49001180EB63C80349FFDB
:10833000FFCF8CC197B0D5F0E6C3E9EEFC80FC41DD
:10834000B61F80C18125007F80285A380F045A400B
:1083500001048400EADC5A980F045A700F03EB8280
:10836000DD504C60000B8026B41FEA208006EA49ED
:10837000F081F101B41FEA628403EB91EA4EFA1036
:10838000DD4D8461FA01FA2FEA8FEA9980A3DD5668
:10839000FCC1FC01F181C0038E0196008420806144
:1083A00044420B14385204009688E205E9068C21F9
:1083B00080625A180AF9D50280438002F101DD4734
:1083C000FC81FC00EA465A08FF05EA735A08320E9F
:1083D0008400EB433E0016258403EB433E00162643
:1083E0008402EB433E001627FC80EB17DD50D008DB
:1083F000FC004402365A9C4149FFDA72FC80DD9E43
:10840000FC032E000D215A0801162E000D20842099
:108410003E07EAE4EA42EB37840049FFFA9CDD4577
:10842000F083EA34F084EA2FF085F104F003F205DA
:10843000EA24EA465A08FF06EA73EB0DE602E80D65
:108440002E0016258420DD472E0016268423DD47C6
:108450002E0016278422DD47EB17DD50D0062E00B4
:10846000162A2E10162BEB4DEAA8B61F840080406A
:108470003C13F544EAD22E401621EBBEEBE0EAA80D
:10848000B61F3C13F546EAD22E401621EBBE8404FB
:108490008442EBE0FC83FC6051FFF9B8FD50B65F0D
:1084A0008420EA50B002F48180C38125007F867861
:1084B000DD43B45FFD0549FFDD20B43F8402EA20BF
:1084C0008401DD4BEA3BB002441003208440EB8181
:1084D0008400DD4BF401CF1380A7D43D5412800FEC
:1084E000C904C5039CF2979940109880B0023820C7
:1084F00005019C29382485099741D5F05A78011047
:1085000095B1B002988688C984009641E224E82398
:1085100038110101381301098C01D5F884A05A786B
:10852000021BD4195412800F5422801FC905C504A0
:10853000C2039CF1D505CA05C504503300099799BB
:1085400040109880B002382005019C293824850904
:108550009741D5E851FF8648FCE0FC208461848087
:108560008E21E081E81D5A38011C846080A34110EF
:108570009001E0B1E81294A999C28C42884022632C
:10858000800023010000E0D0E8051303800084612F
:10859000AD908CA19768D5EE8C819720D5E3FCA097
:1085A000FC202E67F6F297B0C604EA278420D51384
:1085B00080E08026EA27EA393C6E03463C0C0346FD
:1085C000E207E8073C1C03468C213C1E0346D5F716
:1085D000EA278421EA39FCA0FC6084C03C9C058425
:1085E000802644A202004510003244BFFFCE84889A
:1085F0008666FBC284A986004073400097F938352F
:108600001D015CF181918E61E8454031C5B654860B
:1086100080FF50247FE8E65896D88581E9065CF40F
:1086200000308582E8028580542680FF40C13001F9
:1086300040C6119642C1CC73E708806C96D8E80416
:1086400054168007D57250F47FF8EBFDE8038E488E
:10865000D51050F47FF05CF78009E8068E50402179
:1086600014369648D56250F47FE7EBFDE8058E5945
:1086700040211036D5F750F47FDFEBFDE8045021A0
:108680007FDFD5F750847FD7E709E84F50217FD7A8
:10869000D5E740C1C45654D100FF4031AC76528674
:1086A0008029548400FF522680318C6FE719969000
:1086B00096D88581E9065CF100218582E8028580F3
:1086C00040C1300140C6119642C1CC73E64954C640
:1086D00000FFE9155236802896D8E668E8038E49EF
:1086E000D5205236802096D8E668E8038E51D519F9
:1086F0005236801896D8E669E8058E59402114361E
:10870000D5125236800F96D8E668E80450217FDEF5
:10871000D5085236800796D8E668E81A50217FD6E9
:10872000402110369648D51480414221C873382024
:1087300009118D8138249D095B00100448FFFF5EFC
:108740008CD097B15A63200448FFFF57FCE04226C3
:1087500048248C518A419691D5EBFC0051FFF8F0EA
:108760008420EB52B002DD43EAC4F081EB76B00224
:10877000F201EB81B00249FFFF3151FF8710FC800D
:108780005EF02192CA18E8055EF01E6FE833D50A44
:108790005EF03F37E9048441AE9884415000619215
:1087A000D5225EF000CAE8048441AE9884415000AE
:1087B0005E6ED519E8055EF01E6FE81BD50B5EF006
:1087C0003F378440E9048441AE98844152001E6ED4
:1087D000D50A5EF000CA8440E8048441AE98844122
:1087E000520021924430032440000C169602D50317
:1087F00084408002543080209667C302FE4A964A25
:108800005A28010884444020085688409811D5020F
:108810008801FA2F960242000401842042000400DD
:108820009600DD9EFC6051FFF1C8EB528140F18261
:10883000B00A8420DD4349FFCA6AF0818420EB52EC
:10884000EAD5DD43EB768440EAD549FFEE18840192
:10885000DD4BEA3B8400DD4BEAD5EB768440EB81CF
:10886000B00A8420442001C249FFC26F840542D56A
:108870000024FAEF4013B40CFE4BF18450150002B3
:10888000FE0C45CFFFCE50E000064073B80CFE3B17
:10889000F08384E04480003285634293F02480C7F3
:1088A000500483529601F0864203A024549380FF23
:1088B0009601F085E729858014FF80075A980808FB
:1088C00040132C1796015A080245D50A5A980907F1
:1088D00040132C179601C83DD51CF007C01AF005AF
:1088E000F201880C9741B00A38101602F003F30227
:1088F000EB144010B80DEAD5380019119667808A3C
:10890000F589155F800849FFFF3D4000380CD519F7
:10891000F006F201880C9741B00A38101602F004F4
:10892000F302EB144010B40DEAD538001911966724
:10893000808AF589155F800849FFFF244000340CC8
:10894000055F8008F50940005404B04A3800960AD3
:108950008CD250C6000197B15AC830B29C3997C129
:108960005A78129DB00A8420442001C2EAD951FFEE
:108970008E38FCE0FC018400EA7F8400EA3F84003A
:10898000EA98DD45842080618441EBCD501F80074B
:10899000840049FFFF498401EA98DD458420804135
:1089A0008461EBCD501F8007840149FFFF3D8401A6
:1089B000EA3FEA7EEBF9FA01DD4DEB90EA7FDD5EFE
:1089C0009604C0038401EA7FEA7EFC81FC0051FF2B
:1089D000F8F8EB52801F8420DD4346002940844094
:1089E00050000294380F8A0A8C415A29C2FD801F18
:1089F0008420EAD984C049FFFFBF5A0801078CC10F
:108A000097B05A6806FAD502C6FB51FF8708FC806A
:108A1000FC6280E080C1F38100BF804000AF8044F1
:108A2000009F80485A580105800349FFD5685AB015
:108A30000F05800B49FFC4BC5AA00F05800A49FFEF
:108A4000C4D93C100B0A5A900105DD504C10003E71
:108A5000DD504C1000178007EA203C000B0AEA4961
:108A6000F081F1018007EA62CF0C3C100B0A84020E
:108A7000EA203C000B0AEA49F081F1018402EA6233
:108A80005A60FF10E6D5E902FAC344A20AD880076B
:108A900038151901EA62CF05840238151901EA6216
:108AA0005A980114EA815A08010549FFFF91D5033C
:108AB00049FFFA44DD45F081EA34F082EA2FF08381
:108AC000F102F001F203EA24FCE2FC04F084EA463D
:108AD0005A00FF2E2E600D215A6801232E17EAE45A
:108AE0003E100D209E4184003E17EAE48020DD47C1
:108AF00084008423DD4784008422DD478420EA4209
:108B0000EB37800649FFF727DD45F085EA34F0862C
:108B1000EA2FF087F106F005F207EA24D515842044
:108B2000EAC6EA468423EAC6EA46D50CEA73EB0DA8
:108B3000E602E80A84038420EAC684038020EAC6A9
:108B400084038422EAC6EB17DD50D0062E001628D7
:108B50002E101629EB4DEBAFB61FEAA8F08184006A
:108B6000F082F10480408080EAD22E50162149FF25
:108B7000FF51EBAFB61FEAA8F08184422E00161B0E
:108B8000F082EAD22E5016218404F104808249FF3B
:108B9000FF41FC84FC2080E0DD40C825840E842752
:108BA0008441EA3280C0FA10DD4D5A7801102E302F
:108BB0000D1696D85A38011858430001840EFA2F22
:108BC0008447972080A3DD56FCA09634C00A8461B8
:108BD000840EFA2F8447544300FE80A3DD5684019F
:108BE0003E000D16FCA0FC6051FFF290FA00DD592A
:108BF000EB4081604400C0503B004C00B18A50CF34
:108C0000801C4400C0603B034C20802C3B0044048B
:108C10003B00C424A400AC08000F801C84208C01FD
:108C2000FA4454A000FFB00FDD4384E3852785009C
:108C30008402107F803C107F803D107F803E107F3B
:108C4000803F107F8040107F8041107F8042107FE6
:108C50008043148F8006109F8018EB43F083EABA9C
:108C60008008EA2E8028FA58B014DD43840184225B
:108C7000107F8053107F8068B1E8100F8051101F63
:108C80008052844484658486100F8059101F805A56
:108C9000101F8069100F806A101F806C100F806D8C
:108CA0004410C06C8007EAC5109F8057109F8064F5
:108CB000102F8054103F8055104F8056104F806504
:108CC000103F8066102F8067EA80EA634410C0BCC2
:108CD000EA82EA632E07F331509F80783B04E42058
:108CE0005A00031BEA4EFA10DD4D2E37F3315A3885
:108CF000010AEA99FA01EB07FA2FEA8F58420002BB
:108D0000D509CB0AEA998461EB07FA01FA2FEA8FB9
:108D1000FF1F80A3DD56DD5E8421EA3380AB500562
:108D2000864084211A128001D8FEB00FEA408407E1
:108D3000EA518408EB568408EB1F8408EA66800732
:108D4000EB04B014DD5D8403EA8E8400EBF784004D
:108D5000EBAC8400EB24EBAF2E10162449FFC3D1FB
:108D60002E07F3305A00070449FFD62BDD540400C8
:108D70008397844158000040EB938062EADAEAF876
:108D8000DD41800649FFD8E649FFD3B2F084EAB856
:108D90002E0016282E10162949FFD8F784208401AA
:108DA000804149FFBFAF3C500B0BDD50D00F3C70F2
:108DB0000B0C4C70000CE2E581A740D2BC1B800D6F
:108DC00042739401EA4981C0D50744E0010644702A
:108DD000006E44D000B4DD40F082F1028400EAB5B8
:108DE000B0468401EB5E840AEA57840AEA6584028D
:108DF000802DEA208402802EEA6284008422DD47EE
:108E00008403802EEA6249FFD55F84268402EA87C4
:108E1000800D49FFD8E449FFD3B9840149FFCDC093
:108E2000840184202E27EA412E37EA404440003056
:108E3000FAA049FFCD898400842149FFD8F22E8011
:108E4000161A5A88FF03850C8400DD4B8401DD4B24
:108E5000878640A4280140FE280781DCE80FEA3B12
:108E600049FFCDBCF0828400DD4B020F80043C0B37
:108E7000F9F3FA0CDD4DEBD5C8098400DD4BE14E6A
:108E8000E91B844040143801D50F51CE00015BC06E
:108E900010F68402541E00FFEA878401DD4BD5DC06
:108EA0008C415A200A0A3856080096118CA1D9F92B
:108EB00096008422DD47854081CA46055555804A83
:108EC0005000055544115555EA3783808181B40619
:108ED000A0714085001340007002EAF6804D806862
:108EE00044400190B17C14EF8000148F8002EA6E40
:108EF000B406A0714000700214EF8000EAF68047CB
:108F0000F30244400190EB64EA6E5AA001048541EB
:108F1000D5D5B03C501F8730804BEB6B87804480A9
:108F2000005085C542CE2024805C440003FF84208D
:108F3000EA374036387682208201B406A07140C1FB
:108F40008013400044024010C002804D806CEAE96A
:108F5000B17CB75F151F8005150F8002EA6EB4065D
:108F6000A071051F8005050F8002B75F4000440215
:108F70004010C0028047806CEAE9EB6451CE000AE1
:108F8000EA6E5BC832D1B03C501F8730804BEB6B30
:108F900085408502460C0300804A50000C034410B3
:108FA0000300EA3781C08181B406A07141C5001376
:108FB00040003802EAF6804D807CEAE9B17CB71FB8
:108FC000EA6EB406A07140003802B71FEAF6804787
:108FD000807CEAE9EB648D42EA6E5AA80ADDB03C77
:108FE000501F8730804BEB6BDD5404008397844126
:108FF00042007C098062EB93EADAEAF8DD418420E2
:109000008402EA87800649FFD81F8420840149FF33
:10901000D8088401EA3F8400EA928401EA8E49FF7D
:10902000D783DD40F082F1028402EA8B8009DD5DA6
:10903000840049FFCCB5F1048401EB4AEB82840043
:10904000EA858400EA9C8400EA2AEAB1EB248402DF
:10905000EB56DD45EA5BDD45F082EA34F084EA2F29
:10906000F085F104F205F002EA24EACB8408EA571D
:109070008408EA65F0038422DD47EB17DD50D00653
:109080002E00162A2E10162BEB4DEAA83C13F541A4
:10909000EAD22E401621EBBE8441B61F8402EBE0DB
:1090A0008401EA2EEAD1DD5E8420EA332E07F33014
:1090B0005A00070449FFD49AFA01DD5951FF8D7017
:1090C000FCE0FC6D2E07F7182E77F7199780EB3E22
:1090D000F08449FFF3DAF0854410C0BCB010EA63B5
:1090E000EA82EABA8400EA2EEB1A2E07F71A97F8FA
:1090F0009600F082DD5E9604C004DD5E8421EA33D2
:109100009E3996005CF000FEE90284E08400EA8665
:10911000EB29EB0BEAD8EB10EAD6EAB8EA815A0061
:10912000010448000091EB9A8403EA8E8400EBF777
:109130008400EBACDD54040080FB50109000DD4E49
:109140001400FCFBB40146401008EA58B6010420A4
:1091500080154408FFFFFE16EB1D140080158440A7
:10916000460010104730200058420080451201018F
:10917000EB0A4502020250A0804044B00032824215
:109180008DE144D10000B46A42312C734490003226
:10919000975DB46186A1663187FFFEEFB6615A2004
:1091A000082B84604051C00240FA800240F79404CA
:1091B000416A90024051C402405B140440591406B5
:1091C000E3CF4052E8084052BF64A9495054FFFF22
:1091D00094D9409280134031D7F5415A84084E9378
:1091E000FFE392019281400043E4404247E49381CF
:1091F00093A1D51F86C0403ACC0240590C0640FAD4
:10920000B402543B020040F78C04E3CF40F7E80877
:1092100040379764A8C9403B04084031D7F582C362
:109220005034FFFF40918013415A84084E93FFE56C
:109230008C4196915A2809A946100082B401EAA6E9
:10924000B601D502EB288006EAEDEA815A0801034F
:10925000EA8E840144100096EA97840049FFD47D89
:1092600081A0F00296169600F086C80549FFB85E08
:1092700049FFB89484018520DD4B8CE18149E327C7
:10928000E8073EA7F37F8D2149FFF6DBD5F9EB9781
:10929000800D3C1C0584EA50EBF0EAFF97C0C71034
:1092A0008400DD4B8400EA928401EA863C1C058040
:1092B0004E1301B3EA94EA50EA26480001AEF004E6
:1092C000441000FF44200C80EA26F005441000FF03
:1092D00044200C80EA268007441232E44420040033
:1092E000382081098C015A0832FD84003E07F37F43
:1092F000EA6A81402E000D1F5A08010D2E27EA56FA
:109300003C1C05809C11400080379648F18397C033
:10931000D50384E0F783460FFF00500003FFF08879
:10932000460C00FF8520DD448169F089EAE4E360B2
:10933000E8B82E000D1F5A08013FF003E20BE805C4
:1093400050048001EB08D50285204C93C035840081
:10935000DD4B2E07EA56E140E8065005000154A017
:1093600000FFD5028540800AEBD6DD45EB7EDD456A
:109370004E020198DD455A0801044800019384001B
:109380009780DD45F087F107800649FFE969DD45F3
:10939000F087F107800649FFE95CDD45F087EA3494
:1093A000F08AEA2FF08BF10AF007F20BEA2484012D
:1093B000DD4B8520EA3BEB97EA94802D4453B400C3
:1093C000402034014433BA40380104012A4080016E
:1093D0008A041A028001DBF9F006C8114400006E0D
:1093E000B61F44100064EBD744200096443FFC189D
:1093F000444003E84450005049FFB636F002960E50
:10940000C807EBD784214420006449FFB58D842030
:109410004433B400800140201009445232E42A4110
:109420008001382289018C01FEA4904A4211040077
:10943000964B5A0B20F2F2029694CA0C5EF0805AB8
:10944000E8098461802D3C2C0584848880A349FF31
:10945000E82CEBD74482E16044E2FB5084C0F08703
:1094600045C003FFF0072B200001F0874EB3001822
:10947000EAE413270000132400005A000104480006
:1094800000C13C1C05848826220080004120480140
:109490004329000313208000480000B4F00494B175
:1094A00040C00800B40C2237000040105009EA35D3
:1094B0009B19E092E842920A9719EA5A9A20120FF1
:1094C000801CB40C9A61EA5A41320001121F801DBF
:1094D000B00D8425F28B132F801E152F800A133FA9
:1094E000801B123F801A49FFF83A220F801A120798
:1094F0000000221F801BB5EC9A41EB2EEA3567393C
:1095000083FF40398404B66C221F801CF2089A4104
:10951000EB2EFED6EA3540118544B62C233F801D44
:10952000F2098A1342007001FE56EA5A4000828412
:10953000B60CF20B052F800AF0052234000088409B
:10954000B40240105009EA359919E1C4E83C920A86
:109550009719EA5A8804120F801CB4028824EA5A28
:109560008804121F801D120F801B8425B00D132F3D
:10957000801EF28A123F801A49FFF7F1232F801EC6
:1095800013240000221F801DF20A8A32B402EB2E3F
:10959000660003FFEA35FE47B622220F801CF3085F
:1095A0008A1242007001FE5EEA5A40008144B6020F
:1095B000221F801BF3098A32EB2EEA35FE1E400083
:1095C0000684B602EAE48E014CB0401CB42C22475B
:1095D00000009234B442545083FF2234000092546D
:1095E0009A253D2C0584541103FF8A038A0189C6FC
:1095F0004E040005882588239A0C96031209000062
:109600008CC24400064050E700028D024C607F2C63
:109610008D6148FFFE8D8400EBD6DD45EB7EDD4598
:10962000F082EA34F083EA2FF084F204F002F103CE
:10963000EA24840084203E000D1FDD5EEA33EAE365
:10964000EAD7EAE7EAF0EB39EA815A080127DD4078
:10965000F082F1028402EA8BDD54040080FBEA2CE4
:10966000140080FBB010DD5D8400EA9C8400EA2ACF
:10967000840849FFD2DBDD45EA5BDD45F082EA3450
:10968000F083EA2FF084F103F002F204EA24EACB3B
:109690008400802049FFC9FB8401EA2EEAD1FCED59
:1096A000EA6A8E01EB4748FFFE6DFC6051FFF1E86E
:1096B0002E77F71949FFBE53F0813C93F4F3EABAD1
:1096C0008400EA2EEB1AEBEC8421DD5EEA33EB40FA
:1096D0003C0E0584EB29EB0BEAD8EB10EAD6EAB88E
:1096E000EA78EAED8400EB3B8403EA8E8400EBF732
:1096F00049000318EB4B49FFF2FFEA3C97F85A0880
:1097000032048401D5028400EAD34900039149FF61
:10971000C7365A0001FEEA948420EA50EA26840102
:10972000DD4BEA3C5A00320448000097EAFF9600FD
:10973000C01E8400DD4B8401EAD3F001EB3B8400C2
:10974000EA858400EA2A8400EAB6EB4B8420DD5ED9
:10975000EA33EAE3EAD7EAE7EAF0EB28EB39EA5D35
:109760004E0300A449FFD11D480000A09E799648F1
:109770005CF080FE40703C1A84C081A640C3801318
:1097800050AF819850BF87D8EAE48807E206E9D253
:10979000EA3B4ED30006B0028029EB69D55B50DF6F
:1097A00080D0800D8029EB6984009641E229E80B86
:1097B000B04238268101381081018A223816810989
:1097C0008C01D5F42E00162E5A080105800D490093
:1097D00002AD3C4C05803C5C058441039000844014
:1097E000862E9611E209E8344031040A4231C4243D
:1097F00096D94C6640143816891138150909381560
:1098000089095A480124886240328C202201800054
:109810008A0142000003AC18D519380689113815A1
:109820008911E020E8033805890938F50911E00FAE
:10983000E8033805090938058911381509114C68FC
:10984000400688628A0138028D098C41D5CB8CC1D3
:1098500097B185A1D59AEA3C5A00330448FFFF6BC3
:109860008401EB16EAFFC804EA3BEA3BEA3B8400CA
:10987000B1B4EB1680068029EB69EA50EA948420A3
:10988000EA263C3C05848440848E9611E2094EF21F
:10989000FF524011040AFE643803091196498822D8
:1098A000380185098C41D5F28401EA2EEAD151FFB5
:1098B0008E18FCE0FC2180E0DD4080C0C8368401C9
:1098C000441000B68040EA32EA7FFA10DD4D5A7843
:1098D00001102E000D1596005A0801282E400D1477
:1098E000FA2F442000B6806080A0DD56FCA1001F46
:1098F0008007541080705A103017EA7EFA2F9600B5
:109900003E000D14004F800784015442008F806098
:1099100080A0442000B658420030DD5684013E004D
:109920000D15FCA13E600D15FCA1FC6051FFF9B0C6
:10993000509F8010EA5084208009DD43EABA8400F9
:10994000EA2EEB1AEBEC8421DD5EEA33EB0BEAD86E
:10995000EB10EAD6EB29EA3DC808EB388401EA5758
:109960008401EA658402EB9AEAB8EA3DC802EA8615
:10997000EA78EAED8400120F8007816984C084E0F0
:1099800054A300FF508F800D9638802A502F800EF0
:10999000503F800A504F800BB71FB14349FFD0356D
:1099A000002F800B001F800A5401002096A7403131
:1099B0000044542080205400801F4000084440018F
:1099C0008104001F800D38059D09845E000F800C06
:1099D000808B4243887354208020966740108844CF
:1099E000543000205420001F40210C4440208904A2
:1099F0008CE11222000F5A7808C98CC197B150B57A
:109A000080205A6832BE84E084C0983740A000139A
:109A10009670800A49FFE4B1381481018CC1EA9440
:109A200097B1381029095A6810F28CF097F95A7BCF
:109A300020EDEAE3EAD7EAE7EAF0DD5E8420EA33E4
:109A4000EB398401EA2EEA5DC80349FFCFAAEA3D5B
:109A5000C8038401EA86EA3DC8078401EB3884081C
:109A6000EA578408EA65EAD151FF8650FCE0FC2001
:109A7000840EDD59EABA8400EA2EEB1AEB29EAB823
:109A8000EB0BEAD8EB10EAD6EBECDD5E8421EA338F
:109A90002E67F719EA3C97B084E05A080512842033
:109AA0008041840149FFB92E49FFCD1C80E084002C
:109AB0008020EB4AEA5DC00484018420DD5AEA3D3F
:109AC000C808EB388401EA578401EA658402EB9AFE
:109AD0008400EA86EA78EAEDEA3C5A0808109634EF
:109AE000C80B5423003E84014213180B4021000D83
:109AF00049FFB908D5038400EA92EA3D5A080103F8
:109B0000EB288401DD4BEA3BEB978400DD4B8401BD
:109B1000EA86EA3C5A0808058400DD4BD510EA3C89
:109B20005A08050E8400EA928400EADC840080274B
:109B3000EB4AEA5DC00484008020DD5AEA3C5A0802
:109B400008059634C802EA92EAE3EAD7EAE7EAF0BF
:109B5000EB398401EA2EDD5E8420EA33EA5DC80336
:109B600049FFCF1FEA3DC8078401EB388408EA5754
:109B70008408EA65EAD1840FDD59FCA0FC00EA4EB6
:109B8000FC80FC0049FFC011840049FFC87E8401AD
:109B900049FFD12D49FFD0DFEBC28401EB2649FFFD
:109BA000D0DE49FFD0EB840149FFD12149FFD18F9D
:109BB000840049FFC0E949FFB832840149FFD18DD3
:109BC00049FFC88B49FFD561FC80FC00840049FF38
:109BD000BBEF840249FFBBFF840049FFBC0B84023A
:109BE00049FFBC22840049FFBC33840149FFBC61AA
:109BF00049FFBBFF840149FFBC7549FFBCB3FC8032
:109C0000FC008400EA61EA208402EA61EA2084031D
:109C1000EA61EA20EA618404EA20840149FFB6216E
:109C200084018422DD5AFC80FC0080C049FFD054AE
:109C30005C0300018420EB7FFC80FC0049FFD256CE
:109C4000FC80FC01441001F9801F844649FFD43D8B
:109C5000840044123618382F8000EACE8C015A084E
:109C600006FCFC81FC005A100203840349FFD2BAAF
:109C7000844680624404589044145510DD41844960
:109C8000440458C0441455408062DD41FC80FC000F
:109C9000840149FFC44449FFB8B0FA30840149FF48
:109CA000BF858400EA9C8400EA2A8401EA3F84019B
:109CB000EA98840149FFBE63840149FFCA1B8401FD
:109CC00049FFBFAB840149FFBFB9840149FFBFCA47
:109CD000840149FFD21B8400802049FFD2308422B6
:109CE000840049FFFFC149FFD249840149FFCA549A
:109CF000840149FFD391840149FFD396840049FF31
:109D0000D39D840149FFC586840049FFC592840024
:109D100049FFD37649FFD455840149FFD456FC80CE
:109D2000FC0049FFD4BBFC80FC01842080C0844837
:109D3000801FDD433C33F4F384209609E203E80BF3
:109D4000960438230511384F82028C218844382F1D
:109D5000820AD5F4B43FF0014420003240000816D6
:109D600040108836F081B63F800684A0D30B966CF5
:109D7000382F8602A4408CA18A221A10000197690C
:109D8000D5F6FC81FC7981802EB69DFC2E969DFD3A
:109D9000802C801F442000C8EBF040A584093C13B0
:109DA0004F0084C040048013412500134532020057
:109DB00045000032E2C0E83A84A082258086E28134
:109DC000E82C407225B698AF4226AC73969138299C
:109DD00089015CF101918E41E808403140564031E3
:109DE000A87640218820D509402140765231803123
:109DF0004021285640210C204038247640D6840843
:109E000042768C73969142788C73382F89018880C2
:109E100038261D099721D5D488B297695B100104B3
:109E20008621D5CD8CC197B1D5C6FCF9FC21840122
:109E3000EBA164730402EBE1EBB5FE3EDD58840553
:109E4000EA858405EA2A8405EAB649FFEF55DD4034
:109E50005A08010844021658DD5D44021630D50642
:109E6000440216A8DD5D44021680EA95DD40C80A6A
:109E7000440212743C1DFC9EEA5644021288EB1305
:109E8000EAC8DD40F081F1018401EAB5EB15DD405F
:109E9000EADE8401EB1CDD405A08011DEA6AC81A9B
:109EA000DD4580C0C817EAAA5A08FF158026EA4295
:109EB000EB8B9788E642E8058C215A180AFB80C193
:109EC00080068420DD4780068422DD4780068423C7
:109ED000DD47EB3DFCA1FC40C919C8062E77F03CDC
:109EE0002E67F03DD53C5A0801092E77F0842E6785
:109EF000F085449210D0D5355A0802302E77F060A4
:109F00002E67F061449210ACD52CC80C2E77EE3F32
:109F10002E60061A97F897B0449226F044A20F4894
:109F2000D5225A08010D2E77EE3E2E60061997F8BD
:109F300097B0449226E044A226E8D51584C05A087A
:109F4000020E2E77EE3D2E60061897F897B04492D9
:109F500026D844A20F40D50780C180E644921088DD
:109F600050A4FFF0840149FFD5FD8007802AEB5EF5
:109F70008006802949FFD6492E07F36FC80349FFA1
:109F8000D61AFCC03E000D25DD9E2E000D25DD9E5F
:109F9000FC41FD303E000D254E1300735A000105B3
:109FA000449212E8D503449213385004FFD8EACA09
:109FB0008009EAC1CE222E17F14A4402113AEA7909
:109FC0002E07F10849FFD94C3C0DFC30B61F3C0D63
:109FD000FC31F0813C1DFC2B3C0DFC2A3C2DFC2C63
:109FE0003C3DFC2D3C4DFC2E3C5DFC2FEA742E07C5
:109FF000F158EAA7480000915A6802212E17F14A49
:10A000004402113AEA792E07F158EAA73C0DFC30D8
:10A01000B61F3C0DFC31F0813C1DFC2B3C0DFC2A95
:10A020003C2DFC2C3C3DFC2D3C4DFC2E3C5DFC2F86
:10A03000EA742E07F1084800006E5A6001044800D7
:10A04000006C2E17F14B4402115AEA792E07F15990
:10A05000EAA73C0DFC38B61F3C0DFC39F0813C1DD5
:10A06000FC333C0DFC323C2DFC343C3DFC353C4D7E
:10A07000FC363C5DFC37EA742E07F109D54BEAAC9F
:10A08000C8232E17EE4144020E94EA793C0DFB8E54
:10A090003C1C01853C2C01843C3C01833C4C0182EE
:10A0A0003C5C01813D1C01803D0C017FB7BF150F59
:10A0B0008001EA7444020FC8EACA44020FA0EAC150
:10A0C0002E000549D5245A6801282E17EE40440277
:10A0D0000E74EA793C0C017E3C1C017D3C2C017C19
:10A0E0003C3C017B3C4C017A3C5C01793D1C017895
:10A0F0003D0C0177B7BF150F8001EA7444020F7859
:10A10000EACA44020F50EAC12E000548EAA72E070A
:10A11000EE3C49FFD8A5FD0349FFFEDF5A7001045C
:10A120008521D50BEA6AC8FDDD458120C8FAEAAA77
:10A1300050007F0140948006FD03804949FFD6907E
:10A14000FD038049EBC8FD03804949FFD82FFD037B
:10A1500049FFD776FCC1FC0049FFD4ACEACD8408A6
:10A16000DD4D49FFD4CEFC80FC0049FFD97B840142
:10A1700049FFD646840149FFD4D9DD4049FFD93C87
:10A18000FC80FC01840149FFD651DD4049FFD934F0
:10A19000DD4049FFD86FDD40F081F1018400EAB570
:10A1A000DD4049FFD59FDD40EADE8401EB1C8401E0
:10A1B00049FFD4BCFC81FC6051FFFD988420838062
:10A1C000FA44B00E84C0DD438420FA48B022DD4357
:10A1D0008026FA44B013F684F68AF68BDD43802697
:10A1E000FA48B028DD434400C0E8EA364410C11004
:10A1F0004400C138508F80D8507F8100509F812803
:10A200003B046420FA50EA36F685F68CF68D50AFA2
:10A210008150EBBFEA6380263B04E420EA36B02E8F
:10A220003B056420DD438407100F801C8026FA4420
:10A23000B018F686106F801D106F801E106F801F83
:10A24000F688F689DD4384048561FA44100F806046
:10A250008026B01D10BF806110BF806210BF806378
:10A2600010BF806410BF806510BF806610BF80671C
:10A2700010BF8068DD434400C160EA3610BF8074BF
:10A2800010BF807510BF807610BF807710BF8078B8
:10A2900010BF807910BF807A10BF807B10BF807C98
:10A2A0004400C18850DF817850BF81C83B06E4205C
:10A2B00050CF81A0EA364410C1B0800B50EF821815
:10A2C0003B066420EAC5EA80EA634410C200EA82E1
:10A2D000800EEAC5EA80EA63EA82DD40F083F1039A
:10A2E0008046840349FFD5BCDD40F083F10384033D
:10A2F0008046EBC8500E7FFFE602E8268408100F68
:10A30000801C5BC8020EB018EA40800DDD5D840938
:10A31000EB1F800EEB0480EA858885A9D50EB01D61
:10A32000EA40800CDD5D8409EB1F8589800BEB041E
:10A33000446001FF80EA81ACB00C8140B0288160AC
:10A3400085C8B013D50AB00A85A78140B0228160C4
:10A350008128858881CDB00E8420EA56800B802A22
:10A3600046A00085EAC8838AB960460FF000FE0F58
:10A37000B8E044B0FFFF841FB8AB800914B5004BB0
:10A38000EACA8007EAC1842AB02EEA79800EEA512F
:10A390008400EA69800DEA66800C49FFCC4784009E
:10A3A00084E049FFB6FE8400EAA780478067808783
:10A3B00080A780078027B6FFF781EA748027800690
:10A3C00049FFC365840149FFD3CD8401B047EB5EEB
:10A3D0008007B04649FFD3FC8007B04949FFD41538
:10A3E0008007B04849FFD433DD425A08010804050C
:10A3F0000002921840058304D50604050002921855
:10A40000EAADDD4E1405000251FF8268FCE0FC025B
:10A4100080C3F0838003F282F18149FFD8A3F00268
:10A42000802649FFD828F001802649FFD83F3C53B9
:10A43000F57EF003F101F20280663C4DFB1349FF0B
:10A44000D863DD425A000103CE038006EB42FC8252
:10A45000FC00EA67FC80FC0080C0DD425A08011065
:10A460005A68010B8400EB8A3C13F54F8402EA978B
:10A4700084028026D50384028420EA54FC80FC00F8
:10A48000DD42C0142E07F37EC0068402490000CDD1
:10A490008400EB8A8402490000FC80C05A0801074E
:10A4A000840049FFD2EC3E67F37DFC80FC00840110
:10A4B0003E07F3C58420841F806184413C0BF57EF8
:10A4C000EB68EA5584008020EA8884408461EAFBD6
:10A4D0008427EA5584008421EA8884218400EA677D
:10A4E000840049FFD83F8400EB42840149FFD83AF9
:10A4F0008401EB4284018020EA672E67F3C597B0A0
:10A50000CEFD80068026EA6780068421EA67FC800B
:10A51000FC0049FFFFCD4400A8BC49FFD7A9842017
:10A5200080618441EAFBEA5584008020EA88840047
:10A5300049FFD87984208401EA678400EB42844093
:10A5400084613C03F53C8427EA5584008421EA8831
:10A5500049000060FC80FC0049FFD9ABFC80FC0096
:10A560005A08012B80C1DD425A0801273C53F57E71
:10A57000DD50D80D49FFD976FA4E421308244460C5
:10A5800000644003000C40008017D50C3C23F57E8E
:10A59000FF9449FFD967441000644000800C4003D9
:10A5A00000179601FE03960149FFD97C49FFD98720
:10A5B00049FFD97FFC8049FFD98EFC80FC008401D3
:10A5C00049FFD948840749FFD954840049FFD95A23
:10A5D000840049FFD95F84013C1DFA9B49FFFFC1FC
:10A5E000FC803C0C03CC3C1C03CC4C00FFFCDD9EEF
:10A5F000FC21F081EBAE3C0DFCCEEB983C1DFCCF7A
:10A60000F201EA37FE7EFE36FE0F8420EA96FCA1B8
:10A6100084003C0E034A3C0E034BDD9E44222D6019
:10A620003811020ADD9EFC0080C049FFFFDC4412A5
:10A630002E6038009A0AFC80FC41F0816493040289
:10A640008440642304035A18011149FFFFEEEBAE66
:10A65000F201EB983C0DFCCE3C1DFCCFEA374020CC
:10A66000180440309C04D50DEBAEF201EB983C0D84
:10A67000FCCE3C1DFCCFEA3740230012403384124D
:10A680003C2E034A3C3E034B64930403FCC1FC0094
:10A6900080C049FFFFAF5A08011149FFFFA44412CF
:10A6A0002E6038109A0244222D6038211A028A0145
:10A6B000E20256078001FC808400FC803C0C03CC45
:10A6C0008C013C0E03CCDD9E3A1FA43C3AFFEFBC4C
:10A6D000426E80203A6F983C6462A4029DB464721A
:10A6E00004023A6F9C3C646200029FB26462000301
:10A6F00064000008490002713A6F9C046462A4037C
:10A70000647204033A6F9804426E80213AFFEF842A
:10A710003A1FA404640000043A1FA43C3AFFEFBCB3
:10A72000426E80203A6F983C6462A4029DB46472C9
:10A7300004023A6F9C3C646200029FB264620003B0
:10A74000640000084900024A3A6F9C046462A40352
:10A75000647204033A6F9804426E80213AFFEF84DA
:10A760003A1FA404640000043A1FA43C3AFFEFBC63
:10A77000426E80203A6F983C6462A4029DB4647279
:10A7800004023A6F9C3C646200029FB26462000360
:10A7900064000008490002233A6F9C046462A40329
:10A7A000647204033A6F9804426E80213AFFEF848A
:10A7B0003A1FA404640000043A1FA43C3AFFEFBC13
:10A7C000426E80203A6F983C6462A4029DB4647229
:10A7D00004023A6F9C3C646200029FB26462000310
:10A7E00064000008490001FC3A6F9C046462A40301
:10A7F000647204033A6F9804426E80213AFFEF843A
:10A800003A1FA404640000043A1FA43C3AFFEFBCC2
:10A81000426E80203A6F983C6462A4029DB46472D8
:10A8200004023A6F9C3C646200029FB264620003BF
:10A8300064000008490001D53A6F9C046462A403D7
:10A84000647204033A6F9804426E80213AFFEF84E9
:10A850003A1FA404640000043A1FA43C3AFFEFBC72
:10A86000426E80203A6F983C6462A4029DB4647288
:10A8700004023A6F9C3C646200029FB2646200036F
:10A8800064000008490001AE3A6F9C046462A403AE
:10A89000647204033A6F9804426E80213AFFEF8499
:10A8A0003A1FA404640000043A1FA43C3AFFEFBC22
:10A8B000426E80203A6F983C6462A4029DB4647238
:10A8C00004023A6F9C3C646200029FB2646200031F
:10A8D00064000008490001873A6F9C046462A40385
:10A8E000647204033A6F9804426E80213AFFEF8449
:10A8F0003A1FA404640000043A1FA43C3AFFEFBCD2
:10A90000426E80203A6F983C6462A4029DB46472E7
:10A9100004023A6F9C3C646200029FB264620003CE
:10A9200064000008490001603A6F9C046462A4035B
:10A93000647204033A6F9804426E80213AFFEF84F8
:10A940003A1FA404640000043A1F943C3AFFEFBC91
:10A95000422E80203A2F8C3C6412A402642204020E
:10A960003A1F883C641200029E4A6412000344109D
:10A9700000A438108202DD213A0F840464020043EF
:10A98000640000086402A403641204033A2F8C04D8
:10A99000422E80213AFFEF843A1F94043A0F80043C
:10A9A000640000043A1F943C3AFFEFBC422E802022
:10A9B0003A2F8C3C441000A438108202DD213A2F3B
:10A9C0008C04422E80213AFFEF843A1F94043A0F00
:10A9D000800464000004D5003A0F803C8400D5B5A3
:10A9E0003A0F803C8401D5B13A0F803C8402D5AD4A
:10A9F0003A0F803C8403D5A93A0F803C8404D5A546
:10AA00003A0F803C8405D5A13A0F803C8406D59D41
:10AA10003A0F803C8407D5993A0F803C8408D5953D
:10AA20003A0F803C8409D5913A0F803C840AD58D39
:10AA30003A0F803C840BD5893A0F803C840CD58535
:10AA40003A0F803C840D48FFFF813A0F803C840E12
:10AA500048FFFF7C3A0F803C840F48FFFF773A0F96
:10AA6000803CFA0048FFFF723A0F803CFA0148FF31
:10AA7000FF6D3A0F803CFA0248FFFF683A0F803CB6
:10AA8000FA0348FFFF633A0F803CFA0448FFFF5E79
:10AA90003A0F803CFA0548FFFF593A0F803CFA060E
:10AAA00048FFFF543A0F803CFA0748FFFF4F3A0F28
:10AAB000803CFA0848FFFF4A3A0F803CFA0948FFF9
:10AAC000FF453A0F803CFA0A48FFFF403A0F803CAE
:10AAD000FA0B48FFFF3B3A0F803CFA0C48FFFF3669
:10AAE0003A0F803CFA0D48FFFF313A0F803CFA0ED6
:10AAF00048FFFF2C3A0F803C4400001F48FFFF2610
:10AB000084016404C002440200016404E00345D2ED
:10AB100020303FC8000045F2DB184400B620420E4A
:10AB2000002149000048490003F1D500FC00EA2754
:10AB3000842149FFB8F2EA27842049FFB8FE842126
:10AB4000EA27EA39840049FFB93C49FFD5D5840199
:10AB500049FFD5EF49FFD7D049FFD7D849FFD9B72B
:10AB600049FFFD2E8400DD5944020A00442213707F
:10AB70004410C2508A40EBF0440213704422366005
:10AB800084208A40DD43FC8084006405E403841F44
:10AB9000DD586403240364122402440F0FFFFE0EE9
:10ABA0006402240364020002EB3164020003DD4A04
:10ABB000DD9EFC0049FFFFEA64008002921EC00691
:10ABC00064008402962EC002D50049FFFFB1EA89D5
:10ABD000DD4ADD4AFC80DD9EDD9EDD9EDD9EDD9E44
:10ABE000DD9EDD9EDD9EFC00EBC7B4204404801892
:10ABF000B400EAAE4000051EC021DD405A0801172E
:10AC0000DD425A000114DD4080C05A08011049FF9E
:10AC1000CCF38006EA9DEACD80068026EB01EA4F60
:10AC2000C0053E600D2249FFCD04EBA096034E0502
:10AC3000FFFE842144048019AE40EBC74414801801
:10AC4000B440B4019604FE16C0078401AE08EA2899
:10AC5000C00349FFCC93FC80DD9EFC01EA7C4603E7
:10AC60000004DD58DD405A08010546031004DD5894
:10AC7000EA89DD4ADD4AEAF444148081A600A64848
:10AC8000FE0EEA7FEA7EC00349FFC71B440480C46E
:10AC900044148028B440B4019604FE16C003840115
:10ACA000AE08EADBDD4ADD4AEA7DFC81FC00EA7C95
:10ACB00046001000DD58EA89DD4ADD4A49FFD4C16B
:10ACC000EAF5B420EA47B4004200680B4000075E92
:10ACD000C0048424EA38AE40EADBDD4ADD4AEA7D7E
:10ACE000FC80DD9EFC00EAF544148000B440B421F1
:10ACF0004210EC0B40108B7EC10584484414800345
:10AD0000AE88B420EA47B400EAC2EAFCC02A2E07A3
:10AD1000F3C55A0801273C53F57EDD504415000465
:10AD2000D804B4019210D51784003E07F3C5B401CE
:10AD30003C23F57E92108A024E0400083C03F57E07
:10AD4000B4214000061DD506B4013C13F57E9210D7
:10AD50008A0196013C0BF57E8422EA38AE40FC80E5
:10AD6000EA7C46030004DD58EA89DD4ADD4AEAF55B
:10AD7000B420EA47B400EAC2EAFCC00349FFD47831
:10AD8000EADBDD4ADD4AEA7DFC80DD9EFC0049FF0E
:10AD9000B41AFC80DD9EDD9E44048094B4204404FB
:10ADA0008014B400EAAE4000051EC00544048015BE
:10ADB0008421AE40DD9E440480CCB420440480D085
:10ADC000B400EB2F4000053EC0058422440480D12E
:10ADD000AE40DD9EFC0049FFB2C9FC80FC0049FF8B
:10ADE000B2C6FC80FC0049FFB2C3FC80FC00EA6CE8
:10ADF00044148008B440B421EA834010891EC10580
:10AE0000441480098441AE88B420EA3AB400EB2FA0
:10AE10004000053EC0048422EA9FAE40EA6CB420A4
:10AE2000EA3AB40042002C0B4000057EC0078401C2
:10AE300049FFCE258428EA9FAE40EA3A4414808830
:10AE4000B440B4214210B80B401089DEC105EB219B
:10AE500044148009AE88B420EA6CB40042001C0B94
:10AE6000400004FEC00F441FFF80EA3AAE40840158
:10AE700049FFCBEE84013E07F3B4EA28C00349FF43
:10AE8000CB7DFC80FC4144748088EA3AB427B4004E
:10AE9000EBE3EBAAC03F4494800A840410048000D2
:10AEA000B40744673004EBDCEA7FB407420044098E
:10AEB000B607B406EA2CB606840ADD46B406DD4EB3
:10AEC000B606840ADD4649FFCC7D4400008749FF71
:10AED000CC73EB0E840ADD46B406EA2CB606840A6F
:10AEE000DD46B406DD4EB606840ADD4684013E0723
:10AEF000F3BCEA7E9644B4074200440940000624AD
:10AF0000B6078402100480003C0DFCEE8C013C0F5F
:10AF1000FCEEFCC1FC00EA6CB420EA3AB40042004A
:10AF2000600B4000071EC0068421EBA8AE40EA2853
:10AF3000EB77EA6CB420EA3AB400EAC2EAFCC00556
:10AF40008422EBA8AE40EA28EA6CB420EA3AB400C6
:10AF50004200680B4000075EC00C44147008B40146
:10AF60009210DD5F58007823B6018424EBA8AE4030
:10AF7000FC80DD9EDD9EFC00EA7C4607100C500044
:10AF800000ADDD58DD405A0801074607102C50007F
:10AF900000ADDD58EA89DD4ADD4AEBC7442480185C
:10AFA000B420B4024200140B400004BEC009640384
:10AFB0002002EAA664032003DD4AFA10AE10EADBA1
:10AFC000DD4ADD4AEA7DFC80DD9EDD9EDD9EFC00E3
:10AFD000EBC9EB1BB460B40284219604FE1EC00FC3
:10AFE000AE502E07EAA43E17F3803E07EAA3EA4FCD
:10AFF000C00684003E100D2249FFCB70EBE54424CF
:10B00000801CB420B402EAAB4000043EC0038402BA
:10B01000AE10FC80DD9E44048090EB1BB420B40293
:10B0200042001C0B400004FEC00784013E07F37B76
:10B03000440FFF80AE10DD9EDD9EFC00EBC9EB1BD4
:10B04000B420B4024200100B4000049EC019FA0064
:10B05000AE10EA4FC802EBD2DD405A080105EA4FB4
:10B06000C802EB77DD40C80C49FFC33BC008EAC902
:10B070000400003D4200400B5A080103EB27EBE5BA
:10B08000B4204404801CB4009604FE0EC012DD40BF
:10B090005A080105EA4FC002EB77EA4FC002EBD233
:10B0A00049FFCCFA8401EB8A49FFB5B249FFB5A24A
:10B0B000EBE54414801CB440B40184C19604FE1630
:10B0C000C015AF882E07EAA33E07EAA249FFB617CC
:10B0D0003E67F37FEA4FC00A840149FFCAFFDD40A3
:10B0E0005A0801058400EA9DEACDFC8046100085DF
:10B0F000040080204200680BC0090420802046071D
:10B1000050FFDD44FE1614008020DD9EFC00EBC9DC
:10B11000EB1BB420B402EAAB4000043EC00684023C
:10B12000AE1084013E07F37CEA52EA7542006C0BD4
:10B13000C00A8386B920460790FFDD44FE0EB8A002
:10B1400049FFCCB1EA75EA214200500BC00A838165
:10B15000BA20460711FFDD44FE16B8A049FFCCA473
:10B16000EA52EA754200540BC00A8386B9204607AA
:10B1700012FFDD44FE0EB8A049FFCC97EA75EA2124
:10B180004200580BC00A8381BA20460714FFDD44F1
:10B19000FE16B8A049FFCC8AEA52EA7542005C0B61
:10B1A000C00A8386B920460718FFDD44FE0EB8A00A
:10B1B00049FFCC7DEA75EA21EAC2C00A8381BA2040
:10B1C000460730FFDD44FE16B8A049FFCC71EA21E6
:10B1D000040080204E04000B8381BA20460F10FF2C
:10B1E000DD44FE16B8A049FFCC64FC80DD9E842AB5
:10B1F000FE0C8E015A07FF04EB51D5FCDD9E442561
:10B200000008B4429694C25244450004B444969156
:10B21000C24DFC028460B67FB4449250F281F38345
:10B2200044250000B44292505431000F4424000CD5
:10B23000B482442000649724CC0A46100770EB7A4D
:10B24000501084C0402088569691D50D4440FFFF91
:10B250004C124006EB7A44100BB8D503FE54EB7A3F
:10B2600040208856B65FB43F44350004FE0CB61F3C
:10B27000B4039210F082F101F002E220E907F1013B
:10B28000F202F00388018A02D509F201F402B42324
:10B29000F0039649880288018A04F083F103B41F01
:10B2A000E220E80DF002F081D5E444102BC0FE0C42
:10B2B0008E015A07FF04EB51D5FCDD9EFC82FC0099
:10B2C0003C13F57E49FFFF9DFC80FC00441186A0E5
:10B2D000840049FFF9468401DD5949FFBC5349FF09
:10B2E000CB4149FFCBA5EA4E49FFDF3349FFA92DEA
:10B2F0008401DD4D49FFF4A749FFDF4349FFF72DE6
:10B3000049FFAA7C8400FC80FC0049FFFFE0840028
:10B31000FC80C212523100204E360007FEDA8480D3
:10B3200040100C0CD50840300C0D4010880C4040EB
:10B33000080CFE5F8004DD9E8060E644E9285441ED
:10B34000800354508003C50B525280049A9599692A
:10B3500008408001184180014C12FFFC4051140943
:10B36000C50A956D996996A73B00DC043B01DC2476
:10B370004C12FFFC40510809C50A956A9969968FDD
:10B380003A4090043A4190244C12FFFCC208994A7A
:10B3900008408001184180014C12FFFCDD9E9200A4
:10B3A0008060E644E93054518003C509525280045C
:10B3B0009A959968181180014C32FFFE96484040DA
:10B3C000A008FE674040C008FE67405114094E5275
:10B3D0000011956D996B96A782018221824182614D
:10B3E000828182A182C182E13B01DC244C32FFFEDA
:10B3F00040510809C508956A996B968F3A118424C3
:10B400004C32FFFEC206995A181180014C32FFFEE1
:10B41000DD9E92000000000000000000000000001F
:10B42000490034EF490014D94900081249005AD0A4
:10B4300050000FFF49003DA1490059F7490019D4B8
:10B4400046200081661080016400000849003E56D5
:10B4500058108001490031635800000150210FFF4E
:10B460004400FFFF400082043E07ECB850108FFFFD
:10B47000461000816610FFFF4900250E40110604AA
:10B4800064030403490026344900053A440000508F
:10B49000400081044900189A2E07F70E400040082A
:10B4A00049001A4A4610008504100037490014A0CC
:10B4B00049003DBC141000374900038A44000100D4
:10B4C00049000B65661080FF49003C8649005A5FC1
:10B4D000660000014900358A490046CA49003DA678
:10B4E0004210FC086610810049002574490041663D
:10B4F00049003DA3541083FF3B00640049005A8972
:10B500004404800349000FAB440480084900412CE7
:10B510002E07F70D2E00161C480038FC490019595B
:10B52000490008F54660008144020B1440108A046B
:10B5300058108002401082042E00161A4404800025
:10B540004800381C4900338340003008480038FB6D
:10B55000462000874900085C490025C12E000D23C4
:10B5600044200640490009AE466000852E0006CA08
:10B570004900541C49005307490009F749002006B7
:10B580004200400846300081540003FF490034A5C2
:10B590004210840B2E0016214000060449001919A0
:10B5A0004210E009441000AA49003ED63B00E400E6
:10B5B0004600008149002034490009B849002B6346
:10B5C00049002F06490009C549003403661080026E
:10B5D00044048088463000874900434B440480047B
:10B5E0002E07F3E449001EA141FF80012E00161D25
:10B5F000490026A204030020400102044210C009B1
:10B60000440000FF49002AA4460FF00F6631FFFFF7
:10B610006463040264630403000F8007100F800753
:10B620003B0064242E00162F3B0064204210A00B28
:10B6300049000FE749003D6F4900416E49001A8BF0
:10B6400049002C08641200434414001049003EE6EF
:10B650005410003F4417101849003D1C442000B707
:10B6600049000BB6461FF00F490007724000808466
:10B670003C0C0584490018A9400080064900540E7E
:10B68000490019632E400D1D441710603E07F3F466
:10B6900049003CD5490006794404800644048009E9
:10B6A000120F800B66108FFF49003A8F440008008C
:10B6B00040000704401081954200400949001C6386
:10B6C0002E0016243E07F7204900413D4200040B9E
:10B6D000540000FD400060084200200B581082001A
:10B6E00058108080440003204010D00840005008CB
:10B6F00054000FFF490050C849003CCD480038FEB7
:10B70000490042F53E07F3E44900417949002EBF64
:10B7100046100080140080573B0364202E07F3502E
:10B720000800800149001C8F4200640B4000040C9B
:10B7300049000EFB3B00E404490042C940118484E7
:10B7400049000A404600008549001C7E490051C15D
:10B75000660000FF49002674382080083E07F70184
:10B76000460000874900427A2E30162D49000F5CB2
:10B770003E07F705500F873049001DA449001DA55D
:10B7800049001DA3490007BA50008A5C64020043C7
:10B7900049003DAC50030A64490027BA2E07F6F071
:10B7A000661080104210880B463000833C0C0581E7
:10B7B0003C0C058004008057460E0FFF3C0C0582B0
:10B7C00040108284444000A049000DB22E07F705C6
:10B7D0004420987849004665141000285041808024
:10B7E00049001DA6440480844010A008441214247B
:10B7F00044048001440480804010B002490024D2F7
:10B800005010865C490013C36610801F440000641A
:10B810004000073E50130664462000972E07F37D34
:10B820002E07F37C490027436610820050318FFFBA
:10B83000490017C5140080324900142766420003EE
:10B84000549000FF46200080580001004402363426
:10B850003B01640050007FCE490024A7490021939A
:10B86000440236384021500849000F645010001837
:10B8700041508002490032D249003E1C3C500B141A
:10B88000490024E74200380B4900413F442480101E
:10B8900049000D39420048082E07F36A490009A300
:10B8A00010028014442000404900084266109FFFA7
:10B8B00049001EE60400803249000AB7490017B863
:10B8C00049003FE3490042E166000100460FCFFF17
:10B8D000141000FC462F000F4210F0014200240B10
:10B8E00049001C78660000074610008638000911E0
:10B8F00004137FD04200280B490024BA490019BD27
:10B9000049004D5A490043004020080C49000A9F55
:10B91000401006046473040349003D49460000805A
:10B9200049003D4C4000200849002BD1490019FD39
:10B93000442000504900081D460000865C000001BC
:10B940004400CC004000830449001B2149003F8192
:10B950004010D80849001D87041000FC490024C08D
:10B960005821080040000009442007080413001073
:10B970003C1DFC904414800149001F26141100282E
:10B9800040110480040000762E07F71414130010F1
:10B99000460710FF40004408490026BC0411000F70
:10B9A0004424701C3E00053F490014E22E07F6F2C5
:10B9B000505F873049002DDC463000856610A000BE
:10B9C000440003E8490033233B03D020490040DA18
:10B9D0004900164D1410006149002F27100F8014E4
:10B9E0001410006258210100490030B34210DC09F4
:10B9F000501087FF4004840244100384490023A3AD
:10BA000014100029490005ED40210C0C4210D80803
:10BA10000413001D441235784900343D49001F8B42
:10BA2000401105044900330E49004EE52E07ECB8DD
:10BA3000661080041413001D3C180B0A66210001D7
:10BA4000440212503E07F3C73E07F37E382004003D
:10BA5000490034F23E07F3F044100040440FFF82E7
:10BA60002E07F3E83E07F33149000F6C140083976B
:10BA700008200001441F00FF4010200849003D2C11
:10BA80003C7C034B50030A54490051DB40118604AF
:10BA9000440212181403003E490013F92E27F71030
:10BAA00049000876490050C24414551C44175400FC
:10BAB0004210E408401004C44900059742004C08B5
:10BAC0004404800B49000C5A4000065E442455246F
:10BAD00049001ED6381689093C6C034A2E001623ED
:10BAE00042006C094900152D4210C0084200600850
:10BAF00042006009500007DB662100FF441F0FFF72
:10BB00003C1DFA9A5440000F14130008501083FF94
:10BB10000413002E400005042E5016233B03E4209E
:10BB20000410002842007C0849000AD1140303993C
:10BB300014030397440480105810D0A04404809844
:10BB40004900294C440480904031900C4900076C16
:10BB5000460F3FFF49003DF049000CED4400005105
:10BB60000411002944373010490014554402357837
:10BB7000380398003C03F9F3490034054403B4004A
:10BB8000441458A444021204040100284210D009AD
:10BB90004200440B66000004441458A066000003F1
:10BBA0004900429F460DFEFF042303974200480BC5
:10BBB000400081244404809C462C0FFF4900153925
:10BBC000490014E849003C6F3B03D000000F80148B
:10BBD0004900415F440000AA46000098440758000D
:10BBE00049005A9C462FFF00400080241411003267
:10BBF0002E17F70F490015266600020049000EFEB9
:10BC00003E17F7203E07F3E8660000401401000FDE
:10BC10002E00053E5CF78008142080494404589C9F
:10BC20003E46637060012032203210321032100024
:10BC30003200FF07FF07B00480070A0A0B06000066
:10BC40000000E803010500070206040803090000DC
:10BC5000FFFFFFFFFFFF1B00000306090C0F12157B
:10BC6000181B1E2124272A2D30320104070A0D102B
:10BC70001316191C1F2225282B2E31330205080B01
:10BC80000E1114171A1D202326292C2F0101010142
:10BC90000101010101010101010101010101010194
:10BCA0000105000702060408030900000001000165
:10BCB0000203040506070000000000000000000069
:10BCC0000001000102030405060700000000000057
:10BCD0000000000005002D00AD0C750D790D790DEB
:10BCE000790D790D890DA8008A0DF9000400000076
:10BCF00000003600370037000000370047005B00C7
:10BD00004800F900000000000000000000000000F2
:10BD10000000000000000000900100009001000001
:10BD200000000000000000000000200320030000CD
:10BD300064006400400040000400010101010101B1
:10BD400001010000000000000000000000000000F1
:10BD500000000000000000000000000020030000C0
:10BD60002003000092020000D20200000008080038
:10BD700001000000000100010203040506070000A5
:10BD800000000000000000000001000102030405A3
:10BD90000607000000000000000000000000000096
:10BDA000FFFFFFFFFFFF0300FFFFFFFFFFFF030099
:10BDB000FFFF00000000000001010000020200007F
:10BDC00004040000080800001010000020200000FB
:10BDD00040400000808000000000000000000000E3
:10BDE0000000000000000000000000000000000053
:10BDF0000000000000000000000000000000000043
:10BE00000401010001000100010001000100010026
:10BE1000010001000100010001000100010001001A
:10BE2000010001000100010001000100010001000A
:10BE300001000100010001000100010001000100FA
:10BE400001000100010001000100010001000100EA
:10BE5000FFFFFFFFFFFF0300FFFFFFFFFFFF0300E8
:10BE600002090A0B0D0E0F101112000001800000D4
:10BE7000024000000420000008100000100800002C
:10BE800020040000400200008001000000000000CB
:10BE900000000000000000000000000000000000A2
:10BEA0000000000000000000000000000000000092
:10BEB0000000000000000000000000000001000180
:10BEC0000203040506070000000000000000000057
:10BED0000001000102030405060700000000000045
:10BEE000000000000000000004010401040104013E
:10BEF0000401040104010401040101000100010026
:10BF00000100010001000100010001000100010029
:10BF1000FF03FF03FF03FF03FF03FF03FF03FF0311
:10BF2000FF03010001000100010001000100010008
:10BF300001000100010001000100010001000100F9
:10BF400001000100010001000100010001000100E9
:10BF500001000100010001000100010001000100D9
:10BF600000000102030405060700000000000000B5
:10BF700000000000000001020304050607000000A5
:10BF80000000000000000000000102030405060795
:10BF90000800000000000000000000000001020393
:10BFA0000405060708000000000000000000000073
:10BFB000FFFF0000FFFF0000FFFF0000FFFF000089
:10BFC000FFFF0000FFFF0000FFFF0000FFFF000079
:10BFD000FFFF000000000000000000000000000063
:10BFE0000000000000000000000000000000000051
:10BFF0000000000000000000000000000000000041
:10C00000FFFF000001010000020200000404000024
:10C010000808000010100000202000004040000030
:10C020008080000000000000000000000000000010
:10C030000000000000000000000000000000000000
:10C0400000000000000000000000000000000000F0
:10C05000000000000000C409840350006400B0FF29
:10C060009CFF0A0001006400010101320120010669
:10C0700001010000000000000000000000000000BE
:10C0800000000000000000000000000000000000B0
:10C0900000000000000000000000000000000000A0
:10C0A000A40600006E010802040164008800340048
:10C0B00001000014221109005A01010A00023E0188
:10C0C00002040606040202030C02640002010003DB
:10C0D0003409090800C80714100F1919CEFF5A00B7
:10C0E000030000002003000080BB0000A0860100C8
:10C0F00055002D0041000A000A00C8006E019001A1
:10C10000D007AA00C201C201AA00AA00AA00010029
:10C110000B0B320064000202640032020C08F401CE
:10C120000080010101010000040104012401440117
:10C1300064018C0114019C0100000000000000005B
:10C1400000000000000000000000000000000000EF
:10C1500005020403020104010000000000000000C9
:10C160000000000002090A0B0D0E0F101112000052
:10C17000014101010101010101010100FFFF000076
:10C180000A0C0C0C0D0D0D0D0D0D0000740C0200B1
:10C19000600C0200480C0200300C0200140C02007B
:10C1A000F40B0200D40B0200B00B02008C0B020057
:10C1B000640B0200A3004B005B006C007E0090004B
:10C1C000A400B700CA00DD00EF0000010F011D014F
:10C1D0002A0134013C01420144010000A500500045
:10C1E0006200750089009E00B400C900DF00F40001
:10C1F00008011A012A01380144014C01530156017A
:10C20000A70056006A0080009700B000C800E00058
:10C21000F8000E0123013601470155015F01660157
:10C220006A010000AA005D0074008D00A800C30030
:10C23000DF00FA0014012D01430157016701740169
:10C240007D018101AE00650080009D00BB00DA0029
:10C25000FA0018013601510168017C018C01960138
:10C260009C010000B1006F008E00B000D300F70009
:10C270001B013E015E017B019301A601B301BA01DE
:10C280005D0044005A0072008A00A400BC00D10086
:10C29000E400F300FE00030161004D00680084002B
:10C2A000A200C000DB00F300070114011B01000025
:10C2B0006500580079009D00C200E40003011D01E3
:10C2C0002F0138014C00B10003010000307500005F
:10C2D0002020000004040000FFFFFFFFFFFF030019
:10C2E000FFFFFFFFFFFF0300000100010203040541
:10C2F000060700000000000000000000000100012F
:10C300000203040506070000000000000000000012
:10C310000001000102030405060700000000000000
:10C3200000000000000100010203040506070000F0
:10C330000000000000000000520100002E7FFFFFFF
:10C34000FFFFFFFFFFFFFFFFFFFFFFFFFFFFFFFFFD
:10C35000F13A03E8006E00780000000000AA00FF38
:10C36000FFFFFFFFFFFFFFFFF130016A400A0A00F5
:10C370000000AAFF0000016E0000016E0208010427
:10C380000001003400880834090118080014000076
:10C3900037F900002F200000FF07FF0720320A00B6
:10C3A00032320021980001009800010024020200AE
:10C3B0000C280200091F0200091F5AA58400020070
:10C3C00008002904B00780012BEBF95BF927000076
:10C3D000000000FFFFFF2AF4FFFFFF2CFFFFFFFF1D
:10C3E000FFFFFFFFFFFFFFFFFFFFFFFFFFFFFFFF5D
:10C3F000FFFFFFFF2AF4FFFFFF0000002904B00742
:10C4000080010000280200091F0200091F5AA584AC
:10C410000002000800000000270000000000FFFFED
:10C42000FF000000240202000C00000023020200B2
:10C43000220506002198000100980001000000007C
:10C44000200000FF07FF0720320A00323200000000
:10C45000380E0000785F00002C240000380E000029
:10C46000785F00005014000002000000020000008D
:10C47000785F000010040000E0040000785F000016
:10C480007002000068000000E0040000501400008A
:10C49000020000000200000088630000C86600007F
:10C4A000D8D200008863000048050000C86600007C
:10C4B000D8D200004003000000040000FF01010189
:10C4C000020B00000300000000000000000000005C
:10C4D000000000000000000000000000000000005C
:10C4E0000000000003000000000000000000000049
:10C4F000000000000000000000000000000000003C
:10C50000000000000000000102030405060700000F
:10C51000000000000000000000000001020304050C
:10C5200006070000000000000000000000010001FC
:10C5300002030405060700000000000000000000E0
:10C5400000010001020304050607000000000000CE
:10C5500000000000040000000000000000000000D7
:10C5600000000000000000000400010101010101C1
:10C5700001010000000000000000000003030101B1
:10C5800001010101010100000000000000000000A5
:10C59000080000000000000009000000000000008A
:10C5A0000100010001000100010001000100010083
:10C5B0000100010001000100010001000100010073
:10C5C000010001000100010004010100010001005F
:10C5D0000100010001000100010001000100010053
:10C5E0000100010001000100010001000100010043
:10C5F0000100010001000100010001000100010033
:10C600000100010001000100010001000100010022
:10C61000010001000100010004010100010001000E
:10C620000100010001000100010001000100010002
:10C6300001000100010001000100010001000100F2
:10C640000100000000B40300E8C8030040BA030082
:10C6500001000000070001000000000000000000D1
:10C6600000000000000000000000000000000000CA
:10C6700000000000000000000000000000000000BA
:10C68000FFFF0000000000000000000000000000AC
:10C69000000000000000000000000000000000009A
:10C6A0000000000000000000000000000101010087
:10C6B00000010000FC030000000000000100000079
:10C6C0000000000000000000090000000000000061
:10C6D000000000000000000000000000000000005A
:10C6E0000100000000000000000000000800000041
:10C6F000000000000000000000000000000000003A
:10C700000000000001000000000000000000000028
:10C710000000000000000000000000000000000019
:10C720000000000000000000000000000000000009
:10C7300000000000000000000000000000000000F9
:10C7400000000000000000000000000000000000E9
:10C7500000000000000000000000000000000000D9
:10C7600000000000000000000000000000000000C9
:10C7700000000000000000000000000000000000B9
:10C780000000000000000000FFFF000000000000AB
:10C790000000000000000000000000000000000099
:10C7A0000000000000000000000000000000000089
:10C7B0000000000000000000000000000000000079
:10C7C00000000000000000000000010109FF09FF57
:10C7D00000FF0A000900010000000303010101013C
:10C7E0000101010100000000000000000000000045
:10C7F0000000000000000000000000000000000039
:10C80000000004000101010101010101000000001C
:10C810000000000000000000000000000000000018
:10C820000000000000000000000004000000000004
:10C8300000000000000000000000000000000000F8
:10C8400000000000000000000000000000000000E8
:10C8500000000000000000000000000000000000D8
:10C8600000000000000000000000000000000000C8
:10C8700000000000000000000000000000000000B8
:10C8800000000000000000000000000000000000A8
:10C890000000000000000000000000000000000098
:10C8A0000000000000000000000000000000000088
:10C8B0000000000000000000000000000000000078
:10C8C0000000000000000000000000000000000068
:10C8D0000000000000000000000000000000000058
:10C8E0000000000000000000000000000000000048
:10C8F0000000000000000000000000000000000038
:10C900001000000001000000FFFF0000FFFF00001A
:10C91000040101000100010001000100010001000B
:10C9200001000100010001000100010001000100FF
:10C9300001000100010001000100010001000100EF
:10C9400001000100010001000100010001000100DF
:10C9500001000100010001000100010001000100CF
:10C9600004010100010001000100010001000100BB
:10C9700001000100010001000100010001000100AF
:10C98000010001000100010001000100010001009F
:10C99000010001000100010001000100010001008F
:10C9A000010001000100010001000100010001007F
:10C9B000070300000000000001000000000000006C
:10C9C000FFFFFFFFFFFFFFFFFFFFFFFFFFFFFFFF77
:10C9D000FFFFFFFFFFFFFFFFFFFFFFFFFFFFFFFF67
:10C9E000FFFFFFFFFFFFFFFFFFFFFFFFFFFFFFFF57
:10C9F000FFFFFFFFFFFFFFFFFFFFFFFFFFFFFFFF47
:10CA0000FFFFFFFFFFFFFFFFFFFFFFFFFFFFFFFF36
:10CA1000FFFFFFFFFFFFFFFFFFFFFFFFFFFFFFFF26
:10CA2000FFFFFFFFFFFFFFFFFFFFFFFFFFFFFFFF16
:10CA3000FFFFFFFFFFFFFFFFFFFFFFFFFFFFFFFF06
:10CA4000FFFFFFFFFFFFFFFFFFFFFFFFFFFFFFFFF6
:10CA5000FFFFFFFFFFFFFFFFFFFFFFFFFFFFFFFFE6
:10CA6000FFFFFFFFFFFFFFFFFFFFFFFFFFFFFFFFD6
:10CA7000FFFFFFFFFFFFFFFFFFFFFFFFFFFFFFFFC6
:10CA8000FFFFFFFFFFFFFFFFFFFFFFFFFFFFFFFFB6
:10CA9000FFFFFFFFFFFFFFFFFFFFFFFFFFFFFFFFA6
:10CAA000FFFFFFFFFFFFFFFFFFFFFFFFFFFFFFFF96
:10CAB000FFFFFFFFFFFFFFFFFFFFFFFFFFFFFFFF86
:10CAC000FFFFFFFFFFFFFFFFFFFFFFFFFFFFFFFF76
:10CAD000FFFFFFFFFFFFFFFFFFFFFFFFFFFFFFFF66
:10CAE000FFFFFFFFFFFFFFFFFFFFFFFFFFFFFFFF56
:10CAF000FFFFFFFFFFFFFFFFFFFFFFFFFFFFFFFF46
:10CB0000FFFFFFFFFFFFFFFFFFFFFFFFFFFFFFFF35
:10CB1000FFFFFFFFFFFFFFFFFFFFFFFFFFFFFFFF25
:10CB2000FFFFFFFFFFFFFFFFFFFFFFFFFFFFFFFF15
:10CB3000FFFFFFFFFFFFFFFFFFFFFFFFFFFFFFFF05
:10CB4000FFFFFFFFFFFFFFFFFFFFFFFFFFFFFFFFF5
:10CB5000FFFFFFFFFFFFFFFFFFFFFFFFFFFFFFFFE5
:10CB6000FFFFFFFFFFFFFFFFFFFFFFFFFFFFFFFFD5
:10CB7000FFFFFFFFFFFFFFFFFFFFFFFFFFFFFFFFC5
:10CB8000FFFFFFFFFFFFFFFFFFFFFFFFFFFFFFFFB5
:10CB9000FFFFFFFFFFFFFFFFFFFFFFFFFFFFFFFFA5
:10CBA000FFFFFFFFFFFFFFFFFFFFFFFFFFFFFFFF95
:10CBB000FFFFFFFFFFFFFFFFFFFFFFFFFFFFFFFF85
:10CBC000FFFFFFFFFFFFFFFFFFFFFFFFFFFFFFFF75
:10CBD000FFFFFFFFFFFFFFFFFFFFFFFFFFFFFFFF65
:10CBE000FFFFFFFFFFFFFFFFFFFFFFFFFFFFFFFF55
:10CBF000FFFFFFFFFFFFFFFFFFFFFFFFFFFFFFFF45
:10CC0000FFFFFFFFFFFFFFFFFFFFFFFFFFFFFFFF34
:10CC1000FFFFFFFFFFFFFFFFFFFFFFFFFFFFFFFF24
:10CC2000FFFFFFFFFFFFFFFFFFFFFFFFFFFFFFFF14
:10CC3000FFFFFFFFFFFFFFFFFFFFFFFFFFFFFFFF04
:10CC4000FFFFFFFFFFFFFFFFFFFFFFFFFFFFFFFFF4
:10CC5000FFFFFFFFFFFFFFFFFFFFFFFFFFFFFFFFE4
:10CC6000FFFFFFFFFFFFFFFFFFFFFFFFFFFFFFFFD4
:10CC7000FFFFFFFFFFFFFFFFFFFFFFFFFFFFFFFFC4
:10CC8000FFFFFFFFFFFFFFFFFFFFFFFFFFFFFFFFB4
:10CC9000FFFFFFFFFFFFFFFFFFFFFFFFFFFFFFFFA4
:10CCA000FFFFFFFFFFFFFFFFFFFFFFFFFFFFFFFF94
:10CCB000FFFFFFFFFFFFFFFFFFFFFFFFFFFFFFFF84
:10CCC000FFFFFFFFFFFFFFFFFFFFFFFFFFFFFFFF74
:10CCD000FFFFFFFFFFFFFFFFFFFFFFFFFFFFFFFF64
:10CCE000FFFFFFFFFFFFFFFFFFFFFFFFFFFFFFFF54
:10CCF000FFFFFFFFFFFFFFFFFFFFFFFFFFFFFFFF44
:10CD0000FFFFFFFFFFFFFFFFFFFFFFFFFFFFFFFF33
:10CD1000FFFFFFFFFFFFFFFFFFFFFFFFFFFFFFFF23
:10CD2000FFFFFFFFFFFFFFFFFFFFFFFFFFFFFFFF13
:10CD3000FFFFFFFFFFFFFFFFFFFFFFFFFFFFFFFF03
:10CD4000FFFFFFFFFFFFFFFFFFFFFFFFFFFFFFFFF3
:10CD5000FFFFFFFFFFFFFFFFFFFFFFFFFFFFFFFFE3
:10CD6000FFFFFFFFFFFFFFFFFFFFFFFFFFFFFFFFD3
:10CD7000FFFFFFFFFFFFFFFFFFFFFFFFFFFFFFFFC3
:10CD8000FFFFFFFFFFFFFFFFFFFFFFFFFFFFFFFFB3
:10CD9000FFFFFFFFFFFFFFFFFFFFFFFFFFFFFFFFA3
:10CDA000FFFFFFFFFFFFFFFFFFFFFFFFFFFFFFFF93
:10CDB000FFFFFFFFFFFFFFFFFFFFFFFFFFFFFFFF83
:10CDC000FFFFFFFFFFFFFFFFFFFFFFFFFFFFFFFF73
:10CDD000FFFFFFFFFFFFFFFFFFFFFFFFFFFFFFFF63
:10CDE000FFFFFFFFFFFFFFFFFFFFFFFFFFFFFFFF53
:10CDF000FFFFFFFFFFFFFFFFFFFFFFFFFFFFFFFF43
:10CE0000FFFFFFFFFFFFFFFFFFFFFFFFFFFFFFFF32
:10CE1000FFFFFFFFFFFFFFFFFFFFFFFFFFFFFFFF22
:10CE2000FFFFFFFFFFFFFFFFFFFFFFFFFFFFFFFF12
:10CE3000FFFFFFFFFFFFFFFFFFFFFFFFFFFFFFFF02
:10CE4000FFFFFFFFFFFFFFFFFFFFFFFFFFFFFFFFF2
:10CE5000FFFFFFFFFFFFFFFFFFFFFFFFFFFFFFFFE2
:10CE6000FFFFFFFFFFFFFFFFFFFFFFFFFFFFFFFFD2
:10CE7000FFFFFFFFFFFFFFFFFFFFFFFFFFFFFFFFC2
:10CE8000FFFFFFFFFFFFFFFFFFFFFFFFFFFFFFFFB2
:10CE9000FFFFFFFFFFFFFFFFFFFFFFFFFFFFFFFFA2
:10CEA000FFFFFFFFFFFFFFFFFFFFFFFFFFFFFFFF92
:10CEB000FFFFFFFFFFFFFFFFFFFFFFFFFFFFFFFF82
:10CEC000FFFFFFFFFFFFFFFFFFFFFFFFFFFFFFFF72
:10CED000FFFFFFFFFFFFFFFFFFFFFFFFFFFFFFFF62
:10CEE000FFFFFFFFFFFFFFFFFFFFFFFFFFFFFFFF52
:10CEF000FFFFFFFFFFFFFFFFFFFFFFFFFFFFFFFF42
:10CF0000FFFFFFFFFFFFFFFFFFFFFFFFFFFFFFFF31
:10CF1000FFFFFFFFFFFFFFFFFFFFFFFFFFFFFFFF21
:10CF2000FFFFFFFFFFFFFFFFFFFFFFFFFFFFFFFF11
:10CF3000FFFFFFFFFFFFFFFFFFFFFFFFFFFFFFFF01
:10CF4000FFFFFFFFFFFFFFFFFFFFFFFFFFFFFFFFF1
:10CF5000FFFFFFFFFFFFFFFFFFFFFFFFFFFFFFFFE1
:10CF6000FFFFFFFFFFFFFFFFFFFFFFFFFFFFFFFFD1
:10CF7000FFFFFFFFFFFFFFFFFFFFFFFFFFFFFFFFC1
:10CF8000FFFFFFFFFFFFFFFFFFFFFFFFFFFFFFFFB1
:10CF9000FFFFFFFFFFFFFFFFFFFFFFFFFFFFFFFFA1
:10CFA000FFFFFFFFFFFFFFFFFFFFFFFFFFFFFFFF91
:10CFB000FFFFFFFFFFFFFFFFFFFFFFFFFFFFFFFF81
:10CFC000FFFFFFFFFFFFFFFFFFFFFFFFFFFFFFFF71
:10CFD000FFFFFFFFFFFFFFFFFFFFFFFFFFFFFFFF61
:10CFE000FFFFFFFFFFFFFFFFFFFFFFFFFFFFFFFF51
:10CFF000FFFFFFFFFFFFFFFFFFFFFFFFFFFFFFFF41
:10D00000FFFFFFFFFFFFFFFFFFFFFFFFFFFFFFFF30
:10D01000FFFFFFFFFFFFFFFFFFFFFFFFFFFFFFFF20
:10D02000FFFFFFFFFFFFFFFFFFFFFFFFFFFFFFFF10
:10D03000FFFFFFFFFFFFFFFFFFFFFFFFFFFFFFFF00
:10D04000FFFFFFFFFFFFFFFFFFFFFFFFFFFFFFFFF0
:10D05000FFFFFFFFFFFFFFFFFFFFFFFFFFFFFFFFE0
:10D06000FFFFFFFFFFFFFFFFFFFFFFFFFFFFFFFFD0
:10D07000FFFFFFFFFFFFFFFFFFFFFFFFFFFFFFFFC0
:10D08000FFFFFFFFFFFFFFFFFFFFFFFFFFFFFFFFB0
:10D09000FFFFFFFFFFFFFFFFFFFFFFFFFFFFFFFFA0
:10D0A000FFFFFFFFFFFFFFFFFFFFFFFFFFFFFFFF90
:10D0B000FFFFFFFFFFFFFFFFFFFFFFFFFFFFFFFF80
:10D0C000FFFFFFFFFFFFFFFFFFFFFFFFFFFFFFFF70
:10D0D000FFFFFFFFFFFFFFFFFFFFFFFFFFFFFFFF60
:10D0E000FFFFFFFFFFFFFFFFFFFFFFFFFFFFFFFF50
:10D0F000FFFFFFFFFFFFFFFFFFFFFFFFFFFFFFFF40
:10D10000FFFFFFFFFFFFFFFFFFFFFFFFFFFFFFFF2F
:10D11000FFFFFFFFFFFFFFFFFFFFFFFFFFFFFFFF1F
:10D12000FFFFFFFFFFFFFFFFFFFFFFFFFFFFFFFF0F
:10D13000FFFFFFFFFFFFFFFFFFFFFFFFFFFFFFFFFF
:10D14000FFFFFFFFFFFFFFFFFFFFFFFFFFFFFFFFEF
:10D15000FFFFFFFFFFFFFFFFFFFFFFFFFFFFFFFFDF
:10D16000FFFFFFFFFFFFFFFFFFFFFFFFFFFFFFFFCF
:10D17000FFFFFFFFFFFFFFFFFFFFFFFFFFFFFFFFBF
:10D18000FFFFFFFFFFFFFFFFFFFFFFFFFFFFFFFFAF
:10D19000FFFFFFFFFFFFFFFFFFFFFFFFFFFFFFFF9F
:10D1A000FFFFFFFFFFFFFFFFFFFFFFFFFFFFFFFF8F
:10D1B000FFFFFFFFFFFFFFFFFFFFFFFFFFFFFFFF7F
:10D1C000FFFFFFFFFFFFFFFFFFFFFFFFFFFFFFFF6F
:10D1D000FFFFFFFFFFFFFFFFFFFFFFFFFFFFFFFF5F
:10D1E000FFFFFFFFFFFFFFFFFFFFFFFFFFFFFFFF4F
:10D1F000FFFFFFFFFFFFFFFFFFFFFFFFFFFFFFFF3F
:10D20000FFFFFFFFFFFFFFFFFFFFFFFFFFFFFFFF2E
:10D21000FFFFFFFFFFFFFFFFFFFFFFFFFFFFFFFF1E
:10D22000FFFFFFFFFFFFFFFFFFFFFFFFFFFFFFFF0E
:10D23000FFFFFFFFFFFFFFFFFFFFFFFFFFFFFFFFFE
:10D24000FFFFFFFFFFFFFFFFFFFFFFFFFFFFFFFFEE
:10D25000FFFFFFFFFFFFFFFFFFFFFFFFFFFFFFFFDE
:10D26000FFFFFFFFFFFFFFFFFFFFFFFFFFFFFFFFCE
:10D27000FFFFFFFFFFFFFFFFFFFFFFFFFFFFFFFFBE
:10D28000FFFFFFFFFFFFFFFFFFFFFFFFFFFFFFFFAE
:10D29000FFFFFFFFFFFFFFFFFFFFFFFFFFFFFFFF9E
:10D2A000FFFFFFFFFFFFFFFFFFFFFFFFFFFFFFFF8E
:10D2B000FFFFFFFFFFFFFFFFFFFFFFFFFFFFFFFF7E
:10D2C000FFFFFFFFFFFFFFFFFFFFFFFFFFFFFFFF6E
:10D2D000FFFFFFFFFFFFFFFFFFFFFFFFFFFFFFFF5E
:10D2E000FFFFFFFFFFFFFFFFFFFFFFFFFFFFFFFF4E
:10D2F000FFFFFFFFFFFFFFFFFFFFFFFFFFFFFFFF3E
:10D30000FFFFFFFFFFFFFFFFFFFFFFFFFFFFFFFF2D
:10D31000FFFFFFFFFFFFFFFFFFFFFFFFFFFFFFFF1D
:10D32000FFFFFFFFFFFFFFFFFFFFFFFFFFFFFFFF0D
:10D33000FFFFFFFFFFFFFFFFFFFFFFFFFFFFFFFFFD
:10D34000FFFFFFFFFFFFFFFFFFFFFFFFFFFFFFFFED
:10D35000FFFFFFFFFFFFFFFFFFFFFFFFFFFFFFFFDD
:10D36000FFFFFFFFFFFFFFFFFFFFFFFFFFFFFFFFCD
:10D37000FFFFFFFFFFFFFFFFFFFFFFFFFFFFFFFFBD
:10D38000FFFFFFFFFFFFFFFFFFFFFFFFFFFFFFFFAD
:10D39000FFFFFFFFFFFFFFFFFFFFFFFFFFFFFFFF9D
:10D3A000FFFFFFFFFFFFFFFFFFFFFFFFFFFFFFFF8D
:10D3B000FFFFFFFFFFFFFFFFFFFFFFFFFFFFFFFF7D
:10D3C000FFFFFFFFFFFFFFFFFFFFFFFFFFFFFFFF6D
:10D3D000FFFFFFFFFFFFFFFFFFFFFFFFFFFFFFFF5D
:10D3E000FFFFFFFFFFFFFFFFFFFFFFFFFFFFFFFF4D
:10D3F000FFFFFFFFFFFFFFFFFFFFFFFFFFFFFFFF3D
:10D40000FFFFFFFFFFFFFFFFFFFFFFFFFFFFFFFF2C
:10D41000FFFFFFFFFFFFFFFFFFFFFFFFFFFFFFFF1C
:10D42000FFFFFFFFFFFFFFFFFFFFFFFFFFFFFFFF0C
:10D43000FFFFFFFFFFFFFFFFFFFFFFFFFFFFFFFFFC
:10D44000FFFFFFFFFFFFFFFFFFFFFFFFFFFFFFFFEC
:10D45000FFFFFFFFFFFFFFFFFFFFFFFFFFFFFFFFDC
:10D46000FFFFFFFFFFFFFFFFFFFFFFFFFFFFFFFFCC
:10D47000FFFFFFFFFFFFFFFFFFFFFFFFFFFFFFFFBC
:10D48000FFFFFFFFFFFFFFFFFFFFFFFFFFFFFFFFAC
:10D49000FFFFFFFFFFFFFFFFFFFFFFFFFFFFFFFF9C
:10D4A000FFFFFFFFFFFFFFFFFFFFFFFFFFFFFFFF8C
:10D4B000FFFFFFFFFFFFFFFFFFFFFFFFFFFFFFFF7C
:10D4C000FFFFFFFFFFFFFFFFFFFFFFFFFFFFFFFF6C
:10D4D000FFFFFFFFFFFFFFFFFFFFFFFFFFFFFFFF5C
:10D4E000FFFFFFFFFFFFFFFFFFFFFFFFFFFFFFFF4C
:10D4F000FFFFFFFFFFFFFFFFFFFFFFFFFFFFFFFF3C
:10D50000FFFFFFFFFFFFFFFFFFFFFFFFFFFFFFFF2B
:10D51000FFFFFFFFFFFFFFFFFFFFFFFFFFFFFFFF1B
:10D52000FFFFFFFFFFFFFFFFFFFFFFFFFFFFFFFF0B
:10D53000FFFFFFFFFFFFFFFFFFFFFFFFFFFFFFFFFB
:10D54000FFFFFFFFFFFFFFFFFFFFFFFFFFFFFFFFEB
:10D55000FFFFFFFFFFFFFFFFFFFFFFFFFFFFFFFFDB
:10D56000FFFFFFFFFFFFFFFFFFFFFFFFFFFFFFFFCB
:10D57000FFFFFFFFFFFFFFFFFFFFFFFFFFFFFFFFBB
:10D58000FFFFFFFFFFFFFFFFFFFFFFFFFFFFFFFFAB
:10D59000FFFFFFFFFFFFFFFFFFFFFFFFFFFFFFFF9B
:10D5A000FFFFFFFFFFFFFFFFFFFFFFFFFFFFFFFF8B
:10D5B000FFFFFFFFFFFFFFFFFFFFFFFFFFFFFFFF7B
:10D5C000FFFFFFFFFFFFFFFFFFFFFFFFFFFFFFFF6B
:10D5D000FFFFFFFFFFFFFFFFFFFFFFFFFFFFFFFF5B
:10D5E000FFFFFFFFFFFFFFFFFFFFFFFFFFFFFFFF4B
:10D5F000FFFFFFFFFFFFFFFFFFFFFFFFFFFFFFFF3B
:10D60000FFFFFFFFFFFFFFFFFFFFFFFFFFFFFFFF2A
:10D61000FFFFFFFFFFFFFFFFFFFFFFFFFFFFFFFF1A
:10D62000FFFFFFFFFFFFFFFFFFFFFFFFFFFFFFFF0A
:10D63000FFFFFFFFFFFFFFFFFFFFFFFFFFFFFFFFFA
:10D64000FFFFFFFFFFFFFFFFFFFFFFFFFFFFFFFFEA
:10D65000FFFFFFFFFFFFFFFFFFFFFFFFFFFFFFFFDA
:10D66000FFFFFFFFFFFFFFFFFFFFFFFFFFFFFFFFCA
:10D67000FFFFFFFFFFFFFFFFFFFFFFFFFFFFFFFFBA
:10D68000FFFFFFFFFFFFFFFFFFFFFFFFFFFFFFFFAA
:10D69000FFFFFFFFFFFFFFFFFFFFFFFFFFFFFFFF9A
:10D6A000FFFFFFFFFFFFFFFFFFFFFFFFFFFFFFFF8A
:10D6B000FFFFFFFFFFFFFFFFFFFFFFFFFFFFFFFF7A
:10D6C000FFFFFFFFFFFFFFFFFFFFFFFFFFFFFFFF6A
:10D6D000FFFFFFFFFFFFFFFFFFFFFFFFFFFFFFFF5A
:10D6E000FFFFFFFFFFFFFFFFFFFFFFFFFFFFFFFF4A
:10D6F000FFFFFFFFFFFFFFFFFFFFFFFFFFFFFFFF3A
:10D70000FFFFFFFFFFFFFFFFFFFFFFFFFFFFFFFF29
:10D71000FFFFFFFFFFFFFFFFFFFFFFFFFFFFFFFF19
:10D72000FFFFFFFFFFFFFFFFFFFFFFFFFFFFFFFF09
:10D73000FFFFFFFFFFFFFFFFFFFFFFFFFFFFFFFFF9
:10D74000FFFFFFFFFFFFFFFFFFFFFFFFFFFFFFFFE9
:10D75000FFFFFFFFFFFFFFFFFFFFFFFFFFFFFFFFD9
:10D76000FFFFFFFFFFFFFFFFFFFFFFFFFFFFFFFFC9
:10D77000FFFFFFFFFFFFFFFFFFFFFFFFFFFFFFFFB9
:10D78000FFFFFFFFFFFFFFFFFFFFFFFFFFFFFFFFA9
:10D79000FFFFFFFFFFFFFFFFFFFFFFFFFFFFFFFF99
:10D7A000FFFFFFFFFFFFFFFFFFFFFFFFFFFFFFFF89
:10D7B000FFFFFFFFFFFFFFFFFFFFFFFFFFFFFFFF79
:10D7C000FFFFFFFFFFFFFFFFFFFFFFFFFFFFFFFF69
:10D7D000FFFFFFFFFFFFFFFFFFFFFFFFFFFFFFFF59
:10D7E000FFFFFFFFFFFFFFFFFFFFFFFFFFFFFFFF49
:10D7F000FFFFFFFFFFFFFFFFFFFFFFFFFFFFFFFF39
:10D80000FFFFFFFFFFFFFFFFFFFFFFFFFFFFFFFF28
:10D81000FFFFFFFFFFFFFFFFFFFFFFFFFFFFFFFF18
:10D82000FFFFFFFFFFFFFFFFFFFFFFFFFFFFFFFF08
:10D83000FFFFFFFFFFFFFFFFFFFFFFFFFFFFFFFFF8
:10D84000FFFFFFFFFFFFFFFFFFFFFFFFFFFFFFFFE8
:10D85000FFFFFFFFFFFFFFFFFFFFFFFFFFFFFFFFD8
:10D86000FFFFFFFFFFFFFFFFFFFFFFFFFFFFFFFFC8
:10D87000FFFFFFFFFFFFFFFFFFFFFFFFFFFFFFFFB8
:10D88000FFFFFFFFFFFFFFFFFFFFFFFFFFFFFFFFA8
:10D89000FFFFFFFFFFFFFFFFFFFFFFFFFFFFFFFF98
:10D8A000FFFFFFFFFFFFFFFFFFFFFFFFFFFFFFFF88
:10D8B000FFFFFFFFFFFFFFFFFFFFFFFFFFFFFFFF78
:10D8C000FFFFFFFFFFFFFFFFFFFFFFFFFFFFFFFF68
:10D8D000FFFFFFFFFFFFFFFFFFFFFFFFFFFFFFFF58
:10D8E000FFFFFFFFFFFFFFFFFFFFFFFFFFFFFFFF48
:10D8F000FFFFFFFFFFFFFFFFFFFFFFFFFFFFFFFF38
:10D90000FFFFFFFFFFFFFFFFFFFFFFFFFFFFFFFF27
:10D91000FFFFFFFFFFFFFFFFFFFFFFFFFFFFFFFF17
:10D92000FFFFFFFFFFFFFFFFFFFFFFFFFFFFFFFF07
:10D93000FFFFFFFFFFFFFFFFFFFFFFFFFFFFFFFFF7
:10D94000FFFFFFFFFFFFFFFFFFFFFFFFFFFFFFFFE7
:10D95000FFFFFFFFFFFFFFFFFFFFFFFFFFFFFFFFD7
:10D96000FFFFFFFFFFFFFFFFFFFFFFFFFFFFFFFFC7
:10D97000FFFFFFFFFFFFFFFFFFFFFFFFFFFFFFFFB7
:10D98000FFFFFFFFFFFFFFFFFFFFFFFFFFFFFFFFA7
:10D99000FFFFFFFFFFFFFFFFFFFFFFFFFFFFFFFF97
:10D9A000FFFFFFFFFFFFFFFFFFFFFFFFFFFFFFFF87
:10D9B000FFFFFFFFFFFFFFFFFFFFFFFFFFFFFFFF77
:10D9C000FFFFFFFFFFFFFFFFFFFFFFFFFFFFFFFF67
:10D9D000FFFFFFFFFFFFFFFFFFFFFFFFFFFFFFFF57
:10D9E000FFFFFFFFFFFFFFFFFFFFFFFFFFFFFFFF47
:10D9F000FFFFFFFFFFFFFFFFFFFFFFFFFFFFFFFF37
:10DA0000FFFFFFFFFFFFFFFFFFFFFFFFFFFFFFFF26
:10DA1000FFFFFFFFFFFFFFFFFFFFFFFFFFFFFFFF16
:10DA2000FFFFFFFFFFFFFFFFFFFFFFFFFFFFFFFF06
:10DA3000FFFFFFFFFFFFFFFFFFFFFFFFFFFFFFFFF6
:10DA4000FFFFFFFFFFFFFFFFFFFFFFFFFFFFFFFFE6
:10DA5000FFFFFFFFFFFFFFFFFFFFFFFFFFFFFFFFD6
:10DA6000FFFFFFFFFFFFFFFFFFFFFFFFFFFFFFFFC6
:10DA7000FFFFFFFFFFFFFFFFFFFFFFFFFFFFFFFFB6
:10DA8000FFFFFFFFFFFFFFFFFFFFFFFFFFFFFFFFA6
:10DA9000FFFFFFFFFFFFFFFFFFFFFFFFFFFFFFFF96
:10DAA000FFFFFFFFFFFFFFFFFFFFFFFFFFFFFFFF86
:10DAB000FFFFFFFFFFFFFFFFFFFFFFFFFFFFFFFF76
:10DAC000FFFFFFFFFFFFFFFFFFFFFFFFFFFFFFFF66
:10DAD000FFFFFFFFFFFFFFFFFFFFFFFFFFFFFFFF56
:10DAE000FFFFFFFFFFFFFFFFFFFFFFFFFFFFFFFF46
:10DAF000FFFFFFFFFFFFFFFFFFFFFFFFFFFFFFFF36
:10DB0000FFFFFFFFFFFFFFFFFFFFFFFFFFFFFFFF25
:10DB1000FFFFFFFFFFFFFFFFFFFFFFFFFFFFFFFF15
:10DB2000FFFFFFFFFFFFFFFFFFFFFFFFFFFFFFFF05
:10DB3000FFFFFFFFFFFFFFFFFFFFFFFFFFFFFFFFF5
:10DB4000FFFFFFFFFFFFFFFFFFFFFFFFFFFFFFFFE5
:10DB5000FFFFFFFFFFFFFFFFFFFFFFFFFFFFFFFFD5
:10DB6000FFFFFFFFFFFFFFFFFFFFFFFFFFFFFFFFC5
:10DB7000FFFFFFFFFFFFFFFFFFFFFFFFFFFFFFFFB5
:10DB8000FFFFFFFFFFFFFFFFFFFFFFFFFFFFFFFFA5
:10DB9000FFFFFFFFFFFFFFFFFFFFFFFFFFFFFFFF95
:10DBA000FFFFFFFFFFFFFFFFFFFFFFFFFFFFFFFF85
:10DBB000FFFFFFFFFFFFFFFFFFFFFFFFFFFFFFFF75
:10DBC000FFFFFFFFFFFFFFFFFFFFFFFFFFFFFFFF65
:10DBD000FFFFFFFFFFFFFFFFFFFFFFFFFFFFFFFF55
:10DBE000FFFFFFFFFFFFFFFFFFFFFFFFFFFFFFFF45
:10DBF000FFFFFFFFFFFFFFFFFFFFFFFFFFFFFFFF35
:10DC0000FFFFFFFFFFFFFFFFFFFFFFFFFFFFFFFF24
:10DC1000FFFFFFFFFFFFFFFFFFFFFFFFFFFFFFFF14
:10DC2000FFFFFFFFFFFFFFFFFFFFFFFFFFFFFFFF04
:10DC3000FFFFFFFFFFFFFFFFFFFFFFFFFFFFFFFFF4
:10DC4000FFFFFFFFFFFFFFFFFFFFFFFFFFFFFFFFE4
:10DC5000FFFFFFFFFFFFFFFFFFFFFFFFFFFFFFFFD4
:10DC6000FFFFFFFFFFFFFFFFFFFFFFFFFFFFFFFFC4
:10DC7000FFFFFFFFFFFFFFFFFFFFFFFFFFFFFFFFB4
:10DC8000FFFFFFFFFFFFFFFFFFFFFFFFFFFFFFFFA4
:10DC9000FFFFFFFFFFFFFFFFFFFFFFFFFFFFFFFF94
:10DCA000FFFFFFFFFFFFFFFFFFFFFFFFFFFFFFFF84
:10DCB000FFFFFFFFFFFFFFFFFFFFFFFFFFFFFFFF74
:10DCC000FFFFFFFFFFFFFFFFFFFFFFFFFFFFFFFF64
:10DCD000FFFFFFFFFFFFFFFFFFFFFFFFFFFFFFFF54
:10DCE000FFFFFFFFFFFFFFFFFFFFFFFFFFFFFFFF44
:10DCF000FFFFFFFFFFFFFFFFFFFFFFFFFFFFFFFF34
:10DD0000FFFFFFFFFFFFFFFFFFFFFFFFFFFFFFFF23
:10DD1000FFFFFFFFFFFFFFFFFFFFFFFFFFFFFFFF13
:10DD2000FFFFFFFFFFFFFFFFFFFFFFFFFFFFFFFF03
:10DD3000FFFFFFFFFFFFFFFFFFFFFFFFFFFFFFFFF3
:10DD4000FFFFFFFFFFFFFFFFFFFFFFFFFFFFFFFFE3
:10DD5000FFFFFFFFFFFFFFFFFFFFFFFFFFFFFFFFD3
:10DD6000FFFFFFFFFFFFFFFFFFFFFFFFFFFFFFFFC3
:10DD7000FFFFFFFFFFFFFFFFFFFFFFFFFFFFFFFFB3
:10DD8000FFFFFFFFFFFFFFFFFFFFFFFFFFFFFFFFA3
:10DD9000FFFFFFFFFFFFFFFFFFFFFFFFFFFFFFFF93
:10DDA000FFFFFFFFFFFFFFFFFFFFFFFFFFFFFFFF83
:10DDB000FFFFFFFFFFFFFFFFFFFFFFFFFFFFFFFF73
:10DDC000FFFFFFFFFFFFFFFFFFFFFFFFFFFFFFFF63
:10DDD000FFFFFFFFFFFFFFFFFFFFFFFFFFFFFFFF53
:10DDE000FFFFFFFFFFFFFFFFFFFFFFFFFFFFFFFF43
:10DDF000FFFFFFFFFFFFFFFFFFFFFFFFFFFFFFFF33
:10DE0000FFFFFFFFFFFFFFFFFFFFFFFFFFFFFFFF22
:10DE1000FFFFFFFFFFFFFFFFFFFFFFFFFFFFFFFF12
:10DE2000FFFFFFFFFFFFFFFFFFFFFFFFFFFFFFFF02
:10DE3000FFFFFFFFFFFFFFFFFFFFFFFFFFFFFFFFF2
:10DE4000FFFFFFFFFFFFFFFFFFFFFFFFFFFFFFFFE2
:10DE5000FFFFFFFFFFFFFFFFFFFFFFFFFFFFFFFFD2
:10DE6000FFFFFFFFFFFFFFFFFFFFFFFFFFFFFFFFC2
:10DE7000FFFFFFFFFFFFFFFFFFFFFFFFFFFFFFFFB2
:10DE8000FFFFFFFFFFFFFFFFFFFFFFFFFFFFFFFFA2
:10DE9000FFFFFFFFFFFFFFFFFFFFFFFFFFFFFFFF92
:10DEA000FFFFFFFFFFFFFFFFFFFFFFFFFFFFFFFF82
:10DEB000FFFFFFFFFFFFFFFFFFFFFFFFFFFFFFFF72
:10DEC000FFFFFFFFFFFFFFFFFFFFFFFFFFFFFFFF62
:10DED000FFFFFFFFFFFFFFFFFFFFFFFFFFFFFFFF52
:10DEE000FFFFFFFFFFFFFFFFFFFFFFFFFFFFFFFF42
:10DEF000FFFFFFFFFFFFFFFFFFFFFFFFFFFFFFFF32
:10DF0000FFFFFFFFFFFFFFFFFFFFFFFFFFFFFFFF21
:10DF1000FFFFFFFFFFFFFFFFFFFFFFFFFFFFFFFF11
:10DF2000FFFFFFFFFFFFFFFFFFFFFFFFFFFFFFFF01
:10DF3000FFFFFFFFFFFFFFFFFFFFFFFFFFFFFFFFF1
:10DF4000FFFFFFFFFFFFFFFFFFFFFFFFFFFFFFFFE1
:10DF5000FFFFFFFFFFFFFFFFFFFFFFFFFFFFFFFFD1
:10DF6000FFFFFFFFFFFFFFFFFFFFFFFFFFFFFFFFC1
:10DF7000FFFFFFFFFFFFFFFFFFFFFFFFFFFFFFFFB1
:10DF8000FFFFFFFFFFFFFFFFFFFFFFFFFFFFFFFFA1
:10DF9000FFFFFFFFFFFFFFFFFFFFFFFFFFFFFFFF91
:10DFA000FFFFFFFFFFFFFFFFFFFFFFFFFFFFFFFF81
:10DFB000FFFFFFFFFFFFFFFFFFFFFFFFFFFFFFFF71
:10DFC000FFFFFFFFFFFFFFFFFFFFFFFFFFFFFFFF61
:10DFD000FFFFFFFFFFFFFFFFFFFFFFFFFFFFFFFF51
:10DFE000FFFFFFFFFFFFFFFFFFFFFFFFFFFFFFFF41
:10DFF000FFFFFFFFFFFFFFFFFFFFFFFFFFFFFFFF31
:10E00000FFFFFFFFFFFFFFFFFFFFFFFFFFFFFFFF20
:10E01000FFFFFFFFFFFFFFFFFFFFFFFFFFFFFFFF10
:10E02000FFFFFFFFFFFFFFFFFFFFFFFFFFFFFFFF00
:10E03000FFFFFFFFFFFFFFFFFFFFFFFFFFFFFFFFF0
:10E04000FFFFFFFFFFFFFFFFFFFFFFFFFFFFFFFFE0
:10E05000FFFFFFFFFFFFFFFFFFFFFFFFFFFFFFFFD0
:10E06000FFFFFFFFFFFFFFFFFFFFFFFFFFFFFFFFC0
:10E07000FFFFFFFFFFFFFFFFFFFFFFFFFFFFFFFFB0
:10E08000FFFFFFFFFFFFFFFFFFFFFFFFFFFFFFFFA0
:10E09000FFFFFFFFFFFFFFFFFFFFFFFFFFFFFFFF90
:10E0A000FFFFFFFFFFFFFFFFFFFFFFFFFFFFFFFF80
:10E0B000FFFFFFFFFFFFFFFFFFFFFFFFFFFFFFFF70
:10E0C000FFFFFFFFFFFFFFFFFFFFFFFFFFFFFFFF60
:10E0D000FFFFFFFFFFFFFFFFFFFFFFFFFFFFFFFF50
:10E0E000FFFFFFFFFFFFFFFFFFFFFFFFFFFFFFFF40
:10E0F000FFFFFFFFFFFFFFFFFFFFFFFFFFFFFFFF30
:10E10000FFFFFFFFFFFFFFFFFFFFFFFFFFFFFFFF1F
:10E11000FFFFFFFFFFFFFFFFFFFFFFFFFFFFFFFF0F
:10E12000FFFFFFFFFFFFFFFFFFFFFFFFFFFFFFFFFF
:10E13000FFFFFFFFFFFFFFFFFFFFFFFFFFFFFFFFEF
:10E14000FFFFFFFFFFFFFFFFFFFFFFFFFFFFFFFFDF
:10E15000FFFFFFFFFFFFFFFFFFFFFFFFFFFFFFFFCF
:10E16000FFFFFFFFFFFFFFFFFFFFFFFFFFFFFFFFBF
:10E17000FFFFFFFFFFFFFFFFFFFFFFFFFFFFFFFFAF
:10E18000FFFFFFFFFFFFFFFFFFFFFFFFFFFFFFFF9F
:10E19000FFFFFFFFFFFFFFFFFFFFFFFFFFFFFFFF8F
:10E1A000FFFFFFFFFFFFFFFFFFFFFFFFFFFFFFFF7F
:10E1B000FFFFFFFFFFFFFFFFFFFFFFFFFFFFFFFF6F
:10E1C000FFFFFFFFFFFFFFFFFFFFFFFFFFFFFFFF5F
:10E1D000FFFFFFFFFFFFFFFFFFFFFFFFFFFFFFFF4F
:10E1E000FFFFFFFFFFFFFFFFFFFFFFFFFFFFFFFF3F
:10E1F000FFFFFFFFFFFFFFFFFFFFFFFFFFFFFFFF2F
:10E20000FFFFFFFFFFFFFFFFFFFFFFFFFFFFFFFF1E
:10E21000FFFFFFFFFFFFFFFFFFFFFFFFFFFFFFFF0E
:10E22000FFFFFFFFFFFFFFFFFFFFFFFFFFFFFFFFFE
:10E23000FFFFFFFFFFFFFFFFFFFFFFFFFFFFFFFFEE
:10E24000FFFFFFFFFFFFFFFFFFFFFFFFFFFFFFFFDE
:10E25000FFFFFFFFFFFFFFFFFFFFFFFFFFFFFFFFCE
:10E26000FFFFFFFFFFFFFFFFFFFFFFFFFFFFFFFFBE
:10E27000FFFFFFFFFFFFFFFFFFFFFFFFFFFFFFFFAE
:10E28000FFFFFFFFFFFFFFFFFFFFFFFFFFFFFFFF9E
:10E29000FFFFFFFFFFFFFFFFFFFFFFFFFFFFFFFF8E
:10E2A000FFFFFFFFFFFFFFFFFFFFFFFFFFFFFFFF7E
:10E2B000FFFFFFFFFFFFFFFFFFFFFFFFFFFFFFFF6E
:10E2C000FFFFFFFFFFFFFFFFFFFFFFFFFFFFFFFF5E
:10E2D000FFFFFFFFFFFFFFFFFFFFFFFFFFFFFFFF4E
:10E2E000FFFFFFFFFFFFFFFFFFFFFFFFFFFFFFFF3E
:10E2F000FFFFFFFFFFFFFFFFFFFFFFFFFFFFFFFF2E
:10E30000FFFFFFFFFFFFFFFFFFFFFFFFFFFFFFFF1D
:10E31000FFFFFFFFFFFFFFFFFFFFFFFFFFFFFFFF0D
:10E32000FFFFFFFFFFFFFFFFFFFFFFFFFFFFFFFFFD
:10E33000FFFFFFFFFFFFFFFFFFFFFFFFFFFFFFFFED
:10E34000FFFFFFFFFFFFFFFFFFFFFFFFFFFFFFFFDD
:10E35000FFFFFFFFFFFFFFFFFFFFFFFFFFFFFFFFCD
:10E36000FFFFFFFFFFFFFFFFFFFFFFFFFFFFFFFFBD
:10E37000FFFFFFFFFFFFFFFFFFFFFFFFFFFFFFFFAD
:10E38000FFFFFFFFFFFFFFFFFFFFFFFFFFFFFFFF9D
:10E39000FFFFFFFFFFFFFFFFFFFFFFFFFFFFFFFF8D
:10E3A000FFFFFFFFFFFFFFFFFFFFFFFFFFFFFFFF7D
:10E3B000FFFFFFFFFFFFFFFFFFFFFFFFFFFFFFFF6D
:10E3C000FFFFFFFFFFFFFFFFFFFFFFFFFFFFFFFF5D
:10E3D000FFFFFFFFFFFFFFFFFFFFFFFFFFFFFFFF4D
:10E3E000FFFFFFFFFFFFFFFFFFFFFFFFFFFFFFFF3D
:10E3F000FFFFFFFFFFFFFFFFFFFFFFFFFFFFFFFF2D
:10E40000FFFFFFFFFFFFFFFFFFFFFFFFFFFFFFFF1C
:10E41000FFFFFFFFFFFFFFFFFFFFFFFFFFFFFFFF0C
:10E42000FFFFFFFFFFFFFFFFFFFFFFFFFFFFFFFFFC
:10E43000FFFFFFFFFFFFFFFFFFFFFFFFFFFFFFFFEC
:10E44000FFFFFFFFFFFFFFFFFFFFFFFFFFFFFFFFDC
:10E45000FFFFFFFFFFFFFFFFFFFFFFFFFFFFFFFFCC
:10E46000FFFFFFFFFFFFFFFFFFFFFFFFFFFFFFFFBC
:10E47000FFFFFFFFFFFFFFFFFFFFFFFFFFFFFFFFAC
:10E48000FFFFFFFFFFFFFFFFFFFFFFFFFFFFFFFF9C
:10E49000FFFFFFFFFFFFFFFFFFFFFFFFFFFFFFFF8C
:10E4A000FFFFFFFFFFFFFFFFFFFFFFFFFFFFFFFF7C
:10E4B000FFFFFFFFFFFFFFFFFFFFFFFFFFFFFFFF6C
:10E4C000FFFFFFFFFFFFFFFFFFFFFFFFFFFFFFFF5C
:10E4D000FFFFFFFFFFFFFFFFFFFFFFFFFFFFFFFF4C
:10E4E000FFFFFFFFFFFFFFFFFFFFFFFFFFFFFFFF3C
:10E4F000FFFFFFFFFFFFFFFFFFFFFFFFFFFFFFFF2C
:10E50000FFFFFFFFFFFFFFFFFFFFFFFFFFFFFFFF1B
:10E51000FFFFFFFFFFFFFFFFFFFFFFFFFFFFFFFF0B
:10E52000FFFFFFFFFFFFFFFFFFFFFFFFFFFFFFFFFB
:10E53000FFFFFFFFFFFFFFFFFFFFFFFFFFFFFFFFEB
:10E54000FFFFFFFFFFFFFFFFFFFFFFFFFFFFFFFFDB
:10E55000FFFFFFFFFFFFFFFFFFFFFFFFFFFFFFFFCB
:10E56000FFFFFFFFFFFFFFFFFFFFFFFFFFFFFFFFBB
:10E57000FFFFFFFFFFFFFFFFFFFFFFFFFFFFFFFFAB
:10E58000FFFFFFFFFFFFFFFFFFFFFFFFFFFFFFFF9B
:10E59000FFFFFFFFFFFFFFFFFFFFFFFFFFFFFFFF8B
:10E5A000FFFFFFFFFFFFFFFFFFFFFFFFFFFFFFFF7B
:10E5B000FFFFFFFFFFFFFFFFFFFFFFFFFFFFFFFF6B
:10E5C000FFFFFFFFFFFFFFFFFFFFFFFFFFFFFFFF5B
:10E5D000FFFFFFFFFFFFFFFFFFFFFFFFFFFFFFFF4B
:10E5E000FFFFFFFFFFFFFFFFFFFFFFFFFFFFFFFF3B
:10E5F000FFFFFFFFFFFFFFFFFFFFFFFFFFFFFFFF2B
:10E60000FFFFFFFFFFFFFFFFFFFFFFFFFFFFFFFF1A
:10E61000FFFFFFFFFFFFFFFFFFFFFFFFFFFFFFFF0A
:10E62000FFFFFFFFFFFFFFFFFFFFFFFFFFFFFFFFFA
:10E63000FFFFFFFFFFFFFFFFFFFFFFFFFFFFFFFFEA
:10E64000FFFFFFFFFFFFFFFFFFFFFFFFFFFFFFFFDA
:10E65000FFFFFFFFFFFFFFFFFFFFFFFFFFFFFFFFCA
:10E66000FFFFFFFFFFFFFFFFFFFFFFFFFFFFFFFFBA
:10E67000FFFFFFFFFFFFFFFFFFFFFFFFFFFFFFFFAA
:10E68000FFFFFFFFFFFFFFFFFFFFFFFFFFFFFFFF9A
:10E69000FFFFFFFFFFFFFFFFFFFFFFFFFFFFFFFF8A
:10E6A000FFFFFFFFFFFFFFFFFFFFFFFFFFFFFFFF7A
:10E6B000FFFFFFFFFFFFFFFFFFFFFFFFFFFFFFFF6A
:10E6C000FFFFFFFFFFFFFFFFFFFFFFFFFFFFFFFF5A
:10E6D000FFFFFFFFFFFFFFFFFFFFFFFFFFFFFFFF4A
:10E6E000FFFFFFFFFFFFFFFFFFFFFFFFFFFFFFFF3A
:10E6F000FFFFFFFFFFFFFFFFFFFFFFFFFFFFFFFF2A
:10E70000FFFFFFFFFFFFFFFFFFFFFFFFFFFFFFFF19
:10E71000FFFFFFFFFFFFFFFFFFFFFFFFFFFFFFFF09
:10E72000FFFFFFFFFFFFFFFFFFFFFFFFFFFFFFFFF9
:10E73000FFFFFFFFFFFFFFFFFFFFFFFFFFFFFFFFE9
:10E74000FFFFFFFFFFFFFFFFFFFFFFFFFFFFFFFFD9
:10E75000FFFFFFFFFFFFFFFFFFFFFFFFFFFFFFFFC9
:10E76000FFFFFFFFFFFFFFFFFFFFFFFFFFFFFFFFB9
:10E77000FFFFFFFFFFFFFFFFFFFFFFFFFFFFFFFFA9
:10E78000FFFFFFFFFFFFFFFFFFFFFFFFFFFFFFFF99
:10E79000FFFFFFFFFFFFFFFFFFFFFFFFFFFFFFFF89
:10E7A000FFFFFFFFFFFFFFFFFFFFFFFFFFFFFFFF79
:10E7B000FFFFFFFFFFFFFFFFFFFFFFFFFFFFFFFF69
:10E7C000FFFFFFFFFFFFFFFFFFFFFFFFFFFFFFFF59
:10E7D000FFFFFFFFFFFFFFFFFFFFFFFFFFFFFFFF49
:10E7E000FFFFFFFFFFFFFFFFFFFFFFFFFFFFFFFF39
:10E7F000FFFFFFFFFFFFFFFFFFFFFFFFFFFFFFFF29
:10E80000FFFFFFFFFFFFFFFFFFFFFFFFFFFFFFFF18
:10E81000FFFFFFFFFFFFFFFFFFFFFFFFFFFFFFFF08
:10E82000FFFFFFFFFFFFFFFFFFFFFFFFFFFFFFFFF8
:10E83000FFFFFFFFFFFFFFFFFFFFFFFFFFFFFFFFE8
:10E84000FFFFFFFFFFFFFFFFFFFFFFFFFFFFFFFFD8
:10E85000FFFFFFFFFFFFFFFFFFFFFFFFFFFFFFFFC8
:10E86000FFFFFFFFFFFFFFFFFFFFFFFFFFFFFFFFB8
:10E87000FFFFFFFFFFFFFFFFFFFFFFFFFFFFFFFFA8
:10E88000FFFFFFFFFFFFFFFFFFFFFFFFFFFFFFFF98
:10E89000FFFFFFFFFFFFFFFFFFFFFFFFFFFFFFFF88
:10E8A000FFFFFFFFFFFFFFFFFFFFFFFFFFFFFFFF78
:10E8B000FFFFFFFFFFFFFFFFFFFFFFFFFFFFFFFF68
:10E8C000FFFFFFFFFFFFFFFFFFFFFFFFFFFFFFFF58
:10E8D000FFFFFFFFFFFFFFFFFFFFFFFFFFFFFFFF48
:10E8E000FFFFFFFFFFFFFFFFFFFFFFFFFFFFFFFF38
:10E8F000FFFFFFFFFFFFFFFFFFFFFFFFFFFFFFFF28
:10E90000FFFFFFFFFFFFFFFFFFFFFFFFFFFFFFFF17
:10E91000FFFFFFFFFFFFFFFFFFFFFFFFFFFFFFFF07
:10E92000FFFFFFFFFFFFFFFFFFFFFFFFFFFFFFFFF7
:10E93000FFFFFFFFFFFFFFFFFFFFFFFFFFFFFFFFE7
:10E94000FFFFFFFFFFFFFFFFFFFFFFFFFFFFFFFFD7
:10E95000FFFFFFFFFFFFFFFFFFFFFFFFFFFFFFFFC7
:10E96000FFFFFFFFFFFFFFFFFFFFFFFFFFFFFFFFB7
:10E97000FFFFFFFFFFFFFFFFFFFFFFFFFFFFFFFFA7
:10E98000FFFFFFFFFFFFFFFFFFFFFFFFFFFFFFFF97
:10E99000FFFFFFFFFFFFFFFFFFFFFFFFFFFFFFFF87
:10E9A000FFFFFFFFFFFFFFFFFFFFFFFFFFFFFFFF77
:10E9B000FFFFFFFFFFFFFFFFFFFFFFFFFFFFFFFF67
:10E9C000FFFFFFFFFFFFFFFFFFFFFFFFFFFFFFFF57
:10E9D000FFFFFFFFFFFFFFFFFFFFFFFFFFFFFFFF47
:10E9E000FFFFFFFFFFFFFFFFFFFFFFFFFFFFFFFF37
:10E9F000FFFFFFFFFFFFFFFFFFFFFFFFFFFFFFFF27
:10EA0000FFFFFFFFFFFFFFFFFFFFFFFFFFFFFFFF16
:10EA1000FFFFFFFFFFFFFFFFFFFFFFFFFFFFFFFF06
:10EA2000FFFFFFFFFFFFFFFFFFFFFFFFFFFFFFFFF6
:10EA3000FFFFFFFFFFFFFFFFFFFFFFFFFFFFFFFFE6
:10EA4000FFFFFFFFFFFFFFFFFFFFFFFFFFFFFFFFD6
:10EA5000FFFFFFFFFFFFFFFFFFFFFFFFFFFFFFFFC6
:10EA6000FFFFFFFFFFFFFFFFFFFFFFFFFFFFFFFFB6
:10EA7000FFFFFFFFFFFFFFFFFFFFFFFFFFFFFFFFA6
:10EA8000FFFFFFFFFFFFFFFFFFFFFFFFFFFFFFFF96
:10EA9000FFFFFFFFFFFFFFFFFFFFFFFFFFFFFFFF86
:10EAA000FFFFFFFFFFFFFFFFFFFFFFFFFFFFFFFF76
:10EAB000FFFFFFFFFFFFFFFFFFFFFFFFFFFFFFFF66
:10EAC000FFFFFFFFFFFFFFFFFFFFFFFFFFFFFFFF56
:10EAD000FFFFFFFFFFFFFFFFFFFFFFFFFFFFFFFF46
:10EAE000FFFFFFFFFFFFFFFFFFFFFFFFFFFFFFFF36
:10EAF000FFFFFFFFFFFFFFFFFFFFFFFFFFFFFFFF26
:10EB0000FFFFFFFFFFFFFFFFFFFFFFFFFFFFFFFF15
:10EB1000FFFFFFFFFFFFFFFFFFFFFFFFFFFFFFFF05
:10EB2000FFFFFFFFFFFFFFFFFFFFFFFFFFFFFFFFF5
:10EB3000FFFFFFFFFFFFFFFFFFFFFFFFFFFFFFFFE5
:10EB4000FFFFFFFFFFFFFFFFFFFFFFFFFFFFFFFFD5
:10EB5000FFFFFFFFFFFFFFFFFFFFFFFFFFFFFFFFC5
:10EB6000FFFFFFFFFFFFFFFFFFFFFFFFFFFFFFFFB5
:10EB7000FFFFFFFFFFFFFFFFFFFFFFFFFFFFFFFFA5
:10EB8000FFFFFFFFFFFFFFFFFFFFFFFFFFFFFFFF95
:10EB9000FFFFFFFFFFFFFFFFFFFFFFFFFFFFFFFF85
:10EBA000FFFFFFFFFFFFFFFFFFFFFFFFFFFFFFFF75
:10EBB000FFFFFFFFFFFFFFFFFFFFFFFFFFFFFFFF65
:10EBC000FFFFFFFFFFFFFFFFFFFFFFFFFFFFFFFF55
:10EBD000FFFFFFFFFFFFFFFFFFFFFFFFFFFFFFFF45
:10EBE000FFFFFFFFFFFFFFFFFFFFFFFFFFFFFFFF35
:10EBF000FFFFFFFFFFFFFFFFFFFFFFFFFFFFFFFF25
:10EC0000FFFFFFFFFFFFFFFFFFFFFFFFFFFFFFFF14
:10EC1000FFFFFFFFFFFFFFFFFFFFFFFFFFFFFFFF04
:10EC2000FFFFFFFFFFFFFFFFFFFFFFFFFFFFFFFFF4
:10EC3000FFFFFFFFFFFFFFFFFFFFFFFFFFFFFFFFE4
:10EC4000FFFFFFFFFFFFFFFFFFFFFFFFFFFFFFFFD4
:10EC5000FFFFFFFFFFFFFFFFFFFFFFFFFFFFFFFFC4
:10EC6000FFFFFFFFFFFFFFFFFFFFFFFFFFFFFFFFB4
:10EC7000FFFFFFFFFFFFFFFFFFFFFFFFFFFFFFFFA4
:10EC8000FFFFFFFFFFFFFFFFFFFFFFFFFFFFFFFF94
:10EC9000FFFFFFFFFFFFFFFFFFFFFFFFFFFFFFFF84
:10ECA000FFFFFFFFFFFFFFFFFFFFFFFFFFFFFFFF74
:10ECB000FFFFFFFFFFFFFFFFFFFFFFFFFFFFFFFF64
:10ECC000FFFFFFFFFFFFFFFFFFFFFFFFFFFFFFFF54
:10ECD000FFFFFFFFFFFFFFFFFFFFFFFFFFFFFFFF44
:10ECE000FFFFFFFFFFFFFFFFFFFFFFFFFFFFFFFF34
:10ECF000FFFFFFFFFFFFFFFFFFFFFFFFFFFFFFFF24
:10ED0000FFFFFFFFFFFFFFFFFFFFFFFFFFFFFFFF13
:10ED1000FFFFFFFFFFFFFFFFFFFFFFFFFFFFFFFF03
:10ED2000FFFFFFFFFFFFFFFFFFFFFFFFFFFFFFFFF3
:10ED3000FFFFFFFFFFFFFFFFFFFFFFFFFFFFFFFFE3
:10ED4000FFFFFFFFFFFFFFFFFFFFFFFFFFFFFFFFD3
:10ED5000FFFFFFFFFFFFFFFFFFFFFFFFFFFFFFFFC3
:10ED6000FFFFFFFFFFFFFFFFFFFFFFFFFFFFFFFFB3
:10ED7000FFFFFFFFFFFFFFFFFFFFFFFFFFFFFFFFA3
:10ED8000FFFFFFFFFFFFFFFFFFFFFFFFFFFFFFFF93
:10ED9000FFFFFFFFFFFFFFFFFFFFFFFFFFFFFFFF83
:10EDA000FFFFFFFFFFFFFFFFFFFFFFFFFFFFFFFF73
:10EDB000FFFFFFFFFFFFFFFFFFFFFFFFFFFFFFFF63
:10EDC000FFFFFFFFFFFFFFFFFFFFFFFFFFFFFFFF53
:10EDD000FFFFFFFFFFFFFFFFFFFFFFFFFFFFFFFF43
:10EDE000FFFFFFFFFFFFFFFFFFFFFFFFFFFFFFFF33
:10EDF000FFFFFFFFFFFFFFFFFFFFFFFFFFFFFFFF23
:10EE0000FFFFFFFFFFFFFFFFFFFFFFFFFFFFFFFF12
:10EE1000FFFFFFFFFFFFFFFFFFFFFFFFFFFFFFFF02
:10EE2000FFFFFFFFFFFFFFFFFFFFFFFFFFFFFFFFF2
:10EE3000FFFFFFFFFFFFFFFFFFFFFFFFFFFFFFFFE2
:10EE4000FFFFFFFFFFFFFFFFFFFFFFFFFFFFFFFFD2
:10EE5000FFFFFFFFFFFFFFFFFFFFFFFFFFFFFFFFC2
:10EE6000FFFFFFFFFFFFFFFFFFFFFFFFFFFFFFFFB2
:10EE7000FFFFFFFFFFFFFFFFFFFFFFFFFFFFFFFFA2
:10EE8000FFFFFFFFFFFFFFFFFFFFFFFFFFFFFFFF92
:10EE9000FFFFFFFFFFFFFFFFFFFFFFFFFFFFFFFF82
:10EEA000FFFFFFFFFFFFFFFFFFFFFFFFFFFFFFFF72
:10EEB000FFFFFFFFFFFFFFFFFFFFFFFFFFFFFFFF62
:10EEC000FFFFFFFFFFFFFFFFFFFFFFFFFFFFFFFF52
:10EED000FFFFFFFFFFFFFFFFFFFFFFFFFFFFFFFF42
:10EEE000FFFFFFFFFFFFFFFFFFFFFFFFFFFFFFFF32
:10EEF000FFFFFFFFFFFFFFFFFFFFFFFFFFFFFFFF22
:10EF0000FFFFFFFFFFFFFFFFFFFFFFFFFFFFFFFF11
:10EF1000FFFFFFFFFFFFFFFFFFFFFFFFFFFFFFFF01
:10EF2000FFFFFFFFFFFFFFFFFFFFFFFFFFFFFFFFF1
:10EF3000FFFFFFFFFFFFFFFFFFFFFFFFFFFFFFFFE1
:10EF4000FFFFFFFFFFFFFFFFFFFFFFFFFFFFFFFFD1
:10EF5000FFFFFFFFFFFFFFFFFFFFFFFFFFFFFFFFC1
:10EF6000FFFFFFFFFFFFFFFFFFFFFFFFFFFFFFFFB1
:10EF7000FFFFFFFFFFFFFFFFFFFFFFFFFFFFFFFFA1
:10EF8000FFFFFFFFFFFFFFFFFFFFFFFFFFFFFFFF91
:10EF9000FFFFFFFFFFFFFFFFFFFFFFFFFFFFFFFF81
:10EFA000FFFFFFFFFFFFFFFFFFFFFFFFFFFFFFFF71
:10EFB000FFFFFFFFFFFFFFFFFFFFFFFFFFFFFFFF61
:10EFC000FFFFFFFFFFFFFFFFFFFFFFFFFFFFFFFF51
:10EFD000FFFFFFFFFFFFFFFFFFFFFFFFFFFFFFFF41
:10EFE000FFFFFFFFFFFFFFFFFFFFFFFFFFFFFFFF31
:10EFF000FFFFFFFFFFFFFFFFFFFFFFFFFFFFFFFF21
:10F00000FFFFFFFFFFFFFFFFFFFFFFFFFFFFFFFF10
:10F01000FFFFFFFFFFFFFFFFFFFFFFFFFFFFFFFF00
:10F02000FFFFFFFFFFFFFFFFFFFFFFFFFFFFFFFFF0
:10F03000FFFFFFFFFFFFFFFFFFFFFFFFFFFFFFFFE0
:10F04000FFFFFFFFFFFFFFFFFFFFFFFFFFFFFFFFD0
:10F05000FFFFFFFFFFFFFFFFFFFFFFFFFFFFFFFFC0
:10F06000FFFFFFFFFFFFFFFFFFFFFFFFFFFFFFFFB0
:10F07000FFFFFFFFFFFFFFFFFFFFFFFFFFFFFFFFA0
:10F08000FFFFFFFFFFFFFFFFFFFFFFFFFFFFFFFF90
:10F09000FFFFFFFFFFFFFFFFFFFFFFFFFFFFFFFF80
:10F0A000FFFFFFFFFFFFFFFFFFFFFFFFFFFFFFFF70
:10F0B000FFFFFFFFFFFFFFFFFFFFFFFFFFFFFFFF60
:10F0C000FFFFFFFFFFFFFFFFFFFFFFFFFFFFFFFF50
:10F0D000FFFFFFFFFFFFFFFFFFFFFFFFFFFFFFFF40
:10F0E000FFFFFFFFFFFFFFFFFFFFFFFFFFFFFFFF30
:10F0F000FFFFFFFFFFFFFFFFFFFFFFFFFFFFFFFF20
:10F10000FFFFFFFFFFFFFFFFFFFFFFFFFFFFFFFF0F
:10F11000FFFFFFFFFFFFFFFFFFFFFFFFFFFFFFFFFF
:10F12000FFFFFFFFFFFFFFFFFFFFFFFFFFFFFFFFEF
:10F13000FFFFFFFFFFFFFFFFFFFFFFFFFFFFFFFFDF
:10F14000FFFFFFFFFFFFFFFFFFFFFFFFFFFFFFFFCF
:10F15000FFFFFFFFFFFFFFFFFFFFFFFFFFFFFFFFBF
:10F16000FFFFFFFFFFFFFFFFFFFFFFFFFFFFFFFFAF
:10F17000FFFFFFFFFFFFFFFFFFFFFFFFFFFFFFFF9F
:10F18000FFFFFFFFFFFFFFFFFFFFFFFFFFFFFFFF8F
:10F19000FFFFFFFFFFFFFFFFFFFFFFFFFFFFFFFF7F
:10F1A000FFFFFFFFFFFFFFFFFFFFFFFFFFFFFFFF6F
:10F1B000FFFFFFFFFFFFFFFFFFFFFFFFFFFFFFFF5F
:10F1C000FFFFFFFFFFFFFFFFFFFFFFFFFFFFFFFF4F
:10F1D000FFFFFFFFFFFFFFFFFFFFFFFFFFFFFFFF3F
:10F1E000FFFFFFFFFFFFFFFFFFFFFFFFFFFFFFFF2F
:10F1F000FFFFFFFFFFFFFFFFFFFFFFFFFFFFFFFF1F
:10F20000FFFFFFFFFFFFFFFFFFFFFFFFFFFFFFFF0E
:10F21000FFFFFFFFFFFFFFFFFFFFFFFFFFFFFFFFFE
:10F22000FFFFFFFFFFFFFFFFFFFFFFFFFFFFFFFFEE
:10F23000FFFFFFFFFFFFFFFFFFFFFFFFFFFFFFFFDE
:10F24000FFFFFFFFFFFFFFFFFFFFFFFFFFFFFFFFCE
:10F25000FFFFFFFFFFFFFFFFFFFFFFFFFFFFFFFFBE
:10F26000FFFFFFFFFFFFFFFFFFFFFFFFFFFFFFFFAE
:10F27000FFFFFFFFFFFFFFFFFFFFFFFFFFFFFFFF9E
:10F28000FFFFFFFFFFFFFFFFFFFFFFFFFFFFFFFF8E
:10F29000FFFFFFFFFFFFFFFFFFFFFFFFFFFFFFFF7E
:10F2A000FFFFFFFFFFFFFFFFFFFFFFFFFFFFFFFF6E
:10F2B000FFFFFFFFFFFFFFFFFFFFFFFFFFFFFFFF5E
:10F2C000FFFFFFFFFFFFFFFFFFFFFFFFFFFFFFFF4E
:10F2D000FFFFFFFFFFFFFFFFFFFFFFFFFFFFFFFF3E
:10F2E000FFFFFFFFFFFFFFFFFFFFFFFFFFFFFFFF2E
:10F2F000FFFFFFFFFFFFFFFFFFFFFFFFFFFFFFFF1E
:10F30000FFFFFFFFFFFFFFFFFFFFFFFFFFFFFFFF0D
:10F31000FFFFFFFFFFFFFFFFFFFFFFFFFFFFFFFFFD
:10F32000FFFFFFFFFFFFFFFFFFFFFFFFFFFFFFFFED
:10F33000FFFFFFFFFFFFFFFFFFFFFFFFFFFFFFFFDD
:10F34000FFFFFFFFFFFFFFFFFFFFFFFFFFFFFFFFCD
:10F35000FFFFFFFFFFFFFFFFFFFFFFFFFFFFFFFFBD
:10F36000FFFFFFFFFFFFFFFFFFFFFFFFFFFFFFFFAD
:10F37000FFFFFFFFFFFFFFFFFFFFFFFFFFFFFFFF9D
:10F38000FFFFFFFFFFFFFFFFFFFFFFFFFFFFFFFF8D
:10F39000FFFFFFFFFFFFFFFFFFFFFFFFFFFFFFFF7D
:10F3A000FFFFFFFFFFFFFFFFFFFFFFFFFFFFFFFF6D
:10F3B000FFFFFFFFFFFFFFFFFFFFFFFFFFFFFFFF5D
:10F3C000FFFFFFFFFFFFFFFFFFFFFFFFFFFFFFFF4D
:10F3D000FFFFFFFFFFFFFFFFFFFFFFFFFFFFFFFF3D
:10F3E000FFFFFFFFFFFFFFFFFFFFFFFFFFFFFFFF2D
:10F3F000FFFFFFFFFFFFFFFFFFFFFFFFFFFFFFFF1D
:10F40000FFFFFFFFFFFFFFFFFFFFFFFFFFFFFFFF0C
:10F41000FFFFFFFFFFFFFFFFFFFFFFFFFFFFFFFFFC
:10F42000FFFFFFFFFFFFFFFFFFFFFFFFFFFFFFFFEC
:10F43000FFFFFFFFFFFFFFFFFFFFFFFFFFFFFFFFDC
:10F44000FFFFFFFFFFFFFFFFFFFFFFFFFFFFFFFFCC
:10F45000FFFFFFFFFFFFFFFFFFFFFFFFFFFFFFFFBC
:10F46000FFFFFFFFFFFFFFFFFFFFFFFFFFFFFFFFAC
:10F47000FFFFFFFFFFFFFFFFFFFFFFFFFFFFFFFF9C
:10F48000FFFFFFFFFFFFFFFFFFFFFFFFFFFFFFFF8C
:10F49000FFFFFFFFFFFFFFFFFFFFFFFFFFFFFFFF7C
:10F4A000FFFFFFFFFFFFFFFFFFFFFFFFFFFFFFFF6C
:10F4B000FFFFFFFFFFFFFFFFFFFFFFFFFFFFFFFF5C
:10F4C000FFFFFFFFFFFFFFFFFFFFFFFFFFFFFFFF4C
:10F4D000FFFFFFFFFFFFFFFFFFFFFFFFFFFFFFFF3C
:10F4E000FFFFFFFFFFFFFFFFFFFFFFFFFFFFFFFF2C
:10F4F000FFFFFFFFFFFFFFFFFFFFFFFFFFFFFFFF1C
:10F50000FFFFFFFFFFFFFFFFFFFFFFFFFFFFFFFF0B
:10F51000FFFFFFFFFFFFFFFFFFFFFFFFFFFFFFFFFB
:10F52000FFFFFFFFFFFFFFFFFFFFFFFFFFFFFFFFEB
:10F53000FFFFFFFFFFFFFFFFFFFFFFFFFFFFFFFFDB
:10F54000FFFFFFFFFFFFFFFFFFFFFFFFFFFFFFFFCB
:10F55000FFFFFFFFFFFFFFFFFFFFFFFFFFFFFFFFBB
:10F56000FFFFFFFFFFFFFFFFFFFFFFFFFFFFFFFFAB
:10F57000FFFFFFFFFFFFFFFFFFFFFFFFFFFFFFFF9B
:10F58000FFFFFFFFFFFFFFFFFFFFFFFFFFFFFFFF8B
:10F59000FFFFFFFFFFFFFFFFFFFFFFFFFFFFFFFF7B
:10F5A000FFFFFFFFFFFFFFFFFFFFFFFFFFFFFFFF6B
:10F5B000FFFFFFFFFFFFFFFFFFFFFFFFFFFFFFFF5B
:10F5C000FFFFFFFFFFFFFFFFFFFFFFFFFFFFFFFF4B
:10F5D000FFFFFFFFFFFFFFFFFFFFFFFFFFFFFFFF3B
:10F5E000FFFFFFFFFFFFFFFFFFFFFFFFFFFFFFFF2B
:10F5F000FFFFFFFFFFFFFFFFFFFFFFFFFFFFFFFF1B
:10F60000FFFFFFFFFFFFFFFFFFFFFFFFFFFFFFFF0A
:10F61000FFFFFFFFFFFFFFFFFFFFFFFFFFFFFFFFFA
:10F62000FFFFFFFFFFFFFFFFFFFFFFFFFFFFFFFFEA
:10F63000FFFFFFFFFFFFFFFFFFFFFFFFFFFFFFFFDA
:10F64000FFFFFFFFFFFFFFFFFFFFFFFFFFFFFFFFCA
:10F65000FFFFFFFFFFFFFFFFFFFFFFFFFFFFFFFFBA
:10F66000FFFFFFFFFFFFFFFFFFFFFFFFFFFFFFFFAA
:10F67000FFFFFFFFFFFFFFFFFFFFFFFFFFFFFFFF9A
:10F68000FFFFFFFFFFFFFFFFFFFFFFFFFFFFFFFF8A
:10F69000FFFFFFFFFFFFFFFFFFFFFFFFFFFFFFFF7A
:10F6A000FFFFFFFFFFFFFFFFFFFFFFFFFFFFFFFF6A
:10F6B000FFFFFFFFFFFFFFFFFFFFFFFFFFFFFFFF5A
:10F6C000FFFFFFFFFFFFFFFFFFFFFFFFFFFFFFFF4A
:10F6D000FFFFFFFFFFFFFFFFFFFFFFFFFFFFFFFF3A
:10F6E000FFFFFFFFFFFFFFFFFFFFFFFFFFFFFFFF2A
:10F6F000FFFFFFFFFFFFFFFFFFFFFFFFFFFFFFFF1A
:10F70000FFFFFFFFFFFFFFFFFFFFFFFFFFFFFFFF09
:10F71000FFFFFFFFFFFFFFFFFFFFFFFFFFFFFFFFF9
:10F72000FFFFFFFFFFFFFFFFFFFFFFFFFFFFFFFFE9
:10F73000FFFFFFFFFFFFFFFFFFFFFFFFFFFFFFFFD9
:10F74000FFFFFFFFFFFFFFFFFFFFFFFFFFFFFFFFC9
:10F75000FFFFFFFFFFFFFFFFFFFFFFFFFFFFFFFFB9
:10F76000FFFFFFFFFFFFFFFFFFFFFFFFFFFFFFFFA9
:10F77000FFFFFFFFFFFFFFFFFFFFFFFFFFFFFFFF99
:10F78000FFFFFFFFFFFFFFFFFFFFFFFFFFFFFFFF89
:10F79000FFFFFFFFFFFFFFFFFFFFFFFFFFFFFFFF79
:10F7A000FFFFFFFFFFFFFFFFFFFFFFFFFFFFFFFF69
:10F7B000FFFFFFFFFFFFFFFFFFFFFFFFFFFFFFFF59
:10F7C000FFFFFFFFFFFFFFFFFFFFFFFFFFFFFFFF49
:10F7D000FFFFFFFFFFFFFFFFFFFFFFFFFFFFFFFF39
:10F7E000FFFFFFFFFFFFFFFFFFFFFFFFFFFFFFFF29
:10F7F000FFFFFFFFFFFFFFFFFFFFFFFFFFFFFFFF19
:10F80000FFFFFFFFFFFFFFFFFFFFFFFFFFFFFFFF08
:10F81000FFFFFFFFFFFFFFFFFFFFFFFFFFFFFFFFF8
:10F82000FFFFFFFFFFFFFFFFFFFFFFFFFFFFFFFFE8
:10F83000FFFFFFFFFFFFFFFFFFFFFFFFFFFFFFFFD8
:10F84000FFFFFFFFFFFFFFFFFFFFFFFFFFFFFFFFC8
:10F85000FFFFFFFFFFFFFFFFFFFFFFFFFFFFFFFFB8
:10F86000FFFFFFFFFFFFFFFFFFFFFFFFFFFFFFFFA8
:10F87000FFFFFFFFFFFFFFFFFFFFFFFFFFFFFFFF98
:10F88000FFFFFFFFFFFFFFFFFFFFFFFFFFFFFFFF88
:10F89000FFFFFFFFFFFFFFFFFFFFFFFFFFFFFFFF78
:10F8A000FFFFFFFFFFFFFFFFFFFFFFFFFFFFFFFF68
:10F8B000FFFFFFFFFFFFFFFFFFFFFFFFFFFFFFFF58
:10F8C000FFFFFFFFFFFFFFFFFFFFFFFFFFFFFFFF48
:10F8D000FFFFFFFFFFFFFFFFFFFFFFFFFFFFFFFF38
:10F8E000FFFFFFFFFFFFFFFFFFFFFFFFFFFFFFFF28
:10F8F000FFFFFFFFFFFFFFFFFFFFFFFFFFFFFFFF18
:10F90000FFFFFFFFFFFFFFFFFFFFFFFFFFFFFFFF07
:10F91000FFFFFFFFFFFFFFFFFFFFFFFFFFFFFFFFF7
:10F92000FFFFFFFFFFFFFFFFFFFFFFFFFFFFFFFFE7
:10F93000FFFFFFFFFFFFFFFFFFFFFFFFFFFFFFFFD7
:10F94000FFFFFFFFFFFFFFFFFFFFFFFFFFFFFFFFC7
:10F95000FFFFFFFFFFFFFFFFFFFFFFFFFFFFFFFFB7
:10F96000FFFFFFFFFFFFFFFFFFFFFFFFFFFFFFFFA7
:10F97000FFFFFFFFFFFFFFFFFFFFFFFFFFFFFFFF97
:10F98000FFFFFFFFFFFFFFFFFFFFFFFFFFFFFFFF87
:10F99000FFFFFFFFFFFFFFFFFFFFFFFFFFFFFFFF77
:10F9A000FFFFFFFFFFFFFFFFFFFFFFFFFFFFFFFF67
:10F9B000FFFFFFFFFFFFFFFFFFFFFFFFFFFFFFFF57
:10F9C000FFFFFFFFFFFFFFFFFFFFFFFFFFFFFFFF47
:10F9D000FFFFFFFFFFFFFFFFFFFFFFFFFFFFFFFF37
:10F9E000FFFFFFFFFFFFFFFFFFFFFFFFFFFFFFFF27
:10F9F000FFFFFFFFFFFFFFFFFFFFFFFFFFFFFFFF17
:10FA0000FFFFFFFFFFFFFFFFFFFFFFFFFFFFFFFF06
:10FA1000FFFFFFFFFFFFFFFFFFFFFFFFFFFFFFFFF6
:10FA2000FFFFFFFFFFFFFFFFFFFFFFFFFFFFFFFFE6
:10FA3000FFFFFFFFFFFFFFFFFFFFFFFFFFFFFFFFD6
:10FA4000FFFFFFFFFFFFFFFFFFFFFFFFFFFFFFFFC6
:10FA5000FFFFFFFFFFFFFFFFFFFFFFFFFFFFFFFFB6
:10FA6000FFFFFFFFFFFFFFFFFFFFFFFFFFFFFFFFA6
:10FA7000FFFFFFFFFFFFFFFFFFFFFFFFFFFFFFFF96
:10FA8000FFFFFFFFFFFFFFFFFFFFFFFFFFFFFFFF86
:10FA9000FFFFFFFFFFFFFFFFFFFFFFFFFFFFFFFF76
:10FAA000FFFFFFFFFFFFFFFFFFFFFFFFFFFFFFFF66
:10FAB000FFFFFFFFFFFFFFFFFFFFFFFFFFFFFFFF56
:10FAC000FFFFFFFFFFFFFFFFFFFFFFFFFFFFFFFF46
:10FAD000FFFFFFFFFFFFFFFFFFFFFFFFFFFFFFFF36
:10FAE000FFFFFFFFFFFFFFFFFFFFFFFFFFFFFFFF26
:10FAF000FFFFFFFFFFFFFFFFFFFFFFFFFFFFFFFF16
:10FB0000FFFFFFFFFFFFFFFFFFFFFFFFFFFFFFFF05
:10FB1000FFFFFFFFFFFFFFFFFFFFFFFFFFFFFFFFF5
:10FB2000FFFFFFFFFFFFFFFFFFFFFFFFFFFFFFFFE5
:10FB3000FFFFFFFFFFFFFFFFFFFFFFFFFFFFFFFFD5
:10FB4000FFFFFFFFFFFFFFFFFFFFFFFFFFFFFFFFC5
:10FB5000FFFFFFFFFFFFFFFFFFFFFFFFFFFFFFFFB5
:10FB6000FFFFFFFFFFFFFFFFFFFFFFFFFFFFFFFFA5
:10FB7000FFFFFFFFFFFFFFFFFFFFFFFFFFFFFFFF95
:10FB8000FFFFFFFFFFFFFFFFFFFFFFFFFFFFFFFF85
:10FB9000FFFFFFFFFFFFFFFFFFFFFFFFFFFFFFFF75
:10FBA000FFFFFFFFFFFFFFFFFFFFFFFFFFFFFFFF65
:10FBB000FFFFFFFFFFFFFFFFFFFFFFFFFFFFFFFF55
:10FBC000FFFFFFFFFFFFFFFFFFFFFFFFFFFFFFFF45
:10FBD000FFFFFFFFFFFFFFFFFFFFFFFFFFFFFFFF35
:10FBE000FFFFFFFFFFFFFFFFFFFFFFFFFFFFFFFF25
:10FBF000FFFFFFFFFFFFFFFFFFFFFFFFFFFFFFFF15
:10FC0000FFFFFFFFFFFFFFFFFFFFFFFFFFFFFFFF04
:10FC1000FFFFFFFFFFFFFFFFFFFFFFFFFFFFFFFFF4
:10FC2000FFFFFFFFFFFFFFFFFFFFFFFFFFFFFFFFE4
:10FC3000FFFFFFFFFFFFFFFFFFFFFFFFFFFFFFFFD4
:10FC4000FFFFFFFFFFFFFFFFFFFFFFFFFFFFFFFFC4
:10FC5000FFFFFFFFFFFFFFFFFFFFFFFFFFFFFFFFB4
:10FC6000FFFFFFFFFFFFFFFFFFFFFFFFFFFFFFFFA4
:10FC7000FFFFFFFFFFFFFFFFFFFFFFFFFFFFFFFF94
:10FC8000FFFFFFFFFFFFFFFFFFFFFFFFFFFFFFFF84
:10FC9000FFFFFFFFFFFFFFFFFFFFFFFFFFFFFFFF74
:10FCA000FFFFFFFFFFFFFFFFFFFFFFFFFFFFFFFF64
:10FCB000FFFFFFFFFFFFFFFFFFFFFFFFFFFFFFFF54
:10FCC000FFFFFFFFFFFFFFFFFFFFFFFFFFFFFFFF44
:10FCD000FFFFFFFFFFFFFFFFFFFFFFFFFFFFFFFF34
:10FCE000FFFFFFFFFFFFFFFFFFFFFFFFFFFFFFFF24
:10FCF000FFFFFFFFFFFFFFFFFFFFFFFFFFFFFFFF14
:10FD0000FFFFFFFFFFFFFFFFFFFFFFFFFFFFFFFF03
:10FD1000FFFFFFFFFFFFFFFFFFFFFFFFFFFFFFFFF3
:10FD2000FFFFFFFFFFFFFFFFFFFFFFFFFFFFFFFFE3
:10FD3000FFFFFFFFFFFFFFFFFFFFFFFFFFFFFFFFD3
:10FD4000FFFFFFFFFFFFFFFFFFFFFFFFFFFFFFFFC3
:10FD5000FFFFFFFFFFFFFFFFFFFFFFFFFFFFFFFFB3
:10FD6000FFFFFFFFFFFFFFFFFFFFFFFFFFFFFFFFA3
:10FD7000FFFFFFFFFFFFFFFFFFFFFFFFFFFFFFFF93
:10FD8000FFFFFFFFFFFFFFFFFFFFFFFFFFFFFFFF83
:10FD9000FFFFFFFFFFFFFFFFFFFFFFFFFFFFFFFF73
:10FDA000FFFFFFFFFFFFFFFFFFFFFFFFFFFFFFFF63
:10FDB000FFFFFFFFFFFFFFFFFFFFFFFFFFFFFFFF53
:10FDC000FFFFFFFFFFFFFFFFFFFFFFFFFFFFFFFF43
:10FDD000FFFFFFFFFFFFFFFFFFFFFFFFFFFFFFFF33
:10FDE000FFFFFFFFFFFFFFFFFFFFFFFFFFFFFFFF23
:10FDF000FFFFFFFFFFFFFFFFFFFFFFFFFFFFFFFF13
:10FE0000FFFFFFFFFFFFFFFFFFFFFFFFFFFFFFFF02
:10FE1000FFFFFFFFFFFFFFFFFFFFFFFFFFFFFFFFF2
:10FE2000FFFFFFFFFFFFFFFFFFFFFFFFFFFFFFFFE2
:10FE3000FFFFFFFFFFFFFFFFFFFFFFFFFFFFFFFFD2
:10FE4000FFFFFFFFFFFFFFFFFFFFFFFFFFFFFFFFC2
:10FE5000FFFFFFFFFFFFFFFFFFFFFFFFFFFFFFFFB2
:10FE6000FFFFFFFFFFFFFFFFFFFFFFFFFFFFFFFFA2
:10FE7000FFFFFFFFFFFFFFFFFFFFFFFFFFFFFFFF92
:10FE8000FFFFFFFFFFFFFFFFFFFFFFFFFFFFFFFF82
:10FE9000FFFFFFFFFFFFFFFFFFFFFFFFFFFFFFFF72
:10FEA000FFFFFFFFFFFFFFFFFFFFFFFFFFFFFFFF62
:10FEB000FFFFFFFFFFFFFFFFFFFFFFFFFFFFFFFF52
:10FEC000FFFFFFFFFFFFFFFFFFFFFFFFFFFFFFFF42
:10FED000FFFFFFFFFFFFFFFFFFFFFFFFFFFFFFFF32
:10FEE000FFFFFFFFFFFFFFFFFFFFFFFFFFFFFFFF22
:10FEF000FFFFFFFFFFFFFFFFFFFFFFFFFFFFFFFF12
:10FF0000FFFFFFFFFFFFFFFFFFFFFFFFFFFFFFFF01
:10FF1000FFFFFFFFFFFFFFFFFFFFFFFFFFFFFFFFF1
:10FF2000FFFFFFFFFFFFFFFFFFFFFFFFFFFFFFFFE1
:10FF3000FFFFFFFFFFFFFFFFFFFFFFFFFFFFFFFFD1
:10FF4000FFFFFFFFFFFFFFFFFFFFFFFFFFFFFFFFC1
:10FF5000FFFFFFFFFFFFFFFFFFFFFFFFFFFFFFFFB1
:10FF6000FFFFFFFFFFFFFFFFFFFFFFFFFFFFFFFFA1
:10FF7000FFFFFFFFFFFFFFFFFFFFFFFFFFFFFFFF91
:10FF8000FFFFFFFFFFFFFFFFFFFFFFFFFFFFFFFF81
:10FF9000FFFFFFFFFFFFFFFFFFFFFFFFFFFFFFFF71
:10FFA000FFFFFFFFFFFFFFFFFFFFFFFFFFFFFFFF61
:10FFB000FFFFFFFFFFFFFFFFFFFFFFFFFFFFFFFF51
:10FFC000FFFFFFFFFFFFFFFFFFFFFFFFFFFFFFFF41
:10FFD000FFFFFFFFFFFFFFFFFFFFFFFFFFFFFFFF31
:10FFE000FFFFFFFFFFFFFFFFFFFFFFFFFFFFFFFF21
:10FFF000FFFFFFFFFFFFFFFFFFFFFFFFFFFFFFFF11
:020000023000CC
:10000000FFFFFFFFFFFFFFFFFFFFFFFFFFFFFFFF00
:10001000FFFFFFFFFFFFFFFFFFFFFFFFFFFFFFFFF0
:10002000FFFFFFFFFFFFFFFFFFFFFFFFFFFFFFFFE0
:10003000FFFFFFFFFFFFFFFFFFFFFFFFFFFFFFFFD0
:10004000FFFFFFFFFFFFFFFFFFFFFFFFFFFFFFFFC0
:10005000FFFFFFFFFFFFFFFFFFFFFFFFFFFFFFFFB0
:10006000FFFFFFFFFFFFFFFFFFFFFFFFFFFFFFFFA0
:10007000FFFFFFFFFFFFFFFFFFFFFFFFFFFFFFFF90
:10008000FFFFFFFFFFFFFFFFFFFFFFFFFFFFFFFF80
:10009000FFFFFFFFFFFFFFFFFFFFFFFFFFFFFFFF70
:1000A000FFFFFFFFFFFFFFFFFFFFFFFFFFFFFFFF60
:1000B000FFFFFFFFFFFFFFFFFFFFFFFFFFFFFFFF50
:1000C000FFFFFFFFFFFFFFFFFFFFFFFFFFFFFFFF40
:1000D000FFFFFFFFFFFFFFFFFFFFFFFFFFFFFFFF30
:1000E000FFFFFFFFFFFFFFFFFFFFFFFFFFFFFFFF20
:1000F000FFFFFFFFFFFFFFFFFFFFFFFFFFFFFFFF10
:10010000FFFFFFFFFFFFFFFFFFFFFFFFFFFFFFFFFF
:10011000FFFFFFFFFFFFFFFFFFFFFFFFFFFFFFFFEF
:10012000FFFFFFFFFFFFFFFFFFFFFFFFFFFFFFFFDF
:10013000FFFFFFFFFFFFFFFFFFFFFFFFFFFFFFFFCF
:10014000FFFFFFFFFFFFFFFFFFFFFFFFFFFFFFFFBF
:10015000FFFFFFFFFFFFFFFFFFFFFFFFFFFFFFFFAF
:10016000FFFFFFFFFFFFFFFFFFFFFFFFFFFFFFFF9F
:10017000FFFFFFFFFFFFFFFFFFFFFFFFFFFFFFFF8F
:10018000FFFFFFFFFFFFFFFFFFFFFFFFFFFFFFFF7F
:10019000FFFFFFFFFFFFFFFFFFFFFFFFFFFFFFFF6F
:1001A000FFFFFFFFFFFFFFFFFFFFFFFFFFFFFFFF5F
:1001B000FFFFFFFFFFFFFFFFFFFFFFFFFFFFFFFF4F
:1001C000FFFFFFFFFFFFFFFFFFFFFFFFFFFFFFFF3F
:1001D000FFFFFFFFFFFFFFFFFFFFFFFFFFFFFFFF2F
:1001E000FFFFFFFFFFFFFFFFFFFFFFFFFFFFFFFF1F
:1001F000FFFFFFFFFFFFFFFFFFFFFFFFFFFFFFFF0F
:10020000FFFFFFFFFFFFFFFFFFFFFFFFFFFFFFFFFE
:10021000FFFFFFFFFFFFFFFFFFFFFFFFFFFFFFFFEE
:10022000FFFFFFFFFFFFFFFFFFFFFFFFFFFFFFFFDE
:10023000FFFFFFFFFFFFFFFFFFFFFFFFFFFFFFFFCE
:10024000FFFFFFFFFFFFFFFFFFFFFFFFFFFFFFFFBE
:10025000FFFFFFFFFFFFFFFFFFFFFFFFFFFFFFFFAE
:10026000FFFFFFFFFFFFFFFFFFFFFFFFFFFFFFFF9E
:10027000FFFFFFFFFFFFFFFFFFFFFFFFFFFFFFFF8E
:10028000FFFFFFFFFFFFFFFFFFFFFFFFFFFFFFFF7E
:10029000FFFFFFFFFFFFFFFFFFFFFFFFFFFFFFFF6E
:1002A000FFFFFFFFFFFFFFFFFFFFFFFFFFFFFFFF5E
:1002B000FFFFFFFFFFFFFFFFFFFFFFFFFFFFFFFF4E
:1002C000FFFFFFFFFFFFFFFFFFFFFFFFFFFFFFFF3E
:1002D000FFFFFFFFFFFFFFFFFFFFFFFFFFFFFFFF2E
:1002E000FFFFFFFFFFFFFFFFFFFFFFFFFFFFFFFF1E
:1002F000FFFFFFFFFFFFFFFFFFFFFFFFFFFFFFFF0E
:10030000FFFFFFFFFFFFFFFFFFFFFFFFFFFFFFFFFD
:10031000FFFFFFFFFFFFFFFFFFFFFFFFFFFFFFFFED
:10032000FFFFFFFFFFFFFFFFFFFFFFFFFFFFFFFFDD
:10033000FFFFFFFFFFFFFFFFFFFFFFFFFFFFFFFFCD
:10034000FFFFFFFFFFFFFFFFFFFFFFFFFFFFFFFFBD
:10035000FFFFFFFFFFFFFFFFFFFFFFFFFFFFFFFFAD
:10036000FFFFFFFFFFFFFFFFFFFFFFFFFFFFFFFF9D
:10037000FFFFFFFFFFFFFFFFFFFFFFFFFFFFFFFF8D
:10038000FFFFFFFFFFFFFFFFFFFFFFFFFFFFFFFF7D
:10039000FFFFFFFFFFFFFFFFFFFFFFFFFFFFFFFF6D
:1003A000FFFFFFFFFFFFFFFFFFFFFFFFFFFFFFFF5D
:1003B000FFFFFFFFFFFFFFFFFFFFFFFFFFFFFFFF4D
:1003C000FFFFFFFFFFFFFFFFFFFFFFFFFFFFFFFF3D
:1003D000FFFFFFFFFFFFFFFFFFFFFFFFFFFFFFFF2D
:1003E000FFFFFFFFFFFFFFFFFFFFFFFFFFFFFFFF1D
:1003F000FFFFFFFFFFFFFFFFFFFFFFFFFFFFFFFF0D
:10040000FFFFFFFFFFFFFFFFFFFFFFFFFFFFFFFFFC
:10041000FFFFFFFFFFFFFFFFFFFFFFFFFFFFFFFFEC
:10042000FFFFFFFFFFFFFFFFFFFFFFFFFFFFFFFFDC
:10043000FFFFFFFFFFFFFFFFFFFFFFFFFFFFFFFFCC
:10044000FFFFFFFFFFFFFFFFFFFFFFFFFFFFFFFFBC
:10045000FFFFFFFFFFFFFFFFFFFFFFFFFFFFFFFFAC
:10046000FFFFFFFFFFFFFFFFFFFFFFFFFFFFFFFF9C
:10047000FFFFFFFFFFFFFFFFFFFFFFFFFFFFFFFF8C
:10048000FFFFFFFFFFFFFFFFFFFFFFFFFFFFFFFF7C
:10049000FFFFFFFFFFFFFFFFFFFFFFFFFFFFFFFF6C
:1004A000FFFFFFFFFFFFFFFFFFFFFFFFFFFFFFFF5C
:1004B000FFFFFFFFFFFFFFFFFFFFFFFFFFFFFFFF4C
:1004C000FFFFFFFFFFFFFFFFFFFFFFFFFFFFFFFF3C
:1004D000FFFFFFFFFFFFFFFFFFFFFFFFFFFFFFFF2C
:1004E000FFFFFFFFFFFFFFFFFFFFFFFFFFFFFFFF1C
:1004F000FFFFFFFFFFFFFFFFFFFFFFFFFFFFFFFF0C
:10050000FFFFFFFFFFFFFFFFFFFFFFFFFFFFFFFFFB
:10051000FFFFFFFFFFFFFFFFFFFFFFFFFFFFFFFFEB
:10052000FFFFFFFFFFFFFFFFFFFFFFFFFFFFFFFFDB
:10053000FFFFFFFFFFFFFFFFFFFFFFFFFFFFFFFFCB
:10054000FFFFFFFFFFFFFFFFFFFFFFFFFFFFFFFFBB
:10055000FFFFFFFFFFFFFFFFFFFFFFFFFFFFFFFFAB
:10056000FFFFFFFFFFFFFFFFFFFFFFFFFFFFFFFF9B
:10057000FFFFFFFFFFFFFFFFFFFFFFFFFFFFFFFF8B
:10058000FFFFFFFFFFFFFFFFFFFFFFFFFFFFFFFF7B
:10059000FFFFFFFFFFFFFFFFFFFFFFFFFFFFFFFF6B
:1005A000FFFFFFFFFFFFFFFFFFFFFFFFFFFFFFFF5B
:1005B000FFFFFFFFFFFFFFFFFFFFFFFFFFFFFFFF4B
:1005C000FFFFFFFFFFFFFFFFFFFFFFFFFFFFFFFF3B
:1005D000FFFFFFFFFFFFFFFFFFFFFFFFFFFFFFFF2B
:1005E000FFFFFFFFFFFFFFFFFFFFFFFFFFFFFFFF1B
:1005F000FFFFFFFFFFFFFFFFFFFFFFFFFFFFFFFF0B
:10060000FFFFFFFFFFFFFFFFFFFFFFFFFFFFFFFFFA
:10061000FFFFFFFFFFFFFFFFFFFFFFFFFFFFFFFFEA
:10062000FFFFFFFFFFFFFFFFFFFFFFFFFFFFFFFFDA
:10063000FFFFFFFFFFFFFFFFFFFFFFFFFFFFFFFFCA
:10064000FFFFFFFFFFFFFFFFFFFFFFFFFFFFFFFFBA
:10065000FFFFFFFFFFFFFFFFFFFFFFFFFFFFFFFFAA
:10066000FFFFFFFFFFFFFFFFFFFFFFFFFFFFFFFF9A
:10067000FFFFFFFFFFFFFFFFFFFFFFFFFFFFFFFF8A
:10068000FFFFFFFFFFFFFFFFFFFFFFFFFFFFFFFF7A
:10069000FFFFFFFFFFFFFFFFFFFFFFFFFFFFFFFF6A
:1006A000FFFFFFFFFFFFFFFFFFFFFFFFFFFFFFFF5A
:1006B000FFFFFFFFFFFFFFFFFFFFFFFFFFFFFFFF4A
:1006C000FFFFFFFFFFFFFFFFFFFFFFFFFFFFFFFF3A
:1006D000FFFFFFFFFFFFFFFFFFFFFFFFFFFFFFFF2A
:1006E000FFFFFFFFFFFFFFFFFFFFFFFFFFFFFFFF1A
:1006F000FFFFFFFFFFFFFFFFFFFFFFFFFFFFFFFF0A
:10070000FFFFFFFFFFFFFFFFFFFFFFFFFFFFFFFFF9
:10071000FFFFFFFFFFFFFFFFFFFFFFFFFFFFFFFFE9
:10072000FFFFFFFFFFFFFFFFFFFFFFFFFFFFFFFFD9
:10073000FFFFFFFFFFFFFFFFFFFFFFFFFFFFFFFFC9
:10074000FFFFFFFFFFFFFFFFFFFFFFFFFFFFFFFFB9
:10075000FFFFFFFFFFFFFFFFFFFFFFFFFFFFFFFFA9
:10076000FFFFFFFFFFFFFFFFFFFFFFFFFFFFFFFF99
:10077000FFFFFFFFFFFFFFFFFFFFFFFFFFFFFFFF89
:10078000FFFFFFFFFFFFFFFFFFFFFFFFFFFFFFFF79
:10079000FFFFFFFFFFFFFFFFFFFFFFFFFFFFFFFF69
:1007A000FFFFFFFFFFFFFFFFFFFFFFFFFFFFFFFF59
:1007B000FFFFFFFFFFFFFFFFFFFFFFFFFFFFFFFF49
:1007C000FFFFFFFFFFFFFFFFFFFFFFFFFFFFFFFF39
:1007D000FFFFFFFFFFFFFFFFFFFFFFFFFFFFFFFF29
:1007E000FFFFFFFFFFFFFFFFFFFFFFFFFFFFFFFF19
:1007F000FFFFFFFFFFFFFFFFFFFFFFFFFFFFFFFF09
:10080000FFFFFFFFFFFFFFFFFFFFFFFFFFFFFFFFF8
:10081000FFFFFFFFFFFFFFFFFFFFFFFFFFFFFFFFE8
:10082000FFFFFFFFFFFFFFFFFFFFFFFFFFFFFFFFD8
:10083000FFFFFFFFFFFFFFFFFFFFFFFFFFFFFFFFC8
:10084000FFFFFFFFFFFFFFFFFFFFFFFFFFFFFFFFB8
:10085000FFFFFFFFFFFFFFFFFFFFFFFFFFFFFFFFA8
:10086000FFFFFFFFFFFFFFFFFFFFFFFFFFFFFFFF98
:10087000FFFFFFFFFFFFFFFFFFFFFFFFFFFFFFFF88
:10088000FFFFFFFFFFFFFFFFFFFFFFFFFFFFFFFF78
:10089000FFFFFFFFFFFFFFFFFFFFFFFFFFFFFFFF68
:1008A000FFFFFFFFFFFFFFFFFFFFFFFFFFFFFFFF58
:1008B000FFFFFFFFFFFFFFFFFFFFFFFFFFFFFFFF48
:1008C000FFFFFFFFFFFFFFFFFFFFFFFFFFFFFFFF38
:1008D000FFFFFFFFFFFFFFFFFFFFFFFFFFFFFFFF28
:1008E000FFFFFFFFFFFFFFFFFFFFFFFFFFFFFFFF18
:1008F000FFFFFFFFFFFFFFFFFFFFFFFFFFFFFFFF08
:10090000FFFFFFFFFFFFFFFFFFFFFFFFFFFFFFFFF7
:10091000FFFFFFFFFFFFFFFFFFFFFFFFFFFFFFFFE7
:10092000FFFFFFFFFFFFFFFFFFFFFFFFFFFFFFFFD7
:10093000FFFFFFFFFFFFFFFFFFFFFFFFFFFFFFFFC7
:10094000FFFFFFFFFFFFFFFFFFFFFFFFFFFFFFFFB7
:10095000FFFFFFFFFFFFFFFFFFFFFFFFFFFFFFFFA7
:10096000FFFFFFFFFFFFFFFFFFFFFFFFFFFFFFFF97
:10097000FFFFFFFFFFFFFFFFFFFFFFFFFFFFFFFF87
:10098000FFFFFFFFFFFFFFFFFFFFFFFFFFFFFFFF77
:10099000FFFFFFFFFFFFFFFFFFFFFFFFFFFFFFFF67
:1009A000FFFFFFFFFFFFFFFFFFFFFFFFFFFFFFFF57
:1009B000FFFFFFFFFFFFFFFFFFFFFFFFFFFFFFFF47
:1009C000FFFFFFFFFFFFFFFFFFFFFFFFFFFFFFFF37
:1009D000FFFFFFFFFFFFFFFFFFFFFFFFFFFFFFFF27
:1009E000FFFFFFFFFFFFFFFFFFFFFFFFFFFFFFFF17
:1009F000FFFFFFFFFFFFFFFFFFFFFFFFFFFFFFFF07
:100A0000FFFFFFFFFFFFFFFFFFFFFFFFFFFFFFFFF6
:100A1000FFFFFFFFFFFFFFFFFFFFFFFFFFFFFFFFE6
:100A2000FFFFFFFFFFFFFFFFFFFFFFFFFFFFFFFFD6
:100A3000FFFFFFFFFFFFFFFFFFFFFFFFFFFFFFFFC6
:100A4000FFFFFFFFFFFFFFFFFFFFFFFFFFFFFFFFB6
:100A5000FFFFFFFFFFFFFFFFFFFFFFFFFFFFFFFFA6
:100A6000FFFFFFFFFFFFFFFFFFFFFFFFFFFFFFFF96
:100A7000FFFFFFFFFFFFFFFFFFFFFFFFFFFFFFFF86
:100A8000FFFFFFFFFFFFFFFFFFFFFFFFFFFFFFFF76
:100A9000FFFFFFFFFFFFFFFFFFFFFFFFFFFFFFFF66
:100AA000FFFFFFFFFFFFFFFFFFFFFFFFFFFFFFFF56
:100AB000FFFFFFFFFFFFFFFFFFFFFFFFFFFFFFFF46
:100AC000FFFFFFFFFFFFFFFFFFFFFFFFFFFFFFFF36
:100AD000FFFFFFFFFFFFFFFFFFFFFFFFFFFFFFFF26
:100AE000FFFFFFFFFFFFFFFFFFFFFFFFFFFFFFFF16
:100AF000FFFFFFFFFFFFFFFFFFFFFFFFFFFFFFFF06
:100B0000FFFFFFFFFFFFFFFFFFFFFFFFFFFFFFFFF5
:100B1000FFFFFFFFFFFFFFFFFFFFFFFFFFFFFFFFE5
:100B2000FFFFFFFFFFFFFFFFFFFFFFFFFFFFFFFFD5
:100B3000FFFFFFFFFFFFFFFFFFFFFFFFFFFFFFFFC5
:100B4000FFFFFFFFFFFFFFFFFFFFFFFFFFFFFFFFB5
:100B5000FFFFFFFFFFFFFFFFFFFFFFFFFFFFFFFFA5
:100B6000FFFFFFFFFFFFFFFFFFFFFFFFFFFFFFFF95
:100B7000FFFFFFFFFFFFFFFFFFFFFFFFFFFFFFFF85
:100B8000FFFFFFFFFFFFFFFFFFFFFFFFFFFFFFFF75
:100B9000FFFFFFFFFFFFFFFFFFFFFFFFFFFFFFFF65
:100BA000FFFFFFFFFFFFFFFFFFFFFFFFFFFFFFFF55
:100BB000FFFFFFFFFFFFFFFFFFFFFFFFFFFFFFFF45
:100BC000FFFFFFFFFFFFFFFFFFFFFFFFFFFFFFFF35
:100BD000FFFFFFFFFFFFFFFFFFFFFFFFFFFFFFFF25
:100BE000FFFFFFFFFFFFFFFFFFFFFFFFFFFFFFFF15
:100BF000FFFFFFFFFFFFFFFFFFFFFFFFFFFFFFFF05
:100C0000FFFFFFFFFFFFFFFFFFFFFFFFFFFFFFFFF4
:100C1000FFFFFFFFFFFFFFFFFFFFFFFFFFFFFFFFE4
:100C2000FFFFFFFFFFFFFFFFFFFFFFFFFFFFFFFFD4
:100C3000FFFFFFFFFFFFFFFFFFFFFFFFFFFFFFFFC4
:100C4000FFFFFFFFFFFFFFFFFFFFFFFFFFFFFFFFB4
:100C5000FFFFFFFFFFFFFFFFFFFFFFFFFFFFFFFFA4
:100C6000FFFFFFFFFFFFFFFFFFFFFFFFFFFFFFFF94
:100C7000FFFFFFFFFFFFFFFFFFFFFFFFFFFFFFFF84
:100C8000FFFFFFFFFFFFFFFFFFFFFFFFFFFFFFFF74
:100C9000FFFFFFFFFFFFFFFFFFFFFFFFFFFFFFFF64
:100CA000FFFFFFFFFFFFFFFFFFFFFFFFFFFFFFFF54
:100CB000FFFFFFFFFFFFFFFFFFFFFFFFFFFFFFFF44
:100CC000FFFFFFFFFFFFFFFFFFFFFFFFFFFFFFFF34
:100CD000FFFFFFFFFFFFFFFFFFFFFFFFFFFFFFFF24
:100CE000FFFFFFFFFFFFFFFFFFFFFFFFFFFFFFFF14
:100CF000FFFFFFFFFFFFFFFFFFFFFFFFFFFFFFFF04
:100D0000FFFFFFFFFFFFFFFFFFFFFFFFFFFFFFFFF3
:100D1000FFFFFFFFFFFFFFFFFFFFFFFFFFFFFFFFE3
:100D2000FFFFFFFFFFFFFFFFFFFFFFFFFFFFFFFFD3
:100D3000FFFFFFFFFFFFFFFFFFFFFFFFFFFFFFFFC3
:100D4000FFFFFFFFFFFFFFFFFFFFFFFFFFFFFFFFB3
:100D5000FFFFFFFFFFFFFFFFFFFFFFFFFFFFFFFFA3
:100D6000FFFFFFFFFFFFFFFFFFFFFFFFFFFFFFFF93
:100D7000FFFFFFFFFFFFFFFFFFFFFFFFFFFFFFFF83
:100D8000FFFFFFFFFFFFFFFFFFFFFFFFFFFFFFFF73
:100D9000FFFFFFFFFFFFFFFFFFFFFFFFFFFFFFFF63
:100DA000FFFFFFFFFFFFFFFFFFFFFFFFFFFFFFFF53
:100DB000FFFFFFFFFFFFFFFFFFFFFFFFFFFFFFFF43
:100DC000FFFFFFFFFFFFFFFFFFFFFFFFFFFFFFFF33
:100DD000FFFFFFFFFFFFFFFFFFFFFFFFFFFFFFFF23
:100DE000FFFFFFFFFFFFFFFFFFFFFFFFFFFFFFFF13
:100DF000FFFFFFFFFFFFFFFFFFFFFFFFFFFFFFFF03
:100E0000FFFFFFFFFFFFFFFFFFFFFFFFFFFFFFFFF2
:100E1000FFFFFFFFFFFFFFFFFFFFFFFFFFFFFFFFE2
:100E2000FFFFFFFFFFFFFFFFFFFFFFFFFFFFFFFFD2
:100E3000FFFFFFFFFFFFFFFFFFFFFFFFFFFFFFFFC2
:100E4000FFFFFFFFFFFFFFFFFFFFFFFFFFFFFFFFB2
:100E5000FFFFFFFFFFFFFFFFFFFFFFFFFFFFFFFFA2
:100E6000FFFFFFFFFFFFFFFFFFFFFFFFFFFFFFFF92
:100E7000FFFFFFFFFFFFFFFFFFFFFFFFFFFFFFFF82
:100E8000FFFFFFFFFFFFFFFFFFFFFFFFFFFFFFFF72
:100E9000FFFFFFFFFFFFFFFFFFFFFFFFFFFFFFFF62
:100EA000FFFFFFFFFFFFFFFFFFFFFFFFFFFFFFFF52
:100EB000FFFFFFFFFFFFFFFFFFFFFFFFFFFFFFFF42
:100EC000FFFFFFFFFFFFFFFFFFFFFFFFFFFFFFFF32
:100ED000FFFFFFFFFFFFFFFFFFFFFFFFFFFFFFFF22
:100EE000FFFFFFFFFFFFFFFFFFFFFFFFFFFFFFFF12
:100EF000FFFFFFFFFFFFFFFFFFFFFFFFFFFFFFFF02
:100F0000FFFFFFFFFFFFFFFFFFFFFFFFFFFFFFFFF1
:100F1000FFFFFFFFFFFFFFFFFFFFFFFFFFFFFFFFE1
:100F2000FFFFFFFFFFFFFFFFFFFFFFFFFFFFFFFFD1
:100F3000FFFFFFFFFFFFFFFFFFFFFFFFFFFFFFFFC1
:100F4000FFFFFFFFFFFFFFFFFFFFFFFFFFFFFFFFB1
:100F5000FFFFFFFFFFFFFFFFFFFFFFFFFFFFFFFFA1
:100F6000FFFFFFFFFFFFFFFFFFFFFFFFFFFFFFFF91
:100F7000FFFFFFFFFFFFFFFFFFFFFFFFFFFFFFFF81
:100F8000FFFFFFFFFFFFFFFFFFFFFFFFFFFFFFFF71
:100F9000FFFFFFFFFFFFFFFFFFFFFFFFFFFFFFFF61
:100FA000FFFFFFFFFFFFFFFFFFFFFFFFFFFFFFFF51
:100FB000FFFFFFFFFFFFFFFFFFFFFFFFFFFFFFFF41
:100FC000FFFFFFFFFFFFFFFFFFFFFFFFFFFFFFFF31
:100FD000FFFFFFFFFFFFFFFFFFFFFFFFFFFFFFFF21
:100FE000FFFFFFFFFFFFFFFFFFFFFFFFFFFFFFFF11
:100FF000FFFFFFFFFFFFFFFFFFFFFFFFFFFFFFFF01
:10100000FFFFFFFFFFFFFFFFFFFFFFFFFFFFFFFFF0
:10101000FFFFFFFFFFFFFFFFFFFFFFFFFFFFFFFFE0
:10102000FFFFFFFFFFFFFFFFFFFFFFFFFFFFFFFFD0
:10103000FFFFFFFFFFFFFFFFFFFFFFFFFFFFFFFFC0
:10104000FFFFFFFFFFFFFFFFFFFFFFFFFFFFFFFFB0
:10105000FFFFFFFFFFFFFFFFFFFFFFFFFFFFFFFFA0
:10106000FFFFFFFFFFFFFFFFFFFFFFFFFFFFFFFF90
:10107000FFFFFFFFFFFFFFFFFFFFFFFFFFFFFFFF80
:10108000FFFFFFFFFFFFFFFFFFFFFFFFFFFFFFFF70
:10109000FFFFFFFFFFFFFFFFFFFFFFFFFFFFFFFF60
:1010A000FFFFFFFFFFFFFFFFFFFFFFFFFFFFFFFF50
:1010B000FFFFFFFFFFFFFFFFFFFFFFFFFFFFFFFF40
:1010C000FFFFFFFFFFFFFFFFFFFFFFFFFFFFFFFF30
:1010D000FFFFFFFFFFFFFFFFFFFFFFFFFFFFFFFF20
:1010E000FFFFFFFFFFFFFFFFFFFFFFFFFFFFFFFF10
:1010F000FFFFFFFFFFFFFFFFFFFFFFFFFFFFFFFF00
:10110000FFFFFFFFFFFFFFFFFFFFFFFFFFFFFFFFEF
:10111000FFFFFFFFFFFFFFFFFFFFFFFFFFFFFFFFDF
:10112000FFFFFFFFFFFFFFFFFFFFFFFFFFFFFFFFCF
:10113000FFFFFFFFFFFFFFFFFFFFFFFFFFFFFFFFBF
:10114000FFFFFFFFFFFFFFFFFFFFFFFFFFFFFFFFAF
:10115000FFFFFFFFFFFFFFFFFFFFFFFFFFFFFFFF9F
:10116000FFFFFFFFFFFFFFFFFFFFFFFFFFFFFFFF8F
:10117000FFFFFFFFFFFFFFFFFFFFFFFFFFFFFFFF7F
:10118000FFFFFFFFFFFFFFFFFFFFFFFFFFFFFFFF6F
:10119000FFFFFFFFFFFFFFFFFFFFFFFFFFFFFFFF5F
:1011A000FFFFFFFFFFFFFFFFFFFFFFFFFFFFFFFF4F
:1011B000FFFFFFFFFFFFFFFFFFFFFFFFFFFFFFFF3F
:1011C000FFFFFFFFFFFFFFFFFFFFFFFFFFFFFFFF2F
:1011D000FFFFFFFFFFFFFFFFFFFFFFFFFFFFFFFF1F
:1011E000FFFFFFFFFFFFFFFFFFFFFFFFFFFFFFFF0F
:1011F000FFFFFFFFFFFFFFFFFFFFFFFFFFFFFFFFFF
:10120000FFFFFFFFFFFFFFFFFFFFFFFFFFFFFFFFEE
:10121000FFFFFFFFFFFFFFFFFFFFFFFFFFFFFFFFDE
:10122000FFFFFFFFFFFFFFFFFFFFFFFFFFFFFFFFCE
:10123000FFFFFFFFFFFFFFFFFFFFFFFFFFFFFFFFBE
:10124000FFFFFFFFFFFFFFFFFFFFFFFFFFFFFFFFAE
:10125000FFFFFFFFFFFFFFFFFFFFFFFFFFFFFFFF9E
:10126000FFFFFFFFFFFFFFFFFFFFFFFFFFFFFFFF8E
:10127000FFFFFFFFFFFFFFFFFFFFFFFFFFFFFFFF7E
:10128000FFFFFFFFFFFFFFFFFFFFFFFFFFFFFFFF6E
:10129000FFFFFFFFFFFFFFFFFFFFFFFFFFFFFFFF5E
:1012A000FFFFFFFFFFFFFFFFFFFFFFFFFFFFFFFF4E
:1012B000FFFFFFFFFFFFFFFFFFFFFFFFFFFFFFFF3E
:1012C000FFFFFFFFFFFFFFFFFFFFFFFFFFFFFFFF2E
:1012D000FFFFFFFFFFFFFFFFFFFFFFFFFFFFFFFF1E
:1012E000FFFFFFFFFFFFFFFFFFFFFFFFFFFFFFFF0E
:1012F000FFFFFFFFFFFFFFFFFFFFFFFFFFFFFFFFFE
:10130000FFFFFFFFFFFFFFFFFFFFFFFFFFFFFFFFED
:10131000FFFFFFFFFFFFFFFFFFFFFFFFFFFFFFFFDD
:10132000FFFFFFFFFFFFFFFFFFFFFFFFFFFFFFFFCD
:10133000FFFFFFFFFFFFFFFFFFFFFFFFFFFFFFFFBD
:10134000FFFFFFFFFFFFFFFFFFFFFFFFFFFFFFFFAD
:10135000FFFFFFFFFFFFFFFFFFFFFFFFFFFFFFFF9D
:10136000FFFFFFFFFFFFFFFFFFFFFFFFFFFFFFFF8D
:10137000FFFFFFFFFFFFFFFFFFFFFFFFFFFFFFFF7D
:10138000FFFFFFFFFFFFFFFFFFFFFFFFFFFFFFFF6D
:10139000FFFFFFFFFFFFFFFFFFFFFFFFFFFFFFFF5D
:1013A000FFFFFFFFFFFFFFFFFFFFFFFFFFFFFFFF4D
:1013B000FFFFFFFFFFFFFFFFFFFFFFFFFFFFFFFF3D
:1013C000FFFFFFFFFFFFFFFFFFFFFFFFFFFFFFFF2D
:1013D000FFFFFFFFFFFFFFFFFFFFFFFFFFFFFFFF1D
:1013E000FFFFFFFFFFFFFFFFFFFFFFFFFFFFFFFF0D
:1013F000FFFFFFFFFFFFFFFFFFFFFFFFFFFFFFFFFD
:10140000FFFFFFFFFFFFFFFFFFFFFFFFFFFFFFFFEC
:10141000FFFFFFFFFFFFFFFFFFFFFFFFFFFFFFFFDC
:10142000FFFFFFFFFFFFFFFFFFFFFFFFFFFFFFFFCC
:10143000FFFFFFFFFFFFFFFFFFFFFFFFFFFFFFFFBC
:10144000FFFFFFFFFFFFFFFFFFFFFFFFFFFFFFFFAC
:10145000FFFFFFFFFFFFFFFFFFFFFFFFFFFFFFFF9C
:10146000FFFFFFFFFFFFFFFFFFFFFFFFFFFFFFFF8C
:10147000FFFFFFFFFFFFFFFFFFFFFFFFFFFFFFFF7C
:10148000FFFFFFFFFFFFFFFFFFFFFFFFFFFFFFFF6C
:10149000FFFFFFFFFFFFFFFFFFFFFFFFFFFFFFFF5C
:1014A000FFFFFFFFFFFFFFFFFFFFFFFFFFFFFFFF4C
:1014B000FFFFFFFFFFFFFFFFFFFFFFFFFFFFFFFF3C
:1014C000FFFFFFFFFFFFFFFFFFFFFFFFFFFFFFFF2C
:1014D000FFFFFFFFFFFFFFFFFFFFFFFFFFFFFFFF1C
:1014E000FFFFFFFFFFFFFFFFFFFFFFFFFFFFFFFF0C
:1014F000FFFFFFFFFFFFFFFFFFFFFFFFFFFFFFFFFC
:10150000FFFFFFFFFFFFFFFFFFFFFFFFFFFFFFFFEB
:10151000FFFFFFFFFFFFFFFFFFFFFFFFFFFFFFFFDB
:10152000FFFFFFFFFFFFFFFFFFFFFFFFFFFFFFFFCB
:10153000FFFFFFFFFFFFFFFFFFFFFFFFFFFFFFFFBB
:10154000FFFFFFFFFFFFFFFFFFFFFFFFFFFFFFFFAB
:10155000FFFFFFFFFFFFFFFFFFFFFFFFFFFFFFFF9B
:10156000FFFFFFFFFFFFFFFFFFFFFFFFFFFFFFFF8B
:10157000FFFFFFFFFFFFFFFFFFFFFFFFFFFFFFFF7B
:10158000FFFFFFFFFFFFFFFFFFFFFFFFFFFFFFFF6B
:10159000FFFFFFFFFFFFFFFFFFFFFFFFFFFFFFFF5B
:1015A000FFFFFFFFFFFFFFFFFFFFFFFFFFFFFFFF4B
:1015B000FFFFFFFFFFFFFFFFFFFFFFFFFFFFFFFF3B
:1015C000FFFFFFFFFFFFFFFFFFFFFFFFFFFFFFFF2B
:1015D000FFFFFFFFFFFFFFFFFFFFFFFFFFFFFFFF1B
:1015E000FFFFFFFFFFFFFFFFFFFFFFFFFFFFFFFF0B
:1015F000FFFFFFFFFFFFFFFFFFFFFFFFFFFFFFFFFB
:10160000FFFFFFFFFFFFFFFFFFFFFFFFFFFFFFFFEA
:10161000FFFFFFFFFFFFFFFFFFFFFFFFFFFFFFFFDA
:10162000FFFFFFFFFFFFFFFFFFFFFFFFFFFFFFFFCA
:10163000FFFFFFFFFFFFFFFFFFFFFFFFFFFFFFFFBA
:10164000FFFFFFFFFFFFFFFFFFFFFFFFFFFFFFFFAA
:10165000FFFFFFFFFFFFFFFFFFFFFFFFFFFFFFFF9A
:10166000FFFFFFFFFFFFFFFFFFFFFFFFFFFFFFFF8A
:10167000FFFFFFFFFFFFFFFFFFFFFFFFFFFFFFFF7A
:10168000FFFFFFFFFFFFFFFFFFFFFFFFFFFFFFFF6A
:10169000FFFFFFFFFFFFFFFFFFFFFFFFFFFFFFFF5A
:1016A000FFFFFFFFFFFFFFFFFFFFFFFFFFFFFFFF4A
:1016B000FFFFFFFFFFFFFFFFFFFFFFFFFFFFFFFF3A
:1016C000FFFFFFFFFFFFFFFFFFFFFFFFFFFFFFFF2A
:1016D000FFFFFFFFFFFFFFFFFFFFFFFFFFFFFFFF1A
:1016E000FFFFFFFFFFFFFFFFFFFFFFFFFFFFFFFF0A
:1016F000FFFFFFFFFFFFFFFFFFFFFFFFFFFFFFFFFA
:10170000FFFFFFFFFFFFFFFFFFFFFFFFFFFFFFFFE9
:10171000FFFFFFFFFFFFFFFFFFFFFFFFFFFFFFFFD9
:10172000FFFFFFFFFFFFFFFFFFFFFFFFFFFFFFFFC9
:10173000FFFFFFFFFFFFFFFFFFFFFFFFFFFFFFFFB9
:10174000FFFFFFFFFFFFFFFFFFFFFFFFFFFFFFFFA9
:10175000FFFFFFFFFFFFFFFFFFFFFFFFFFFFFFFF99
:10176000FFFFFFFFFFFFFFFFFFFFFFFFFFFFFFFF89
:10177000FFFFFFFFFFFFFFFFFFFFFFFFFFFFFFFF79
:10178000FFFFFFFFFFFFFFFFFFFFFFFFFFFFFFFF69
:10179000FFFFFFFFFFFFFFFFFFFFFFFFFFFFFFFF59
:1017A000FFFFFFFFFFFFFFFFFFFFFFFFFFFFFFFF49
:1017B000FFFFFFFFFFFFFFFFFFFFFFFFFFFFFFFF39
:1017C000FFFFFFFFFFFFFFFFFFFFFFFFFFFFFFFF29
:1017D000FFFFFFFFFFFFFFFFFFFFFFFFFFFFFFFF19
:1017E000FFFFFFFFFFFFFFFFFFFFFFFFFFFFFFFF09
:1017F000FFFFFFFFFFFFFFFFFFFFFFFFFFFFFFFFF9
:10180000FFFFFFFFFFFFFFFFFFFFFFFFFFFFFFFFE8
:10181000FFFFFFFFFFFFFFFFFFFFFFFFFFFFFFFFD8
:10182000FFFFFFFFFFFFFFFFFFFFFFFFFFFFFFFFC8
:10183000FFFFFFFFFFFFFFFFFFFFFFFFFFFFFFFFB8
:10184000FFFFFFFFFFFFFFFFFFFFFFFFFFFFFFFFA8
:10185000FFFFFFFFFFFFFFFFFFFFFFFFFFFFFFFF98
:10186000FFFFFFFFFFFFFFFFFFFFFFFFFFFFFFFF88
:10187000FFFFFFFFFFFFFFFFFFFFFFFFFFFFFFFF78
:10188000FFFFFFFFFFFFFFFFFFFFFFFFFFFFFFFF68
:10189000FFFFFFFFFFFFFFFFFFFFFFFFFFFFFFFF58
:1018A000FFFFFFFFFFFFFFFFFFFFFFFFFFFFFFFF48
:1018B000FFFFFFFFFFFFFFFFFFFFFFFFFFFFFFFF38
:1018C000FFFFFFFFFFFFFFFFFFFFFFFFFFFFFFFF28
:1018D000FFFFFFFFFFFFFFFFFFFFFFFFFFFFFFFF18
:1018E000FFFFFFFFFFFFFFFFFFFFFFFFFFFFFFFF08
:1018F000FFFFFFFFFFFFFFFFFFFFFFFFFFFFFFFFF8
:10190000FFFFFFFFFFFFFFFFFFFFFFFFFFFFFFFFE7
:10191000FFFFFFFFFFFFFFFFFFFFFFFFFFFFFFFFD7
:10192000FFFFFFFFFFFFFFFFFFFFFFFFFFFFFFFFC7
:10193000FFFFFFFFFFFFFFFFFFFFFFFFFFFFFFFFB7
:10194000FFFFFFFFFFFFFFFFFFFFFFFFFFFFFFFFA7
:10195000FFFFFFFFFFFFFFFFFFFFFFFFFFFFFFFF97
:10196000FFFFFFFFFFFFFFFFFFFFFFFFFFFFFFFF87
:10197000FFFFFFFFFFFFFFFFFFFFFFFFFFFFFFFF77
:10198000FFFFFFFFFFFFFFFFFFFFFFFFFFFFFFFF67
:10199000FFFFFFFFFFFFFFFFFFFFFFFFFFFFFFFF57
:1019A000FFFFFFFFFFFFFFFFFFFFFFFFFFFFFFFF47
:1019B000FFFFFFFFFFFFFFFFFFFFFFFFFFFFFFFF37
:1019C000FFFFFFFFFFFFFFFFFFFFFFFFFFFFFFFF27
:1019D000FFFFFFFFFFFFFFFFFFFFFFFFFFFFFFFF17
:1019E000FFFFFFFFFFFFFFFFFFFFFFFFFFFFFFFF07
:1019F000FFFFFFFFFFFFFFFFFFFFFFFFFFFFFFFFF7
:101A0000FFFFFFFFFFFFFFFFFFFFFFFFFFFFFFFFE6
:101A1000FFFFFFFFFFFFFFFFFFFFFFFFFFFFFFFFD6
:101A2000FFFFFFFFFFFFFFFFFFFFFFFFFFFFFFFFC6
:101A3000FFFFFFFFFFFFFFFFFFFFFFFFFFFFFFFFB6
:101A4000FFFFFFFFFFFFFFFFFFFFFFFFFFFFFFFFA6
:101A5000FFFFFFFFFFFFFFFFFFFFFFFFFFFFFFFF96
:101A6000FFFFFFFFFFFFFFFFFFFFFFFFFFFFFFFF86
:101A7000FFFFFFFFFFFFFFFFFFFFFFFFFFFFFFFF76
:101A8000FFFFFFFFFFFFFFFFFFFFFFFFFFFFFFFF66
:101A9000FFFFFFFFFFFFFFFFFFFFFFFFFFFFFFFF56
:101AA000FFFFFFFFFFFFFFFFFFFFFFFFFFFFFFFF46
:101AB000FFFFFFFFFFFFFFFFFFFFFFFFFFFFFFFF36
:101AC000FFFFFFFFFFFFFFFFFFFFFFFFFFFFFFFF26
:101AD000FFFFFFFFFFFFFFFFFFFFFFFFFFFFFFFF16
:101AE000FFFFFFFFFFFFFFFFFFFFFFFFFFFFFFFF06
:101AF000FFFFFFFFFFFFFFFFFFFFFFFFFFFFFFFFF6
:101B0000FFFFFFFFFFFFFFFFFFFFFFFFFFFFFFFFE5
:101B1000FFFFFFFFFFFFFFFFFFFFFFFFFFFFFFFFD5
:101B2000FFFFFFFFFFFFFFFFFFFFFFFFFFFFFFFFC5
:101B3000FFFFFFFFFFFFFFFFFFFFFFFFFFFFFFFFB5
:101B4000FFFFFFFFFFFFFFFFFFFFFFFFFFFFFFFFA5
:101B5000FFFFFFFFFFFFFFFFFFFFFFFFFFFFFFFF95
:101B6000FFFFFFFFFFFFFFFFFFFFFFFFFFFFFFFF85
:101B7000FFFFFFFFFFFFFFFFFFFFFFFFFFFFFFFF75
:101B8000FFFFFFFFFFFFFFFFFFFFFFFFFFFFFFFF65
:101B9000FFFFFFFFFFFFFFFFFFFFFFFFFFFFFFFF55
:101BA000FFFFFFFFFFFFFFFFFFFFFFFFFFFFFFFF45
:101BB000FFFFFFFFFFFFFFFFFFFFFFFFFFFFFFFF35
:101BC000FFFFFFFFFFFFFFFFFFFFFFFFFFFFFFFF25
:101BD000FFFFFFFFFFFFFFFFFFFFFFFFFFFFFFFF15
:101BE000FFFFFFFFFFFFFFFFFFFFFFFFFFFFFFFF05
:101BF000FFFFFFFFFFFFFFFFFFFFFFFFFFFFFFFFF5
:101C0000FFFFFFFFFFFFFFFFFFFFFFFFFFFFFFFFE4
:101C1000FFFFFFFFFFFFFFFFFFFFFFFFFFFFFFFFD4
:101C2000FFFFFFFFFFFFFFFFFFFFFFFFFFFFFFFFC4
:101C3000FFFFFFFFFFFFFFFFFFFFFFFFFFFFFFFFB4
:101C4000FFFFFFFFFFFFFFFFFFFFFFFFFFFFFFFFA4
:101C5000FFFFFFFFFFFFFFFFFFFFFFFFFFFFFFFF94
:101C6000FFFFFFFFFFFFFFFFFFFFFFFFFFFFFFFF84
:101C7000FFFFFFFFFFFFFFFFFFFFFFFFFFFFFFFF74
:101C8000FFFFFFFFFFFFFFFFFFFFFFFFFFFFFFFF64
:101C9000FFFFFFFFFFFFFFFFFFFFFFFFFFFFFFFF54
:101CA000FFFFFFFFFFFFFFFFFFFFFFFFFFFFFFFF44
:101CB000FFFFFFFFFFFFFFFFFFFFFFFFFFFFFFFF34
:101CC000FFFFFFFFFFFFFFFFFFFFFFFFFFFFFFFF24
:101CD000FFFFFFFFFFFFFFFFFFFFFFFFFFFFFFFF14
:101CE000FFFFFFFFFFFFFFFFFFFFFFFFFFFFFFFF04
:101CF000FFFFFFFFFFFFFFFFFFFFFFFFFFFFFFFFF4
:101D0000FFFFFFFFFFFFFFFFFFFFFFFFFFFFFFFFE3
:101D1000FFFFFFFFFFFFFFFFFFFFFFFFFFFFFFFFD3
:101D2000FFFFFFFFFFFFFFFFFFFFFFFFFFFFFFFFC3
:101D3000FFFFFFFFFFFFFFFFFFFFFFFFFFFFFFFFB3
:101D4000FFFFFFFFFFFFFFFFFFFFFFFFFFFFFFFFA3
:101D5000FFFFFFFFFFFFFFFFFFFFFFFFFFFFFFFF93
:101D6000FFFFFFFFFFFFFFFFFFFFFFFFFFFFFFFF83
:101D7000FFFFFFFFFFFFFFFFFFFFFFFFFFFFFFFF73
:101D8000FFFFFFFFFFFFFFFFFFFFFFFFFFFFFFFF63
:101D9000FFFFFFFFFFFFFFFFFFFFFFFFFFFFFFFF53
:101DA000FFFFFFFFFFFFFFFFFFFFFFFFFFFFFFFF43
:101DB000FFFFFFFFFFFFFFFFFFFFFFFFFFFFFFFF33
:101DC000FFFFFFFFFFFFFFFFFFFFFFFFFFFFFFFF23
:101DD000FFFFFFFFFFFFFFFFFFFFFFFFFFFFFFFF13
:101DE000FFFFFFFFFFFFFFFFFFFFFFFFFFFFFFFF03
:101DF000FFFFFFFFFFFFFFFFFFFFFFFFFFFFFFFFF3
:101E0000FFFFFFFFFFFFFFFFFFFFFFFFFFFFFFFFE2
:101E1000FFFFFFFFFFFFFFFFFFFFFFFFFFFFFFFFD2
:101E2000FFFFFFFFFFFFFFFFFFFFFFFFFFFFFFFFC2
:101E3000FFFFFFFFFFFFFFFFFFFFFFFFFFFFFFFFB2
:101E4000FFFFFFFFFFFFFFFFFFFFFFFFFFFFFFFFA2
:101E5000FFFFFFFFFFFFFFFFFFFFFFFFFFFFFFFF92
:101E6000FFFFFFFFFFFFFFFFFFFFFFFFFFFFFFFF82
:101E7000FFFFFFFFFFFFFFFFFFFFFFFFFFFFFFFF72
:101E8000FFFFFFFFFFFFFFFFFFFFFFFFFFFFFFFF62
:101E9000FFFFFFFFFFFFFFFFFFFFFFFFFFFFFFFF52
:101EA000FFFFFFFFFFFFFFFFFFFFFFFFFFFFFFFF42
:101EB000FFFFFFFFFFFFFFFFFFFFFFFFFFFFFFFF32
:101EC000FFFFFFFFFFFFFFFFFFFFFFFFFFFFFFFF22
:101ED000FFFFFFFFFFFFFFFFFFFFFFFFFFFFFFFF12
:101EE000FFFFFFFFFFFFFFFFFFFFFFFFFFFFFFFF02
:101EF000FFFFFFFFFFFFFFFFFFFFFFFFFFFFFFFFF2
:101F0000FFFFFFFFFFFFFFFFFFFFFFFFFFFFFFFFE1
:101F1000FFFFFFFFFFFFFFFFFFFFFFFFFFFFFFFFD1
:101F2000FFFFFFFFFFFFFFFFFFFFFFFFFFFFFFFFC1
:101F3000FFFFFFFFFFFFFFFFFFFFFFFFFFFFFFFFB1
:101F4000FFFFFFFFFFFFFFFFFFFFFFFFFFFFFFFFA1
:101F5000FFFFFFFFFFFFFFFFFFFFFFFFFFFFFFFF91
:101F6000FFFFFFFFFFFFFFFFFFFFFFFFFFFFFFFF81
:101F7000FFFFFFFFFFFFFFFFFFFFFFFFFFFFFFFF71
:101F8000FFFFFFFFFFFFFFFFFFFFFFFFFFFFFFFF61
:101F9000FFFFFFFFFFFFFFFFFFFFFFFFFFFFFFFF51
:101FA000FFFFFFFFFFFFFFFFFFFFFFFFFFFFFFFF41
:101FB000FFFFFFFFFFFFFFFFFFFFFFFFFFFFFFFF31
:101FC000FFFFFFFFFFFFFFFFFFFFFFFFFFFFFFFF21
:101FD000FFFFFFFFFFFFFFFFFFFFFFFFFFFFFFFF11
:101FE000FFFFFFFFFFFFFFFFFFFFFFFFFFFFFFFF01
:101FF000FFFFFFFFFFFFFFFFFFFFFFFFFFFFFFFFF1
:10200000FFFFFFFFFFFFFFFFFFFFFFFFFFFFFFFFE0
:10201000FFFFFFFFFFFFFFFFFFFFFFFFFFFFFFFFD0
:10202000FFFFFFFFFFFFFFFFFFFFFFFFFFFFFFFFC0
:10203000FFFFFFFFFFFFFFFFFFFFFFFFFFFFFFFFB0
:10204000FFFFFFFFFFFFFFFFFFFFFFFFFFFFFFFFA0
:10205000FFFFFFFFFFFFFFFFFFFFFFFFFFFFFFFF90
:10206000FFFFFFFFFFFFFFFFFFFFFFFFFFFFFFFF80
:10207000FFFFFFFFFFFFFFFFFFFFFFFFFFFFFFFF70
:10208000FFFFFFFFFFFFFFFFFFFFFFFFFFFFFFFF60
:10209000FFFFFFFFFFFFFFFFFFFFFFFFFFFFFFFF50
:1020A000FFFFFFFFFFFFFFFFFFFFFFFFFFFFFFFF40
:1020B000FFFFFFFFFFFFFFFFFFFFFFFFFFFFFFFF30
:1020C000FFFFFFFFFFFFFFFFFFFFFFFFFFFFFFFF20
:1020D000FFFFFFFFFFFFFFFFFFFFFFFFFFFFFFFF10
:1020E000FFFFFFFFFFFFFFFFFFFFFFFFFFFFFFFF00
:1020F000FFFFFFFFFFFFFFFFFFFFFFFFFFFFFFFFF0
:10210000FFFFFFFFFFFFFFFFFFFFFFFFFFFFFFFFDF
:10211000FFFFFFFFFFFFFFFFFFFFFFFFFFFFFFFFCF
:10212000FFFFFFFFFFFFFFFFFFFFFFFFFFFFFFFFBF
:10213000FFFFFFFFFFFFFFFFFFFFFFFFFFFFFFFFAF
:10214000FFFFFFFFFFFFFFFFFFFFFFFFFFFFFFFF9F
:10215000FFFFFFFFFFFFFFFFFFFFFFFFFFFFFFFF8F
:10216000FFFFFFFFFFFFFFFFFFFFFFFFFFFFFFFF7F
:10217000FFFFFFFFFFFFFFFFFFFFFFFFFFFFFFFF6F
:10218000FFFFFFFFFFFFFFFFFFFFFFFFFFFFFFFF5F
:10219000FFFFFFFFFFFFFFFFFFFFFFFFFFFFFFFF4F
:1021A000FFFFFFFFFFFFFFFFFFFFFFFFFFFFFFFF3F
:1021B000FFFFFFFFFFFFFFFFFFFFFFFFFFFFFFFF2F
:1021C000FFFFFFFFFFFFFFFFFFFFFFFFFFFFFFFF1F
:1021D000FFFFFFFFFFFFFFFFFFFFFFFFFFFFFFFF0F
:1021E000FFFFFFFFFFFFFFFFFFFFFFFFFFFFFFFFFF
:1021F000FFFFFFFFFFFFFFFFFFFFFFFFFFFFFFFFEF
:10220000FFFFFFFFFFFFFFFFFFFFFFFFFFFFFFFFDE
:10221000FFFFFFFFFFFFFFFFFFFFFFFFFFFFFFFFCE
:10222000FFFFFFFFFFFFFFFFFFFFFFFFFFFFFFFFBE
:10223000FFFFFFFFFFFFFFFFFFFFFFFFFFFFFFFFAE
:10224000FFFFFFFFFFFFFFFFFFFFFFFFFFFFFFFF9E
:10225000FFFFFFFFFFFFFFFFFFFFFFFFFFFFFFFF8E
:10226000FFFFFFFFFFFFFFFFFFFFFFFFFFFFFFFF7E
:10227000FFFFFFFFFFFFFFFFFFFFFFFFFFFFFFFF6E
:10228000FFFFFFFFFFFFFFFFFFFFFFFFFFFFFFFF5E
:10229000FFFFFFFFFFFFFFFFFFFFFFFFFFFFFFFF4E
:1022A000FFFFFFFFFFFFFFFFFFFFFFFFFFFFFFFF3E
:1022B000FFFFFFFFFFFFFFFFFFFFFFFFFFFFFFFF2E
:1022C000FFFFFFFFFFFFFFFFFFFFFFFFFFFFFFFF1E
:1022D000FFFFFFFFFFFFFFFFFFFFFFFFFFFFFFFF0E
:1022E000FFFFFFFFFFFFFFFFFFFFFFFFFFFFFFFFFE
:1022F000FFFFFFFFFFFFFFFFFFFFFFFFFFFFFFFFEE
:10230000FFFFFFFFFFFFFFFFFFFFFFFFFFFFFFFFDD
:10231000FFFFFFFFFFFFFFFFFFFFFFFFFFFFFFFFCD
:10232000FFFFFFFFFFFFFFFFFFFFFFFFFFFFFFFFBD
:10233000FFFFFFFFFFFFFFFFFFFFFFFFFFFFFFFFAD
:10234000FFFFFFFFFFFFFFFFFFFFFFFFFFFFFFFF9D
:10235000FFFFFFFFFFFFFFFFFFFFFFFFFFFFFFFF8D
:10236000FFFFFFFFFFFFFFFFFFFFFFFFFFFFFFFF7D
:10237000FFFFFFFFFFFFFFFFFFFFFFFFFFFFFFFF6D
:10238000FFFFFFFFFFFFFFFFFFFFFFFFFFFFFFFF5D
:10239000FFFFFFFFFFFFFFFFFFFFFFFFFFFFFFFF4D
:1023A000FFFFFFFFFFFFFFFFFFFFFFFFFFFFFFFF3D
:1023B000FFFFFFFFFFFFFFFFFFFFFFFFFFFFFFFF2D
:1023C000FFFFFFFFFFFFFFFFFFFFFFFFFFFFFFFF1D
:1023D000FFFFFFFFFFFFFFFFFFFFFFFFFFFFFFFF0D
:1023E000FFFFFFFFFFFFFFFFFFFFFFFFFFFFFFFFFD
:1023F000FFFFFFFFFFFFFFFFFFFFFFFFFFFFFFFFED
:10240000FFFFFFFFFFFFFFFFFFFFFFFFFFFFFFFFDC
:10241000FFFFFFFFFFFFFFFFFFFFFFFFFFFFFFFFCC
:10242000FFFFFFFFFFFFFFFFFFFFFFFFFFFFFFFFBC
:10243000FFFFFFFFFFFFFFFFFFFFFFFFFFFFFFFFAC
:10244000FFFFFFFFFFFFFFFFFFFFFFFFFFFFFFFF9C
:10245000FFFFFFFFFFFFFFFFFFFFFFFFFFFFFFFF8C
:10246000FFFFFFFFFFFFFFFFFFFFFFFFFFFFFFFF7C
:10247000FFFFFFFFFFFFFFFFFFFFFFFFFFFFFFFF6C
:10248000FFFFFFFFFFFFFFFFFFFFFFFFFFFFFFFF5C
:10249000FFFFFFFFFFFFFFFFFFFFFFFFFFFFFFFF4C
:1024A000FFFFFFFFFFFFFFFFFFFFFFFFFFFFFFFF3C
:1024B000FFFFFFFFFFFFFFFFFFFFFFFFFFFFFFFF2C
:1024C000FFFFFFFFFFFFFFFFFFFFFFFFFFFFFFFF1C
:1024D000FFFFFFFFFFFFFFFFFFFFFFFFFFFFFFFF0C
:1024E000FFFFFFFFFFFFFFFFFFFFFFFFFFFFFFFFFC
:1024F000FFFFFFFFFFFFFFFFFFFFFFFFFFFFFFFFEC
:10250000FFFFFFFFFFFFFFFFFFFFFFFFFFFFFFFFDB
:10251000FFFFFFFFFFFFFFFFFFFFFFFFFFFFFFFFCB
:10252000FFFFFFFFFFFFFFFFFFFFFFFFFFFFFFFFBB
:10253000FFFFFFFFFFFFFFFFFFFFFFFFFFFFFFFFAB
:10254000FFFFFFFFFFFFFFFFFFFFFFFFFFFFFFFF9B
:10255000FFFFFFFFFFFFFFFFFFFFFFFFFFFFFFFF8B
:10256000FFFFFFFFFFFFFFFFFFFFFFFFFFFFFFFF7B
:10257000FFFFFFFFFFFFFFFFFFFFFFFFFFFFFFFF6B
:10258000FFFFFFFFFFFFFFFFFFFFFFFFFFFFFFFF5B
:10259000FFFFFFFFFFFFFFFFFFFFFFFFFFFFFFFF4B
:1025A000FFFFFFFFFFFFFFFFFFFFFFFFFFFFFFFF3B
:1025B000FFFFFFFFFFFFFFFFFFFFFFFFFFFFFFFF2B
:1025C000FFFFFFFFFFFFFFFFFFFFFFFFFFFFFFFF1B
:1025D000FFFFFFFFFFFFFFFFFFFFFFFFFFFFFFFF0B
:1025E000FFFFFFFFFFFFFFFFFFFFFFFFFFFFFFFFFB
:1025F000FFFFFFFFFFFFFFFFFFFFFFFFFFFFFFFFEB
:10260000FFFFFFFFFFFFFFFFFFFFFFFFFFFFFFFFDA
:10261000FFFFFFFFFFFFFFFFFFFFFFFFFFFFFFFFCA
:10262000FFFFFFFFFFFFFFFFFFFFFFFFFFFFFFFFBA
:10263000FFFFFFFFFFFFFFFFFFFFFFFFFFFFFFFFAA
:10264000FFFFFFFFFFFFFFFFFFFFFFFFFFFFFFFF9A
:10265000FFFFFFFFFFFFFFFFFFFFFFFFFFFFFFFF8A
:10266000FFFFFFFFFFFFFFFFFFFFFFFFFFFFFFFF7A
:10267000FFFFFFFFFFFFFFFFFFFFFFFFFFFFFFFF6A
:10268000FFFFFFFFFFFFFFFFFFFFFFFFFFFFFFFF5A
:10269000FFFFFFFFFFFFFFFFFFFFFFFFFFFFFFFF4A
:1026A000FFFFFFFFFFFFFFFFFFFFFFFFFFFFFFFF3A
:1026B000FFFFFFFFFFFFFFFFFFFFFFFFFFFFFFFF2A
:1026C000FFFFFFFFFFFFFFFFFFFFFFFFFFFFFFFF1A
:1026D000FFFFFFFFFFFFFFFFFFFFFFFFFFFFFFFF0A
:1026E000FFFFFFFFFFFFFFFFFFFFFFFFFFFFFFFFFA
:1026F000FFFFFFFFFFFFFFFFFFFFFFFFFFFFFFFFEA
:10270000FFFFFFFFFFFFFFFFFFFFFFFFFFFFFFFFD9
:10271000FFFFFFFFFFFFFFFFFFFFFFFFFFFFFFFFC9
:10272000FFFFFFFFFFFFFFFFFFFFFFFFFFFFFFFFB9
:10273000FFFFFFFFFFFFFFFFFFFFFFFFFFFFFFFFA9
:10274000FFFFFFFFFFFFFFFFFFFFFFFFFFFFFFFF99
:10275000FFFFFFFFFFFFFFFFFFFFFFFFFFFFFFFF89
:10276000FFFFFFFFFFFFFFFFFFFFFFFFFFFFFFFF79
:10277000FFFFFFFFFFFFFFFFFFFFFFFFFFFFFFFF69
:10278000FFFFFFFFFFFFFFFFFFFFFFFFFFFFFFFF59
:10279000FFFFFFFFFFFFFFFFFFFFFFFFFFFFFFFF49
:1027A000FFFFFFFFFFFFFFFFFFFFFFFFFFFFFFFF39
:1027B000FFFFFFFFFFFFFFFFFFFFFFFFFFFFFFFF29
:1027C000FFFFFFFFFFFFFFFFFFFFFFFFFFFFFFFF19
:1027D000FFFFFFFFFFFFFFFFFFFFFFFFFFFFFFFF09
:1027E000FFFFFFFFFFFFFFFFFFFFFFFFFFFFFFFFF9
:1027F000FFFFFFFFFFFFFFFFFFFFFFFFFFFFFFFFE9
:10280000FFFFFFFFFFFFFFFFFFFFFFFFFFFFFFFFD8
:10281000FFFFFFFFFFFFFFFFFFFFFFFFFFFFFFFFC8
:10282000FFFFFFFFFFFFFFFFFFFFFFFFFFFFFFFFB8
:10283000FFFFFFFFFFFFFFFFFFFFFFFFFFFFFFFFA8
:10284000FFFFFFFFFFFFFFFFFFFFFFFFFFFFFFFF98
:10285000FFFFFFFFFFFFFFFFFFFFFFFFFFFFFFFF88
:10286000FFFFFFFFFFFFFFFFFFFFFFFFFFFFFFFF78
:10287000FFFFFFFFFFFFFFFFFFFFFFFFFFFFFFFF68
:10288000FFFFFFFFFFFFFFFFFFFFFFFFFFFFFFFF58
:10289000FFFFFFFFFFFFFFFFFFFFFFFFFFFFFFFF48
:1028A000FFFFFFFFFFFFFFFFFFFFFFFFFFFFFFFF38
:1028B000FFFFFFFFFFFFFFFFFFFFFFFFFFFFFFFF28
:1028C000FFFFFFFFFFFFFFFFFFFFFFFFFFFFFFFF18
:1028D000FFFFFFFFFFFFFFFFFFFFFFFFFFFFFFFF08
:1028E000FFFFFFFFFFFFFFFFFFFFFFFFFFFFFFFFF8
:1028F000FFFFFFFFFFFFFFFFFFFFFFFFFFFFFFFFE8
:10290000FFFFFFFFFFFFFFFFFFFFFFFFFFFFFFFFD7
:10291000FFFFFFFFFFFFFFFFFFFFFFFFFFFFFFFFC7
:10292000FFFFFFFFFFFFFFFFFFFFFFFFFFFFFFFFB7
:10293000FFFFFFFFFFFFFFFFFFFFFFFFFFFFFFFFA7
:10294000FFFFFFFFFFFFFFFFFFFFFFFFFFFFFFFF97
:10295000FFFFFFFFFFFFFFFFFFFFFFFFFFFFFFFF87
:10296000FFFFFFFFFFFFFFFFFFFFFFFFFFFFFFFF77
:10297000FFFFFFFFFFFFFFFFFFFFFFFFFFFFFFFF67
:10298000FFFFFFFFFFFFFFFFFFFFFFFFFFFFFFFF57
:10299000FFFFFFFFFFFFFFFFFFFFFFFFFFFFFFFF47
:1029A000FFFFFFFFFFFFFFFFFFFFFFFFFFFFFFFF37
:1029B000FFFFFFFFFFFFFFFFFFFFFFFFFFFFFFFF27
:1029C000FFFFFFFFFFFFFFFFFFFFFFFFFFFFFFFF17
:1029D000FFFFFFFFFFFFFFFFFFFFFFFFFFFFFFFF07
:1029E000FFFFFFFFFFFFFFFFFFFFFFFFFFFFFFFFF7
:1029F000FFFFFFFFFFFFFFFFFFFFFFFFFFFFFFFFE7
:102A0000FFFFFFFFFFFFFFFFFFFFFFFFFFFFFFFFD6
:102A1000FFFFFFFFFFFFFFFFFFFFFFFFFFFFFFFFC6
:102A2000FFFFFFFFFFFFFFFFFFFFFFFFFFFFFFFFB6
:102A3000FFFFFFFFFFFFFFFFFFFFFFFFFFFFFFFFA6
:102A4000FFFFFFFFFFFFFFFFFFFFFFFFFFFFFFFF96
:102A5000FFFFFFFFFFFFFFFFFFFFFFFFFFFFFFFF86
:102A6000FFFFFFFFFFFFFFFFFFFFFFFFFFFFFFFF76
:102A7000FFFFFFFFFFFFFFFFFFFFFFFFFFFFFFFF66
:102A8000FFFFFFFFFFFFFFFFFFFFFFFFFFFFFFFF56
:102A9000FFFFFFFFFFFFFFFFFFFFFFFFFFFFFFFF46
:102AA000FFFFFFFFFFFFFFFFFFFFFFFFFFFFFFFF36
:102AB000FFFFFFFFFFFFFFFFFFFFFFFFFFFFFFFF26
:102AC000FFFFFFFFFFFFFFFFFFFFFFFFFFFFFFFF16
:102AD000FFFFFFFFFFFFFFFFFFFFFFFFFFFFFFFF06
:102AE000FFFFFFFFFFFFFFFFFFFFFFFFFFFFFFFFF6
:102AF000FFFFFFFFFFFFFFFFFFFFFFFFFFFFFFFFE6
:102B0000FFFFFFFFFFFFFFFFFFFFFFFFFFFFFFFFD5
:102B1000FFFFFFFFFFFFFFFFFFFFFFFFFFFFFFFFC5
:102B2000FFFFFFFFFFFFFFFFFFFFFFFFFFFFFFFFB5
:102B3000FFFFFFFFFFFFFFFFFFFFFFFFFFFFFFFFA5
:102B4000FFFFFFFFFFFFFFFFFFFFFFFFFFFFFFFF95
:102B5000FFFFFFFFFFFFFFFFFFFFFFFFFFFFFFFF85
:102B6000FFFFFFFFFFFFFFFFFFFFFFFFFFFFFFFF75
:102B7000FFFFFFFFFFFFFFFFFFFFFFFFFFFFFFFF65
:102B8000FFFFFFFFFFFFFFFFFFFFFFFFFFFFFFFF55
:102B9000FFFFFFFFFFFFFFFFFFFFFFFFFFFFFFFF45
:102BA000FFFFFFFFFFFFFFFFFFFFFFFFFFFFFFFF35
:102BB000FFFFFFFFFFFFFFFFFFFFFFFFFFFFFFFF25
:102BC000FFFFFFFFFFFFFFFFFFFFFFFFFFFFFFFF15
:102BD000FFFFFFFFFFFFFFFFFFFFFFFFFFFFFFFF05
:102BE000FFFFFFFFFFFFFFFFFFFFFFFFFFFFFFFFF5
:102BF000FFFFFFFFFFFFFFFFFFFFFFFFFFFFFFFFE5
:102C0000FFFFFFFFFFFFFFFFFFFFFFFFFFFFFFFFD4
:102C1000FFFFFFFFFFFFFFFFFFFFFFFFFFFFFFFFC4
:102C2000FFFFFFFFFFFFFFFFFFFFFFFFFFFFFFFFB4
:102C3000FFFFFFFFFFFFFFFFFFFFFFFFFFFFFFFFA4
:102C4000FFFFFFFFFFFFFFFFFFFFFFFFFFFFFFFF94
:102C5000FFFFFFFFFFFFFFFFFFFFFFFFFFFFFFFF84
:102C6000FFFFFFFFFFFFFFFFFFFFFFFFFFFFFFFF74
:102C7000FFFFFFFFFFFFFFFFFFFFFFFFFFFFFFFF64
:102C8000FFFFFFFFFFFFFFFFFFFFFFFFFFFFFFFF54
:102C9000FFFFFFFFFFFFFFFFFFFFFFFFFFFFFFFF44
:102CA000FFFFFFFFFFFFFFFFFFFFFFFFFFFFFFFF34
:102CB000FFFFFFFFFFFFFFFFFFFFFFFFFFFFFFFF24
:102CC000FFFFFFFFFFFFFFFFFFFFFFFFFFFFFFFF14
:102CD000FFFFFFFFFFFFFFFFFFFFFFFFFFFFFFFF04
:102CE000FFFFFFFFFFFFFFFFFFFFFFFFFFFFFFFFF4
:102CF000FFFFFFFFFFFFFFFFFFFFFFFFFFFFFFFFE4
:102D0000FFFFFFFFFFFFFFFFFFFFFFFFFFFFFFFFD3
:102D1000FFFFFFFFFFFFFFFFFFFFFFFFFFFFFFFFC3
:102D2000FFFFFFFFFFFFFFFFFFFFFFFFFFFFFFFFB3
:102D3000FFFFFFFFFFFFFFFFFFFFFFFFFFFFFFFFA3
:102D4000FFFFFFFFFFFFFFFFFFFFFFFFFFFFFFFF93
:102D5000FFFFFFFFFFFFFFFFFFFFFFFFFFFFFFFF83
:102D6000FFFFFFFFFFFFFFFFFFFFFFFFFFFFFFFF73
:102D7000FFFFFFFFFFFFFFFFFFFFFFFFFFFFFFFF63
:102D8000FFFFFFFFFFFFFFFFFFFFFFFFFFFFFFFF53
:102D9000FFFFFFFFFFFFFFFFFFFFFFFFFFFFFFFF43
:102DA000FFFFFFFFFFFFFFFFFFFFFFFFFFFFFFFF33
:102DB000FFFFFFFFFFFFFFFFFFFFFFFFFFFFFFFF23
:102DC000FFFFFFFFFFFFFFFFFFFFFFFFFFFFFFFF13
:102DD000FFFFFFFFFFFFFFFFFFFFFFFFFFFFFFFF03
:102DE000FFFFFFFFFFFFFFFFFFFFFFFFFFFFFFFFF3
:102DF000FFFFFFFFFFFFFFFFFFFFFFFFFFFFFFFFE3
:102E0000FFFFFFFFFFFFFFFFFFFFFFFFFFFFFFFFD2
:102E1000FFFFFFFFFFFFFFFFFFFFFFFFFFFFFFFFC2
:102E2000FFFFFFFFFFFFFFFFFFFFFFFFFFFFFFFFB2
:102E3000FFFFFFFFFFFFFFFFFFFFFFFFFFFFFFFFA2
:102E4000FFFFFFFFFFFFFFFFFFFFFFFFFFFFFFFF92
:102E5000FFFFFFFFFFFFFFFFFFFFFFFFFFFFFFFF82
:102E6000FFFFFFFFFFFFFFFFFFFFFFFFFFFFFFFF72
:102E7000FFFFFFFFFFFFFFFFFFFFFFFFFFFFFFFF62
:102E8000FFFFFFFFFFFFFFFFFFFFFFFFFFFFFFFF52
:102E9000FFFFFFFFFFFFFFFFFFFFFFFFFFFFFFFF42
:102EA000FFFFFFFFFFFFFFFFFFFFFFFFFFFFFFFF32
:102EB000FFFFFFFFFFFFFFFFFFFFFFFFFFFFFFFF22
:102EC000FFFFFFFFFFFFFFFFFFFFFFFFFFFFFFFF12
:102ED000FFFFFFFFFFFFFFFFFFFFFFFFFFFFFFFF02
:102EE000FFFFFFFFFFFFFFFFFFFFFFFFFFFFFFFFF2
:102EF000FFFFFFFFFFFFFFFFFFFFFFFFFFFFFFFFE2
:102F0000FFFFFFFFFFFFFFFFFFFFFFFFFFFFFFFFD1
:102F1000FFFFFFFFFFFFFFFFFFFFFFFFFFFFFFFFC1
:102F2000FFFFFFFFFFFFFFFFFFFFFFFFFFFFFFFFB1
:102F3000FFFFFFFFFFFFFFFFFFFFFFFFFFFFFFFFA1
:102F4000FFFFFFFFFFFFFFFFFFFFFFFFFFFFFFFF91
:102F5000FFFFFFFFFFFFFFFFFFFFFFFFFFFFFFFF81
:102F6000FFFFFFFFFFFFFFFFFFFFFFFFFFFFFFFF71
:102F7000FFFFFFFFFFFFFFFFFFFFFFFFFFFFFFFF61
:102F8000FFFFFFFFFFFFFFFFFFFFFFFFFFFFFFFF51
:102F9000FFFFFFFFFFFFFFFFFFFFFFFFFFFFFFFF41
:102FA000FFFFFFFFFFFFFFFFFFFFFFFFFFFFFFFF31
:102FB000FFFFFFFFFFFFFFFFFFFFFFFFFFFFFFFF21
:102FC000FFFFFFFFFFFFFFFFFFFFFFFFFFFFFFFF11
:102FD000FFFFFFFFFFFFFFFFFFFFFFFFFFFFFFFF01
:102FE000FFFFFFFFFFFFFFFFFFFFFFFFFFFFFFFFF1
:102FF000FFFFFFFFFFFFFFFFFFFFFFFFFFFFFFFFE1
:10300000FFFFFFFFFFFFFFFFFFFFFFFFFFFFFFFFD0
:10301000FFFFFFFFFFFFFFFFFFFFFFFFFFFFFFFFC0
:10302000FFFFFFFFFFFFFFFFFFFFFFFFFFFFFFFFB0
:10303000FFFFFFFFFFFFFFFFFFFFFFFFFFFFFFFFA0
:10304000FFFFFFFFFFFFFFFFFFFFFFFFFFFFFFFF90
:10305000FFFFFFFFFFFFFFFFFFFFFFFFFFFFFFFF80
:10306000FFFFFFFFFFFFFFFFFFFFFFFFFFFFFFFF70
:10307000FFFFFFFFFFFFFFFFFFFFFFFFFFFFFFFF60
:10308000FFFFFFFFFFFFFFFFFFFFFFFFFFFFFFFF50
:10309000FFFFFFFFFFFFFFFFFFFFFFFFFFFFFFFF40
:1030A000FFFFFFFFFFFFFFFFFFFFFFFFFFFFFFFF30
:1030B000FFFFFFFFFFFFFFFFFFFFFFFFFFFFFFFF20
:1030C000FFFFFFFFFFFFFFFFFFFFFFFFFFFFFFFF10
:1030D000FFFFFFFFFFFFFFFFFFFFFFFFFFFFFFFF00
:1030E000FFFFFFFFFFFFFFFFFFFFFFFFFFFFFFFFF0
:1030F000FFFFFFFFFFFFFFFFFFFFFFFFFFFFFFFFE0
:10310000FFFFFFFFFFFFFFFFFFFFFFFFFFFFFFFFCF
:10311000FFFFFFFFFFFFFFFFFFFFFFFFFFFFFFFFBF
:10312000FFFFFFFFFFFFFFFFFFFFFFFFFFFFFFFFAF
:10313000FFFFFFFFFFFFFFFFFFFFFFFFFFFFFFFF9F
:10314000FFFFFFFFFFFFFFFFFFFFFFFFFFFFFFFF8F
:10315000FFFFFFFFFFFFFFFFFFFFFFFFFFFFFFFF7F
:10316000FFFFFFFFFFFFFFFFFFFFFFFFFFFFFFFF6F
:10317000FFFFFFFFFFFFFFFFFFFFFFFFFFFFFFFF5F
:10318000FFFFFFFFFFFFFFFFFFFFFFFFFFFFFFFF4F
:10319000FFFFFFFFFFFFFFFFFFFFFFFFFFFFFFFF3F
:1031A000FFFFFFFFFFFFFFFFFFFFFFFFFFFFFFFF2F
:1031B000FFFFFFFFFFFFFFFFFFFFFFFFFFFFFFFF1F
:1031C000FFFFFFFFFFFFFFFFFFFFFFFFFFFFFFFF0F
:1031D000FFFFFFFFFFFFFFFFFFFFFFFFFFFFFFFFFF
:1031E000FFFFFFFFFFFFFFFFFFFFFFFFFFFFFFFFEF
:1031F000FFFFFFFFFFFFFFFFFFFFFFFFFFFFFFFFDF
:10320000FFFFFFFFFFFFFFFFFFFFFFFFFFFFFFFFCE
:10321000FFFFFFFFFFFFFFFFFFFFFFFFFFFFFFFFBE
:10322000FFFFFFFFFFFFFFFFFFFFFFFFFFFFFFFFAE
:10323000FFFFFFFFFFFFFFFFFFFFFFFFFFFFFFFF9E
:10324000FFFFFFFFFFFFFFFFFFFFFFFFFFFFFFFF8E
:10325000FFFFFFFFFFFFFFFFFFFFFFFFFFFFFFFF7E
:10326000FFFFFFFFFFFFFFFFFFFFFFFFFFFFFFFF6E
:10327000FFFFFFFFFFFFFFFFFFFFFFFFFFFFFFFF5E
:10328000FFFFFFFFFFFFFFFFFFFFFFFFFFFFFFFF4E
:10329000FFFFFFFFFFFFFFFFFFFFFFFFFFFFFFFF3E
:1032A000FFFFFFFFFFFFFFFFFFFFFFFFFFFFFFFF2E
:1032B000FFFFFFFFFFFFFFFFFFFFFFFFFFFFFFFF1E
:1032C000FFFFFFFFFFFFFFFFFFFFFFFFFFFFFFFF0E
:1032D000FFFFFFFFFFFFFFFFFFFFFFFFFFFFFFFFFE
:1032E000FFFFFFFFFFFFFFFFFFFFFFFFFFFFFFFFEE
:1032F000FFFFFFFFFFFFFFFFFFFFFFFFFFFFFFFFDE
:10330000FFFFFFFFFFFFFFFFFFFFFFFFFFFFFFFFCD
:10331000FFFFFFFFFFFFFFFFFFFFFFFFFFFFFFFFBD
:10332000FFFFFFFFFFFFFFFFFFFFFFFFFFFFFFFFAD
:10333000FFFFFFFFFFFFFFFFFFFFFFFFFFFFFFFF9D
:10334000FFFFFFFFFFFFFFFFFFFFFFFFFFFFFFFF8D
:10335000FFFFFFFFFFFFFFFFFFFFFFFFFFFFFFFF7D
:10336000FFFFFFFFFFFFFFFFFFFFFFFFFFFFFFFF6D
:10337000FFFFFFFFFFFFFFFFFFFFFFFFFFFFFFFF5D
:10338000FFFFFFFFFFFFFFFFFFFFFFFFFFFFFFFF4D
:10339000FFFFFFFFFFFFFFFFFFFFFFFFFFFFFFFF3D
:1033A000FFFFFFFFFFFFFFFFFFFFFFFFFFFFFFFF2D
:1033B000FFFFFFFFFFFFFFFFFFFFFFFFFFFFFFFF1D
:1033C000FFFFFFFFFFFFFFFFFFFFFFFFFFFFFFFF0D
:1033D000FFFFFFFFFFFFFFFFFFFFFFFFFFFFFFFFFD
:1033E000FFFFFFFFFFFFFFFFFFFFFFFFFFFFFFFFED
:1033F000FFFFFFFFFFFFFFFFFFFFFFFFFFFFFFFFDD
:10340000FFFFFFFFFFFFFFFFFFFFFFFFFFFFFFFFCC
:10341000FFFFFFFFFFFFFFFFFFFFFFFFFFFFFFFFBC
:10342000FFFFFFFFFFFFFFFFFFFFFFFFFFFFFFFFAC
:10343000FFFFFFFFFFFFFFFFFFFFFFFFFFFFFFFF9C
:10344000FFFFFFFFFFFFFFFFFFFFFFFFFFFFFFFF8C
:10345000FFFFFFFFFFFFFFFFFFFFFFFFFFFFFFFF7C
:10346000FFFFFFFFFFFFFFFFFFFFFFFFFFFFFFFF6C
:10347000FFFFFFFFFFFFFFFFFFFFFFFFFFFFFFFF5C
:10348000FFFFFFFFFFFFFFFFFFFFFFFFFFFFFFFF4C
:10349000FFFFFFFFFFFFFFFFFFFFFFFFFFFFFFFF3C
:1034A000FFFFFFFFFFFFFFFFFFFFFFFFFFFFFFFF2C
:1034B000FFFFFFFFFFFFFFFFFFFFFFFFFFFFFFFF1C
:1034C000FFFFFFFFFFFFFFFFFFFFFFFFFFFFFFFF0C
:1034D000FFFFFFFFFFFFFFFFFFFFFFFFFFFFFFFFFC
:1034E000FFFFFFFFFFFFFFFFFFFFFFFFFFFFFFFFEC
:1034F000FFFFFFFFFFFFFFFFFFFFFFFFFFFFFFFFDC
:10350000FFFFFFFFFFFFFFFFFFFFFFFFFFFFFFFFCB
:10351000FFFFFFFFFFFFFFFFFFFFFFFFFFFFFFFFBB
:10352000FFFFFFFFFFFFFFFFFFFFFFFFFFFFFFFFAB
:10353000FFFFFFFFFFFFFFFFFFFFFFFFFFFFFFFF9B
:10354000FFFFFFFFFFFFFFFFFFFFFFFFFFFFFFFF8B
:10355000FFFFFFFFFFFFFFFFFFFFFFFFFFFFFFFF7B
:10356000FFFFFFFFFFFFFFFFFFFFFFFFFFFFFFFF6B
:10357000FFFFFFFFFFFFFFFFFFFFFFFFFFFFFFFF5B
:10358000FFFFFFFFFFFFFFFFFFFFFFFFFFFFFFFF4B
:10359000FFFFFFFFFFFFFFFFFFFFFFFFFFFFFFFF3B
:1035A000FFFFFFFFFFFFFFFFFFFFFFFFFFFFFFFF2B
:1035B000FFFFFFFFFFFFFFFFFFFFFFFFFFFFFFFF1B
:1035C000FFFFFFFFFFFFFFFFFFFFFFFFFFFFFFFF0B
:1035D000FFFFFFFFFFFFFFFFFFFFFFFFFFFFFFFFFB
:1035E000FFFFFFFFFFFFFFFFFFFFFFFFFFFFFFFFEB
:1035F000FFFFFFFFFFFFFFFFFFFFFFFFFFFFFFFFDB
:10360000FFFFFFFFFFFFFFFFFFFFFFFFFFFFFFFFCA
:10361000FFFFFFFFFFFFFFFFFFFFFFFFFFFFFFFFBA
:10362000FFFFFFFFFFFFFFFFFFFFFFFFFFFFFFFFAA
:10363000FFFFFFFFFFFFFFFFFFFFFFFFFFFFFFFF9A
:10364000FFFFFFFFFFFFFFFFFFFFFFFFFFFFFFFF8A
:10365000FFFFFFFFFFFFFFFFFFFFFFFFFFFFFFFF7A
:10366000FFFFFFFFFFFFFFFFFFFFFFFFFFFFFFFF6A
:10367000FFFFFFFFFFFFFFFFFFFFFFFFFFFFFFFF5A
:10368000FFFFFFFFFFFFFFFFFFFFFFFFFFFFFFFF4A
:10369000FFFFFFFFFFFFFFFFFFFFFFFFFFFFFFFF3A
:1036A000FFFFFFFFFFFFFFFFFFFFFFFFFFFFFFFF2A
:1036B000FFFFFFFFFFFFFFFFFFFFFFFFFFFFFFFF1A
:1036C000FFFFFFFFFFFFFFFFFFFFFFFFFFFFFFFF0A
:1036D000FFFFFFFFFFFFFFFFFFFFFFFFFFFFFFFFFA
:1036E000FFFFFFFFFFFFFFFFFFFFFFFFFFFFFFFFEA
:1036F000FFFFFFFFFFFFFFFFFFFFFFFFFFFFFFFFDA
:10370000FFFFFFFFFFFFFFFFFFFFFFFFFFFFFFFFC9
:10371000FFFFFFFFFFFFFFFFFFFFFFFFFFFFFFFFB9
:10372000FFFFFFFFFFFFFFFFFFFFFFFFFFFFFFFFA9
:10373000FFFFFFFFFFFFFFFFFFFFFFFFFFFFFFFF99
:10374000FFFFFFFFFFFFFFFFFFFFFFFFFFFFFFFF89
:10375000FFFFFFFFFFFFFFFFFFFFFFFFFFFFFFFF79
:10376000FFFFFFFFFFFFFFFFFFFFFFFFFFFFFFFF69
:10377000FFFFFFFFFFFFFFFFFFFFFFFFFFFFFFFF59
:10378000FFFFFFFFFFFFFFFFFFFFFFFFFFFFFFFF49
:10379000FFFFFFFFFFFFFFFFFFFFFFFFFFFFFFFF39
:1037A000FFFFFFFFFFFFFFFFFFFFFFFFFFFFFFFF29
:1037B000FFFFFFFFFFFFFFFFFFFFFFFFFFFFFFFF19
:1037C000FFFFFFFFFFFFFFFFFFFFFFFFFFFFFFFF09
:1037D000FFFFFFFFFFFFFFFFFFFFFFFFFFFFFFFFF9
:1037E000FFFFFFFFFFFFFFFFFFFFFFFFFFFFFFFFE9
:1037F000FFFFFFFFFFFFFFFFFFFFFFFFFFFFFFFFD9
:10380000FFFFFFFFFFFFFFFFFFFFFFFFFFFFFFFFC8
:10381000FFFFFFFFFFFFFFFFFFFFFFFFFFFFFFFFB8
:10382000FFFFFFFFFFFFFFFFFFFFFFFFFFFFFFFFA8
:10383000FFFFFFFFFFFFFFFFFFFFFFFFFFFFFFFF98
:10384000FFFFFFFFFFFFFFFFFFFFFFFFFFFFFFFF88
:10385000FFFFFFFFFFFFFFFFFFFFFFFFFFFFFFFF78
:10386000FFFFFFFFFFFFFFFFFFFFFFFFFFFFFFFF68
:10387000FFFFFFFFFFFFFFFFFFFFFFFFFFFFFFFF58
:10388000FFFFFFFFFFFFFFFFFFFFFFFFFFFFFFFF48
:10389000FFFFFFFFFFFFFFFFFFFFFFFFFFFFFFFF38
:1038A000FFFFFFFFFFFFFFFFFFFFFFFFFFFFFFFF28
:1038B000FFFFFFFFFFFFFFFFFFFFFFFFFFFFFFFF18
:1038C000FFFFFFFFFFFFFFFFFFFFFFFFFFFFFFFF08
:1038D000FFFFFFFFFFFFFFFFFFFFFFFFFFFFFFFFF8
:1038E000FFFFFFFFFFFFFFFFFFFFFFFFFFFFFFFFE8
:1038F000FFFFFFFFFFFFFFFFFFFFFFFFFFFFFFFFD8
:10390000FFFFFFFFFFFFFFFFFFFFFFFFFFFFFFFFC7
:10391000FFFFFFFFFFFFFFFFFFFFFFFFFFFFFFFFB7
:10392000FFFFFFFFFFFFFFFFFFFFFFFFFFFFFFFFA7
:10393000FFFFFFFFFFFFFFFFFFFFFFFFFFFFFFFF97
:10394000FFFFFFFFFFFFFFFFFFFFFFFFFFFFFFFF87
:10395000FFFFFFFFFFFFFFFFFFFFFFFFFFFFFFFF77
:10396000FFFFFFFFFFFFFFFFFFFFFFFFFFFFFFFF67
:10397000FFFFFFFFFFFFFFFFFFFFFFFFFFFFFFFF57
:10398000FFFFFFFFFFFFFFFFFFFFFFFFFFFFFFFF47
:10399000FFFFFFFFFFFFFFFFFFFFFFFFFFFFFFFF37
:1039A000FFFFFFFFFFFFFFFFFFFFFFFFFFFFFFFF27
:1039B000FFFFFFFFFFFFFFFFFFFFFFFFFFFFFFFF17
:1039C000FFFFFFFFFFFFFFFFFFFFFFFFFFFFFFFF07
:1039D000FFFFFFFFFFFFFFFFFFFFFFFFFFFFFFFFF7
:1039E000FFFFFFFFFFFFFFFFFFFFFFFFFFFFFFFFE7
:1039F000FFFFFFFFFFFFFFFFFFFFFFFFFFFFFFFFD7
:103A0000FFFFFFFFFFFFFFFFFFFFFFFFFFFFFFFFC6
:103A1000FFFFFFFFFFFFFFFFFFFFFFFFFFFFFFFFB6
:103A2000FFFFFFFFFFFFFFFFFFFFFFFFFFFFFFFFA6
:103A3000FFFFFFFFFFFFFFFFFFFFFFFFFFFFFFFF96
:103A4000FFFFFFFFFFFFFFFFFFFFFFFFFFFFFFFF86
:103A5000FFFFFFFFFFFFFFFFFFFFFFFFFFFFFFFF76
:103A6000FFFFFFFFFFFFFFFFFFFFFFFFFFFFFFFF66
:103A7000FFFFFFFFFFFFFFFFFFFFFFFFFFFFFFFF56
:103A8000FFFFFFFFFFFFFFFFFFFFFFFFFFFFFFFF46
:103A9000FFFFFFFFFFFFFFFFFFFFFFFFFFFFFFFF36
:103AA000FFFFFFFFFFFFFFFFFFFFFFFFFFFFFFFF26
:103AB000FFFFFFFFFFFFFFFFFFFFFFFFFFFFFFFF16
:103AC000FFFFFFFFFFFFFFFFFFFFFFFFFFFFFFFF06
:103AD000FFFFFFFFFFFFFFFFFFFFFFFFFFFFFFFFF6
:103AE000FFFFFFFFFFFFFFFFFFFFFFFFFFFFFFFFE6
:103AF000FFFFFFFFFFFFFFFFFFFFFFFFFFFFFFFFD6
:103B0000FFFFFFFFFFFFFFFFFFFFFFFFFFFFFFFFC5
:103B1000FFFFFFFFFFFFFFFFFFFFFFFFFFFFFFFFB5
:103B2000FFFFFFFFFFFFFFFFFFFFFFFFFFFFFFFFA5
:103B3000FFFFFFFFFFFFFFFFFFFFFFFFFFFFFFFF95
:103B4000FFFFFFFFFFFFFFFFFFFFFFFFFFFFFFFF85
:103B5000FFFFFFFFFFFFFFFFFFFFFFFFFFFFFFFF75
:103B6000FFFFFFFFFFFFFFFFFFFFFFFFFFFFFFFF65
:103B7000FFFFFFFFFFFFFFFFFFFFFFFFFFFFFFFF55
:103B8000FFFFFFFFFFFFFFFFFFFFFFFFFFFFFFFF45
:103B9000FFFFFFFFFFFFFFFFFFFFFFFFFFFFFFFF35
:103BA000FFFFFFFFFFFFFFFFFFFFFFFFFFFFFFFF25
:103BB000FFFFFFFFFFFFFFFFFFFFFFFFFFFFFFFF15
:103BC000FFFFFFFFFFFFFFFFFFFFFFFFFFFFFFFF05
:103BD000FFFFFFFFFFFFFFFFFFFFFFFFFFFFFFFFF5
:103BE000FFFFFFFFFFFFFFFFFFFFFFFFFFFFFFFFE5
:103BF000FFFFFFFFFFFFFFFFFFFFFFFFFFFFFFFFD5
:103C0000FFFFFFFFFFFFFFFFFFFFFFFFFFFFFFFFC4
:103C1000FFFFFFFFFFFFFFFFFFFFFFFFFFFFFFFFB4
:103C2000FFFFFFFFFFFFFFFFFFFFFFFFFFFFFFFFA4
:103C3000FFFFFFFFFFFFFFFFFFFFFFFFFFFFFFFF94
:103C4000FFFFFFFFFFFFFFFFFFFFFFFFFFFFFFFF84
:103C5000FFFFFFFFFFFFFFFFFFFFFFFFFFFFFFFF74
:103C6000FFFFFFFFFFFFFFFFFFFFFFFFFFFFFFFF64
:103C7000FFFFFFFFFFFFFFFFFFFFFFFFFFFFFFFF54
:103C8000FFFFFFFFFFFFFFFFFFFFFFFFFFFFFFFF44
:103C9000FFFFFFFFFFFFFFFFFFFFFFFFFFFFFFFF34
:103CA000FFFFFFFFFFFFFFFFFFFFFFFFFFFFFFFF24
:103CB000FFFFFFFFFFFFFFFFFFFFFFFFFFFFFFFF14
:103CC000FFFFFFFFFFFFFFFFFFFFFFFFFFFFFFFF04
:103CD000FFFFFFFFFFFFFFFFFFFFFFFFFFFFFFFFF4
:103CE000FFFFFFFFFFFFFFFFFFFFFFFFFFFFFFFFE4
:103CF000FFFFFFFFFFFFFFFFFFFFFFFFFFFFFFFFD4
:103D0000FFFFFFFFFFFFFFFFFFFFFFFFFFFFFFFFC3
:103D1000FFFFFFFFFFFFFFFFFFFFFFFFFFFFFFFFB3
:103D2000FFFFFFFFFFFFFFFFFFFFFFFFFFFFFFFFA3
:103D3000FFFFFFFFFFFFFFFFFFFFFFFFFFFFFFFF93
:103D4000FFFFFFFFFFFFFFFFFFFFFFFFFFFFFFFF83
:103D5000FFFFFFFFFFFFFFFFFFFFFFFFFFFFFFFF73
:103D6000FFFFFFFFFFFFFFFFFFFFFFFFFFFFFFFF63
:103D7000FFFFFFFFFFFFFFFFFFFFFFFFFFFFFFFF53
:103D8000FFFFFFFFFFFFFFFFFFFFFFFFFFFFFFFF43
:103D9000FFFFFFFFFFFFFFFFFFFFFFFFFFFFFFFF33
:103DA000FFFFFFFFFFFFFFFFFFFFFFFFFFFFFFFF23
:103DB000FFFFFFFFFFFFFFFFFFFFFFFFFFFFFFFF13
:103DC000FFFFFFFFFFFFFFFFFFFFFFFFFFFFFFFF03
:103DD000FFFFFFFFFFFFFFFFFFFFFFFFFFFFFFFFF3
:103DE000FFFFFFFFFFFFFFFFFFFFFFFFFFFFFFFFE3
:103DF000FFFFFFFFFFFFFFFFFFFFFFFFFFFFFFFFD3
:103E0000FFFFFFFFFFFFFFFFFFFFFFFFFFFFFFFFC2
:103E1000FFFFFFFFFFFFFFFFFFFFFFFFFFFFFFFFB2
:103E2000FFFFFFFFFFFFFFFFFFFFFFFFFFFFFFFFA2
:103E3000FFFFFFFFFFFFFFFFFFFFFFFFFFFFFFFF92
:103E4000FFFFFFFFFFFFFFFFFFFFFFFFFFFFFFFF82
:103E5000FFFFFFFFFFFFFFFFFFFFFFFFFFFFFFFF72
:103E6000FFFFFFFFFFFFFFFFFFFFFFFFFFFFFFFF62
:103E7000FFFFFFFFFFFFFFFFFFFFFFFFFFFFFFFF52
:103E8000FFFFFFFFFFFFFFFFFFFFFFFFFFFFFFFF42
:103E9000FFFFFFFFFFFFFFFFFFFFFFFFFFFFFFFF32
:103EA000FFFFFFFFFFFFFFFFFFFFFFFFFFFFFFFF22
:103EB000FFFFFFFFFFFFFFFFFFFFFFFFFFFFFFFF12
:103EC000FFFFFFFFFFFFFFFFFFFFFFFFFFFFFFFF02
:103ED000FFFFFFFFFFFFFFFFFFFFFFFFFFFFFFFFF2
:103EE000FFFFFFFFFFFFFFFFFFFFFFFFFFFFFFFFE2
:103EF000FFFFFFFFFFFFFFFFFFFFFFFFFFFFFFFFD2
:103F0000FFFFFFFFFFFFFFFFFFFFFFFFFFFFFFFFC1
:103F1000FFFFFFFFFFFFFFFFFFFFFFFFFFFFFFFFB1
:103F2000FFFFFFFFFFFFFFFFFFFFFFFFFFFFFFFFA1
:103F3000FFFFFFFFFFFFFFFFFFFFFFFFFFFFFFFF91
:103F4000FFFFFFFFFFFFFFFFFFFFFFFFFFFFFFFF81
:103F5000FFFFFFFFFFFFFFFFFFFFFFFFFFFFFFFF71
:103F6000FFFFFFFFFFFFFFFFFFFFFFFFFFFFFFFF61
:103F7000FFFFFFFFFFFFFFFFFFFFFFFFFFFFFFFF51
:103F8000FFFFFFFFFFFFFFFFFFFFFFFFFFFFFFFF41
:103F9000FFFFFFFFFFFFFFFFFFFFFFFFFFFFFFFF31
:103FA000FFFFFFFFFFFFFFFFFFFFFFFFFFFFFFFF21
:103FB000FFFFFFFFFFFFFFFFFFFFFFFFFFFFFFFF11
:103FC000FFFFFFFFFFFFFFFFFFFFFFFFFFFFFFFF01
:103FD000FFFFFFFFFFFFFFFFFFFFFFFFFFFFFFFFF1
:103FE000FFFFFFFFFFFFFFFFFFFFFFFFFFFFFFFFE1
:103FF000FFFFFFFFFFFFFFFFFFFFFFFFFFFFFFFFD1
:10400000FFFFFFFFFFFFFFFFFFFFFFFFFFFFFFFFC0
:10401000FFFFFFFFFFFFFFFFFFFFFFFFFFFFFFFFB0
:10402000FFFFFFFFFFFFFFFFFFFFFFFFFFFFFFFFA0
:10403000FFFFFFFFFFFFFFFFFFFFFFFFFFFFFFFF90
:10404000FFFFFFFFFFFFFFFFFFFFFFFFFFFFFFFF80
:10405000FFFFFFFFFFFFFFFFFFFFFFFFFFFFFFFF70
:10406000FFFFFFFFFFFFFFFFFFFFFFFFFFFFFFFF60
:10407000FFFFFFFFFFFFFFFFFFFFFFFFFFFFFFFF50
:10408000FFFFFFFFFFFFFFFFFFFFFFFFFFFFFFFF40
:10409000FFFFFFFFFFFFFFFFFFFFFFFFFFFFFFFF30
:1040A000FFFFFFFFFFFFFFFFFFFFFFFFFFFFFFFF20
:1040B000FFFFFFFFFFFFFFFFFFFFFFFFFFFFFFFF10
:1040C000FFFFFFFFFFFFFFFFFFFFFFFFFFFFFFFF00
:1040D000FFFFFFFFFFFFFFFFFFFFFFFFFFFFFFFFF0
:1040E000FFFFFFFFFFFFFFFFFFFFFFFFFFFFFFFFE0
:1040F000FFFFFFFFFFFFFFFFFFFFFFFFFFFFFFFFD0
:10410000FFFFFFFFFFFFFFFFFFFFFFFFFFFFFFFFBF
:10411000FFFFFFFFFFFFFFFFFFFFFFFFFFFFFFFFAF
:10412000FFFFFFFFFFFFFFFFFFFFFFFFFFFFFFFF9F
:10413000FFFFFFFFFFFFFFFFFFFFFFFFFFFFFFFF8F
:10414000FFFFFFFFFFFFFFFFFFFFFFFFFFFFFFFF7F
:10415000FFFFFFFFFFFFFFFFFFFFFFFFFFFFFFFF6F
:10416000FFFFFFFFFFFFFFFFFFFFFFFFFFFFFFFF5F
:10417000FFFFFFFFFFFFFFFFFFFFFFFFFFFFFFFF4F
:10418000FFFFFFFFFFFFFFFFFFFFFFFFFFFFFFFF3F
:10419000FFFFFFFFFFFFFFFFFFFFFFFFFFFFFFFF2F
:1041A000FFFFFFFFFFFFFFFFFFFFFFFFFFFFFFFF1F
:1041B000FFFFFFFFFFFFFFFFFFFFFFFFFFFFFFFF0F
:1041C000FFFFFFFFFFFFFFFFFFFFFFFFFFFFFFFFFF
:1041D000FFFFFFFFFFFFFFFFFFFFFFFFFFFFFFFFEF
:1041E000FFFFFFFFFFFFFFFFFFFFFFFFFFFFFFFFDF
:1041F000FFFFFFFFFFFFFFFFFFFFFFFFFFFFFFFFCF
:10420000FFFFFFFFFFFFFFFFFFFFFFFFFFFFFFFFBE
:10421000FFFFFFFFFFFFFFFFFFFFFFFFFFFFFFFFAE
:10422000FFFFFFFFFFFFFFFFFFFFFFFFFFFFFFFF9E
:10423000FFFFFFFFFFFFFFFFFFFFFFFFFFFFFFFF8E
:10424000FFFFFFFFFFFFFFFFFFFFFFFFFFFFFFFF7E
:10425000FFFFFFFFFFFFFFFFFFFFFFFFFFFFFFFF6E
:10426000FFFFFFFFFFFFFFFFFFFFFFFFFFFFFFFF5E
:10427000FFFFFFFFFFFFFFFFFFFFFFFFFFFFFFFF4E
:10428000FFFFFFFFFFFFFFFFFFFFFFFFFFFFFFFF3E
:10429000FFFFFFFFFFFFFFFFFFFFFFFFFFFFFFFF2E
:1042A000FFFFFFFFFFFFFFFFFFFFFFFFFFFFFFFF1E
:1042B000FFFFFFFFFFFFFFFFFFFFFFFFFFFFFFFF0E
:1042C000FFFFFFFFFFFFFFFFFFFFFFFFFFFFFFFFFE
:1042D000FFFFFFFFFFFFFFFFFFFFFFFFFFFFFFFFEE
:1042E000FFFFFFFFFFFFFFFFFFFFFFFFFFFFFFFFDE
:1042F000FFFFFFFFFFFFFFFFFFFFFFFFFFFFFFFFCE
:10430000FFFFFFFFFFFFFFFFFFFFFFFFFFFFFFFFBD
:10431000FFFFFFFFFFFFFFFFFFFFFFFFFFFFFFFFAD
:10432000FFFFFFFFFFFFFFFFFFFFFFFFFFFFFFFF9D
:10433000FFFFFFFFFFFFFFFFFFFFFFFFFFFFFFFF8D
:10434000FFFFFFFFFFFFFFFFFFFFFFFFFFFFFFFF7D
:10435000FFFFFFFFFFFFFFFFFFFFFFFFFFFFFFFF6D
:10436000FFFFFFFFFFFFFFFFFFFFFFFFFFFFFFFF5D
:10437000FFFFFFFFFFFFFFFFFFFFFFFFFFFFFFFF4D
:10438000FFFFFFFFFFFFFFFFFFFFFFFFFFFFFFFF3D
:10439000FFFFFFFFFFFFFFFFFFFFFFFFFFFFFFFF2D
:1043A000FFFFFFFFFFFFFFFFFFFFFFFFFFFFFFFF1D
:1043B000FFFFFFFFFFFFFFFFFFFFFFFFFFFFFFFF0D
:1043C000FFFFFFFFFFFFFFFFFFFFFFFFFFFFFFFFFD
:1043D000FFFFFFFFFFFFFFFFFFFFFFFFFFFFFFFFED
:1043E000FFFFFFFFFFFFFFFFFFFFFFFFFFFFFFFFDD
:1043F000FFFFFFFFFFFFFFFFFFFFFFFFFFFFFFFFCD
:10440000FFFFFFFFFFFFFFFFFFFFFFFFFFFFFFFFBC
:10441000FFFFFFFFFFFFFFFFFFFFFFFFFFFFFFFFAC
:10442000FFFFFFFFFFFFFFFFFFFFFFFFFFFFFFFF9C
:10443000FFFFFFFFFFFFFFFFFFFFFFFFFFFFFFFF8C
:10444000FFFFFFFFFFFFFFFFFFFFFFFFFFFFFFFF7C
:10445000FFFFFFFFFFFFFFFFFFFFFFFFFFFFFFFF6C
:10446000FFFFFFFFFFFFFFFFFFFFFFFFFFFFFFFF5C
:10447000FFFFFFFFFFFFFFFFFFFFFFFFFFFFFFFF4C
:10448000FFFFFFFFFFFFFFFFFFFFFFFFFFFFFFFF3C
:10449000FFFFFFFFFFFFFFFFFFFFFFFFFFFFFFFF2C
:1044A000FFFFFFFFFFFFFFFFFFFFFFFFFFFFFFFF1C
:1044B000FFFFFFFFFFFFFFFFFFFFFFFFFFFFFFFF0C
:1044C000FFFFFFFFFFFFFFFFFFFFFFFFFFFFFFFFFC
:1044D000FFFFFFFFFFFFFFFFFFFFFFFFFFFFFFFFEC
:1044E000FFFFFFFFFFFFFFFFFFFFFFFFFFFFFFFFDC
:1044F000FFFFFFFFFFFFFFFFFFFFFFFFFFFFFFFFCC
:10450000FFFFFFFFFFFFFFFFFFFFFFFFFFFFFFFFBB
:10451000FFFFFFFFFFFFFFFFFFFFFFFFFFFFFFFFAB
:10452000FFFFFFFFFFFFFFFFFFFFFFFFFFFFFFFF9B
:10453000FFFFFFFFFFFFFFFFFFFFFFFFFFFFFFFF8B
:10454000FFFFFFFFFFFFFFFFFFFFFFFFFFFFFFFF7B
:10455000FFFFFFFFFFFFFFFFFFFFFFFFFFFFFFFF6B
:10456000FFFFFFFFFFFFFFFFFFFFFFFFFFFFFFFF5B
:10457000FFFFFFFFFFFFFFFFFFFFFFFFFFFFFFFF4B
:10458000FFFFFFFFFFFFFFFFFFFFFFFFFFFFFFFF3B
:10459000FFFFFFFFFFFFFFFFFFFFFFFFFFFFFFFF2B
:1045A000FFFFFFFFFFFFFFFFFFFFFFFFFFFFFFFF1B
:1045B000FFFFFFFFFFFFFFFFFFFFFFFFFFFFFFFF0B
:1045C000FFFFFFFFFFFFFFFFFFFFFFFFFFFFFFFFFB
:1045D000FFFFFFFFFFFFFFFFFFFFFFFFFFFFFFFFEB
:1045E000FFFFFFFFFFFFFFFFFFFFFFFFFFFFFFFFDB
:1045F000FFFFFFFFFFFFFFFFFFFFFFFFFFFFFFFFCB
:10460000FFFFFFFFFFFFFFFFFFFFFFFFFFFFFFFFBA
:10461000FFFFFFFFFFFFFFFFFFFFFFFFFFFFFFFFAA
:10462000FFFFFFFFFFFFFFFFFFFFFFFFFFFFFFFF9A
:10463000FFFFFFFFFFFFFFFFFFFFFFFFFFFFFFFF8A
:10464000FFFFFFFFFFFFFFFFFFFFFFFFFFFFFFFF7A
:10465000FFFFFFFFFFFFFFFFFFFFFFFFFFFFFFFF6A
:10466000FFFFFFFFFFFFFFFFFFFFFFFFFFFFFFFF5A
:10467000FFFFFFFFFFFFFFFFFFFFFFFFFFFFFFFF4A
:10468000FFFFFFFFFFFFFFFFFFFFFFFFFFFFFFFF3A
:10469000FFFFFFFFFFFFFFFFFFFFFFFFFFFFFFFF2A
:1046A000FFFFFFFFFFFFFFFFFFFFFFFFFFFFFFFF1A
:1046B000FFFFFFFFFFFFFFFFFFFFFFFFFFFFFFFF0A
:1046C000FFFFFFFFFFFFFFFFFFFFFFFFFFFFFFFFFA
:1046D000FFFFFFFFFFFFFFFFFFFFFFFFFFFFFFFFEA
:1046E000FFFFFFFFFFFFFFFFFFFFFFFFFFFFFFFFDA
:1046F000FFFFFFFFFFFFFFFFFFFFFFFFFFFFFFFFCA
:10470000FFFFFFFFFFFFFFFFFFFFFFFFFFFFFFFFB9
:10471000FFFFFFFFFFFFFFFFFFFFFFFFFFFFFFFFA9
:10472000FFFFFFFFFFFFFFFFFFFFFFFFFFFFFFFF99
:10473000FFFFFFFFFFFFFFFFFFFFFFFFFFFFFFFF89
:10474000FFFFFFFFFFFFFFFFFFFFFFFFFFFFFFFF79
:10475000FFFFFFFFFFFFFFFFFFFFFFFFFFFFFFFF69
:10476000FFFFFFFFFFFFFFFFFFFFFFFFFFFFFFFF59
:10477000FFFFFFFFFFFFFFFFFFFFFFFFFFFFFFFF49
:10478000FFFFFFFFFFFFFFFFFFFFFFFFFFFFFFFF39
:10479000FFFFFFFFFFFFFFFFFFFFFFFFFFFFFFFF29
:1047A000FFFFFFFFFFFFFFFFFFFFFFFFFFFFFFFF19
:1047B000FFFFFFFFFFFFFFFFFFFFFFFFFFFFFFFF09
:1047C000FFFFFFFFFFFFFFFFFFFFFFFFFFFFFFFFF9
:1047D000FFFFFFFFFFFFFFFFFFFFFFFFFFFFFFFFE9
:1047E000FFFFFFFFFFFFFFFFFFFFFFFFFFFFFFFFD9
:1047F000FFFFFFFFFFFFFFFFFFFFFFFFFFFFFFFFC9
:10480000FFFFFFFFFFFFFFFFFFFFFFFFFFFFFFFFB8
:10481000FFFFFFFFFFFFFFFFFFFFFFFFFFFFFFFFA8
:10482000FFFFFFFFFFFFFFFFFFFFFFFFFFFFFFFF98
:10483000FFFFFFFFFFFFFFFFFFFFFFFFFFFFFFFF88
:10484000FFFFFFFFFFFFFFFFFFFFFFFFFFFFFFFF78
:10485000FFFFFFFFFFFFFFFFFFFFFFFFFFFFFFFF68
:10486000FFFFFFFFFFFFFFFFFFFFFFFFFFFFFFFF58
:10487000FFFFFFFFFFFFFFFFFFFFFFFFFFFFFFFF48
:10488000FFFFFFFFFFFFFFFFFFFFFFFFFFFFFFFF38
:10489000FFFFFFFFFFFFFFFFFFFFFFFFFFFFFFFF28
:1048A000FFFFFFFFFFFFFFFFFFFFFFFFFFFFFFFF18
:1048B000FFFFFFFFFFFFFFFFFFFFFFFFFFFFFFFF08
:1048C000FFFFFFFFFFFFFFFFFFFFFFFFFFFFFFFFF8
:1048D000FFFFFFFFFFFFFFFFFFFFFFFFFFFFFFFFE8
:1048E000FFFFFFFFFFFFFFFFFFFFFFFFFFFFFFFFD8
:1048F000FFFFFFFFFFFFFFFFFFFFFFFFFFFFFFFFC8
:10490000FFFFFFFFFFFFFFFFFFFFFFFFFFFFFFFFB7
:10491000FFFFFFFFFFFFFFFFFFFFFFFFFFFFFFFFA7
:10492000FFFFFFFFFFFFFFFFFFFFFFFFFFFFFFFF97
:10493000FFFFFFFFFFFFFFFFFFFFFFFFFFFFFFFF87
:10494000FFFFFFFFFFFFFFFFFFFFFFFFFFFFFFFF77
:10495000FFFFFFFFFFFFFFFFFFFFFFFFFFFFFFFF67
:10496000FFFFFFFFFFFFFFFFFFFFFFFFFFFFFFFF57
:10497000FFFFFFFFFFFFFFFFFFFFFFFFFFFFFFFF47
:10498000FFFFFFFFFFFFFFFFFFFFFFFFFFFFFFFF37
:10499000FFFFFFFFFFFFFFFFFFFFFFFFFFFFFFFF27
:1049A000FFFFFFFFFFFFFFFFFFFFFFFFFFFFFFFF17
:1049B000FFFFFFFFFFFFFFFFFFFFFFFFFFFFFFFF07
:1049C000FFFFFFFFFFFFFFFFFFFFFFFFFFFFFFFFF7
:1049D000FFFFFFFFFFFFFFFFFFFFFFFFFFFFFFFFE7
:1049E000FFFFFFFFFFFFFFFFFFFFFFFFFFFFFFFFD7
:1049F000FFFFFFFFFFFFFFFFFFFFFFFFFFFFFFFFC7
:104A0000FFFFFFFFFFFFFFFFFFFFFFFFFFFFFFFFB6
:104A1000FFFFFFFFFFFFFFFFFFFFFFFFFFFFFFFFA6
:104A2000FFFFFFFFFFFFFFFFFFFFFFFFFFFFFFFF96
:104A3000FFFFFFFFFFFFFFFFFFFFFFFFFFFFFFFF86
:104A4000FFFFFFFFFFFFFFFFFFFFFFFFFFFFFFFF76
:104A5000FFFFFFFFFFFFFFFFFFFFFFFFFFFFFFFF66
:104A6000FFFFFFFFFFFFFFFFFFFFFFFFFFFFFFFF56
:104A7000FFFFFFFFFFFFFFFFFFFFFFFFFFFFFFFF46
:104A8000FFFFFFFFFFFFFFFFFFFFFFFFFFFFFFFF36
:104A9000FFFFFFFFFFFFFFFFFFFFFFFFFFFFFFFF26
:104AA000FFFFFFFFFFFFFFFFFFFFFFFFFFFFFFFF16
:104AB000FFFFFFFFFFFFFFFFFFFFFFFFFFFFFFFF06
:104AC000FFFFFFFFFFFFFFFFFFFFFFFFFFFFFFFFF6
:104AD000FFFFFFFFFFFFFFFFFFFFFFFFFFFFFFFFE6
:104AE000FFFFFFFFFFFFFFFFFFFFFFFFFFFFFFFFD6
:104AF000FFFFFFFFFFFFFFFFFFFFFFFFFFFFFFFFC6
:104B0000FFFFFFFFFFFFFFFFFFFFFFFFFFFFFFFFB5
:104B1000FFFFFFFFFFFFFFFFFFFFFFFFFFFFFFFFA5
:104B2000FFFFFFFFFFFFFFFFFFFFFFFFFFFFFFFF95
:104B3000FFFFFFFFFFFFFFFFFFFFFFFFFFFFFFFF85
:104B4000FFFFFFFFFFFFFFFFFFFFFFFFFFFFFFFF75
:104B5000FFFFFFFFFFFFFFFFFFFFFFFFFFFFFFFF65
:104B6000FFFFFFFFFFFFFFFFFFFFFFFFFFFFFFFF55
:104B7000FFFFFFFFFFFFFFFFFFFFFFFFFFFFFFFF45
:104B8000FFFFFFFFFFFFFFFFFFFFFFFFFFFFFFFF35
:104B9000FFFFFFFFFFFFFFFFFFFFFFFFFFFFFFFF25
:104BA000FFFFFFFFFFFFFFFFFFFFFFFFFFFFFFFF15
:104BB000FFFFFFFFFFFFFFFFFFFFFFFFFFFFFFFF05
:104BC000FFFFFFFFFFFFFFFFFFFFFFFFFFFFFFFFF5
:104BD000FFFFFFFFFFFFFFFFFFFFFFFFFFFFFFFFE5
:104BE000FFFFFFFFFFFFFFFFFFFFFFFFFFFFFFFFD5
:104BF000FFFFFFFFFFFFFFFFFFFFFFFFFFFFFFFFC5
:104C0000FFFFFFFFFFFFFFFFFFFFFFFFFFFFFFFFB4
:104C1000FFFFFFFFFFFFFFFFFFFFFFFFFFFFFFFFA4
:104C2000FFFFFFFFFFFFFFFFFFFFFFFFFFFFFFFF94
:104C3000FFFFFFFFFFFFFFFFFFFFFFFFFFFFFFFF84
:104C4000FFFFFFFFFFFFFFFFFFFFFFFFFFFFFFFF74
:104C5000FFFFFFFFFFFFFFFFFFFFFFFFFFFFFFFF64
:104C6000FFFFFFFFFFFFFFFFFFFFFFFFFFFFFFFF54
:104C7000FFFFFFFFFFFFFFFFFFFFFFFFFFFFFFFF44
:104C8000FFFFFFFFFFFFFFFFFFFFFFFFFFFFFFFF34
:104C9000FFFFFFFFFFFFFFFFFFFFFFFFFFFFFFFF24
:104CA000FFFFFFFFFFFFFFFFFFFFFFFFFFFFFFFF14
:104CB000FFFFFFFFFFFFFFFFFFFFFFFFFFFFFFFF04
:104CC000FFFFFFFFFFFFFFFFFFFFFFFFFFFFFFFFF4
:104CD000FFFFFFFFFFFFFFFFFFFFFFFFFFFFFFFFE4
:104CE000FFFFFFFFFFFFFFFFFFFFFFFFFFFFFFFFD4
:104CF000FFFFFFFFFFFFFFFFFFFFFFFFFFFFFFFFC4
:104D0000FFFFFFFFFFFFFFFFFFFFFFFFFFFFFFFFB3
:104D1000FFFFFFFFFFFFFFFFFFFFFFFFFFFFFFFFA3
:104D2000FFFFFFFFFFFFFFFFFFFFFFFFFFFFFFFF93
:104D3000FFFFFFFFFFFFFFFFFFFFFFFFFFFFFFFF83
:104D4000FFFFFFFFFFFFFFFFFFFFFFFFFFFFFFFF73
:104D5000FFFFFFFFFFFFFFFFFFFFFFFFFFFFFFFF63
:104D6000FFFFFFFFFFFFFFFFFFFFFFFFFFFFFFFF53
:104D7000FFFFFFFFFFFFFFFFFFFFFFFFFFFFFFFF43
:104D8000FFFFFFFFFFFFFFFFFFFFFFFFFFFFFFFF33
:104D9000FFFFFFFFFFFFFFFFFFFFFFFFFFFFFFFF23
:104DA000FFFFFFFFFFFFFFFFFFFFFFFFFFFFFFFF13
:104DB000FFFFFFFFFFFFFFFFFFFFFFFFFFFFFFFF03
:104DC000FFFFFFFFFFFFFFFFFFFFFFFFFFFFFFFFF3
:104DD000FFFFFFFFFFFFFFFFFFFFFFFFFFFFFFFFE3
:104DE000FFFFFFFFFFFFFFFFFFFFFFFFFFFFFFFFD3
:104DF000FFFFFFFFFFFFFFFFFFFFFFFFFFFFFFFFC3
:104E0000FFFFFFFFFFFFFFFFFFFFFFFFFFFFFFFFB2
:104E1000FFFFFFFFFFFFFFFFFFFFFFFFFFFFFFFFA2
:104E2000FFFFFFFFFFFFFFFFFFFFFFFFFFFFFFFF92
:104E3000FFFFFFFFFFFFFFFFFFFFFFFFFFFFFFFF82
:104E4000FFFFFFFFFFFFFFFFFFFFFFFFFFFFFFFF72
:104E5000FFFFFFFFFFFFFFFFFFFFFFFFFFFFFFFF62
:104E6000FFFFFFFFFFFFFFFFFFFFFFFFFFFFFFFF52
:104E7000FFFFFFFFFFFFFFFFFFFFFFFFFFFFFFFF42
:104E8000FFFFFFFFFFFFFFFFFFFFFFFFFFFFFFFF32
:104E9000FFFFFFFFFFFFFFFFFFFFFFFFFFFFFFFF22
:104EA000FFFFFFFFFFFFFFFFFFFFFFFFFFFFFFFF12
:104EB000FFFFFFFFFFFFFFFFFFFFFFFFFFFFFFFF02
:104EC000FFFFFFFFFFFFFFFFFFFFFFFFFFFFFFFFF2
:104ED000FFFFFFFFFFFFFFFFFFFFFFFFFFFFFFFFE2
:104EE000FFFFFFFFFFFFFFFFFFFFFFFFFFFFFFFFD2
:104EF000FFFFFFFFFFFFFFFFFFFFFFFFFFFFFFFFC2
:104F0000FFFFFFFFFFFFFFFFFFFFFFFFFFFFFFFFB1
:104F1000FFFFFFFFFFFFFFFFFFFFFFFFFFFFFFFFA1
:104F2000FFFFFFFFFFFFFFFFFFFFFFFFFFFFFFFF91
:104F3000FFFFFFFFFFFFFFFFFFFFFFFFFFFFFFFF81
:104F4000FFFFFFFFFFFFFFFFFFFFFFFFFFFFFFFF71
:104F5000FFFFFFFFFFFFFFFFFFFFFFFFFFFFFFFF61
:104F6000FFFFFFFFFFFFFFFFFFFFFFFFFFFFFFFF51
:104F7000FFFFFFFFFFFFFFFFFFFFFFFFFFFFFFFF41
:104F8000FFFFFFFFFFFFFFFFFFFFFFFFFFFFFFFF31
:104F9000FFFFFFFFFFFFFFFFFFFFFFFFFFFFFFFF21
:104FA000FFFFFFFFFFFFFFFFFFFFFFFFFFFFFFFF11
:104FB000FFFFFFFFFFFFFFFFFFFFFFFFFFFFFFFF01
:104FC000FFFFFFFFFFFFFFFFFFFFFFFFFFFFFFFFF1
:104FD000FFFFFFFFFFFFFFFFFFFFFFFFFFFFFFFFE1
:104FE000FFFFFFFFFFFFFFFFFFFFFFFFFFFFFFFFD1
:104FF000FFFFFFFFFFFFFFFFFFFFFFFFFFFFFFFFC1
:10500000FFFFFFFFFFFFFFFFFFFFFFFFFFFFFFFFB0
:10501000FFFFFFFFFFFFFFFFFFFFFFFFFFFFFFFFA0
:10502000FFFFFFFFFFFFFFFFFFFFFFFFFFFFFFFF90
:10503000FFFFFFFFFFFFFFFFFFFFFFFFFFFFFFFF80
:10504000FFFFFFFFFFFFFFFFFFFFFFFFFFFFFFFF70
:10505000FFFFFFFFFFFFFFFFFFFFFFFFFFFFFFFF60
:10506000FFFFFFFFFFFFFFFFFFFFFFFFFFFFFFFF50
:10507000FFFFFFFFFFFFFFFFFFFFFFFFFFFFFFFF40
:10508000FFFFFFFFFFFFFFFFFFFFFFFFFFFFFFFF30
:10509000FFFFFFFFFFFFFFFFFFFFFFFFFFFFFFFF20
:1050A000FFFFFFFFFFFFFFFFFFFFFFFFFFFFFFFF10
:1050B000FFFFFFFFFFFFFFFFFFFFFFFFFFFFFFFF00
:1050C000FFFFFFFFFFFFFFFFFFFFFFFFFFFFFFFFF0
:1050D000FFFFFFFFFFFFFFFFFFFFFFFFFFFFFFFFE0
:1050E000FFFFFFFFFFFFFFFFFFFFFFFFFFFFFFFFD0
:1050F000FFFFFFFFFFFFFFFFFFFFFFFFFFFFFFFFC0
:10510000FFFFFFFFFFFFFFFFFFFFFFFFFFFFFFFFAF
:10511000FFFFFFFFFFFFFFFFFFFFFFFFFFFFFFFF9F
:10512000FFFFFFFFFFFFFFFFFFFFFFFFFFFFFFFF8F
:10513000FFFFFFFFFFFFFFFFFFFFFFFFFFFFFFFF7F
:10514000FFFFFFFFFFFFFFFFFFFFFFFFFFFFFFFF6F
:10515000FFFFFFFFFFFFFFFFFFFFFFFFFFFFFFFF5F
:10516000FFFFFFFFFFFFFFFFFFFFFFFFFFFFFFFF4F
:10517000FFFFFFFFFFFFFFFFFFFFFFFFFFFFFFFF3F
:10518000FFFFFFFFFFFFFFFFFFFFFFFFFFFFFFFF2F
:10519000FFFFFFFFFFFFFFFFFFFFFFFFFFFFFFFF1F
:1051A000FFFFFFFFFFFFFFFFFFFFFFFFFFFFFFFF0F
:1051B000FFFFFFFFFFFFFFFFFFFFFFFFFFFFFFFFFF
:1051C000FFFFFFFFFFFFFFFFFFFFFFFFFFFFFFFFEF
:1051D000FFFFFFFFFFFFFFFFFFFFFFFFFFFFFFFFDF
:1051E000FFFFFFFFFFFFFFFFFFFFFFFFFFFFFFFFCF
:1051F000FFFFFFFFFFFFFFFFFFFFFFFFFFFFFFFFBF
:10520000FFFFFFFFFFFFFFFFFFFFFFFFFFFFFFFFAE
:10521000FFFFFFFFFFFFFFFFFFFFFFFFFFFFFFFF9E
:10522000FFFFFFFFFFFFFFFFFFFFFFFFFFFFFFFF8E
:10523000FFFFFFFFFFFFFFFFFFFFFFFFFFFFFFFF7E
:10524000FFFFFFFFFFFFFFFFFFFFFFFFFFFFFFFF6E
:10525000FFFFFFFFFFFFFFFFFFFFFFFFFFFFFFFF5E
:10526000FFFFFFFFFFFFFFFFFFFFFFFFFFFFFFFF4E
:10527000FFFFFFFFFFFFFFFFFFFFFFFFFFFFFFFF3E
:10528000FFFFFFFFFFFFFFFFFFFFFFFFFFFFFFFF2E
:10529000FFFFFFFFFFFFFFFFFFFFFFFFFFFFFFFF1E
:1052A000FFFFFFFFFFFFFFFFFFFFFFFFFFFFFFFF0E
:1052B000FFFFFFFFFFFFFFFFFFFFFFFFFFFFFFFFFE
:1052C000FFFFFFFFFFFFFFFFFFFFFFFFFFFFFFFFEE
:1052D000FFFFFFFFFFFFFFFFFFFFFFFFFFFFFFFFDE
:1052E000FFFFFFFFFFFFFFFFFFFFFFFFFFFFFFFFCE
:1052F000FFFFFFFFFFFFFFFFFFFFFFFFFFFFFFFFBE
:10530000FFFFFFFFFFFFFFFFFFFFFFFFFFFFFFFFAD
:10531000FFFFFFFFFFFFFFFFFFFFFFFFFFFFFFFF9D
:10532000FFFFFFFFFFFFFFFFFFFFFFFFFFFFFFFF8D
:10533000FFFFFFFFFFFFFFFFFFFFFFFFFFFFFFFF7D
:10534000FFFFFFFFFFFFFFFFFFFFFFFFFFFFFFFF6D
:10535000FFFFFFFFFFFFFFFFFFFFFFFFFFFFFFFF5D
:10536000FFFFFFFFFFFFFFFFFFFFFFFFFFFFFFFF4D
:10537000FFFFFFFFFFFFFFFFFFFFFFFFFFFFFFFF3D
:10538000FFFFFFFFFFFFFFFFFFFFFFFFFFFFFFFF2D
:10539000FFFFFFFFFFFFFFFFFFFFFFFFFFFFFFFF1D
:1053A000FFFFFFFFFFFFFFFFFFFFFFFFFFFFFFFF0D
:1053B000FFFFFFFFFFFFFFFFFFFFFFFFFFFFFFFFFD
:1053C000FFFFFFFFFFFFFFFFFFFFFFFFFFFFFFFFED
:1053D000FFFFFFFFFFFFFFFFFFFFFFFFFFFFFFFFDD
:1053E000FFFFFFFFFFFFFFFFFFFFFFFFFFFFFFFFCD
:1053F000FFFFFFFFFFFFFFFFFFFFFFFFFFFFFFFFBD
:10540000FFFFFFFFFFFFFFFFFFFFFFFFFFFFFFFFAC
:10541000FFFFFFFFFFFFFFFFFFFFFFFFFFFFFFFF9C
:10542000FFFFFFFFFFFFFFFFFFFFFFFFFFFFFFFF8C
:10543000FFFFFFFFFFFFFFFFFFFFFFFFFFFFFFFF7C
:10544000FFFFFFFFFFFFFFFFFFFFFFFFFFFFFFFF6C
:10545000FFFFFFFFFFFFFFFFFFFFFFFFFFFFFFFF5C
:10546000FFFFFFFFFFFFFFFFFFFFFFFFFFFFFFFF4C
:10547000FFFFFFFFFFFFFFFFFFFFFFFFFFFFFFFF3C
:10548000FFFFFFFFFFFFFFFFFFFFFFFFFFFFFFFF2C
:10549000FFFFFFFFFFFFFFFFFFFFFFFFFFFFFFFF1C
:1054A000FFFFFFFFFFFFFFFFFFFFFFFFFFFFFFFF0C
:1054B000FFFFFFFFFFFFFFFFFFFFFFFFFFFFFFFFFC
:1054C000FFFFFFFFFFFFFFFFFFFFFFFFFFFFFFFFEC
:1054D000FFFFFFFFFFFFFFFFFFFFFFFFFFFFFFFFDC
:1054E000FFFFFFFFFFFFFFFFFFFFFFFFFFFFFFFFCC
:1054F000FFFFFFFFFFFFFFFFFFFFFFFFFFFFFFFFBC
:10550000FFFFFFFFFFFFFFFFFFFFFFFFFFFFFFFFAB
:10551000FFFFFFFFFFFFFFFFFFFFFFFFFFFFFFFF9B
:10552000FFFFFFFFFFFFFFFFFFFFFFFFFFFFFFFF8B
:10553000FFFFFFFFFFFFFFFFFFFFFFFFFFFFFFFF7B
:10554000FFFFFFFFFFFFFFFFFFFFFFFFFFFFFFFF6B
:10555000FFFFFFFFFFFFFFFFFFFFFFFFFFFFFFFF5B
:10556000FFFFFFFFFFFFFFFFFFFFFFFFFFFFFFFF4B
:10557000FFFFFFFFFFFFFFFFFFFFFFFFFFFFFFFF3B
:10558000FFFFFFFFFFFFFFFFFFFFFFFFFFFFFFFF2B
:10559000FFFFFFFFFFFFFFFFFFFFFFFFFFFFFFFF1B
:1055A000FFFFFFFFFFFFFFFFFFFFFFFFFFFFFFFF0B
:1055B000FFFFFFFFFFFFFFFFFFFFFFFFFFFFFFFFFB
:1055C000FFFFFFFFFFFFFFFFFFFFFFFFFFFFFFFFEB
:1055D000FFFFFFFFFFFFFFFFFFFFFFFFFFFFFFFFDB
:1055E000FFFFFFFFFFFFFFFFFFFFFFFFFFFFFFFFCB
:1055F000FFFFFFFFFFFFFFFFFFFFFFFFFFFFFFFFBB
:10560000FFFFFFFFFFFFFFFFFFFFFFFFFFFFFFFFAA
:10561000FFFFFFFFFFFFFFFFFFFFFFFFFFFFFFFF9A
:10562000FFFFFFFFFFFFFFFFFFFFFFFFFFFFFFFF8A
:10563000FFFFFFFFFFFFFFFFFFFFFFFFFFFFFFFF7A
:10564000FFFFFFFFFFFFFFFFFFFFFFFFFFFFFFFF6A
:10565000FFFFFFFFFFFFFFFFFFFFFFFFFFFFFFFF5A
:10566000FFFFFFFFFFFFFFFFFFFFFFFFFFFFFFFF4A
:10567000FFFFFFFFFFFFFFFFFFFFFFFFFFFFFFFF3A
:10568000FFFFFFFFFFFFFFFFFFFFFFFFFFFFFFFF2A
:10569000FFFFFFFFFFFFFFFFFFFFFFFFFFFFFFFF1A
:1056A000FFFFFFFFFFFFFFFFFFFFFFFFFFFFFFFF0A
:1056B000FFFFFFFFFFFFFFFFFFFFFFFFFFFFFFFFFA
:1056C000FFFFFFFFFFFFFFFFFFFFFFFFFFFFFFFFEA
:1056D000FFFFFFFFFFFFFFFFFFFFFFFFFFFFFFFFDA
:1056E000FFFFFFFFFFFFFFFFFFFFFFFFFFFFFFFFCA
:1056F000FFFFFFFFFFFFFFFFFFFFFFFFFFFFFFFFBA
:10570000FFFFFFFFFFFFFFFFFFFFFFFFFFFFFFFFA9
:10571000FFFFFFFFFFFFFFFFFFFFFFFFFFFFFFFF99
:10572000FFFFFFFFFFFFFFFFFFFFFFFFFFFFFFFF89
:10573000FFFFFFFFFFFFFFFFFFFFFFFFFFFFFFFF79
:10574000FFFFFFFFFFFFFFFFFFFFFFFFFFFFFFFF69
:10575000FFFFFFFFFFFFFFFFFFFFFFFFFFFFFFFF59
:10576000FFFFFFFFFFFFFFFFFFFFFFFFFFFFFFFF49
:10577000FFFFFFFFFFFFFFFFFFFFFFFFFFFFFFFF39
:10578000FFFFFFFFFFFFFFFFFFFFFFFFFFFFFFFF29
:10579000FFFFFFFFFFFFFFFFFFFFFFFFFFFFFFFF19
:1057A000FFFFFFFFFFFFFFFFFFFFFFFFFFFFFFFF09
:1057B000FFFFFFFFFFFFFFFFFFFFFFFFFFFFFFFFF9
:1057C000FFFFFFFFFFFFFFFFFFFFFFFFFFFFFFFFE9
:1057D000FFFFFFFFFFFFFFFFFFFFFFFFFFFFFFFFD9
:1057E000FFFFFFFFFFFFFFFFFFFFFFFFFFFFFFFFC9
:1057F000FFFFFFFFFFFFFFFFFFFFFFFFFFFFFFFFB9
:10580000FFFFFFFFFFFFFFFFFFFFFFFFFFFFFFFFA8
:10581000FFFFFFFFFFFFFFFFFFFFFFFFFFFFFFFF98
:10582000FFFFFFFFFFFFFFFFFFFFFFFFFFFFFFFF88
:10583000FFFFFFFFFFFFFFFFFFFFFFFFFFFFFFFF78
:10584000FFFFFFFFFFFFFFFFFFFFFFFFFFFFFFFF68
:10585000FFFFFFFFFFFFFFFFFFFFFFFFFFFFFFFF58
:10586000FFFFFFFFFFFFFFFFFFFFFFFFFFFFFFFF48
:10587000FFFFFFFFFFFFFFFFFFFFFFFFFFFFFFFF38
:10588000FFFFFFFFFFFFFFFFFFFFFFFFFFFFFFFF28
:10589000FFFFFFFFFFFFFFFFFFFFFFFFFFFFFFFF18
:1058A000FFFFFFFFFFFFFFFFFFFFFFFFFFFFFFFF08
:1058B000FFFFFFFFFFFFFFFFFFFFFFFFFFFFFFFFF8
:1058C000FFFFFFFFFFFFFFFFFFFFFFFFFFFFFFFFE8
:1058D000FFFFFFFFFFFFFFFFFFFFFFFFFFFFFFFFD8
:1058E000FFFFFFFFFFFFFFFFFFFFFFFFFFFFFFFFC8
:1058F000FFFFFFFFFFFFFFFFFFFFFFFFFFFFFFFFB8
:10590000FFFFFFFFFFFFFFFFFFFFFFFFFFFFFFFFA7
:10591000FFFFFFFFFFFFFFFFFFFFFFFFFFFFFFFF97
:10592000FFFFFFFFFFFFFFFFFFFFFFFFFFFFFFFF87
:10593000FFFFFFFFFFFFFFFFFFFFFFFFFFFFFFFF77
:10594000FFFFFFFFFFFFFFFFFFFFFFFFFFFFFFFF67
:10595000FFFFFFFFFFFFFFFFFFFFFFFFFFFFFFFF57
:10596000FFFFFFFFFFFFFFFFFFFFFFFFFFFFFFFF47
:10597000FFFFFFFFFFFFFFFFFFFFFFFFFFFFFFFF37
:10598000FFFFFFFFFFFFFFFFFFFFFFFFFFFFFFFF27
:10599000FFFFFFFFFFFFFFFFFFFFFFFFFFFFFFFF17
:1059A000FFFFFFFFFFFFFFFFFFFFFFFFFFFFFFFF07
:1059B000FFFFFFFFFFFFFFFFFFFFFFFFFFFFFFFFF7
:1059C000FFFFFFFFFFFFFFFFFFFFFFFFFFFFFFFFE7
:1059D000FFFFFFFFFFFFFFFFFFFFFFFFFFFFFFFFD7
:1059E000FFFFFFFFFFFFFFFFFFFFFFFFFFFFFFFFC7
:1059F000FFFFFFFFFFFFFFFFFFFFFFFFFFFFFFFFB7
:105A0000FFFFFFFFFFFFFFFFFFFFFFFFFFFFFFFFA6
:105A1000FFFFFFFFFFFFFFFFFFFFFFFFFFFFFFFF96
:105A2000FFFFFFFFFFFFFFFFFFFFFFFFFFFFFFFF86
:105A3000FFFFFFFFFFFFFFFFFFFFFFFFFFFFFFFF76
:105A4000FFFFFFFFFFFFFFFFFFFFFFFFFFFFFFFF66
:105A5000FFFFFFFFFFFFFFFFFFFFFFFFFFFFFFFF56
:105A6000FFFFFFFFFFFFFFFFFFFFFFFFFFFFFFFF46
:105A7000FFFFFFFFFFFFFFFFFFFFFFFFFFFFFFFF36
:105A8000FFFFFFFFFFFFFFFFFFFFFFFFFFFFFFFF26
:105A9000FFFFFFFFFFFFFFFFFFFFFFFFFFFFFFFF16
:105AA000FFFFFFFFFFFFFFFFFFFFFFFFFFFFFFFF06
:105AB000FFFFFFFFFFFFFFFFFFFFFFFFFFFFFFFFF6
:105AC000FFFFFFFFFFFFFFFFFFFFFFFFFFFFFFFFE6
:105AD000FFFFFFFFFFFFFFFFFFFFFFFFFFFFFFFFD6
:105AE000FFFFFFFFFFFFFFFFFFFFFFFFFFFFFFFFC6
:105AF000FFFFFFFFFFFFFFFFFFFFFFFFFFFFFFFFB6
:105B0000FFFFFFFFFFFFFFFFFFFFFFFFFFFFFFFFA5
:105B1000FFFFFFFFFFFFFFFFFFFFFFFFFFFFFFFF95
:105B2000FFFFFFFFFFFFFFFFFFFFFFFFFFFFFFFF85
:105B3000FFFFFFFFFFFFFFFFFFFFFFFFFFFFFFFF75
:105B4000FFFFFFFFFFFFFFFFFFFFFFFFFFFFFFFF65
:105B5000FFFFFFFFFFFFFFFFFFFFFFFFFFFFFFFF55
:105B6000FFFFFFFFFFFFFFFFFFFFFFFFFFFFFFFF45
:105B7000FFFFFFFFFFFFFFFFFFFFFFFFFFFFFFFF35
:105B8000FFFFFFFFFFFFFFFFFFFFFFFFFFFFFFFF25
:105B9000FFFFFFFFFFFFFFFFFFFFFFFFFFFFFFFF15
:105BA000FFFFFFFFFFFFFFFFFFFFFFFFFFFFFFFF05
:105BB000FFFFFFFFFFFFFFFFFFFFFFFFFFFFFFFFF5
:105BC000FFFFFFFFFFFFFFFFFFFFFFFFFFFFFFFFE5
:105BD000FFFFFFFFFFFFFFFFFFFFFFFFFFFFFFFFD5
:105BE000FFFFFFFFFFFFFFFFFFFFFFFFFFFFFFFFC5
:105BF000FFFFFFFFFFFFFFFFFFFFFFFFFFFFFFFFB5
:105C0000FFFFFFFFFFFFFFFFFFFFFFFFFFFFFFFFA4
:105C1000FFFFFFFFFFFFFFFFFFFFFFFFFFFFFFFF94
:105C2000FFFFFFFFFFFFFFFFFFFFFFFFFFFFFFFF84
:105C3000FFFFFFFFFFFFFFFFFFFFFFFFFFFFFFFF74
:105C4000FFFFFFFFFFFFFFFFFFFFFFFFFFFFFFFF64
:105C5000FFFFFFFFFFFFFFFFFFFFFFFFFFFFFFFF54
:105C6000FFFFFFFFFFFFFFFFFFFFFFFFFFFFFFFF44
:105C7000FFFFFFFFFFFFFFFFFFFFFFFFFFFFFFFF34
:105C8000FFFFFFFFFFFFFFFFFFFFFFFFFFFFFFFF24
:105C9000FFFFFFFFFFFFFFFFFFFFFFFFFFFFFFFF14
:105CA000FFFFFFFFFFFFFFFFFFFFFFFFFFFFFFFF04
:105CB000FFFFFFFFFFFFFFFFFFFFFFFFFFFFFFFFF4
:105CC000FFFFFFFFFFFFFFFFFFFFFFFFFFFFFFFFE4
:105CD000FFFFFFFFFFFFFFFFFFFFFFFFFFFFFFFFD4
:105CE000FFFFFFFFFFFFFFFFFFFFFFFFFFFFFFFFC4
:105CF000FFFFFFFFFFFFFFFFFFFFFFFFFFFFFFFFB4
:105D0000FFFFFFFFFFFFFFFFFFFFFFFFFFFFFFFFA3
:105D1000FFFFFFFFFFFFFFFFFFFFFFFFFFFFFFFF93
:105D2000FFFFFFFFFFFFFFFFFFFFFFFFFFFFFFFF83
:105D3000FFFFFFFFFFFFFFFFFFFFFFFFFFFFFFFF73
:105D4000FFFFFFFFFFFFFFFFFFFFFFFFFFFFFFFF63
:105D5000FFFFFFFFFFFFFFFFFFFFFFFFFFFFFFFF53
:105D6000FFFFFFFFFFFFFFFFFFFFFFFFFFFFFFFF43
:105D7000FFFFFFFFFFFFFFFFFFFFFFFFFFFFFFFF33
:105D8000FFFFFFFFFFFFFFFFFFFFFFFFFFFFFFFF23
:105D9000FFFFFFFFFFFFFFFFFFFFFFFFFFFFFFFF13
:105DA000FFFFFFFFFFFFFFFFFFFFFFFFFFFFFFFF03
:105DB000FFFFFFFFFFFFFFFFFFFFFFFFFFFFFFFFF3
:105DC000FFFFFFFFFFFFFFFFFFFFFFFFFFFFFFFFE3
:105DD000FFFFFFFFFFFFFFFFFFFFFFFFFFFFFFFFD3
:105DE000FFFFFFFFFFFFFFFFFFFFFFFFFFFFFFFFC3
:105DF000FFFFFFFFFFFFFFFFFFFFFFFFFFFFFFFFB3
:105E0000FFFFFFFFFFFFFFFFFFFFFFFFFFFFFFFFA2
:105E1000FFFFFFFFFFFFFFFFFFFFFFFFFFFFFFFF92
:105E2000FFFFFFFFFFFFFFFFFFFFFFFFFFFFFFFF82
:105E3000FFFFFFFFFFFFFFFFFFFFFFFFFFFFFFFF72
:105E4000FFFFFFFFFFFFFFFFFFFFFFFFFFFFFFFF62
:105E5000FFFFFFFFFFFFFFFFFFFFFFFFFFFFFFFF52
:105E6000FFFFFFFFFFFFFFFFFFFFFFFFFFFFFFFF42
:105E7000FFFFFFFFFFFFFFFFFFFFFFFFFFFFFFFF32
:105E8000FFFFFFFFFFFFFFFFFFFFFFFFFFFFFFFF22
:105E9000FFFFFFFFFFFFFFFFFFFFFFFFFFFFFFFF12
:105EA000FFFFFFFFFFFFFFFFFFFFFFFFFFFFFFFF02
:105EB000FFFFFFFFFFFFFFFFFFFFFFFFFFFFFFFFF2
:105EC000FFFFFFFFFFFFFFFFFFFFFFFFFFFFFFFFE2
:105ED000FFFFFFFFFFFFFFFFFFFFFFFFFFFFFFFFD2
:105EE000FFFFFFFFFFFFFFFFFFFFFFFFFFFFFFFFC2
:105EF000FFFFFFFFFFFFFFFFFFFFFFFFFFFFFFFFB2
:105F0000FFFFFFFFFFFFFFFFFFFFFFFFFFFFFFFFA1
:105F1000FFFFFFFFFFFFFFFFFFFFFFFFFFFFFFFF91
:105F2000FFFFFFFFFFFFFFFFFFFFFFFFFFFFFFFF81
:105F3000FFFFFFFFFFFFFFFFFFFFFFFFFFFFFFFF71
:105F4000FFFFFFFFFFFFFFFFFFFFFFFFFFFFFFFF61
:105F5000FFFFFFFFFFFFFFFFFFFFFFFFFFFFFFFF51
:105F6000FFFFFFFFFFFFFFFFFFFFFFFFFFFFFFFF41
:105F7000FFFFFFFFFFFFFFFFFFFFFFFFFFFFFFFF31
:105F8000FFFFFFFFFFFFFFFFFFFFFFFFFFFFFFFF21
:105F9000FFFFFFFFFFFFFFFFFFFFFFFFFFFFFFFF11
:105FA000FFFFFFFFFFFFFFFFFFFFFFFFFFFFFFFF01
:105FB000FFFFFFFFFFFFFFFFFFFFFFFFFFFFFFFFF1
:105FC000FFFFFFFFFFFFFFFFFFFFFFFFFFFFFFFFE1
:105FD000FFFFFFFFFFFFFFFFFFFFFFFFFFFFFFFFD1
:105FE000FFFFFFFFFFFFFFFFFFFFFFFFFFFFFFFFC1
:105FF000FFFFFFFFFFFFFFFFFFFFFFFFFFFFFFFFB1
:10600000FFFFFFFFFFFFFFFFFFFFFFFFFFFFFFFFA0
:10601000FFFFFFFFFFFFFFFFFFFFFFFFFFFFFFFF90
:10602000FFFFFFFFFFFFFFFFFFFFFFFFFFFFFFFF80
:10603000FFFFFFFFFFFFFFFFFFFFFFFFFFFFFFFF70
:10604000FFFFFFFFFFFFFFFFFFFFFFFFFFFFFFFF60
:10605000FFFFFFFFFFFFFFFFFFFFFFFFFFFFFFFF50
:10606000FFFFFFFFFFFFFFFFFFFFFFFFFFFFFFFF40
:10607000FFFFFFFFFFFFFFFFFFFFFFFFFFFFFFFF30
:10608000FFFFFFFFFFFFFFFFFFFFFFFFFFFFFFFF20
:10609000FFFFFFFFFFFFFFFFFFFFFFFFFFFFFFFF10
:1060A000FFFFFFFFFFFFFFFFFFFFFFFFFFFFFFFF00
:1060B000FFFFFFFFFFFFFFFFFFFFFFFFFFFFFFFFF0
:1060C000FFFFFFFFFFFFFFFFFFFFFFFFFFFFFFFFE0
:1060D000FFFFFFFFFFFFFFFFFFFFFFFFFFFFFFFFD0
:1060E000FFFFFFFFFFFFFFFFFFFFFFFFFFFFFFFFC0
:1060F000FFFFFFFFFFFFFFFFFFFFFFFFFFFFFFFFB0
:10610000FFFFFFFFFFFFFFFFFFFFFFFFFFFFFFFF9F
:10611000FFFFFFFFFFFFFFFFFFFFFFFFFFFFFFFF8F
:10612000FFFFFFFFFFFFFFFFFFFFFFFFFFFFFFFF7F
:10613000FFFFFFFFFFFFFFFFFFFFFFFFFFFFFFFF6F
:10614000FFFFFFFFFFFFFFFFFFFFFFFFFFFFFFFF5F
:10615000FFFFFFFFFFFFFFFFFFFFFFFFFFFFFFFF4F
:10616000FFFFFFFFFFFFFFFFFFFFFFFFFFFFFFFF3F
:10617000FFFFFFFFFFFFFFFFFFFFFFFFFFFFFFFF2F
:10618000FFFFFFFFFFFFFFFFFFFFFFFFFFFFFFFF1F
:10619000FFFFFFFFFFFFFFFFFFFFFFFFFFFFFFFF0F
:1061A000FFFFFFFFFFFFFFFFFFFFFFFFFFFFFFFFFF
:1061B000FFFFFFFFFFFFFFFFFFFFFFFFFFFFFFFFEF
:1061C000FFFFFFFFFFFFFFFFFFFFFFFFFFFFFFFFDF
:1061D000FFFFFFFFFFFFFFFFFFFFFFFFFFFFFFFFCF
:1061E000FFFFFFFFFFFFFFFFFFFFFFFFFFFFFFFFBF
:1061F000FFFFFFFFFFFFFFFFFFFFFFFFFFFFFFFFAF
:10620000FFFFFFFFFFFFFFFFFFFFFFFFFFFFFFFF9E
:10621000FFFFFFFFFFFFFFFFFFFFFFFFFFFFFFFF8E
:10622000FFFFFFFFFFFFFFFFFFFFFFFFFFFFFFFF7E
:10623000FFFFFFFFFFFFFFFFFFFFFFFFFFFFFFFF6E
:10624000FFFFFFFFFFFFFFFFFFFFFFFFFFFFFFFF5E
:10625000FFFFFFFFFFFFFFFFFFFFFFFFFFFFFFFF4E
:10626000FFFFFFFFFFFFFFFFFFFFFFFFFFFFFFFF3E
:10627000FFFFFFFFFFFFFFFFFFFFFFFFFFFFFFFF2E
:10628000FFFFFFFFFFFFFFFFFFFFFFFFFFFFFFFF1E
:10629000FFFFFFFFFFFFFFFFFFFFFFFFFFFFFFFF0E
:1062A000FFFFFFFFFFFFFFFFFFFFFFFFFFFFFFFFFE
:1062B000FFFFFFFFFFFFFFFFFFFFFFFFFFFFFFFFEE
:1062C000FFFFFFFFFFFFFFFFFFFFFFFFFFFFFFFFDE
:1062D000FFFFFFFFFFFFFFFFFFFFFFFFFFFFFFFFCE
:1062E000FFFFFFFFFFFFFFFFFFFFFFFFFFFFFFFFBE
:1062F000FFFFFFFFFFFFFFFFFFFFFFFFFFFFFFFFAE
:10630000FFFFFFFFFFFFFFFFFFFFFFFFFFFFFFFF9D
:10631000FFFFFFFFFFFFFFFFFFFFFFFFFFFFFFFF8D
:10632000FFFFFFFFFFFFFFFFFFFFFFFFFFFFFFFF7D
:10633000FFFFFFFFFFFFFFFFFFFFFFFFFFFFFFFF6D
:10634000FFFFFFFFFFFFFFFFFFFFFFFFFFFFFFFF5D
:10635000FFFFFFFFFFFFFFFFFFFFFFFFFFFFFFFF4D
:10636000FFFFFFFFFFFFFFFFFFFFFFFFFFFFFFFF3D
:10637000FFFFFFFFFFFFFFFFFFFFFFFFFFFFFFFF2D
:10638000FFFFFFFFFFFFFFFFFFFFFFFFFFFFFFFF1D
:10639000FFFFFFFFFFFFFFFFFFFFFFFFFFFFFFFF0D
:1063A000FFFFFFFFFFFFFFFFFFFFFFFFFFFFFFFFFD
:1063B000FFFFFFFFFFFFFFFFFFFFFFFFFFFFFFFFED
:1063C000FFFFFFFFFFFFFFFFFFFFFFFFFFFFFFFFDD
:1063D000FFFFFFFFFFFFFFFFFFFFFFFFFFFFFFFFCD
:1063E000FFFFFFFFFFFFFFFFFFFFFFFFFFFFFFFFBD
:1063F000FFFFFFFFFFFFFFFFFFFFFFFFFFFFFFFFAD
:10640000FFFFFFFFFFFFFFFFFFFFFFFFFFFFFFFF9C
:10641000FFFFFFFFFFFFFFFFFFFFFFFFFFFFFFFF8C
:10642000FFFFFFFFFFFFFFFFFFFFFFFFFFFFFFFF7C
:10643000FFFFFFFFFFFFFFFFFFFFFFFFFFFFFFFF6C
:10644000FFFFFFFFFFFFFFFFFFFFFFFFFFFFFFFF5C
:10645000FFFFFFFFFFFFFFFFFFFFFFFFFFFFFFFF4C
:10646000FFFFFFFFFFFFFFFFFFFFFFFFFFFFFFFF3C
:10647000FFFFFFFFFFFFFFFFFFFFFFFFFFFFFFFF2C
:10648000FFFFFFFFFFFFFFFFFFFFFFFFFFFFFFFF1C
:10649000FFFFFFFFFFFFFFFFFFFFFFFFFFFFFFFF0C
:1064A000FFFFFFFFFFFFFFFFFFFFFFFFFFFFFFFFFC
:1064B000FFFFFFFFFFFFFFFFFFFFFFFFFFFFFFFFEC
:1064C000FFFFFFFFFFFFFFFFFFFFFFFFFFFFFFFFDC
:1064D000FFFFFFFFFFFFFFFFFFFFFFFFFFFFFFFFCC
:1064E000FFFFFFFFFFFFFFFFFFFFFFFFFFFFFFFFBC
:1064F000FFFFFFFFFFFFFFFFFFFFFFFFFFFFFFFFAC
:10650000FFFFFFFFFFFFFFFFFFFFFFFFFFFFFFFF9B
:10651000FFFFFFFFFFFFFFFFFFFFFFFFFFFFFFFF8B
:10652000FFFFFFFFFFFFFFFFFFFFFFFFFFFFFFFF7B
:10653000FFFFFFFFFFFFFFFFFFFFFFFFFFFFFFFF6B
:10654000FFFFFFFFFFFFFFFFFFFFFFFFFFFFFFFF5B
:10655000FFFFFFFFFFFFFFFFFFFFFFFFFFFFFFFF4B
:10656000FFFFFFFFFFFFFFFFFFFFFFFFFFFFFFFF3B
:10657000FFFFFFFFFFFFFFFFFFFFFFFFFFFFFFFF2B
:10658000FFFFFFFFFFFFFFFFFFFFFFFFFFFFFFFF1B
:10659000FFFFFFFFFFFFFFFFFFFFFFFFFFFFFFFF0B
:1065A000FFFFFFFFFFFFFFFFFFFFFFFFFFFFFFFFFB
:1065B000FFFFFFFFFFFFFFFFFFFFFFFFFFFFFFFFEB
:1065C000FFFFFFFFFFFFFFFFFFFFFFFFFFFFFFFFDB
:1065D000FFFFFFFFFFFFFFFFFFFFFFFFFFFFFFFFCB
:1065E000FFFFFFFFFFFFFFFFFFFFFFFFFFFFFFFFBB
:1065F000FFFFFFFFFFFFFFFFFFFFFFFFFFFFFFFFAB
:10660000FFFFFFFFFFFFFFFFFFFFFFFFFFFFFFFF9A
:10661000FFFFFFFFFFFFFFFFFFFFFFFFFFFFFFFF8A
:10662000FFFFFFFFFFFFFFFFFFFFFFFFFFFFFFFF7A
:10663000FFFFFFFFFFFFFFFFFFFFFFFFFFFFFFFF6A
:10664000FFFFFFFFFFFFFFFFFFFFFFFFFFFFFFFF5A
:10665000FFFFFFFFFFFFFFFFFFFFFFFFFFFFFFFF4A
:10666000FFFFFFFFFFFFFFFFFFFFFFFFFFFFFFFF3A
:10667000FFFFFFFFFFFFFFFFFFFFFFFFFFFFFFFF2A
:10668000FFFFFFFFFFFFFFFFFFFFFFFFFFFFFFFF1A
:10669000FFFFFFFFFFFFFFFFFFFFFFFFFFFFFFFF0A
:1066A000FFFFFFFFFFFFFFFFFFFFFFFFFFFFFFFFFA
:1066B000FFFFFFFFFFFFFFFFFFFFFFFFFFFFFFFFEA
:1066C000FFFFFFFFFFFFFFFFFFFFFFFFFFFFFFFFDA
:1066D000FFFFFFFFFFFFFFFFFFFFFFFFFFFFFFFFCA
:1066E000FFFFFFFFFFFFFFFFFFFFFFFFFFFFFFFFBA
:1066F000FFFFFFFFFFFFFFFFFFFFFFFFFFFFFFFFAA
:10670000FFFFFFFFFFFFFFFFFFFFFFFFFFFFFFFF99
:10671000FFFFFFFFFFFFFFFFFFFFFFFFFFFFFFFF89
:10672000FFFFFFFFFFFFFFFFFFFFFFFFFFFFFFFF79
:10673000FFFFFFFFFFFFFFFFFFFFFFFFFFFFFFFF69
:10674000FFFFFFFFFFFFFFFFFFFFFFFFFFFFFFFF59
:10675000FFFFFFFFFFFFFFFFFFFFFFFFFFFFFFFF49
:10676000FFFFFFFFFFFFFFFFFFFFFFFFFFFFFFFF39
:10677000FFFFFFFFFFFFFFFFFFFFFFFFFFFFFFFF29
:10678000FFFFFFFFFFFFFFFFFFFFFFFFFFFFFFFF19
:10679000FFFFFFFFFFFFFFFFFFFFFFFFFFFFFFFF09
:1067A000FFFFFFFFFFFFFFFFFFFFFFFFFFFFFFFFF9
:1067B000FFFFFFFFFFFFFFFFFFFFFFFFFFFFFFFFE9
:1067C000FFFFFFFFFFFFFFFFFFFFFFFFFFFFFFFFD9
:1067D000FFFFFFFFFFFFFFFFFFFFFFFFFFFFFFFFC9
:1067E000FFFFFFFFFFFFFFFFFFFFFFFFFFFFFFFFB9
:1067F000FFFFFFFFFFFFFFFFFFFFFFFFFFFFFFFFA9
:10680000FFFFFFFFFFFFFFFFFFFFFFFFFFFFFFFF98
:10681000FFFFFFFFFFFFFFFFFFFFFFFFFFFFFFFF88
:10682000FFFFFFFFFFFFFFFFFFFFFFFFFFFFFFFF78
:10683000FFFFFFFFFFFFFFFFFFFFFFFFFFFFFFFF68
:10684000FFFFFFFFFFFFFFFFFFFFFFFFFFFFFFFF58
:10685000FFFFFFFFFFFFFFFFFFFFFFFFFFFFFFFF48
:10686000FFFFFFFFFFFFFFFFFFFFFFFFFFFFFFFF38
:10687000FFFFFFFFFFFFFFFFFFFFFFFFFFFFFFFF28
:10688000FFFFFFFFFFFFFFFFFFFFFFFFFFFFFFFF18
:10689000FFFFFFFFFFFFFFFFFFFFFFFFFFFFFFFF08
:1068A000FFFFFFFFFFFFFFFFFFFFFFFFFFFFFFFFF8
:1068B000FFFFFFFFFFFFFFFFFFFFFFFFFFFFFFFFE8
:1068C000FFFFFFFFFFFFFFFFFFFFFFFFFFFFFFFFD8
:1068D000FFFFFFFFFFFFFFFFFFFFFFFFFFFFFFFFC8
:1068E000FFFFFFFFFFFFFFFFFFFFFFFFFFFFFFFFB8
:1068F000FFFFFFFFFFFFFFFFFFFFFFFFFFFFFFFFA8
:10690000FFFFFFFFFFFFFFFFFFFFFFFFFFFFFFFF97
:10691000FFFFFFFFFFFFFFFFFFFFFFFFFFFFFFFF87
:10692000FFFFFFFFFFFFFFFFFFFFFFFFFFFFFFFF77
:10693000FFFFFFFFFFFFFFFFFFFFFFFFFFFFFFFF67
:10694000FFFFFFFFFFFFFFFFFFFFFFFFFFFFFFFF57
:10695000FFFFFFFFFFFFFFFFFFFFFFFFFFFFFFFF47
:10696000FFFFFFFFFFFFFFFFFFFFFFFFFFFFFFFF37
:10697000FFFFFFFFFFFFFFFFFFFFFFFFFFFFFFFF27
:10698000FFFFFFFFFFFFFFFFFFFFFFFFFFFFFFFF17
:10699000FFFFFFFFFFFFFFFFFFFFFFFFFFFFFFFF07
:1069A000FFFFFFFFFFFFFFFFFFFFFFFFFFFFFFFFF7
:1069B000FFFFFFFFFFFFFFFFFFFFFFFFFFFFFFFFE7
:1069C000FFFFFFFFFFFFFFFFFFFFFFFFFFFFFFFFD7
:1069D000FFFFFFFFFFFFFFFFFFFFFFFFFFFFFFFFC7
:1069E000FFFFFFFFFFFFFFFFFFFFFFFFFFFFFFFFB7
:1069F000FFFFFFFFFFFFFFFFFFFFFFFFFFFFFFFFA7
:106A0000FFFFFFFFFFFFFFFFFFFFFFFFFFFFFFFF96
:106A1000FFFFFFFFFFFFFFFFFFFFFFFFFFFFFFFF86
:106A2000FFFFFFFFFFFFFFFFFFFFFFFFFFFFFFFF76
:106A3000FFFFFFFFFFFFFFFFFFFFFFFFFFFFFFFF66
:106A4000FFFFFFFFFFFFFFFFFFFFFFFFFFFFFFFF56
:106A5000FFFFFFFFFFFFFFFFFFFFFFFFFFFFFFFF46
:106A6000FFFFFFFFFFFFFFFFFFFFFFFFFFFFFFFF36
:106A7000FFFFFFFFFFFFFFFFFFFFFFFFFFFFFFFF26
:106A8000FFFFFFFFFFFFFFFFFFFFFFFFFFFFFFFF16
:106A9000FFFFFFFFFFFFFFFFFFFFFFFFFFFFFFFF06
:106AA000FFFFFFFFFFFFFFFFFFFFFFFFFFFFFFFFF6
:106AB000FFFFFFFFFFFFFFFFFFFFFFFFFFFFFFFFE6
:106AC000FFFFFFFFFFFFFFFFFFFFFFFFFFFFFFFFD6
:106AD000FFFFFFFFFFFFFFFFFFFFFFFFFFFFFFFFC6
:106AE000FFFFFFFFFFFFFFFFFFFFFFFFFFFFFFFFB6
:106AF000FFFFFFFFFFFFFFFFFFFFFFFFFFFFFFFFA6
:106B0000FFFFFFFFFFFFFFFFFFFFFFFFFFFFFFFF95
:106B1000FFFFFFFFFFFFFFFFFFFFFFFFFFFFFFFF85
:106B2000FFFFFFFFFFFFFFFFFFFFFFFFFFFFFFFF75
:106B3000FFFFFFFFFFFFFFFFFFFFFFFFFFFFFFFF65
:106B4000FFFFFFFFFFFFFFFFFFFFFFFFFFFFFFFF55
:106B5000FFFFFFFFFFFFFFFFFFFFFFFFFFFFFFFF45
:106B6000FFFFFFFFFFFFFFFFFFFFFFFFFFFFFFFF35
:106B7000FFFFFFFFFFFFFFFFFFFFFFFFFFFFFFFF25
:106B8000FFFFFFFFFFFFFFFFFFFFFFFFFFFFFFFF15
:106B9000FFFFFFFFFFFFFFFFFFFFFFFFFFFFFFFF05
:106BA000FFFFFFFFFFFFFFFFFFFFFFFFFFFFFFFFF5
:106BB000FFFFFFFFFFFFFFFFFFFFFFFFFFFFFFFFE5
:106BC000FFFFFFFFFFFFFFFFFFFFFFFFFFFFFFFFD5
:106BD000FFFFFFFFFFFFFFFFFFFFFFFFFFFFFFFFC5
:106BE000FFFFFFFFFFFFFFFFFFFFFFFFFFFFFFFFB5
:106BF000FFFFFFFFFFFFFFFFFFFFFFFFFFFFFFFFA5
:106C0000FFFFFFFFFFFFFFFFFFFFFFFFFFFFFFFF94
:106C1000FFFFFFFFFFFFFFFFFFFFFFFFFFFFFFFF84
:106C2000FFFFFFFFFFFFFFFFFFFFFFFFFFFFFFFF74
:106C3000FFFFFFFFFFFFFFFFFFFFFFFFFFFFFFFF64
:106C4000FFFFFFFFFFFFFFFFFFFFFFFFFFFFFFFF54
:106C5000FFFFFFFFFFFFFFFFFFFFFFFFFFFFFFFF44
:106C6000FFFFFFFFFFFFFFFFFFFFFFFFFFFFFFFF34
:106C7000FFFFFFFFFFFFFFFFFFFFFFFFFFFFFFFF24
:106C8000FFFFFFFFFFFFFFFFFFFFFFFFFFFFFFFF14
:106C9000FFFFFFFFFFFFFFFFFFFFFFFFFFFFFFFF04
:106CA000FFFFFFFFFFFFFFFFFFFFFFFFFFFFFFFFF4
:106CB000FFFFFFFFFFFFFFFFFFFFFFFFFFFFFFFFE4
:106CC000FFFFFFFFFFFFFFFFFFFFFFFFFFFFFFFFD4
:106CD000FFFFFFFFFFFFFFFFFFFFFFFFFFFFFFFFC4
:106CE000FFFFFFFFFFFFFFFFFFFFFFFFFFFFFFFFB4
:106CF000FFFFFFFFFFFFFFFFFFFFFFFFFFFFFFFFA4
:106D0000FFFFFFFFFFFFFFFFFFFFFFFFFFFFFFFF93
:106D1000FFFFFFFFFFFFFFFFFFFFFFFFFFFFFFFF83
:106D2000FFFFFFFFFFFFFFFFFFFFFFFFFFFFFFFF73
:106D3000FFFFFFFFFFFFFFFFFFFFFFFFFFFFFFFF63
:106D4000FFFFFFFFFFFFFFFFFFFFFFFFFFFFFFFF53
:106D5000FFFFFFFFFFFFFFFFFFFFFFFFFFFFFFFF43
:106D6000FFFFFFFFFFFFFFFFFFFFFFFFFFFFFFFF33
:106D7000FFFFFFFFFFFFFFFFFFFFFFFFFFFFFFFF23
:106D8000FFFFFFFFFFFFFFFFFFFFFFFFFFFFFFFF13
:106D9000FFFFFFFFFFFFFFFFFFFFFFFFFFFFFFFF03
:106DA000FFFFFFFFFFFFFFFFFFFFFFFFFFFFFFFFF3
:106DB000FFFFFFFFFFFFFFFFFFFFFFFFFFFFFFFFE3
:106DC000FFFFFFFFFFFFFFFFFFFFFFFFFFFFFFFFD3
:106DD000FFFFFFFFFFFFFFFFFFFFFFFFFFFFFFFFC3
:106DE000FFFFFFFFFFFFFFFFFFFFFFFFFFFFFFFFB3
:106DF000FFFFFFFFFFFFFFFFFFFFFFFFFFFFFFFFA3
:106E0000FFFFFFFFFFFFFFFFFFFFFFFFFFFFFFFF92
:106E1000FFFFFFFFFFFFFFFFFFFFFFFFFFFFFFFF82
:106E2000FFFFFFFFFFFFFFFFFFFFFFFFFFFFFFFF72
:106E3000FFFFFFFFFFFFFFFFFFFFFFFFFFFFFFFF62
:106E4000FFFFFFFFFFFFFFFFFFFFFFFFFFFFFFFF52
:106E5000FFFFFFFFFFFFFFFFFFFFFFFFFFFFFFFF42
:106E6000FFFFFFFFFFFFFFFFFFFFFFFFFFFFFFFF32
:106E7000FFFFFFFFFFFFFFFFFFFFFFFFFFFFFFFF22
:106E8000FFFFFFFFFFFFFFFFFFFFFFFFFFFFFFFF12
:106E9000FFFFFFFFFFFFFFFFFFFFFFFFFFFFFFFF02
:106EA000FFFFFFFFFFFFFFFFFFFFFFFFFFFFFFFFF2
:106EB000FFFFFFFFFFFFFFFFFFFFFFFFFFFFFFFFE2
:106EC000FFFFFFFFFFFFFFFFFFFFFFFFFFFFFFFFD2
:106ED000FFFFFFFFFFFFFFFFFFFFFFFFFFFFFFFFC2
:106EE000FFFFFFFFFFFFFFFFFFFFFFFFFFFFFFFFB2
:106EF000FFFFFFFFFFFFFFFFFFFFFFFFFFFFFFFFA2
:106F0000FFFFFFFFFFFFFFFFFFFFFFFFFFFFFFFF91
:106F1000FFFFFFFFFFFFFFFFFFFFFFFFFFFFFFFF81
:106F2000FFFFFFFFFFFFFFFFFFFFFFFFFFFFFFFF71
:106F3000FFFFFFFFFFFFFFFFFFFFFFFFFFFFFFFF61
:106F4000FFFFFFFFFFFFFFFFFFFFFFFFFFFFFFFF51
:106F5000FFFFFFFFFFFFFFFFFFFFFFFFFFFFFFFF41
:106F6000FFFFFFFFFFFFFFFFFFFFFFFFFFFFFFFF31
:106F7000FFFFFFFFFFFFFFFFFFFFFFFFFFFFFFFF21
:106F8000FFFFFFFFFFFFFFFFFFFFFFFFFFFFFFFF11
:106F9000FFFFFFFFFFFFFFFFFFFFFFFFFFFFFFFF01
:106FA000FFFFFFFFFFFFFFFFFFFFFFFFFFFFFFFFF1
:106FB000FFFFFFFF5832323830330000005F435389
:106FC0004F5F5F0000005F4E4F4E5F4E4F4E5F00C1
:106FD0000000000000000000240100002401000067
:106FE000980001000200091F0200091F5AA5840031
:106FF000020008000202000C050600003CFAF79FA0
:10700000FC20EA6C2E47D8372E37D8368420959945
:1070100080A1D40E844097D0E2E3E80638700911CD
:107020008C418827D5F98CA197688806D5F3EB5158
:107030003CF7F286401094368A2F50F0804F5CF770
:10704000809F8400E809EA61EA6958010004EADBEC
:10705000EAE58401FCA0FCA0FC608160840481213D
:1070600080C281833C73ED9A3CA3ED99EA345A08BF
:10707000010784048420DD448404EAD2840AEA34CB
:107080005A08010B8404EAD28420840ADD44FA05FC
:107090008420DD44D505FA05EA345A0001F55AC8C2
:1070A00002044800008E5A6801612E07E5665A0006
:1070B000011CC005E6044EF20086D542840A3C134A
:1070C000ED953E67E5673CBBF2B23C9BF2B1EA3C12
:1070D000FA053C13ED96EA3C84048420DD44840ADE
:1070E0008026DD44D5263C27F2B23C17F2B1407130
:1070F0002C013C9BF2AF84044090A401EB3E842021
:107100003CBBF2B042948003DD44FFFC400500111B
:107110004274A473FE04E007E80E840A8026DD446E
:107120003C03F2B03C0BF2B23C03F2AF3C0BF2B1C9
:107130008402D547FA058026DD448403D5423C27E6
:10714000F2B240012C013C27F2B1EA564011240171
:10715000EA7596BBFE0442008473FE94E040E83278
:1071600084033E07E567D52CCE2B2E07E5665A082B
:10717000020E84043C13ED93EA3C840A8026DD442D
:1071800084048421DD448401D50B5A08010C840455
:10719000EA345A08011884048026DD448404EAD2C3
:1071A000D5125A080309FA058026DD448404EAD280
:1071B00084C1D5095A0804073E67E566D5048404EE
:1071C000EAD284C02E07E5665A08040A8420DD440A
:1071D000840A8420DD44FA058420DD448006FCE036
:1071E000FC4184E08120500F8007107F800749FF19
:1071F000154080C03E07E5683C17F2853C07F281E8
:10720000002F8007806649FFFF292E17E568C00719
:107210003E17E55D107480008401FCC12E07E55D1A
:10722000C109C80B840B3C13ED94EA3C840B842108
:10723000D503C003840BDD44840BEA345A080108EB
:1072400049FFFEE0C802CE0349FF15702E07E5682E
:107250003E07E55D8400FCC1FC004402390884203F
:1072600044200086DD42FC80FC00440238B88420C3
:107270004420003CDD42440216E08420AC4244201D
:1072800004B0B4008420DD42FC8022F10000E00F55
:10729000E804AC10AC60DD9E22218000E040E803F1
:1072A000AC18AC68DD9EFC2180E03C03F28A80C112
:1072B0005CF0012CE8048C013C0BF28A3C33F28A2E
:1072C0003C2DF944945A9E0C9850ADC8AD895A385B
:1072D000010F3C7803743C7803753C6803763C6886
:1072E00003773C7803843C680385D5403CF4037401
:1072F000E0EFE8063C7803743C680378D5093C1459
:107300000375E027E8053C7803753C6803793CF495
:107310000376E0CFE8063C6803763C78037AD5092B
:107320003C140377E026E8053C6803773C78037B50
:107330008E048802221000003C2C01C09A792200A1
:107340000001B63FEA7588229A303C1E01C03C1C01
:1073500001C1F081EA5688013C0E01C1801FEA2577
:107360003C1C01BE88013C0E01BE3C1003743C0075
:1073700003753C7803868A013C08037E3C10037643
:107380003C0003773C6803878A013C08037FFCA12B
:10739000FC20FA054422397E3C0803DD440238D83B
:1073A0009C429CD2EAA2440238DC442239829C42AC
:1073B0009CD2EAA2440238CC442239869C429CD218
:1073C000EAA284C0447239083C0DF94450230010ED
:1073D0008806503300129C42884788678CC4EAA212
:1073E0005A6854F4440238B84422396E9C449CD400
:1073F000EAA2440238BA442239709C449CD4EAA2DE
:10740000FCA0FC2080C180E0EA25E0C0E905840002
:10741000B607A839FCA0B4474211182440108036A2
:107420008A41B647A0B9FF94406300D69B96A9B99C
:10743000FCA0FC6280C03C03EC18A5D181C19BC7B5
:10744000A459EB9522D180008A01974322C1000004
:1074500097FB85002E37D84C449000FC878AE303C5
:10746000E848816642B42473EA4CC03E0215806746
:10747000E622E93A5A08030500270013D50300273E
:10748000001250A5801422450007220580054221E4
:1074900070248A04F0822245000822058006965155
:1074A0008A04F083B002F381B6BF49FFFFAC221516
:1074B0000007F002B4BF8801E00CF301E9054203C4
:1074C00080019603D502800C12058007F203220585
:1074D00000088840E04DE905422288019693D502D4
:1074E000804D1225800850040001548000FFD5B85B
:1074F000FCE2FC01FA09100F8007500F800749FFDA
:10750000FE7180C05A08010BEBBD49FF7E5E5A0038
:10751000FF063E07E5388006EAEAFC81FC0084208D
:10752000EAF13C23F2AA2E07E79F9694C202C00C10
:1075300084203E17E79EC0048E013E07E79F84002B
:107540008421EB9EFC802E07E568C0043E17E79E71
:10755000FC802E07E79E8C0196005CF00065E80435
:107560003E07E79EFC8084053E17E79E3E07E79FA7
:10757000FC80FC7C8420442000DC8120B001DD48BC
:107580003D23EC233C0403D7442007FF420048245A
:107590003C7403D941000A163D13EC243C6403DA21
:1075A0003C0403D84273C824420044244263442468
:1075B000EAE4407388F6406308D64412390841680B
:1075C0000011415000114143801140F300113D680A
:1075D00003D73D5803D83D4803D93CF803DA80610E
:1075E00084808261225180008C814252C82497207D
:1075F000405288B6AD582251800144D007FF425214
:10760000C4248C64405288B61251FFFF5A4804ECDF
:107610003C5403CF3C4403D13C3403D03C2403D23C
:107620004231C824422144244252C82442424424C4
:1076300040A135564052B4B64042349640B1B5767A
:107640004172801140E200114035801140850011E7
:107650003D7803CF3CE803D13C3803D03C8803D2CB
:107660008580804D22D0800850C6000142D6C824B3
:1076700054C600FF40D689B612D0800822D08009B7
:107680008C2442D6C42440D689B612D080075AC86A
:1076900015EB441FFFAA101F8004441FFFDD101FBD
:1076A0008007100F800B401B200A400A200A101F81
:1076B0008008100F800C401AA00A4007A00A101F73
:1076C000800A100F800E109F8005110F8009107F17
:1076D000800D106F800FB041840038298011102078
:1076E00080154061200A402980002221000110609D
:1076F00080148C044061200A1060801610208017CE
:107700008C245A0810EC400BA00A100F8028400768
:10771000200A4011A00A100F802A104F802B40042D
:10772000200A2E40079C9648543580FF9600542529
:1077300000FF105F8029104F80302E5007BC3C4066
:1077400003DD101F802C101F8033103F802D100F81
:10775000802E102F802F104F8031105F8032103F0D
:107760008034100F8035102F80368420E224E81BEF
:107770009C8C38398A11940A40298840B1412221D1
:10778000000196008805103000344051A00A8C2179
:107790004031200A105000331030003510200036E0
:1077A0009648D5E5B001441000DC49FF7530FCFC7B
:1077B000FFFFFFFFFFFFFFFFFFFFFFFFFFFFFFFFD9
:1077C000FFFFFFFFFFFFFFFFFFFFFFFFFFFFFFFFC9
:1077D000FFFFFFFFFFFFFFFFFFFFFFFFFFFFFFFFB9
:1077E000FFFFFFFFFFFFFFFFFFFFFFFFFFFFFFFFA9
:1077F000FFFFFFFFFFFFFFFFFFFFFFFFFFFFFFFF99
:10780000FFFFFFFFFFFFFFFFFFFFFFFFFFFFFFFF88
:10781000FFFFFFFFFFFFFFFFFFFFFFFFFFFFFFFF78
:10782000FFFFFFFFFFFFFFFFFFFFFFFFFFFFFFFF68
:10783000FFFFFFFFFFFFFFFFFFFFFFFFFFFFFFFF58
:10784000FFFFFFFFFFFFFFFFFFFFFFFFFFFFFFFF48
:10785000FFFFFFFFFFFFFFFFFFFFFFFFFFFFFFFF38
:10786000FFFFFFFFFFFFFFFFFFFFFFFFFFFFFFFF28
:10787000FFFFFFFFFFFFFFFFFFFFFFFFFFFFFFFF18
:10788000FFFFFFFFFFFFFFFFFFFFFFFFFFFFFFFF08
:10789000FFFFFFFFFFFFFFFFFFFFFFFFFFFFFFFFF8
:1078A000FFFFFFFFFFFFFFFFFFFFFFFFFFFFFFFFE8
:1078B000FFFFFFFFFFFFFFFFFFFFFFFFFFFFFFFFD8
:1078C000FFFFFFFFFFFFFFFFFFFFFFFFFFFFFFFFC8
:1078D000FFFFFFFFFFFFFFFFFFFFFFFFFFFFFFFFB8
:1078E000FFFFFFFFFFFFFFFFFFFFFFFFFFFFFFFFA8
:1078F000FFFFFFFFFFFFFFFFFFFFFFFFFFFFFFFF98
:10790000FFFFFFFFFFFFFFFFFFFFFFFFFFFFFFFF87
:10791000FFFFFFFFFFFFFFFFFFFFFFFFFFFFFFFF77
:10792000FFFFFFFFFFFFFFFFFFFFFFFFFFFFFFFF67
:10793000FFFFFFFFFFFFFFFFFFFFFFFFFFFFFFFF57
:10794000FFFFFFFFFFFFFFFFFFFFFFFFFFFFFFFF47
:10795000FFFFFFFFFFFFFFFFFFFFFFFFFFFFFFFF37
:10796000FFFFFFFFFFFFFFFFFFFFFFFFFFFFFFFF27
:10797000FFFFFFFFFFFFFFFFFFFFFFFFFFFFFFFF17
:10798000FFFFFFFFFFFFFFFFFFFFFFFFFFFFFFFF07
:10799000FFFFFFFFFFFFFFFFFFFFFFFFFFFFFFFFF7
:1079A000FFFFFFFFFFFFFFFFFFFFFFFFFFFFFFFFE7
:1079B000FFFFFFFFFFFFFFFFFFFFFFFFFFFFFFFFD7
:1079C000FFFFFFFFFFFFFFFFFFFFFFFFFFFFFFFFC7
:1079D000FFFFFFFFFFFFFFFFFFFFFFFFFFFFFFFFB7
:1079E000FFFFFFFFFFFFFFFFFFFFFFFFFFFFFFFFA7
:1079F000FFFFFFFFFFFFFFFFFFFFFFFFFFFFFFFF97
:107A0000FFFFFFFFFFFFFFFFFFFFFFFFFFFFFFFF86
:107A1000FFFFFFFFFFFFFFFFFFFFFFFFFFFFFFFF76
:107A2000FFFFFFFFFFFFFFFFFFFFFFFFFFFFFFFF66
:107A3000FFFFFFFFFFFFFFFFFFFFFFFFFFFFFFFF56
:107A4000FFFFFFFFFFFFFFFFFFFFFFFFFFFFFFFF46
:107A5000FFFFFFFFFFFFFFFFFFFFFFFFFFFFFFFF36
:107A6000FFFFFFFFFFFFFFFFFFFFFFFFFFFFFFFF26
:107A7000FFFFFFFFFFFFFFFFFFFFFFFFFFFFFFFF16
:107A8000FFFFFFFFFFFFFFFFFFFFFFFFFFFFFFFF06
:107A9000FFFFFFFFFFFFFFFFFFFFFFFFFFFFFFFFF6
:107AA000FFFFFFFFFFFFFFFFFFFFFFFFFFFFFFFFE6
:107AB000FFFFFFFFFFFFFFFFFFFFFFFFFFFFFFFFD6
:107AC000FFFFFFFFFFFFFFFFFFFFFFFFFFFFFFFFC6
:107AD000FFFFFFFFFFFFFFFFFFFFFFFFFFFFFFFFB6
:107AE000FFFFFFFFFFFFFFFFFFFFFFFFFFFFFFFFA6
:107AF000FFFFFFFFFFFFFFFFFFFFFFFFFFFFFFFF96
:107B0000FFFFFFFFFFFFFFFFFFFFFFFFFFFFFFFF85
:107B1000FFFFFFFFFFFFFFFFFFFFFFFFFFFFFFFF75
:107B2000FFFFFFFFFFFFFFFFFFFFFFFFFFFFFFFF65
:107B3000FFFFFFFFFFFFFFFFFFFFFFFFFFFFFFFF55
:107B4000FFFFFFFFFFFFFFFFFFFFFFFFFFFFFFFF45
:107B5000FFFFFFFFFFFFFFFFFFFFFFFFFFFFFFFF35
:107B6000FFFFFFFFFFFFFFFFFFFFFFFFFFFFFFFF25
:107B7000FFFFFFFFFFFFFFFFFFFFFFFFFFFFFFFF15
:107B8000FFFFFFFFFFFFFFFFFFFFFFFFFFFFFFFF05
:107B9000FFFFFFFFFFFFFFFFFFFFFFFFFFFFFFFFF5
:107BA000FFFFFFFFFFFFFFFFFFFFFFFFFFFFFFFFE5
:107BB000FFFFFFFFFFFFFFFFFFFFFFFFFFFFFFFFD5
:107BC000FFFFFFFFFFFFFFFFFFFFFFFFFFFFFFFFC5
:107BD000FFFFFFFFFFFFFFFFFFFFFFFFFFFFFFFFB5
:107BE000FFFFFFFFFFFFFFFFFFFFFFFFFFFFFFFFA5
:107BF000FFFFFFFFFFFFFFFFFFFFFFFFFFFFFFFF95
:107C0000FFFFFFFFFFFFFFFFFFFFFFFFFFFFFFFF84
:107C1000FFFFFFFFFFFFFFFFFFFFFFFFFFFFFFFF74
:107C2000FFFFFFFFFFFFFFFFFFFFFFFFFFFFFFFF64
:107C3000FFFFFFFFFFFFFFFFFFFFFFFFFFFFFFFF54
:107C4000FFFFFFFFFFFFFFFFFFFFFFFFFFFFFFFF44
:107C5000FFFFFFFFFFFFFFFFFFFFFFFFFFFFFFFF34
:107C6000FFFFFFFFFFFFFFFFFFFFFFFFFFFFFFFF24
:107C7000FFFFFFFFFFFFFFFFFFFFFFFFFFFFFFFF14
:107C8000FFFFFFFFFFFFFFFFFFFFFFFFFFFFFFFF04
:107C9000FFFFFFFFFFFFFFFFFFFFFFFFFFFFFFFFF4
:107CA000FFFFFFFFFFFFFFFFFFFFFFFFFFFFFFFFE4
:107CB000FFFFFFFFFFFFFFFFFFFFFFFFFFFFFFFFD4
:107CC000FFFFFFFFFFFFFFFFFFFFFFFFFFFFFFFFC4
:107CD000FFFFFFFFFFFFFFFFFFFFFFFFFFFFFFFFB4
:107CE000FFFFFFFFFFFFFFFFFFFFFFFFFFFFFFFFA4
:107CF000FFFFFFFFFFFFFFFFFFFFFFFFFFFFFFFF94
:107D0000FFFFFFFFFFFFFFFFFFFFFFFFFFFFFFFF83
:107D1000FFFFFFFFFFFFFFFFFFFFFFFFFFFFFFFF73
:107D2000FFFFFFFFFFFFFFFFFFFFFFFFFFFFFFFF63
:107D3000FFFFFFFFFFFFFFFFFFFFFFFFFFFFFFFF53
:107D4000FFFFFFFFFFFFFFFFFFFFFFFFFFFFFFFF43
:107D5000FFFFFFFFFFFFFFFFFFFFFFFFFFFFFFFF33
:107D6000FFFFFFFFFFFFFFFFFFFFFFFFFFFFFFFF23
:107D7000FFFFFFFFFFFFFFFFFFFFFFFFFFFFFFFF13
:107D8000FFFFFFFFFFFFFFFFFFFFFFFFFFFFFFFF03
:107D9000FFFFFFFFFFFFFFFFFFFFFFFFFFFFFFFFF3
:107DA000FFFFFFFFFFFFFFFFFFFFFFFFFFFFFFFFE3
:107DB000FFFFFFFFFFFFFFFFFFFFFFFFFFFFFFFFD3
:107DC000FFFFFFFFFFFFFFFFFFFFFFFFFFFFFFFFC3
:107DD000FFFFFFFFFFFFFFFFFFFFFFFFFFFFFFFFB3
:107DE000FFFFFFFFFFFFFFFFFFFFFFFFFFFFFFFFA3
:107DF000FFFFFFFFFFFFFFFFFFFFFFFFFFFFFFFF93
:107E0000FFFFFFFFFFFFFFFFFFFFFFFFFFFFFFFF82
:107E1000FFFFFFFFFFFFFFFFFFFFFFFFFFFFFFFF72
:107E2000FFFFFFFFFFFFFFFFFFFFFFFFFFFFFFFF62
:107E3000FFFFFFFFFFFFFFFFFFFFFFFFFFFFFFFF52
:107E4000FFFFFFFFFFFFFFFFFFFFFFFFFFFFFFFF42
:107E5000FFFFFFFFFFFFFFFFFFFFFFFFFFFFFFFF32
:107E6000FFFFFFFFFFFFFFFFFFFFFFFFFFFFFFFF22
:107E7000FFFFFFFFFFFFFFFFFFFFFFFFFFFFFFFF12
:107E8000FFFFFFFFFFFFFFFFFFFFFFFFFFFFFFFF02
:107E9000FFFFFFFFFFFFFFFFFFFFFFFFFFFFFFFFF2
:107EA000FFFFFFFFFFFFFFFFFFFFFFFFFFFFFFFFE2
:107EB000FFFFFFFFFFFFFFFFFFFFFFFFFFFFFFFFD2
:107EC000FFFFFFFFFFFFFFFFFFFFFFFFFFFFFFFFC2
:107ED000FFFFFFFFFFFFFFFFFFFFFFFFFFFFFFFFB2
:107EE000FFFFFFFFFFFFFFFFFFFFFFFFFFFFFFFFA2
:107EF000FFFFFFFFFFFFFFFFFFFFFFFFFFFFFFFF92
:107F0000FFFFFFFFFFFFFFFFFFFFFFFFFFFFFFFF81
:107F1000FFFFFFFFFFFFFFFFFFFFFFFFFFFFFFFF71
:107F2000FFFFFFFFFFFFFFFFFFFFFFFFFFFFFFFF61
:107F3000FFFFFFFFFFFFFFFFFFFFFFFFFFFFFFFF51
:107F4000FFFFFFFFFFFFFFFFFFFFFFFFFFFFFFFF41
:107F5000FFFFFFFFFFFFFFFFFFFFFFFFFFFFFFFF31
:107F6000FFFFFFFFFFFFFFFFFFFFFFFFFFFFFFFF21
:107F7000FFFFFFFFFFFFFFFFFFFFFFFFFFFFFFFF11
:107F8000FFFFFFFFFFFFFFFFFFFFFFFFFFFFFFFF01
:107F9000FFFFFFFFFFFFFFFFFFFFFFFFFFFFFFFFF1
:107FA000FFFFFFFFFFFFFFFFFFFFFFFFFFFFFFFFE1
:107FB000FFFFFFFFFFFFFFFFFFFFFFFFFFFFFFFFD1
:107FC000FFFFFFFFFFFFFFFFFFFFFFFFFFFFFFFFC1
:107FD000FFFFFFFFFFFFFFFFFFFFFFFFFFFFFFFFB1
:107FE000FFFFFFFFFFFFFFFFFFFFFFFFFFFFFFFFA1
:107FF000FFFFFFFFFFFFFFFFFFFFFFFFFFFFFFFF91
:10800000FFFFFFFFFFFFFFFFFFFFFFFFFFFFFFFF80
:10801000FFFFFFFFFFFFFFFFFFFFFFFFFFFFFFFF70
:10802000FFFFFFFFFFFFFFFFFFFFFFFFFFFFFFFF60
:10803000FFFFFFFFFFFFFFFFFFFFFFFFFFFFFFFF50
:10804000FFFFFFFFFFFFFFFFFFFFFFFFFFFFFFFF40
:10805000FFFFFFFFFFFFFFFFFFFFFFFFFFFFFFFF30
:10806000FFFFFFFFFFFFFFFFFFFFFFFFFFFFFFFF20
:10807000FFFFFFFFFFFFFFFFFFFFFFFFFFFFFFFF10
:10808000FFFFFFFFFFFFFFFFFFFFFFFFFFFFFFFF00
:10809000FFFFFFFFFFFFFFFFFFFFFFFFFFFFFFFFF0
:1080A000FFFFFFFFFFFFFFFFFFFFFFFFFFFFFFFFE0
:1080B000FFFFFFFFFFFFFFFFFFFFFFFFFFFFFFFFD0
:1080C000FFFFFFFFFFFFFFFFFFFFFFFFFFFFFFFFC0
:1080D000FFFFFFFFFFFFFFFFFFFFFFFFFFFFFFFFB0
:1080E000FFFFFFFFFFFFFFFFFFFFFFFFFFFFFFFFA0
:1080F000FFFFFFFFFFFFFFFFFFFFFFFFFFFFFFFF90
:10810000FFFFFFFFFFFFFFFFFFFFFFFFFFFFFFFF7F
:10811000FFFFFFFFFFFFFFFFFFFFFFFFFFFFFFFF6F
:10812000FFFFFFFFFFFFFFFFFFFFFFFFFFFFFFFF5F
:10813000FFFFFFFFFFFFFFFFFFFFFFFFFFFFFFFF4F
:10814000FFFFFFFFFFFFFFFFFFFFFFFFFFFFFFFF3F
:10815000FFFFFFFFFFFFFFFFFFFFFFFFFFFFFFFF2F
:10816000FFFFFFFFFFFFFFFFFFFFFFFFFFFFFFFF1F
:10817000FFFFFFFFFFFFFFFFFFFFFFFFFFFFFFFF0F
:10818000FFFFFFFFFFFFFFFFFFFFFFFFFFFFFFFFFF
:10819000FFFFFFFFFFFFFFFFFFFFFFFFFFFFFFFFEF
:1081A000FFFFFFFFFFFFFFFFFFFFFFFFFFFFFFFFDF
:1081B000FFFFFFFFFFFFFFFFFFFFFFFFFFFFFFFFCF
:1081C000FFFFFFFFFFFFFFFFFFFFFFFFFFFFFFFFBF
:1081D000FFFFFFFFFFFFFFFFFFFFFFFFFFFFFFFFAF
:1081E000FFFFFFFFFFFFFFFFFFFFFFFFFFFFFFFF9F
:1081F000FFFFFFFFFFFFFFFFFFFFFFFFFFFFFFFF8F
:10820000FFFFFFFFFFFFFFFFFFFFFFFFFFFFFFFF7E
:10821000FFFFFFFFFFFFFFFFFFFFFFFFFFFFFFFF6E
:10822000FFFFFFFFFFFFFFFFFFFFFFFFFFFFFFFF5E
:10823000FFFFFFFFFFFFFFFFFFFFFFFFFFFFFFFF4E
:10824000FFFFFFFFFFFFFFFFFFFFFFFFFFFFFFFF3E
:10825000FFFFFFFFFFFFFFFFFFFFFFFFFFFFFFFF2E
:10826000FFFFFFFFFFFFFFFFFFFFFFFFFFFFFFFF1E
:10827000FFFFFFFFFFFFFFFFFFFFFFFFFFFFFFFF0E
:10828000FFFFFFFFFFFFFFFFFFFFFFFFFFFFFFFFFE
:10829000FFFFFFFFFFFFFFFFFFFFFFFFFFFFFFFFEE
:1082A000FFFFFFFFFFFFFFFFFFFFFFFFFFFFFFFFDE
:1082B000FFFFFFFFFFFFFFFFFFFFFFFFFFFFFFFFCE
:1082C000FFFFFFFFFFFFFFFFFFFFFFFFFFFFFFFFBE
:1082D000FFFFFFFFFFFFFFFFFFFFFFFFFFFFFFFFAE
:1082E000FFFFFFFFFFFFFFFFFFFFFFFFFFFFFFFF9E
:1082F000FFFFFFFFFFFFFFFFFFFFFFFFFFFFFFFF8E
:10830000FFFFFFFFFFFFFFFFFFFFFFFFFFFFFFFF7D
:10831000FFFFFFFFFFFFFFFFFFFFFFFFFFFFFFFF6D
:10832000FFFFFFFFFFFFFFFFFFFFFFFFFFFFFFFF5D
:10833000FFFFFFFFFFFFFFFFFFFFFFFFFFFFFFFF4D
:10834000FFFFFFFFFFFFFFFFFFFFFFFFFFFFFFFF3D
:10835000FFFFFFFFFFFFFFFFFFFFFFFFFFFFFFFF2D
:10836000FFFFFFFFFFFFFFFFFFFFFFFFFFFFFFFF1D
:10837000FFFFFFFFFFFFFFFFFFFFFFFFFFFFFFFF0D
:10838000FFFFFFFFFFFFFFFFFFFFFFFFFFFFFFFFFD
:10839000FFFFFFFFFFFFFFFFFFFFFFFFFFFFFFFFED
:1083A000FFFFFFFFFFFFFFFFFFFFFFFFFFFFFFFFDD
:1083B000FFFFFFFFFFFFFFFFFFFFFFFFFFFFFFFFCD
:1083C000FFFFFFFFFFFFFFFFFFFFFFFFFFFFFFFFBD
:1083D000FFFFFFFFFFFFFFFFFFFFFFFFFFFFFFFFAD
:1083E000FFFFFFFFFFFFFFFFFFFFFFFFFFFFFFFF9D
:1083F000FFFFFFFFFFFFFFFFFFFFFFFFFFFFFFFF8D
:10840000FFFFFFFFFFFFFFFFFFFFFFFFFFFFFFFF7C
:10841000FFFFFFFFFFFFFFFFFFFFFFFFFFFFFFFF6C
:10842000FFFFFFFFFFFFFFFFFFFFFFFFFFFFFFFF5C
:10843000FFFFFFFFFFFFFFFFFFFFFFFFFFFFFFFF4C
:10844000FFFFFFFFFFFFFFFFFFFFFFFFFFFFFFFF3C
:10845000FFFFFFFFFFFFFFFFFFFFFFFFFFFFFFFF2C
:10846000FFFFFFFFFFFFFFFFFFFFFFFFFFFFFFFF1C
:10847000FFFFFFFFFFFFFFFFFFFFFFFFFFFFFFFF0C
:10848000FFFFFFFFFFFFFFFFFFFFFFFFFFFFFFFFFC
:10849000FFFFFFFFFFFFFFFFFFFFFFFFFFFFFFFFEC
:1084A000FFFFFFFFFFFFFFFFFFFFFFFFFFFFFFFFDC
:1084B000FFFFFFFFFFFFFFFFFFFFFFFFFFFFFFFFCC
:1084C000FFFFFFFFFFFFFFFFFFFFFFFFFFFFFFFFBC
:1084D000FFFFFFFFFFFFFFFFFFFFFFFFFFFFFFFFAC
:1084E000FFFFFFFFFFFFFFFFFFFFFFFFFFFFFFFF9C
:1084F000FFFFFFFFFFFFFFFFFFFFFFFFFFFFFFFF8C
:10850000FFFFFFFFFFFFFFFFFFFFFFFFFFFFFFFF7B
:10851000FFFFFFFFFFFFFFFFFFFFFFFFFFFFFFFF6B
:10852000FFFFFFFFFFFFFFFFFFFFFFFFFFFFFFFF5B
:10853000FFFFFFFFFFFFFFFFFFFFFFFFFFFFFFFF4B
:10854000FFFFFFFFFFFFFFFFFFFFFFFFFFFFFFFF3B
:10855000FFFFFFFFFFFFFFFFFFFFFFFFFFFFFFFF2B
:10856000FFFFFFFFFFFFFFFFFFFFFFFFFFFFFFFF1B
:10857000FFFFFFFFFFFFFFFFFFFFFFFFFFFFFFFF0B
:10858000FFFFFFFFFFFFFFFFFFFFFFFFFFFFFFFFFB
:10859000FFFFFFFFFFFFFFFFFFFFFFFFFFFFFFFFEB
:1085A000FFFFFFFFFFFFFFFFFFFFFFFFFFFFFFFFDB
:1085B000FFFFFFFFFFFFFFFFFFFFFFFFFFFFFFFFCB
:1085C000FFFFFFFFFFFFFFFFFFFFFFFFFFFFFFFFBB
:1085D000FFFFFFFFFFFFFFFFFFFFFFFFFFFFFFFFAB
:1085E000FFFFFFFFFFFFFFFFFFFFFFFFFFFFFFFF9B
:1085F000FFFFFFFFFFFFFFFFFFFFFFFFFFFFFFFF8B
:10860000FFFFFFFFFFFFFFFFFFFFFFFFFFFFFFFF7A
:10861000FFFFFFFFFFFFFFFFFFFFFFFFFFFFFFFF6A
:10862000FFFFFFFFFFFFFFFFFFFFFFFFFFFFFFFF5A
:10863000FFFFFFFFFFFFFFFFFFFFFFFFFFFFFFFF4A
:10864000FFFFFFFFFFFFFFFFFFFFFFFFFFFFFFFF3A
:10865000FFFFFFFFFFFFFFFFFFFFFFFFFFFFFFFF2A
:10866000FFFFFFFFFFFFFFFFFFFFFFFFFFFFFFFF1A
:10867000FFFFFFFFFFFFFFFFFFFFFFFFFFFFFFFF0A
:10868000FFFFFFFFFFFFFFFFFFFFFFFFFFFFFFFFFA
:10869000FFFFFFFFFFFFFFFFFFFFFFFFFFFFFFFFEA
:1086A000FFFFFFFFFFFFFFFFFFFFFFFFFFFFFFFFDA
:1086B000FFFFFFFFFFFFFFFFFFFFFFFFFFFFFFFFCA
:1086C000FFFFFFFFFFFFFFFFFFFFFFFFFFFFFFFFBA
:1086D000FFFFFFFFFFFFFFFFFFFFFFFFFFFFFFFFAA
:1086E000FFFFFFFFFFFFFFFFFFFFFFFFFFFFFFFF9A
:1086F000FFFFFFFFFFFFFFFFFFFFFFFFFFFFFFFF8A
:10870000FFFFFFFFFFFFFFFFFFFFFFFFFFFFFFFF79
:10871000FFFFFFFFFFFFFFFFFFFFFFFFFFFFFFFF69
:10872000FFFFFFFFFFFFFFFFFFFFFFFFFFFFFFFF59
:10873000FFFFFFFFFFFFFFFFFFFFFFFFFFFFFFFF49
:10874000FFFFFFFFFFFFFFFFFFFFFFFFFFFFFFFF39
:10875000FFFFFFFFFFFFFFFFFFFFFFFFFFFFFFFF29
:10876000FFFFFFFFFFFFFFFFFFFFFFFFFFFFFFFF19
:10877000FFFFFFFFFFFFFFFFFFFFFFFFFFFFFFFF09
:10878000FFFFFFFFFFFFFFFFFFFFFFFFFFFFFFFFF9
:10879000FFFFFFFFFFFFFFFFFFFFFFFFFFFFFFFFE9
:1087A000FFFFFFFFFFFFFFFFFFFFFFFFFFFFFFFFD9
:1087B000FFFFFFFFFFFFFFFFFFFFFFFFFFFFFFFFC9
:1087C000FFFFFFFFFFFFFFFFFFFFFFFFFFFFFFFFB9
:1087D000FFFFFFFFFFFFFFFFFFFFFFFFFFFFFFFFA9
:1087E000FFFFFFFFFFFFFFFFFFFFFFFFFFFFFFFF99
:1087F000FFFFFFFFFFFFFFFFFFFFFFFFFFFFFFFF89
:10880000FFFFFFFFFFFFFFFFFFFFFFFFFFFFFFFF78
:10881000FFFFFFFFFFFFFFFFFFFFFFFFFFFFFFFF68
:10882000FFFFFFFFFFFFFFFFFFFFFFFFFFFFFFFF58
:10883000FFFFFFFFFFFFFFFFFFFFFFFFFFFFFFFF48
:10884000FFFFFFFFFFFFFFFFFFFFFFFFFFFFFFFF38
:10885000FFFFFFFFFFFFFFFFFFFFFFFFFFFFFFFF28
:10886000FFFFFFFFFFFFFFFFFFFFFFFFFFFFFFFF18
:10887000FFFFFFFFFFFFFFFFFFFFFFFFFFFFFFFF08
:10888000FFFFFFFFFFFFFFFFFFFFFFFFFFFFFFFFF8
:10889000FFFFFFFFFFFFFFFFFFFFFFFFFFFFFFFFE8
:1088A000FFFFFFFFFFFFFFFFFFFFFFFFFFFFFFFFD8
:1088B000FFFFFFFFFFFFFFFFFFFFFFFFFFFFFFFFC8
:1088C000FFFFFFFFFFFFFFFFFFFFFFFFFFFFFFFFB8
:1088D000FFFFFFFFFFFFFFFFFFFFFFFFFFFFFFFFA8
:1088E000FFFFFFFFFFFFFFFFFFFFFFFFFFFFFFFF98
:1088F000FFFFFFFFFFFFFFFFFFFFFFFFFFFFFFFF88
:10890000FFFFFFFFFFFFFFFFFFFFFFFFFFFFFFFF77
:10891000FFFFFFFFFFFFFFFFFFFFFFFFFFFFFFFF67
:10892000FFFFFFFFFFFFFFFFFFFFFFFFFFFFFFFF57
:10893000FFFFFFFFFFFFFFFFFFFFFFFFFFFFFFFF47
:10894000FFFFFFFFFFFFFFFFFFFFFFFFFFFFFFFF37
:10895000FFFFFFFFFFFFFFFFFFFFFFFFFFFFFFFF27
:10896000FFFFFFFFFFFFFFFFFFFFFFFFFFFFFFFF17
:10897000FFFFFFFFFFFFFFFFFFFFFFFFFFFFFFFF07
:10898000FFFFFFFFFFFFFFFFFFFFFFFFFFFFFFFFF7
:10899000FFFFFFFFFFFFFFFFFFFFFFFFFFFFFFFFE7
:1089A000FFFFFFFFFFFFFFFFFFFFFFFFFFFFFFFFD7
:1089B000FFFFFFFFFFFFFFFFFFFFFFFFFFFFFFFFC7
:1089C000FFFFFFFFFFFFFFFFFFFFFFFFFFFFFFFFB7
:1089D000FFFFFFFFFFFFFFFFFFFFFFFFFFFFFFFFA7
:1089E000FFFFFFFFFFFFFFFFFFFFFFFFFFFFFFFF97
:1089F000FFFFFFFFFFFFFFFFFFFFFFFFFFFFFFFF87
:108A0000FFFFFFFFFFFFFFFFFFFFFFFFFFFFFFFF76
:108A1000FFFFFFFFFFFFFFFFFFFFFFFFFFFFFFFF66
:108A2000FFFFFFFFFFFFFFFFFFFFFFFFFFFFFFFF56
:108A3000FFFFFFFFFFFFFFFFFFFFFFFFFFFFFFFF46
:108A4000FFFFFFFFFFFFFFFFFFFFFFFFFFFFFFFF36
:108A5000FFFFFFFFFFFFFFFFFFFFFFFFFFFFFFFF26
:108A6000FFFFFFFFFFFFFFFFFFFFFFFFFFFFFFFF16
:108A7000FFFFFFFFFFFFFFFFFFFFFFFFFFFFFFFF06
:108A8000FFFFFFFFFFFFFFFFFFFFFFFFFFFFFFFFF6
:108A9000FFFFFFFFFFFFFFFFFFFFFFFFFFFFFFFFE6
:108AA000FFFFFFFFFFFFFFFFFFFFFFFFFFFFFFFFD6
:108AB000FFFFFFFFFFFFFFFFFFFFFFFFFFFFFFFFC6
:108AC000FFFFFFFFFFFFFFFFFFFFFFFFFFFFFFFFB6
:108AD000FFFFFFFFFFFFFFFFFFFFFFFFFFFFFFFFA6
:108AE000FFFFFFFFFFFFFFFFFFFFFFFFFFFFFFFF96
:108AF000FFFFFFFFFFFFFFFFFFFFFFFFFFFFFFFF86
:108B0000FFFFFFFFFFFFFFFFFFFFFFFFFFFFFFFF75
:108B1000FFFFFFFFFFFFFFFFFFFFFFFFFFFFFFFF65
:108B2000FFFFFFFFFFFFFFFFFFFFFFFFFFFFFFFF55
:108B3000FFFFFFFFFFFFFFFFFFFFFFFFFFFFFFFF45
:108B4000FFFFFFFFFFFFFFFFFFFFFFFFFFFFFFFF35
:108B5000FFFFFFFFFFFFFFFFFFFFFFFFFFFFFFFF25
:108B6000FFFFFFFFFFFFFFFFFFFFFFFFFFFFFFFF15
:108B7000FFFFFFFFFFFFFFFFFFFFFFFFFFFFFFFF05
:108B8000FFFFFFFFFFFFFFFFFFFFFFFFFFFFFFFFF5
:108B9000FFFFFFFFFFFFFFFFFFFFFFFFFFFFFFFFE5
:108BA000FFFFFFFFFFFFFFFFFFFFFFFFFFFFFFFFD5
:108BB000FFFFFFFFFFFFFFFFFFFFFFFFFFFFFFFFC5
:108BC000FFFFFFFFFFFFFFFFFFFFFFFFFFFFFFFFB5
:108BD000FFFFFFFFFFFFFFFFFFFFFFFFFFFFFFFFA5
:108BE000FFFFFFFFFFFFFFFFFFFFFFFFFFFFFFFF95
:108BF000FFFFFFFFFFFFFFFFFFFFFFFFFFFFFFFF85
:108C0000FFFFFFFFFFFFFFFFFFFFFFFFFFFFFFFF74
:108C1000FFFFFFFFFFFFFFFFFFFFFFFFFFFFFFFF64
:108C2000FFFFFFFFFFFFFFFFFFFFFFFFFFFFFFFF54
:108C3000FFFFFFFFFFFFFFFFFFFFFFFFFFFFFFFF44
:108C4000FFFFFFFFFFFFFFFFFFFFFFFFFFFFFFFF34
:108C5000FFFFFFFFFFFFFFFFFFFFFFFFFFFFFFFF24
:108C6000FFFFFFFFFFFFFFFFFFFFFFFFFFFFFFFF14
:108C7000FFFFFFFFFFFFFFFFFFFFFFFFFFFFFFFF04
:108C8000FFFFFFFFFFFFFFFFFFFFFFFFFFFFFFFFF4
:108C9000FFFFFFFFFFFFFFFFFFFFFFFFFFFFFFFFE4
:108CA000FFFFFFFFFFFFFFFFFFFFFFFFFFFFFFFFD4
:108CB000FFFFFFFFFFFFFFFFFFFFFFFFFFFFFFFFC4
:108CC000FFFFFFFFFFFFFFFFFFFFFFFFFFFFFFFFB4
:108CD000FFFFFFFFFFFFFFFFFFFFFFFFFFFFFFFFA4
:108CE000FFFFFFFFFFFFFFFFFFFFFFFFFFFFFFFF94
:108CF000FFFFFFFFFFFFFFFFFFFFFFFFFFFFFFFF84
:108D0000FFFFFFFFFFFFFFFFFFFFFFFFFFFFFFFF73
:108D1000FFFFFFFFFFFFFFFFFFFFFFFFFFFFFFFF63
:108D2000FFFFFFFFFFFFFFFFFFFFFFFFFFFFFFFF53
:108D3000FFFFFFFFFFFFFFFFFFFFFFFFFFFFFFFF43
:108D4000FFFFFFFFFFFFFFFFFFFFFFFFFFFFFFFF33
:108D5000FFFFFFFFFFFFFFFFFFFFFFFFFFFFFFFF23
:108D6000FFFFFFFFFFFFFFFFFFFFFFFFFFFFFFFF13
:108D7000FFFFFFFFFFFFFFFFFFFFFFFFFFFFFFFF03
:108D8000FFFFFFFFFFFFFFFFFFFFFFFFFFFFFFFFF3
:108D9000FFFFFFFFFFFFFFFFFFFFFFFFFFFFFFFFE3
:108DA000FFFFFFFFFFFFFFFFFFFFFFFFFFFFFFFFD3
:108DB000FFFFFFFFFFFFFFFFFFFFFFFFFFFFFFFFC3
:108DC000FFFFFFFFFFFFFFFFFFFFFFFFFFFFFFFFB3
:108DD000FFFFFFFFFFFFFFFFFFFFFFFFFFFFFFFFA3
:108DE000FFFFFFFFFFFFFFFFFFFFFFFFFFFFFFFF93
:108DF000FFFFFFFFFFFFFFFFFFFFFFFFFFFFFFFF83
:108E0000FFFFFFFFFFFFFFFFFFFFFFFFFFFFFFFF72
:108E1000FFFFFFFFFFFFFFFFFFFFFFFFFFFFFFFF62
:108E2000FFFFFFFFFFFFFFFFFFFFFFFFFFFFFFFF52
:108E3000FFFFFFFFFFFFFFFFFFFFFFFFFFFFFFFF42
:108E4000FFFFFFFFFFFFFFFFFFFFFFFFFFFFFFFF32
:108E5000FFFFFFFFFFFFFFFFFFFFFFFFFFFFFFFF22
:108E6000FFFFFFFFFFFFFFFFFFFFFFFFFFFFFFFF12
:108E7000FFFFFFFFFFFFFFFFFFFFFFFFFFFFFFFF02
:108E8000FFFFFFFFFFFFFFFFFFFFFFFFFFFFFFFFF2
:108E9000FFFFFFFFFFFFFFFFFFFFFFFFFFFFFFFFE2
:108EA000FFFFFFFFFFFFFFFFFFFFFFFFFFFFFFFFD2
:108EB000FFFFFFFFFFFFFFFFFFFFFFFFFFFFFFFFC2
:108EC000FFFFFFFFFFFFFFFFFFFFFFFFFFFFFFFFB2
:108ED000FFFFFFFFFFFFFFFFFFFFFFFFFFFFFFFFA2
:108EE000FFFFFFFFFFFFFFFFFFFFFFFFFFFFFFFF92
:108EF000FFFFFFFFFFFFFFFFFFFFFFFFFFFFFFFF82
:108F0000FFFFFFFFFFFFFFFFFFFFFFFFFFFFFFFF71
:108F1000FFFFFFFFFFFFFFFFFFFFFFFFFFFFFFFF61
:108F2000FFFFFFFFFFFFFFFFFFFFFFFFFFFFFFFF51
:108F3000FFFFFFFFFFFFFFFFFFFFFFFFFFFFFFFF41
:108F4000FFFFFFFFFFFFFFFFFFFFFFFFFFFFFFFF31
:108F5000FFFFFFFFFFFFFFFFFFFFFFFFFFFFFFFF21
:108F6000FFFFFFFFFFFFFFFFFFFFFFFFFFFFFFFF11
:108F7000FFFFFFFFFFFFFFFFFFFFFFFFFFFFFFFF01
:108F8000FFFFFFFFFFFFFFFFFFFFFFFFFFFFFFFFF1
:108F9000FFFFFFFFFFFFFFFFFFFFFFFFFFFFFFFFE1
:108FA000FFFFFFFFFFFFFFFFFFFFFFFFFFFFFFFFD1
:108FB000FFFFFFFFFFFFFFFFFFFFFFFFFFFFFFFFC1
:108FC000FFFFFFFFFFFFFFFFFFFFFFFFFFFFFFFFB1
:108FD000FFFFFFFFFFFFFFFFFFFFFFFFFFFFFFFFA1
:108FE000FFFFFFFFFFFFFFFFFFFFFFFFFFFFFFFF91
:108FF000FFFFFFFFFFFFFFFFFFFFFFFF4E4A72B1C2
:10900000120000000000000000000000000000004E
:109010000A000000000000000000E803000000005B
:109020005401000064006E002C01AF006400FA00DF
:109030002341411E0F5A41060A000000BC020000F5
:10904000C800DC005802AF006400FA002341460F5C
:10905000145A41060A0000001900645519006455AD
:109060009600C800320000000B0F234604000000E9
:109070009600C80032000000060A324604000000D4
:1090800064000A00D20082002000000A02501A0583
:1090900064000A00D20082002000000A02501A0573
:1090A000DC05000050007800260201005E0104008B
:1090B00026020000780020032602040000000000C1
:1090C000C4090000DC050000B00400002C01000011
:1090D000B80B000001041900190125452001436F58
:1090E00000000000190119013202320200000000E4
:1090F00020012001400240020000000000000000AA
:10910000803E0000C80064005000E8033200020105
:1091100009100719190001030001060A00000000E8
:10912000F401000064000000D0078C0AD80E57003C
:10913000FF001400FA00140A04020F0A28000200BB
:10914000000000000000000000000000000000001F
:1091500078006E006E0000000000000000000000BB
:10916000C80090010600010A9600E80318FCC80038
:1091700050006E00CEFF5A00030000000000000007
:109180009600B004B004C80001002C0196000A004B
:1091900054075802960002022823D00750006400AA
:1091A00078009CFFB0FF00000007001F0007011EB1
:1091B0000A08181403000000581B000000000000FB
:1091C000B4003C00C2017800C8000000C800F401EF
:1091D000540146035014000000000000000000008D
:1091E000000000000000000000000000000000007F
:1091F00000000000000000000000000043D3E7CBA7
:10A000002003EE02BC028A0258022602F401C201B9
:10A0100090015E012C01FA00C80096006400320035
:10A020001F03ED02BB02890257022502F301C101A1
:10A030008F015D012B01F900C7009500630031001D
:10A040001E03EC02BA02880256022402F201C00189
:10A050008E015C012A01F800C60094006200300005
:10A060001D03EB02B902870255022302F101BF0171
:10A070008D015B012901F700C500930061002F00ED
:10A080001C03EA02B802860254022202F001BE0159
:10A090008C015A012801F600C400920060002E00D5
:10A0A0001B03E902B702850253022102EF01BD0141
:10A0B0008B0159012701F500C30091005F002D00BD
:10A0C0001A03E802B602840252022002EE01BC0129
:10A0D0008A0158012601F400C20090005E002C00A5
:10A0E0001903E702B502830251021F02ED01BB0111
:10A0F000890157012501F300C1008F005D002B008D
:10A100001803E602B402820250021E02EC01BA01F8
:10A11000880156012401F200C0008E005C002A0074
:10A120001703E502B30281024F021D02EB01B901E0
:10A13000870155012301F100BF008D005B0029005C
:10A140001603E402B20280024E021C02EA01B801C8
:10A15000860154012201F000BE008C005A00280044
:10A160001503E302B1027F024D021B02E901B701B0
:10A17000850153012101EF00BD008B00590027002C
:10A180001403E202B0027E024C021A02E801B60198
:10A19000840152012001EE00BC008A005800260014
:10A1A0001303E102AF027D024B021902E701B50180
:10A1B000830151011F01ED00BB00890057002500FC
:10A1C0001203E002AE027C024A021802E601B40168
:10A1D000820150011E01EC00BA00880056002400E4
:10A1E0001103DF02AD027B0249021702E501B30150
:10A1F00081014F011D01EB00B900870055002300CC
:10A200001003DE02AC027A0248021602E401B20137
:10A2100080014E011C01EA00B800860054002200B3
:10A220000F03DD02AB02790247021502E301B1011F
:10A230007F014D011B01E900B7008500530021009B
:10A240000E03DC02AA02780246021402E201B00107
:10A250007E014C011A01E800B60084005200200083
:10A260000D03DB02A902770245021302E101AF01EF
:10A270007D014B011901E700B500830051001F006B
:10A280000C03DA02A802760244021202E001AE01D7
:10A290007C014A011801E600B400820050001E0053
:10A2A0000B03D902A702750243021102DF01AD01BF
:10A2B0007B0149011701E500B30081004F001D003B
:10A2C0000A03D802A602740242021002DE01AC01A7
:10A2D0007A0148011601E400B20080004E001C0023
:10A2E0000903D702A502730241020F02DD01AB018F
:10A2F000790147011501E300B1007F004D001B000B
:10A300000803D602A402720240020E02DC01AA0176
:10A31000780146011401E200B0007E004C001A00F2
:10A320000703D502A30271023F020D02DB01A9015E
:10A33000770145011301E100AF007D004B001900DA
:10A340000603D402A20270023E020C02DA01A80146
:10A35000760144011201E000AE007C004A001800C2
:10A360000503D302A1026F023D020B02D901A7012E
:10A37000750143011101DF00AD007B0049001700AA
:10A380000403D202A0026E023C020A02D801A60116
:10A39000740142011001DE00AC007A004800160092
:10A3A0000303D1029F026D023B020902D701A501FE
:10A3B000730141010F01DD00AB007900470015007A
:10A3C0000203D0029E026C023A020802D601A401E6
:10A3D000720140010E01DC00AA0078004600140062
:10A3E0000103CF029D026B0239020702D501A301CE
:10A3F00071013F010D01DB00A9007700450013004A
:10A400000003CE029C026A0238020602D401A201B5
:10A4100070013E010C01DA00A80076004400120031
:10A42000FF02CD029B02690237020502D301A1019E
:10A430006F013D010B01D900A70075004300110019
:10A44000FE02CC029A02680236020402D201A00186
:10A450006E013C010A01D800A60074004200100001
:10A46000FD02CB029902670235020302D1019F016E
:10A470006D013B010901D700A500730041000F00E9
:10A48000FC02CA029802660234020202D0019E0156
:10A490006C013A010801D600A400720040000E00D1
:10A4A000FB02C9029702650233020102CF019D013E
:10A4B0006B0139010701D500A30071003F000D00B9
:10A4C000FA02C8029602640232020002CE019C0126
:10A4D0006A0138010601D400A20070003E000C00A1
:10A4E000F902C702950263023102FF01CD019B010F
:10A4F000690137010501D300A1006F003D000B0089
:10A50000F802C602940262023002FE01CC019A01F6
:10A51000680136010401D200A0006E003C000A0070
:10A52000F702C502930261022F02FD01CB019901DE
:10A53000670135010301D1009F006D003B00090058
:10A54000F602C402920260022E02FC01CA019801C6
:10A55000660134010201D0009E006C003A00080040
:10A56000F502C30291025F022D02FB01C9019701AE
:10A57000650133010101CF009D006B003900070028
:10A58000F402C20290025E022C02FA01C801960196
:10A59000640132010001CE009C006A003800060010
:10A5A000F302C1028F025D022B02F901C70195017E
:10A5B00063013101FF00CD009B00690037000500F9
:10A5C000F202C0028E025C022A02F801C601940166
:10A5D00062013001FE00CC009A00680036000400E1
:10A5E000F102BF028D025B022902F701C50193014E
:10A5F00061012F01FD00CB009900670035000300C9
:10A60000F002BE028C025A022802F601C401920135
:10A6100060012E01FC00CA009800660034000200B0
:10A62000EF02BD028B0259022702F501C30191011D
:10A630005F012D01FB00C900970065003300010098
:10A64000FFFFFFFFFFFFFFFFFFFFFFFFFFFFFFFF1A
:10A65000FFFFFFFFFFFFFFFFFFFFFFFFFFFFFFFF0A
:10A66000FFFFFFFFFFFFFFFFFFFFFFFFFFFFFFFFFA
:10A67000FFFFFFFFFFFFFFFFFFFFFFFFFFFFFFFFEA
:10A68000FFFFFFFFFFFFFFFFFFFFFFFFFFFFFFFFDA
:10A69000FFFFFFFFFFFFFFFFFFFFFFFFFFFFFFFFCA
:10A6A000FFFFFFFFFFFFFFFFFFFFFFFFFFFFFFFFBA
:10A6B000FFFFFFFFFFFFFFFFFFFFFFFFFFFFFFFFAA
:10A6C000FFFFFFFFFFFFFFFFFFFFFFFFFFFFFFFF9A
:10A6D000FFFFFFFFFFFFFFFFFFFFFFFFFFFFFFFF8A
:10A6E000FFFFFFFFFFFFFFFFFFFFFFFFFFFFFFFF7A
:10A6F000FFFFFFFFFFFFFFFFFFFFFFFFFFFFFFFF6A
:10A70000FFFFFFFFFFFFFFFFFFFFFFFFFFFFFFFF59
:10A71000FFFFFFFFFFFFFFFFFFFFFFFFFFFFFFFF49
:10A72000FFFFFFFFFFFFFFFFFFFFFFFFFFFFFFFF39
:10A73000FFFFFFFFFFFFFFFFFFFFFFFFFFFFFFFF29
:10A74000FFFFFFFFFFFFFFFFFFFFFFFFFFFFFFFF19
:10A75000FFFFFFFFFFFFFFFFFFFFFFFFFFFFFFFF09
:10A76000FFFFFFFFFFFFFFFFFFFFFFFFFFFFFFFFF9
:10A77000FFFFFFFFFFFFFFFFFFFFFFFFFFFFFFFFE9
:10A78000FFFFFFFFFFFFFFFFFFFFFFFFFFFFFFFFD9
:10A79000FFFFFFFFFFFFFFFFFFFFFFFFFFFFFFFFC9
:10A7A000FFFFFFFFFFFFFFFFFFFFFFFFFFFFFFFFB9
:10A7B000FFFFFFFFFFFFFFFFFFFFFFFFFFFFFFFFA9
:10A7C000FFFFFFFFFFFFFFFFFFFFFFFFFFFFFFFF99
:10A7D000FFFFFFFFFFFFFFFFFFFFFFFFFFFFFFFF89
:10A7E000FFFFFFFFFFFFFFFFFFFFFFFFFFFFFFFF79
:10A7F000FFFFFFFFFFFFFFFFFFFFFFFF8693E281E9
:10A800003E46637060012032203210321032100058
:10A810003200FF07FF07B00480070A0A0B0600009A
:10A8200000FF0001FF0001000101FF0101FFFFFF28
:10A8300000FFFF0001000001FFFF01FFFF01010118
:10A8400000FFFF0001000001FFFF01FFFF01010108
:10A85000FFFF00FF01FFFF0000000100FF010001FA
:10A86000010100009CFFFFFF9CFFFFFF6400000050
:10A870006400000064000000640000003C5A78009E
:10A8800078B4F0000105000702060408030900007F
:10A89000FFFFFFFFFFFF1B00000306090C0F12154F
:10A8A000181B1E2124272A2D30320104070A0D10FF
:10A8B0001316191C1F2225282B2E31330205080BD5
:10A8C0000E1114171A1D202326292C2F0101010116
:10A8D0000101010101010101010101010101010168
:10A8E0000105000702060408030900000001000139
:10A8F000020304050607000000000000000000003D
:10A90000000100010203040506070000000000002A
:10A91000000000000014141414141414141414145B
:10A9200014141414141414141414141458606162BC
:10A9300063646464656566676869696A6B6C6D6E9B
:10A94000FF70707105002D00AD0C750D790D790D3E
:10A95000790D790D890DA8008A0DF9000400000019
:10A9600000003600370037000000370047005B006A
:10A970004800F90000000000000000000000000096
:10A9800000000000000000009001000090010000A5
:10A990000000000000000000000020032003000071
:10A9A0006400640040004000040001010101010155
:10A9B0000101000000000000000000000000000095
:10A9C0000000000000000000000000002003000064
:10A9D0002003000092020000D202000000080800DC
:10A9E0000100000000010001020304050607000049
:10A9F0000000000000000000000100010203040547
:10AA00000607000000000000000000000000000039
:10AA1000FFFFFFFFFFFF0300FFFFFFFFFFFF03003C
:10AA2000FFFF000000000000010100000202000022
:10AA3000040400000808000010100000202000009E
:10AA40004040000080800000000000000000000086
:10AA500000000000000000000000000000000000F6
:10AA600000000000000000000000000000000000E6
:10AA700004010100010001000100010001000100CA
:10AA800001000100010001000100010001000100BE
:10AA900001000100010001000100010001000100AE
:10AAA000010001000100010001000100010001009E
:10AAB000010001000100010001000100010001008E
:10AAC0000900090909000000000000000000000062
:10AAD000FFFF000023000C081405C4098403500084
:10AAE0006400B0FF9CFF0A00010064000101013214
:10AAF000012001060101F4018813E803E803B80B03
:10AB00002C01F401E803D007D0073C050000000049
:10AB10000000000000000000000000000000000035
:10AB200000000000A40600006E0108020401640099
:10AB30008800340001000014221109005A01010AA2
:10AB400000023E0102040606040202030C02640035
:10AB5000020100033409090800C80714100F19196D
:10AB60002003000080BB0000A086010055002D00DE
:10AB700041000A000A005300C8006E019001D0078E
:10AB8000AA00C201C201AA00AA00AA0001000B0B80
:10AB9000320064000202640032020C08F40100007A
:10ABA00073F7F00000800000FFFFFFFFFFFF0000D1
:10ABB00014000000000000000100000063700000AD
:10ABC0000000000001000000000000000100000083
:10ABD000000000003E4600000100000000000000F0
:10ABE000000000000B0B000001000000020000004C
:10ABF000000000050B020100F1D8FFFFF1D8FFFFB4
:10AC0000F1D8FFFFF1D8FFFF0101010104010401A8
:10AC10002401440164018C0114019C010000000026
:10AC20000000000000000000000000000000000024
:10AC300000000000050204030201040100000000FE
:10AC4000000000000000000002090A0B0D0E0F10AA
:10AC50001112000040201008010101410101010111
:10AC60000101070101010100FFFF02010A0C0C0CA8
:10AC70000D0D0D0D0D0D0000B00F02009C0F020018
:10AC8000840F02006C0F0200500F0200300F020010
:10AC9000100F0200EC0E0200C80E0200A00E02000F
:10ACA000A3004B005B006C007E009000A400B70086
:10ACB000CA00DD00EF0000010F011D012A0134016F
:10ACC0003C01420144010000A500500062007500F3
:10ACD00089009E00B400C900DF00F40008011A01D9
:10ACE0002A01380144014C0153015601A7005600C6
:10ACF0006A0080009700B000C800E000F8000E0174
:10AD000023013601470155015F0166016A01000018
:10AD1000AA005D0074008D00A800C300DF00FA00E7
:10AD200014012D0143015701670174017D01810167
:10AD3000AE00650080009D00BB00DA00FA0018013B
:10AD40003601510168017C018C0196019C010000D3
:10AD5000B1006F008E00B000D300F7001B013E0170
:10AD60005E017B019301A601B301BA015D004400BD
:10AD70005A0072008A00A400BC00D100E400F30075
:10AD8000FE00030161004D0068008400A200C000C5
:10AD9000DB00F300070114011B01000065005800EF
:10ADA00079009D00C200E40003011D012F0138015C
:10ADB0004C00B100030100003075000008000000E5
:10ADC000030405000000000020200000040400002F
:10ADD000FFFFFFFFFFFF0300FFFFFFFFFFFF030079
:10ADE0000001000102030405060700000000000046
:10ADF0000000000000010001020304050607000036
:10AE00000000000000000000000100010203040532
:10AE10000607000000000000000000000001000123
:10AE20000203040506070000000000000000000007
:10AE3000010000002E7FFFFFFFFFFFFFFFFFFFFF6E
:10AE4000FFFFFFFFFFFFFFFF37F900002F2000008B
:10AE5000FF07FF0720320A0032320021980001006C
:10AE600098000100240202000C280200091F0200C1
:10AE7000091F5AA58400020008002904B0078001B8
:10AE80002BEBF95BF9270000000000FFFFFF2AF41D
:10AE9000FFFFFF2CFFFFFFFFFFFFFFFFFFFFFFFF95
:10AEA000FFFFFFFFFFFFFFFFFFFFFFFF2CFFFFFF85
:10AEB000FFFFFFFFFFFFFFFFFFFFFFFFFF0000009F
:10AEC0002BEBF95BF90000002AF4FFFFFF00000004
:10AED0002904B00780010000280200091F020009B0
:10AEE0001F5AA5840002000800000000270000008F
:10AEF0000000FFFFFF000000240202000C00000021
:10AF0000230202002205060021980001009800019A
:10AF100000000000200000FF07FF0720320A003277
:10AF20003200000001080100FC030000380E0000A0
:10AF3000785F00002C240000380E0000785F0000CD
:10AF4000501400000200000002000000785F0000C2
:10AF500010040000E0040000785F000070020000B0
:10AF600068000000E004000050140000020000002F
:10AF70000200000088630000C8660000D8D200000C
:10AF80008863000048050000C8660000D8D20000B1
:10AF90004003000000040000FF010101020B00005B
:10AFA000030000000000000000000000000000009E
:10AFB0000000000000000000000000000000000091
:10AFC000030000000000000000000000000000007E
:10AFD0000000000000000000000000000000000071
:10AFE0000000000102030405060700000000000045
:10AFF0000000000000000001020304050607000035
:10B000000000000000000000000100010203040530
:10B010000607000000000000000000000001000121
:10B020000203040506070000000000000000000005
:10B03000040000000000000000000000000000000C
:10B0400000000000040001010101010101010000F4
:10B0500000000000000000000303010101010101E4
:10B0600001010000000000000000000008000000D6
:10B0700000000000090000000000000001000100C5
:10B0800001000100010001000100010001000100B8
:10B0900001000100010001000100010001000100A8
:10B0A0000100010004010100010001000100010094
:10B0B0000100010001000100010001000100010088
:10B0C0000100010001000100010001000100010078
:10B0D0000100010001000100010001000100010068
:10B0E0000100010001000100010001000100010058
:10B0F0000100010004010100010001000100010044
:10B100000100010001000100010001000100010037
:10B110000100010001000100010001000101000027
:10B1200000B40300E8C8030040BA030001000000B7
:10B130000700010000000000000000000000000007
:10B1400000000000000000000000000000000000FF
:10B15000000000000000000000000000FFFF0000F1
:10B1600000000000000000000000000000000000DF
:10B1700000000000000000000000000000000000CF
:10B1800000000000000000000101010000010000BB
:10B19000FC030000000000000100000000000000AF
:10B1A0000000000009000000000000000000000096
:10B1B000000000000000000000000000010000008E
:10B1C0000000000000000000080000000000000077
:10B1D000000000000000000000000000000000006F
:10B1E000010000000000000000000000000000005E
:10B1F000000000000000000000000000000000004F
:10B20000000000000000000000000000000000003E
:10B21000000000000000000000000000000000002E
:10B22000000000000000000000000000000000001E
:10B23000000000000000000000000000000000000E
:10B2400000000000000000000000000000000000FE
:10B2500000000000000000000000000000000000EE
:10B2600000000000FFFF00000000000000000000E0
:10B2700000000000000000000000000000000000CE
:10B2800000000000000000000000000000000000BE
:10B2900000000000000000000000000000000000AE
:10B2A000000000000000010109FF09FF00FF0A0083
:10B2B0000900010000000303010101010101010176
:10B2C000000000000000000000000000000000007E
:10B2D000000000000000000000000000000004006A
:10B2E0000101010101010101000000000000000056
:10B2F000000000000000000000000000000000004E
:10B300000000000000000400000000000000000039
:10B31000000000000000000000000000000000002D
:10B32000000000000000000000000000000000001D
:10B33000000000000000000000000000000000000D
:10B3400000000000000000000000000000000000FD
:10B3500000000000000000000000000000000000ED
:10B3600000000000000000000000000000000000DD
:10B3700000000000000000000000000000000000CD
:10B3800000000000000000000000000000000000BD
:10B3900000000000000000000000000000000000AD
:10B3A000000000000000000000000000000000009D
:10B3B000000000000000000000000000000000008D
:10B3C000000000000000000000000000000000007D
:10B3D000000000000000000000000000100000005D
:10B3E00001000000FFFF0000FFFF0000040101005A
:10B3F0000100010001000100010001000100010045
:10B400000100010001000100010001000100010034
:10B410000100010001000100010001000100010024
:10B420000100010001000100010001000100010014
:10B430000100010001000100010001000401010000
:10B4400001000100010001000100010001000100F4
:10B4500001000100010001000100010001000100E4
:10B4600001000100010001000100010001000100D4
:10B4700001000100010001000100010001000100C4
:10B4800001000100010001000100010001000800AD
:10B4900000000000040000000100000000000000A7
:10B4A000980001000200091F0200091F5AA584002C
:10B4B000020008000202000C05060000FFFFFFFF6B
:10DFF000FFFFFFFFFFFFFFFFFFFFFFFF3FB081902D
:04000003000004B83D
:00000001FF
