  0
SECTION
  2
HEADER
  9
$ACADVER
  1
AC1024
  9
$ACADMAINTVER
 70
   226
  9
$DWGCODEPAGE
  3
ANSI_936
  9
$LASTSAVEDBY
  1
w'g'j
  9
$INSBASE
 10
0.0
 20
0.0
 30
0.0
  9
$EXTMIN
 10
287.3556622550442
 20
111.5389073879223
 30
0.0
  9
$EXTMAX
 10
441.4555032487528
 20
216.7266586068572
 30
0.0
  9
$LIMMIN
 10
0.0
 20
0.0
  9
$LIMMAX
 10
420.0
 20
297.0
  9
$ORTHOMODE
 70
     0
  9
$REGENMODE
 70
     1
  9
$FILLMODE
 70
     1
  9
$QTEXTMODE
 70
     0
  9
$MIRRTEXT
 70
     0
  9
$LTSCALE
 40
1.0
  9
$ATTMODE
 70
     1
  9
$TEXTSIZE
 40
2.5
  9
$TRACEWID
 40
1.0
  9
$TEXTSTYLE
  7
Standard
  9
$CLAYER
  8
0
  9
$CELTYPE
  6
ByLayer
  9
$CECOLOR
 62
   256
  9
$CELTSCALE
 40
1.0
  9
$DISPSILH
 70
     0
  9
$DIMSCALE
 40
1.0
  9
$DIMASZ
 40
2.5
  9
$DIMEXO
 40
0.625
  9
$DIMDLI
 40
3.75
  9
$DIMRND
 40
0.0
  9
$DIMDLE
 40
0.0
  9
$DIMEXE
 40
1.25
  9
$DIMTP
 40
0.0
  9
$DIMTM
 40
0.0
  9
$DIMTXT
 40
2.5
  9
$DIMCEN
 40
2.5
  9
$DIMTSZ
 40
0.0
  9
$DIMTOL
 70
     0
  9
$DIMLIM
 70
     0
  9
$DIMTIH
 70
     0
  9
$DIMTOH
 70
     0
  9
$DIMSE1
 70
     0
  9
$DIMSE2
 70
     0
  9
$DIMTAD
 70
     1
  9
$DIMZIN
 70
     8
  9
$DIMBLK
  1

  9
$DIMASO
 70
     1
  9
$DIMSHO
 70
     1
  9
$DIMPOST
  1

  9
$DIMAPOST
  1

  9
$DIMALT
 70
     0
  9
$DIMALTD
 70
     3
  9
$DIMALTF
 40
0.03937007874016
  9
$DIMLFAC
 40
1.0
  9
$DIMTOFL
 70
     1
  9
$DIMTVP
 40
0.0
  9
$DIMTIX
 70
     0
  9
$DIMSOXD
 70
     0
  9
$DIMSAH
 70
     0
  9
$DIMBLK1
  1

  9
$DIMBLK2
  1

  9
$DIMSTYLE
  2
ISO-25
  9
$DIMCLRD
 70
     0
  9
$DIMCLRE
 70
     0
  9
$DIMCLRT
 70
     0
  9
$DIMTFAC
 40
1.0
  9
$DIMGAP
 40
0.625
  9
$DIMJUST
 70
     0
  9
$DIMSD1
 70
     0
  9
$DIMSD2
 70
     0
  9
$DIMTOLJ
 70
     0
  9
$DIMTZIN
 70
     8
  9
$DIMALTZ
 70
     0
  9
$DIMALTTZ
 70
     0
  9
$DIMUPT
 70
     0
  9
$DIMDEC
 70
     2
  9
$DIMTDEC
 70
     2
  9
$DIMALTU
 70
     2
  9
$DIMALTTD
 70
     3
  9
$DIMTXSTY
  7
Standard
  9
$DIMAUNIT
 70
     0
  9
$DIMADEC
 70
     0
  9
$DIMALTRND
 40
0.0
  9
$DIMAZIN
 70
     0
  9
$DIMDSEP
 70
    46
  9
$DIMATFIT
 70
     3
  9
$DIMFRAC
 70
     0
  9
$DIMLDRBLK
  1

  9
$DIMLUNIT
 70
     2
  9
$DIMLWD
 70
    -2
  9
$DIMLWE
 70
    -2
  9
$DIMTMOVE
 70
     0
  9
$DIMFXL
 40
1.0
  9
$DIMFXLON
 70
     0
  9
$DIMJOGANG
 40
1.570796326794896
  9
$DIMTFILL
 70
     0
  9
$DIMTFILLCLR
 70
     0
  9
$DIMARCSYM
 70
     0
  9
$DIMLTYPE
  6

  9
$DIMLTEX1
  6

  9
$DIMLTEX2
  6

  9
$DIMTXTDIRECTION
 70
     0
  9
$LUNITS
 70
     2
  9
$LUPREC
 70
     4
  9
$SKETCHINC
 40
1.0
  9
$FILLETRAD
 40
0.0
  9
$AUNITS
 70
     0
  9
$AUPREC
 70
     0
  9
$MENU
  1
.
  9
$ELEVATION
 40
0.0
  9
$PELEVATION
 40
0.0
  9
$THICKNESS
 40
0.0
  9
$LIMCHECK
 70
     0
  9
$CHAMFERA
 40
0.0
  9
$CHAMFERB
 40
0.0
  9
$CHAMFERC
 40
0.0
  9
$CHAMFERD
 40
0.0
  9
$SKPOLY
 70
     0
  9
$TDCREATE
 40
2461298.451215278
  9
$TDUCREATE
 40
2461298.117881944
  9
$TDUPDATE
 40
2461298.451956019
  9
$TDUUPDATE
 40
2461298.118622686
  9
$TDINDWG
 40
0.0007407407
  9
$TDUSRTIMER
 40
0.0007407407
  9
$USRTIMER
 70
     1
  9
$ANGBASE
 50
0.0
  9
$ANGDIR
 70
     0
  9
$PDMODE
 70
     0
  9
$PDSIZE
 40
0.0
  9
$PLINEWID
 40
0.0
  9
$SPLFRAME
 70
     0
  9
$SPLINETYPE
 70
     6
  9
$SPLINESEGS
 70
     8
  9
$HANDSEED
  5
C0D
  9
$SURFTAB1
 70
     6
  9
$SURFTAB2
 70
     6
  9
$SURFTYPE
 70
     6
  9
$SURFU
 70
     6
  9
$SURFV
 70
     6
  9
$UCSBASE
  2

  9
$UCSNAME
  2

  9
$UCSORG
 10
0.0
 20
0.0
 30
0.0
  9
$UCSXDIR
 10
1.0
 20
0.0
 30
0.0
  9
$UCSYDIR
 10
0.0
 20
1.0
 30
0.0
  9
$UCSORTHOREF
  2

  9
$UCSORTHOVIEW
 70
     0
  9
$UCSORGTOP
 10
0.0
 20
0.0
 30
0.0
  9
$UCSORGBOTTOM
 10
0.0
 20
0.0
 30
0.0
  9
$UCSORGLEFT
 10
0.0
 20
0.0
 30
0.0
  9
$UCSORGRIGHT
 10
0.0
 20
0.0
 30
0.0
  9
$UCSORGFRONT
 10
0.0
 20
0.0
 30
0.0
  9
$UCSORGBACK
 10
0.0
 20
0.0
 30
0.0
  9
$PUCSBASE
  2

  9
$PUCSNAME
  2

  9
$PUCSORG
 10
0.0
 20
0.0
 30
0.0
  9
$PUCSXDIR
 10
1.0
 20
0.0
 30
0.0
  9
$PUCSYDIR
 10
0.0
 20
1.0
 30
0.0
  9
$PUCSORTHOREF
  2

  9
$PUCSORTHOVIEW
 70
     0
  9
$PUCSORGTOP
 10
0.0
 20
0.0
 30
0.0
  9
$PUCSORGBOTTOM
 10
0.0
 20
0.0
 30
0.0
  9
$PUCSORGLEFT
 10
0.0
 20
0.0
 30
0.0
  9
$PUCSORGRIGHT
 10
0.0
 20
0.0
 30
0.0
  9
$PUCSORGFRONT
 10
0.0
 20
0.0
 30
0.0
  9
$PUCSORGBACK
 10
0.0
 20
0.0
 30
0.0
  9
$USERI1
 70
     0
  9
$USERI2
 70
     0
  9
$USERI3
 70
     0
  9
$USERI4
 70
     0
  9
$USERI5
 70
     0
  9
$USERR1
 40
0.0
  9
$USERR2
 40
0.0
  9
$USERR3
 40
0.0
  9
$USERR4
 40
0.0
  9
$USERR5
 40
0.0
  9
$WORLDVIEW
 70
     1
  9
$SHADEDGE
 70
     3
  9
$SHADEDIF
 70
    70
  9
$TILEMODE
 70
     1
  9
$MAXACTVP
 70
    64
  9
$PINSBASE
 10
0.0
 20
0.0
 30
0.0
  9
$PLIMCHECK
 70
     0
  9
$PEXTMIN
 10
1.000000000000000E+20
 20
1.000000000000000E+20
 30
1.000000000000000E+20
  9
$PEXTMAX
 10
-1.000000000000000E+20
 20
-1.000000000000000E+20
 30
-1.000000000000000E+20
  9
$PLIMMIN
 10
0.0
 20
0.0
  9
$PLIMMAX
 10
420.0
 20
297.0
  9
$UNITMODE
 70
     0
  9
$VISRETAIN
 70
     1
  9
$PLINEGEN
 70
     0
  9
$PSLTSCALE
 70
     1
  9
$TREEDEPTH
 70
  3020
  9
$CMLSTYLE
  2
Standard
  9
$CMLJUST
 70
     0
  9
$CMLSCALE
 40
20.0
  9
$PROXYGRAPHICS
 70
     1
  9
$MEASUREMENT
 70
     1
  9
$CELWEIGHT
370
    -1
  9
$ENDCAPS
280
     0
  9
$JOINSTYLE
280
     0
  9
$LWDISPLAY
290
     0
  9
$INSUNITS
 70
     4
  9
$HYPERLINKBASE
  1

  9
$STYLESHEET
  1

  9
$XEDIT
290
     1
  9
$CEPSNTYPE
380
     0
  9
$PSTYLEMODE
290
     1
  9
$FINGERPRINTGUID
  2
{C2B34CA1-CF22-6146-96C5-2336E25EDD03}
  9
$VERSIONGUID
  2
{645BD134-B6EF-BD41-8B23-BC6C61547EFF}
  9
$EXTNAMES
290
     1
  9
$PSVPSCALE
 40
0.0
  9
$OLESTARTUP
290
     0
  9
$SORTENTS
280
   127
  9
$INDEXCTL
280
     0
  9
$HIDETEXT
280
     1
  9
$XCLIPFRAME
280
     2
  9
$HALOGAP
280
     0
  9
$OBSCOLOR
 70
   257
  9
$OBSLTYPE
280
     0
  9
$INTERSECTIONDISPLAY
280
     0
  9
$INTERSECTIONCOLOR
 70
   257
  9
$DIMASSOC
280
     2
  9
$PROJECTNAME
  1

  9
$CAMERADISPLAY
290
     0
  9
$LENSLENGTH
 40
50.0
  9
$CAMERAHEIGHT
 40
0.0
  9
$STEPSPERSEC
 40
2.0
  9
$STEPSIZE
 40
6.0
  9
$3DDWFPREC
 40
2.0
  9
$PSOLWIDTH
 40
0.25
  9
$PSOLHEIGHT
 40
4.0
  9
$LOFTANG1
 40
1.570796326794896
  9
$LOFTANG2
 40
1.570796326794896
  9
$LOFTMAG1
 40
0.0
  9
$LOFTMAG2
 40
0.0
  9
$LOFTPARAM
 70
     7
  9
$LOFTNORMALS
280
     1
  9
$LATITUDE
 40
37.795
  9
$LONGITUDE
 40
-122.394
  9
$NORTHDIRECTION
 40
0.0
  9
$TIMEZONE
 70
 -8000
  9
$LIGHTGLYPHDISPLAY
280
     1
  9
$TILEMODELIGHTSYNCH
280
     1
  9
$CMATERIAL
347
11
  9
$SOLIDHIST
280
     0
  9
$SHOWHIST
280
     1
  9
$DWFFRAME
280
     2
  9
$DGNFRAME
280
     0
  9
$REALWORLDSCALE
290
     1
  9
$INTERFERECOLOR
 62
     1
  9
$INTERFEREOBJVS
345
33
  9
$INTERFEREVPVS
346
30
  9
$CSHADOW
280
     0
  9
$SHADOWPLANELOCATION
 40
0.0
  0
ENDSEC
  0
SECTION
  2
CLASSES
  0
CLASS
  1
ACDBDICTIONARYWDFLT
  2
AcDbDictionaryWithDefault
  3
ObjectDBX Classes
 90
        0
 91
        1
280
     0
281
     0
  0
CLASS
  1
MATERIAL
  2
AcDbMaterial
  3
ObjectDBX Classes
 90
     1153
 91
        3
280
     0
281
     0
  0
CLASS
  1
VISUALSTYLE
  2
AcDbVisualStyle
  3
ObjectDBX Classes
 90
     4095
 91
       24
280
     0
281
     0
  0
CLASS
  1
SCALE
  2
AcDbScale
  3
ObjectDBX Classes
 90
     1153
 91
       17
280
     0
281
     0
  0
CLASS
  1
TABLESTYLE
  2
AcDbTableStyle
  3
ObjectDBX Classes
 90
     4095
 91
        1
280
     0
281
     0
  0
CLASS
  1
MLEADERSTYLE
  2
AcDbMLeaderStyle
  3
ACDB_MLEADERSTYLE_CLASS
 90
     4095
 91
        1
280
     0
281
     0
  0
CLASS
  1
ACDBSECTIONVIEWSTYLE
  2
AcDbSectionViewStyle
  3
ObjectDBX Classes
 90
     1025
 91
        2
280
     0
281
     0
  0
CLASS
  1
ACDBDETAILVIEWSTYLE
  2
AcDbDetailViewStyle
  3
ObjectDBX Classes
 90
     1025
 91
        2
280
     0
281
     0
  0
CLASS
  1
DICTIONARYVAR
  2
AcDbDictionaryVar
  3
ObjectDBX Classes
 90
        0
 91
        7
280
     0
281
     0
  0
CLASS
  1
DIMASSOC
  2
AcDbDimAssoc
  3
"AcDbDimAssoc|Product Desc:     AcDim ARX App For Dimension|Company:          Autodesk, Inc.|WEB Address:      www.autodesk.com"
 90
        0
 91
        6
280
     0
281
     0
  0
CLASS
  1
MULTILEADER
  2
AcDbMLeader
  3
ACDB_MLEADER_CLASS
 90
     1025
 91
       12
280
     0
281
     1
  0
CLASS
  1
SORTENTSTABLE
  2
AcDbSortentsTable
  3
ObjectDBX Classes
 90
        0
 91
        1
280
     0
281
     0
  0
CLASS
  1
CELLSTYLEMAP
  2
AcDbCellStyleMap
  3
ObjectDBX Classes
 90
     1152
 91
        1
280
     0
281
     0
  0
ENDSEC
  0
SECTION
  2
TABLES
  0
TABLE
  2
VPORT
  5
8
330
0
100
AcDbSymbolTable
 70
     1
  0
VPORT
  5
57
330
8
100
AcDbSymbolTableRecord
100
AcDbViewportTableRecord
  2
*Active
 70
     0
 10
0.0
 20
0.0
 11
1.0
 21
1.0
 12
377.6772829000131
 22
151.2174026590934
 13
0.0
 23
0.0
 14
10.0
 24
10.0
 15
10.0
 25
10.0
 16
0.0
 26
0.0
 36
1.0
 17
0.0
 27
0.0
 37
0.0
 40
117.2789261301787
 41
2.305186972255729
 42
50.0
 43
0.0
 44
0.0
 50
0.0
 51
0.0
 71
     0
 72
  1000
 73
     1
 74
     3
 75
     0
 76
     0
 77
     0
 78
     0
281
     0
 65
     1
110
0.0
120
0.0
130
0.0
111
1.0
121
0.0
131
0.0
112
0.0
122
1.0
132
0.0
 79
     0
146
0.0
348
2F
 60
     3
 61
     5
292
     1
282
     1
141
0.0
142
0.0
 63
   250
421
  3355443
1001
ACAD_NAV_VCDISPLAY
1070
     1
  0
ENDTAB
  0
TABLE
  2
LTYPE
  5
5
330
0
100
AcDbSymbolTable
 70
     3
  0
LTYPE
  5
5B
330
5
100
AcDbSymbolTableRecord
100
AcDbLinetypeTableRecord
  2
ByBlock
 70
     0
  3

 72
    65
 73
     0
 40
0.0
  0
LTYPE
  5
5C
330
5
100
AcDbSymbolTableRecord
100
AcDbLinetypeTableRecord
  2
ByLayer
 70
     0
  3

 72
    65
 73
     0
 40
0.0
  0
LTYPE
  5
5D
330
5
100
AcDbSymbolTableRecord
100
AcDbLinetypeTableRecord
  2
Continuous
 70
     0
  3
Solid line
 72
    65
 73
     0
 40
0.0
  0
LTYPE
  5
B7
330
5
100
AcDbSymbolTableRecord
100
AcDbLinetypeTableRecord
  2
HIDDEN
 70
     0
  3
- - - - - - - - - - - - - - - - - - - -
 72
    65
 73
     2
 40
0.2
 49
0.1
 74
     0
 49
-0.1
 74
     0
  0
LTYPE
  5
B8
330
5
100
AcDbSymbolTableRecord
100
AcDbLinetypeTableRecord
  2
DIVIDE
 70
     0
  3
Divide ____ . . ____ . . ____ . . ____ . . ____
 72
    65
 73
     6
 40
31.75
 49
12.7
 74
     0
 49
-6.349999999999997
 74
     0
 49
0.0
 74
     0
 49
-6.349999999999997
 74
     0
 49
0.0
 74
     0
 49
-6.349999999999997
 74
     0
  0
ENDTAB
  0
TABLE
  2
LAYER
  5
2
102
{ACAD_XDICTIONARY
360
C3
102
}
330
0
100
AcDbSymbolTable
 70
     7
  0
LAYER
  5
54
330
2
100
AcDbSymbolTableRecord
100
AcDbLayerTableRecord
  2
0
 70
     0
 62
     7
  6
Continuous
370
    -3
390
F
347
21
  0
LAYER
  5
B9
330
2
100
AcDbSymbolTableRecord
100
AcDbLayerTableRecord
  2
Defpoints
 70
     0
 62
     7
  6
Continuous
290
     0
370
    -3
390
F
347
21
  0
LAYER
  5
BA
330
2
100
AcDbSymbolTableRecord
100
AcDbLayerTableRecord
  2
slide
 70
     0
 62
    42
  6
Continuous
370
    20
390
F
347
21
  0
LAYER
  5
BB
330
2
100
AcDbSymbolTableRecord
100
AcDbLayerTableRecord
  2
02___PRT_ALL_AXES
 70
     0
 62
     7
  6
Continuous
370
    -3
390
F
347
21
  0
LAYER
  5
BC
330
2
100
AcDbSymbolTableRecord
100
AcDbLayerTableRecord
  2
CLOSED_SHELL_12
 70
     0
 62
     7
  6
Continuous
370
    -3
390
F
347
21
  0
LAYER
  5
BD
330
2
100
AcDbSymbolTableRecord
100
AcDbLayerTableRecord
  2
CLOSED_SHELL_4_2
 70
     0
 62
     7
  6
Continuous
370
    -3
390
F
347
21
  0
LAYER
  5
BE
330
2
100
AcDbSymbolTableRecord
100
AcDbLayerTableRecord
  2
USB20_MANIFOLD_SOLID_1
 70
     0
 62
     7
  6
Continuous
370
    -3
390
F
347
21
  0
ENDTAB
  0
TABLE
  2
STYLE
  5
3
330
0
100
AcDbSymbolTable
 70
     3
  0
STYLE
  5
55
330
3
100
AcDbSymbolTableRecord
100
AcDbTextStyleTableRecord
  2
Standard
 70
     0
 40
0.0
 41
1.0
 50
0.0
 71
     0
 42
2.5
  3
txt
  4

  0
STYLE
  5
5A
330
3
100
AcDbSymbolTableRecord
100
AcDbTextStyleTableRecord
  2
Annotative
 70
     0
 40
0.0
 41
1.0
 50
0.0
 71
     0
 42
0.2
  3
txt
  4

1001
AcadAnnotative
1000
AnnotativeData
1002
{
1070
     1
1070
     1
1002
}
  0
STYLE
  5
BF
330
3
100
AcDbSymbolTableRecord
100
AcDbTextStyleTableRecord
  2
009
 70
     0
 40
0.0
 41
0.8
 50
0.0
 71
     0
 42
16.407184817592
  3

  4

1001
ACAD
1000
SimSun
1071
    34306
  0
ENDTAB
  0
TABLE
  2
VIEW
  5
6
330
0
100
AcDbSymbolTable
 70
     0
  0
ENDTAB
  0
TABLE
  2
UCS
  5
7
330
0
100
AcDbSymbolTable
 70
     0
  0
ENDTAB
  0
TABLE
  2
APPID
  5
9
330
0
100
AcDbSymbolTable
 70
     4
  0
APPID
  5
56
330
9
100
AcDbSymbolTableRecord
100
AcDbRegAppTableRecord
  2
ACAD
 70
     0
  0
APPID
  5
5E
330
9
100
AcDbSymbolTableRecord
100
AcDbRegAppTableRecord
  2
AcadAnnotative
 70
     0
  0
APPID
  5
7D
330
9
100
AcDbSymbolTableRecord
100
AcDbRegAppTableRecord
  2
ACAD_NAV_VCDISPLAY
 70
     0
  0
APPID
  5
C2
330
9
100
AcDbSymbolTableRecord
100
AcDbRegAppTableRecord
  2
ACAD_MLEADERVER
 70
     0
  0
ENDTAB
  0
TABLE
  2
DIMSTYLE
  5
A
330
0
100
AcDbSymbolTable
 70
     4
100
AcDbDimStyleTable
 71
     0
  0
DIMSTYLE
105
58
330
A
100
AcDbSymbolTableRecord
100
AcDbDimStyleTableRecord
  2
ISO-25
 70
     0
 41
2.5
 42
0.625
 43
3.75
 44
1.25
 50
90.0
 73
     0
 74
     0
 77
     1
 78
     8
140
2.5
141
2.5
143
0.03937007874016
147
0.625
171
     3
172
     1
271
     2
272
     2
274
     3
283
     0
284
     8
340
55
  0
DIMSTYLE
105
59
330
A
100
AcDbSymbolTableRecord
100
AcDbDimStyleTableRecord
  2
Annotative
 70
     0
340
55
1001
AcadAnnotative
1000
AnnotativeData
1002
{
1070
     1
1070
     1
1002
}
  0
DIMSTYLE
105
C0
330
A
100
AcDbSymbolTableRecord
100
AcDbDimStyleTableRecord
  2
Standard
 70
     0
340
55
  0
DIMSTYLE
105
C1
102
{ACAD_REACTORS
330
27A
330
27D
330
27E
330
287
102
}
330
A
100
AcDbSymbolTableRecord
100
AcDbDimStyleTableRecord
  2
YanXiu 2
 70
     0
 41
2.0
 42
1.0
 43
1.0
 44
1.0
 73
     0
 74
     0
 78
     1
 79
     2
140
2.0
141
0.0
147
1.0
176
     6
177
    77
178
     3
179
     2
271
     2
272
     2
283
     0
284
     8
340
BF
341
7F
371
     5
372
     5
  0
ENDTAB
  0
TABLE
  2
BLOCK_RECORD
  5
1
330
0
100
AcDbSymbolTable
 70
    11
  0
BLOCK_RECORD
  5
70
330
1
100
AcDbSymbolTableRecord
100
AcDbBlockTableRecord
  2
*Model_Space
340
73
 70
     0
280
     1
281
     0
  0
BLOCK_RECORD
  5
6C
330
1
100
AcDbSymbolTableRecord
100
AcDbBlockTableRecord
  2
*Paper_Space
340
6F
 70
     0
280
     1
281
     0
  0
BLOCK_RECORD
  5
74
330
1
100
AcDbSymbolTableRecord
100
AcDbBlockTableRecord
  2
*Paper_Space0
340
77
 70
     0
280
     1
281
     0
  0
BLOCK_RECORD
  5
7F
330
1
100
AcDbSymbolTableRecord
100
AcDbBlockTableRecord
  2
_DotSmall
340
0
 70
     0
280
     1
281
     0
  0
BLOCK_RECORD
  5
83
330
1
100
AcDbSymbolTableRecord
100
AcDbBlockTableRecord
  2
*D2
340
0
 70
     0
280
     1
281
     0
  0
BLOCK_RECORD
  5
90
330
1
100
AcDbSymbolTableRecord
100
AcDbBlockTableRecord
  2
*D3
340
0
 70
     0
280
     1
281
     0
  0
BLOCK_RECORD
  5
9D
330
1
100
AcDbSymbolTableRecord
100
AcDbBlockTableRecord
  2
*D4
340
0
 70
     0
280
     1
281
     0
  0
BLOCK_RECORD
  5
AA
330
1
100
AcDbSymbolTableRecord
100
AcDbBlockTableRecord
  2
*D5
340
0
 70
     0
280
     1
281
     0
  0
BLOCK_RECORD
  5
B83
330
1
100
AcDbSymbolTableRecord
100
AcDbBlockTableRecord
  2
*D7
340
0
 70
     0
280
     1
281
     0
  0
BLOCK_RECORD
  5
B90
330
1
100
AcDbSymbolTableRecord
100
AcDbBlockTableRecord
  2
*D8
340
0
 70
     0
280
     1
281
     0
  0
BLOCK_RECORD
  5
BA7
330
1
100
AcDbSymbolTableRecord
100
AcDbBlockTableRecord
  2
*D9
340
0
 70
     0
280
     1
281
     0
  0
BLOCK_RECORD
  5
BB4
330
1
100
AcDbSymbolTableRecord
100
AcDbBlockTableRecord
  2
*D10
340
0
 70
     0
280
     1
281
     0
  0
ENDTAB
  0
ENDSEC
  0
SECTION
  2
BLOCKS
  0
BLOCK
  5
71
330
70
100
AcDbEntity
  8
0
100
AcDbBlockBegin
  2
*Model_Space
 70
     0
 10
0.0
 20
0.0
 30
0.0
  3
*Model_Space
  1

  0
ENDBLK
  5
72
330
70
100
AcDbEntity
  8
0
100
AcDbBlockEnd
  0
BLOCK
  5
6D
330
6C
100
AcDbEntity
 67
     1
  8
0
100
AcDbBlockBegin
  2
*Paper_Space
 70
     0
 10
0.0
 20
0.0
 30
0.0
  3
*Paper_Space
  1

  0
ENDBLK
  5
6E
330
6C
100
AcDbEntity
 67
     1
  8
0
100
AcDbBlockEnd
  0
BLOCK
  5
75
330
74
100
AcDbEntity
 67
     1
  8
0
100
AcDbBlockBegin
  2
*Paper_Space0
 70
     0
 10
0.0
 20
0.0
 30
0.0
  3
*Paper_Space0
  1

  0
ENDBLK
  5
76
330
74
100
AcDbEntity
 67
     1
  8
0
100
AcDbBlockEnd
  0
BLOCK
  5
80
330
7F
100
AcDbEntity
  8
0
100
AcDbBlockBegin
  2
_DotSmall
 70
     0
 10
0.0
 20
0.0
 30
0.0
  3
_DotSmall
  1

  0
LWPOLYLINE
  5
81
330
7F
100
AcDbEntity
  8
0
  6
ByBlock
 62
     0
100
AcDbPolyline
 90
        2
 70
     1
 43
0.5
 10
-0.0625
 20
0.0
 42
1.0
 10
0.0625
 20
0.0
 42
1.0
  0
ENDBLK
  5
82
330
7F
100
AcDbEntity
  8
0
100
AcDbBlockEnd
  0
BLOCK
  5
84
330
83
100
AcDbEntity
  8
0
100
AcDbBlockBegin
  2
*D2
 70
     1
 10
0.0
 20
0.0
 30
0.0
  3
*D2
  1

  0
LINE
  5
85
330
83
100
AcDbEntity
  8
slide
 62
    77
440
 16777216
370
     5
100
AcDbLine
 10
497.4561455412287
 20
436.802819322451
 30
0.0
 11
505.0241616567363
 21
436.802819322451
 31
0.0
  0
LINE
  5
86
330
83
100
AcDbEntity
  8
slide
 62
    77
440
 16777216
370
     5
100
AcDbLine
 10
497.4561455412287
 20
354.8028193224512
 30
0.0
 11
505.0241616567363
 21
354.8028193224512
 31
0.0
  0
LINE
  5
87
330
83
100
AcDbEntity
  8
slide
 62
     6
440
 16777216
370
     5
100
AcDbLine
 10
504.6243616567362
 20
435.202819322451
 30
0.0
 11
504.6243616567362
 21
402.3746863615573
 31
0.0
  0
LINE
  5
88
330
83
100
AcDbEntity
  8
slide
 62
     6
440
 16777216
370
     5
100
AcDbLine
 10
504.6243616567362
 20
356.4028193224512
 30
0.0
 11
504.6243616567362
 21
389.2309522833451
 31
0.0
  0
SOLID
  5
89
330
83
100
AcDbEntity
  8
slide
 62
     6
440
 16777216
100
AcDbTrace
 10
504.3576949900696
 20
435.202819322451
 30
0.0
 11
504.8910283234028
 21
435.202819322451
 31
0.0
 12
504.6243616567362
 22
436.802819322451
 32
0.0
 13
504.6243616567362
 23
436.802819322451
 33
0.0
  0
SOLID
  5
8A
330
83
100
AcDbEntity
  8
slide
 62
     6
440
 16777216
100
AcDbTrace
 10
504.3576949900693
 20
356.4028193224512
 30
0.0
 11
504.8910283234028
 21
356.4028193224512
 31
0.0
 12
504.6243616567362
 22
354.8028193224512
 32
0.0
 13
504.6243616567362
 23
354.8028193224512
 33
0.0
  0
MTEXT
  5
8B
330
83
100
AcDbEntity
  8
slide
 62
     3
440
 16777216
100
AcDbMText
 10
504.6243616567362
 20
395.8028193224513
 30
0.0
 40
2.0
 41
0.0
 46
0.0
 71
     5
 72
     1
  1
82.00±0.05
  7
009
 11
0.0000000000000001
 21
1.0
 31
0.0
 73
     1
 44
1.0
  0
POINT
  5
8C
330
83
100
AcDbEntity
  8
Defpoints
 62
     0
440
 16777216
100
AcDbPoint
 10
497.0563455412287
 20
436.802819322451
 30
0.0
  0
POINT
  5
8D
330
83
100
AcDbEntity
  8
Defpoints
 62
     0
440
 16777216
100
AcDbPoint
 10
497.0563455412287
 20
354.8028193224512
 30
0.0
  0
POINT
  5
8E
330
83
100
AcDbEntity
  8
Defpoints
 62
     0
440
 16777216
100
AcDbPoint
 10
504.6243616567362
 20
354.8028193224512
 30
0.0
  0
ENDBLK
  5
8F
330
83
100
AcDbEntity
  8
0
100
AcDbBlockEnd
  0
BLOCK
  5
91
330
90
100
AcDbEntity
  8
0
100
AcDbBlockBegin
  2
*D3
 70
     1
 10
0.0
 20
0.0
 30
0.0
  3
*D3
  1

  0
LINE
  5
92
330
90
100
AcDbEntity
  8
slide
 62
    77
440
 16777216
370
     5
100
AcDbLine
 10
417.0563455412287
 20
437.2026193224511
 30
0.0
 11
417.0563455412287
 21
446.5594593473091
 31
0.0
  0
LINE
  5
93
330
90
100
AcDbEntity
  8
slide
 62
    77
440
 16777216
370
     5
100
AcDbLine
 10
497.0563455412287
 20
437.2026193224511
 30
0.0
 11
497.0563455412287
 21
446.5594593473091
 31
0.0
  0
LINE
  5
94
330
90
100
AcDbEntity
  8
slide
 62
     6
440
 16777216
370
     5
100
AcDbLine
 10
418.6563455412287
 20
446.1596593473091
 30
0.0
 11
451.4004805123511
 21
446.1596593473091
 31
0.0
  0
LINE
  5
95
330
90
100
AcDbEntity
  8
slide
 62
     6
440
 16777216
370
     5
100
AcDbLine
 10
495.4563455412286
 20
446.1596593473091
 30
0.0
 11
464.5442145905636
 21
446.1596593473091
 31
0.0
  0
SOLID
  5
96
330
90
100
AcDbEntity
  8
slide
 62
     6
440
 16777216
100
AcDbTrace
 10
418.6563455412287
 20
446.4263260139755
 30
0.0
 11
418.6563455412287
 21
445.8929926806423
 31
0.0
 12
417.0563455412287
 22
446.1596593473091
 32
0.0
 13
417.0563455412287
 23
446.1596593473091
 33
0.0
  0
SOLID
  5
97
330
90
100
AcDbEntity
  8
slide
 62
     6
440
 16777216
100
AcDbTrace
 10
495.4563455412286
 20
446.4263260139755
 30
0.0
 11
495.4563455412286
 21
445.8929926806423
 31
0.0
 12
497.0563455412287
 22
446.1596593473091
 32
0.0
 13
497.0563455412287
 23
446.1596593473091
 33
0.0
  0
MTEXT
  5
98
330
90
100
AcDbEntity
  8
slide
 62
     3
440
 16777216
100
AcDbMText
 10
457.9723475514573
 20
446.1596593473091
 30
0.0
 40
2.0
 41
0.0
 46
0.0
 71
     5
 72
     1
  1
80.00±0.05
  7
009
 73
     1
 44
1.0
  0
POINT
  5
99
330
90
100
AcDbEntity
  8
Defpoints
 62
     0
440
 16777216
100
AcDbPoint
 10
417.0563455412287
 20
436.802819322451
 30
0.0
  0
POINT
  5
9A
330
90
100
AcDbEntity
  8
Defpoints
 62
     0
440
 16777216
100
AcDbPoint
 10
497.0563455412287
 20
436.802819322451
 30
0.0
  0
POINT
  5
9B
330
90
100
AcDbEntity
  8
Defpoints
 62
     0
440
 16777216
100
AcDbPoint
 10
497.0563455412287
 20
446.1596593473091
 30
0.0
  0
ENDBLK
  5
9C
330
90
100
AcDbEntity
  8
0
100
AcDbBlockEnd
  0
BLOCK
  5
9E
330
9D
100
AcDbEntity
  8
0
100
AcDbBlockBegin
  2
*D4
 70
     1
 10
0.0
 20
0.0
 30
0.0
  3
*D4
  1

  0
LINE
  5
9F
330
9D
100
AcDbEntity
  8
slide
 62
    77
440
 16777216
370
     5
100
AcDbLine
 10
416.5563455412288
 20
437.2026193224511
 30
0.0
 11
416.5563455412288
 21
452.044540384857
 31
0.0
  0
LINE
  5
A0
330
9D
100
AcDbEntity
  8
slide
 62
    77
440
 16777216
370
     5
100
AcDbLine
 10
357.0563455412288
 20
437.2026193224511
 30
0.0
 11
357.0563455412288
 21
452.044540384857
 31
0.0
  0
LINE
  5
A1
330
9D
100
AcDbEntity
  8
slide
 62
     6
440
 16777216
370
     5
100
AcDbLine
 10
414.9563455412287
 20
451.644740384857
 30
0.0
 11
393.3536266776322
 21
451.644740384857
 31
0.0
  0
LINE
  5
A2
330
9D
100
AcDbEntity
  8
slide
 62
     6
440
 16777216
370
     5
100
AcDbLine
 10
358.6563455412289
 20
451.644740384857
 30
0.0
 11
380.2456467893641
 21
451.644740384857
 31
0.0
  0
SOLID
  5
A3
330
9D
100
AcDbEntity
  8
slide
 62
     6
440
 16777216
100
AcDbTrace
 10
414.9563455412287
 20
451.9114070515236
 30
0.0
 11
414.9563455412287
 21
451.3780737181901
 31
0.0
 12
416.5563455412288
 22
451.644740384857
 32
0.0
 13
416.5563455412288
 23
451.644740384857
 33
0.0
  0
SOLID
  5
A4
330
9D
100
AcDbEntity
  8
slide
 62
     6
440
 16777216
100
AcDbTrace
 10
358.6563455412289
 20
451.9114070515236
 30
0.0
 11
358.6563455412289
 21
451.3780737181901
 31
0.0
 12
357.0563455412288
 22
451.644740384857
 32
0.0
 13
357.0563455412288
 23
451.644740384857
 33
0.0
  0
MTEXT
  5
A5
330
9D
100
AcDbEntity
  8
slide
 62
     3
440
 16777216
100
AcDbMText
 10
386.7996367334982
 20
451.644740384857
 30
0.0
 40
2.0
 41
0.0
 46
0.0
 71
     5
 72
     1
  1
59.50±0.05
  7
009
 73
     1
 44
1.0
  0
POINT
  5
A6
330
9D
100
AcDbEntity
  8
Defpoints
 62
     0
440
 16777216
100
AcDbPoint
 10
416.5563455412288
 20
436.802819322451
 30
0.0
  0
POINT
  5
A7
330
9D
100
AcDbEntity
  8
Defpoints
 62
     0
440
 16777216
100
AcDbPoint
 10
357.0563455412288
 20
436.802819322451
 30
0.0
  0
POINT
  5
A8
330
9D
100
AcDbEntity
  8
Defpoints
 62
     0
440
 16777216
100
AcDbPoint
 10
357.0563455412288
 20
451.644740384857
 30
0.0
  0
ENDBLK
  5
A9
330
9D
100
AcDbEntity
  8
0
100
AcDbBlockEnd
  0
BLOCK
  5
AB
330
AA
100
AcDbEntity
  8
0
100
AcDbBlockBegin
  2
*D5
 70
     1
 10
0.0
 20
0.0
 30
0.0
  3
*D5
  1

  0
LINE
  5
AC
330
AA
100
AcDbEntity
  8
slide
 62
    77
440
 16777216
370
     5
100
AcDbLine
 10
419.0563455412289
 20
397.945395072351
 30
0.0
 11
419.0563455412289
 21
398.3208208947542
 31
0.0
  0
LINE
  5
AD
330
AA
100
AcDbEntity
  8
slide
 62
    77
440
 16777216
370
     5
100
AcDbLine
 10
417.0563455412287
 20
397.945395072351
 30
0.0
 11
417.0563455412287
 21
398.3208208947542
 31
0.0
  0
LINE
  5
AE
330
AA
100
AcDbEntity
  8
slide
 62
     6
440
 16777216
370
     5
100
AcDbLine
 10
420.6563455412288
 20
397.9210208947542
 30
0.0
 11
422.2563455412289
 21
397.9210208947542
 31
0.0
  0
LINE
  5
AF
330
AA
100
AcDbEntity
  8
slide
 62
     6
440
 16777216
370
     5
100
AcDbLine
 10
415.4563455412286
 20
397.9210208947542
 30
0.0
 11
413.8563455412286
 21
397.9210208947542
 31
0.0
  0
SOLID
  5
B0
330
AA
100
AcDbEntity
  8
slide
 62
     6
440
 16777216
100
AcDbTrace
 10
420.6563455412288
 20
398.1876875614208
 30
0.0
 11
420.6563455412288
 21
397.6543542280875
 31
0.0
 12
419.0563455412289
 22
397.9210208947542
 32
0.0
 13
419.0563455412289
 23
397.9210208947542
 33
0.0
  0
SOLID
  5
B1
330
AA
100
AcDbEntity
  8
slide
 62
     6
440
 16777216
100
AcDbTrace
 10
415.4563455412286
 20
398.1876875614208
 30
0.0
 11
415.4563455412286
 21
397.6543542280875
 31
0.0
 12
417.0563455412287
 22
397.9210208947542
 32
0.0
 13
417.0563455412287
 23
397.9210208947542
 33
0.0
  0
MTEXT
  5
B2
330
AA
100
AcDbEntity
  8
slide
 62
     3
440
 16777216
100
AcDbMText
 10
407.8654840887148
 20
397.9210208947542
 30
0.0
 40
2.0
 41
0.0
 46
0.0
 71
     5
 72
     1
  1
2.00±0.05
  7
009
 73
     1
 44
1.0
  0
POINT
  5
B3
330
AA
100
AcDbEntity
  8
Defpoints
 62
     0
440
 16777216
100
AcDbPoint
 10
419.0563455412289
 20
397.5455950723508
 30
0.0
  0
POINT
  5
B4
330
AA
100
AcDbEntity
  8
Defpoints
 62
     0
440
 16777216
100
AcDbPoint
 10
417.0563455412287
 20
397.5455950723508
 30
0.0
  0
POINT
  5
B5
330
AA
100
AcDbEntity
  8
Defpoints
 62
     0
440
 16777216
100
AcDbPoint
 10
417.0563455412287
 20
397.9210208947542
 30
0.0
  0
ENDBLK
  5
B6
330
AA
100
AcDbEntity
  8
0
100
AcDbBlockEnd
  0
BLOCK
  5
B84
330
B83
100
AcDbEntity
  8
0
100
AcDbBlockBegin
  2
*D7
 70
     1
 10
0.0
 20
0.0
 30
0.0
  3
*D7
  1

  0
LINE
  5
B9D
330
B83
100
AcDbEntity
  8
slide
 62
    77
440
 16777216
370
     5
100
AcDbLine
 10
347.3656775130513
 20
200.8599565388646
 30
0.0
 11
347.3656775130513
 21
210.2167965637226
 31
0.0
  0
LINE
  5
B9E
330
B83
100
AcDbEntity
  8
slide
 62
    77
440
 16777216
370
     5
100
AcDbLine
 10
427.3656775130512
 20
200.8599565388646
 30
0.0
 11
427.3656775130512
 21
210.2167965637226
 31
0.0
  0
LINE
  5
B9F
330
B83
100
AcDbEntity
  8
slide
 62
     6
440
 16777216
370
     5
100
AcDbLine
 10
348.9656775130513
 20
209.8169965637226
 30
0.0
 11
381.7098124841736
 21
209.8169965637226
 31
0.0
  0
LINE
  5
BA0
330
B83
100
AcDbEntity
  8
slide
 62
     6
440
 16777216
370
     5
100
AcDbLine
 10
425.7656775130512
 20
209.8169965637226
 30
0.0
 11
394.853546562386
 21
209.8169965637226
 31
0.0
  0
SOLID
  5
BA1
330
B83
100
AcDbEntity
  8
slide
 62
     6
440
 16777216
100
AcDbTrace
 10
348.9656775130513
 20
210.0836632303893
 30
0.0
 11
348.9656775130513
 21
209.5503298970559
 31
0.0
 12
347.3656775130513
 22
209.8169965637226
 32
0.0
 13
347.3656775130513
 23
209.8169965637226
 33
0.0
  0
SOLID
  5
BA2
330
B83
100
AcDbEntity
  8
slide
 62
     6
440
 16777216
100
AcDbTrace
 10
425.7656775130512
 20
210.0836632303893
 30
0.0
 11
425.7656775130512
 21
209.5503298970559
 31
0.0
 12
427.3656775130512
 22
209.8169965637226
 32
0.0
 13
427.3656775130512
 23
209.8169965637226
 33
0.0
  0
MTEXT
  5
BA3
330
B83
100
AcDbEntity
  8
slide
 62
     3
440
 16777216
100
AcDbMText
 10
388.2816795232798
 20
209.8169965637226
 30
0.0
 40
2.0
 41
0.0
 46
0.0
 71
     5
 72
     1
  1
80.00±0.05
  7
009
 73
     1
 44
1.0
  0
POINT
  5
BA4
330
B83
100
AcDbEntity
  8
Defpoints
 62
     0
440
 16777216
100
AcDbPoint
 10
347.3656775130513
 20
200.4601565388646
 30
0.0
  0
POINT
  5
BA5
330
B83
100
AcDbEntity
  8
Defpoints
 62
     0
440
 16777216
100
AcDbPoint
 10
427.3656775130512
 20
200.4601565388646
 30
0.0
  0
POINT
  5
BA6
330
B83
100
AcDbEntity
  8
Defpoints
 62
     0
440
 16777216
100
AcDbPoint
 10
427.3656775130512
 20
209.8169965637226
 30
0.0
  0
ENDBLK
  5
B85
330
B83
100
AcDbEntity
  8
0
100
AcDbBlockEnd
  0
BLOCK
  5
B91
330
B90
100
AcDbEntity
  8
0
100
AcDbBlockBegin
  2
*D8
 70
     1
 10
0.0
 20
0.0
 30
0.0
  3
*D8
  1

  0
LINE
  5
B93
330
B90
100
AcDbEntity
  8
slide
 62
    77
440
 16777216
370
     5
100
AcDbLine
 10
427.7654775130515
 20
200.4601565388647
 30
0.0
 11
435.3334936285589
 21
200.4601565388647
 31
0.0
  0
LINE
  5
B94
330
B90
100
AcDbEntity
  8
slide
 62
    77
440
 16777216
370
     5
100
AcDbLine
 10
427.7654775130515
 20
118.4601565388647
 30
0.0
 11
435.3334936285589
 21
118.4601565388647
 31
0.0
  0
LINE
  5
B95
330
B90
100
AcDbEntity
  8
slide
 62
     6
440
 16777216
370
     5
100
AcDbLine
 10
434.9336936285588
 20
198.8601565388647
 30
0.0
 11
434.9336936285588
 21
166.0320235779708
 31
0.0
  0
LINE
  5
B96
330
B90
100
AcDbEntity
  8
slide
 62
     6
440
 16777216
370
     5
100
AcDbLine
 10
434.9336936285589
 20
120.0601565388647
 30
0.0
 11
434.9336936285588
 21
152.8882894997585
 31
0.0
  0
SOLID
  5
B97
330
B90
100
AcDbEntity
  8
slide
 62
     6
440
 16777216
100
AcDbTrace
 10
434.6670269618922
 20
198.8601565388647
 30
0.0
 11
435.2003602952255
 21
198.8601565388647
 31
0.0
 12
434.9336936285588
 22
200.4601565388647
 32
0.0
 13
434.9336936285588
 23
200.4601565388647
 33
0.0
  0
SOLID
  5
B98
330
B90
100
AcDbEntity
  8
slide
 62
     6
440
 16777216
100
AcDbTrace
 10
434.6670269618923
 20
120.0601565388647
 30
0.0
 11
435.2003602952255
 21
120.0601565388647
 31
0.0
 12
434.9336936285589
 22
118.4601565388647
 32
0.0
 13
434.9336936285589
 23
118.4601565388647
 33
0.0
  0
MTEXT
  5
B99
330
B90
100
AcDbEntity
  8
slide
 62
     3
440
 16777216
100
AcDbMText
 10
434.9336936285588
 20
159.4601565388645
 30
0.0
 40
2.0
 41
0.0
 46
0.0
 71
     5
 72
     1
  1
82.00±0.05
  7
009
 11
0.0000000000000001
 21
1.0
 31
0.0
 73
     1
 44
1.0
  0
POINT
  5
B9A
330
B90
100
AcDbEntity
  8
Defpoints
 62
     0
440
 16777216
100
AcDbPoint
 10
427.3656775130515
 20
200.4601565388647
 30
0.0
  0
POINT
  5
B9B
330
B90
100
AcDbEntity
  8
Defpoints
 62
     0
440
 16777216
100
AcDbPoint
 10
427.3656775130515
 20
118.4601565388647
 30
0.0
  0
POINT
  5
B9C
330
B90
100
AcDbEntity
  8
Defpoints
 62
     0
440
 16777216
100
AcDbPoint
 10
434.9336936285589
 20
118.4601565388647
 30
0.0
  0
ENDBLK
  5
B92
330
B90
100
AcDbEntity
  8
0
100
AcDbBlockEnd
  0
BLOCK
  5
BA8
330
BA7
100
AcDbEntity
  8
0
100
AcDbBlockBegin
  2
*D9
 70
     1
 10
0.0
 20
0.0
 30
0.0
  3
*D9
  1

  0
LINE
  5
BAA
330
BA7
100
AcDbEntity
  8
slide
 62
    77
440
 16777216
370
     5
100
AcDbLine
 10
346.8656775130513
 20
200.8599565388646
 30
0.0
 11
346.8656775130513
 21
215.7018776012705
 31
0.0
  0
LINE
  5
BAB
330
BA7
100
AcDbEntity
  8
slide
 62
    77
440
 16777216
370
     5
100
AcDbLine
 10
287.3656775130513
 20
200.8599565388646
 30
0.0
 11
287.3656775130513
 21
215.7018776012705
 31
0.0
  0
LINE
  5
BAC
330
BA7
100
AcDbEntity
  8
slide
 62
     6
440
 16777216
370
     5
100
AcDbLine
 10
345.2656775130513
 20
215.3020776012705
 30
0.0
 11
323.6629586494548
 21
215.3020776012705
 31
0.0
  0
LINE
  5
BAD
330
BA7
100
AcDbEntity
  8
slide
 62
     6
440
 16777216
370
     5
100
AcDbLine
 10
288.9656775130513
 20
215.3020776012705
 30
0.0
 11
310.5549787611867
 21
215.3020776012705
 31
0.0
  0
SOLID
  5
BAE
330
BA7
100
AcDbEntity
  8
slide
 62
     6
440
 16777216
100
AcDbTrace
 10
345.2656775130513
 20
215.5687442679372
 30
0.0
 11
345.2656775130513
 21
215.0354109346038
 31
0.0
 12
346.8656775130513
 22
215.3020776012705
 32
0.0
 13
346.8656775130513
 23
215.3020776012705
 33
0.0
  0
SOLID
  5
BAF
330
BA7
100
AcDbEntity
  8
slide
 62
     6
440
 16777216
100
AcDbTrace
 10
288.9656775130513
 20
215.5687442679372
 30
0.0
 11
288.9656775130513
 21
215.0354109346038
 31
0.0
 12
287.3656775130513
 22
215.3020776012705
 32
0.0
 13
287.3656775130513
 23
215.3020776012705
 33
0.0
  0
MTEXT
  5
BB0
330
BA7
100
AcDbEntity
  8
slide
 62
     3
440
 16777216
100
AcDbMText
 10
317.1089687053207
 20
215.3020776012705
 30
0.0
 40
2.0
 41
0.0
 46
0.0
 71
     5
 72
     1
  1
59.50±0.05
  7
009
 73
     1
 44
1.0
  0
POINT
  5
BB1
330
BA7
100
AcDbEntity
  8
Defpoints
 62
     0
440
 16777216
100
AcDbPoint
 10
346.8656775130513
 20
200.4601565388646
 30
0.0
  0
POINT
  5
BB2
330
BA7
100
AcDbEntity
  8
Defpoints
 62
     0
440
 16777216
100
AcDbPoint
 10
287.3656775130513
 20
200.4601565388646
 30
0.0
  0
POINT
  5
BB3
330
BA7
100
AcDbEntity
  8
Defpoints
 62
     0
440
 16777216
100
AcDbPoint
 10
287.3656775130513
 20
215.3020776012705
 30
0.0
  0
ENDBLK
  5
BA9
330
BA7
100
AcDbEntity
  8
0
100
AcDbBlockEnd
  0
BLOCK
  5
BB5
330
BB4
100
AcDbEntity
  8
0
100
AcDbBlockBegin
  2
*D10
 70
     1
 10
0.0
 20
0.0
 30
0.0
  3
*D10
  1

  0
LINE
  5
BC1
330
BB4
100
AcDbEntity
  8
slide
 62
    77
440
 16777216
370
     5
100
AcDbLine
 10
349.3656775130513
 20
161.6027322887643
 30
0.0
 11
349.3656775130513
 21
161.9781581111676
 31
0.0
  0
LINE
  5
BC2
330
BB4
100
AcDbEntity
  8
slide
 62
    77
440
 16777216
370
     5
100
AcDbLine
 10
347.3656775130511
 20
161.6027322887643
 30
0.0
 11
347.3656775130511
 21
161.9781581111676
 31
0.0
  0
LINE
  5
BC3
330
BB4
100
AcDbEntity
  8
slide
 62
     6
440
 16777216
370
     5
100
AcDbLine
 10
350.9656775130513
 20
161.5783581111676
 30
0.0
 11
352.5656775130512
 21
161.5783581111676
 31
0.0
  0
LINE
  5
BC4
330
BB4
100
AcDbEntity
  8
slide
 62
     6
440
 16777216
370
     5
100
AcDbLine
 10
345.765677513051
 20
161.5783581111676
 30
0.0
 11
344.1656775130511
 21
161.5783581111676
 31
0.0
  0
SOLID
  5
BC5
330
BB4
100
AcDbEntity
  8
slide
 62
     6
440
 16777216
100
AcDbTrace
 10
350.9656775130513
 20
161.8450247778343
 30
0.0
 11
350.9656775130513
 21
161.311691444501
 31
0.0
 12
349.3656775130513
 22
161.5783581111676
 32
0.0
 13
349.3656775130513
 23
161.5783581111676
 33
0.0
  0
SOLID
  5
BC6
330
BB4
100
AcDbEntity
  8
slide
 62
     6
440
 16777216
100
AcDbTrace
 10
345.765677513051
 20
161.8450247778343
 30
0.0
 11
345.765677513051
 21
161.311691444501
 31
0.0
 12
347.3656775130511
 22
161.5783581111676
 32
0.0
 13
347.3656775130511
 23
161.5783581111676
 33
0.0
  0
MTEXT
  5
BC7
330
BB4
100
AcDbEntity
  8
slide
 62
     3
440
 16777216
100
AcDbMText
 10
338.1748160605371
 20
161.5783581111676
 30
0.0
 40
2.0
 41
0.0
 46
0.0
 71
     5
 72
     1
  1
2.00±0.05
  7
009
 73
     1
 44
1.0
  0
POINT
  5
BC8
330
BB4
100
AcDbEntity
  8
Defpoints
 62
     0
440
 16777216
100
AcDbPoint
 10
349.3656775130513
 20
161.2029322887643
 30
0.0
  0
POINT
  5
BC9
330
BB4
100
AcDbEntity
  8
Defpoints
 62
     0
440
 16777216
100
AcDbPoint
 10
347.3656775130511
 20
161.2029322887643
 30
0.0
  0
POINT
  5
BCA
330
BB4
100
AcDbEntity
  8
Defpoints
 62
     0
440
 16777216
100
AcDbPoint
 10
347.3656775130511
 20
161.5783581111676
 30
0.0
  0
ENDBLK
  5
BB6
330
BB4
100
AcDbEntity
  8
0
100
AcDbBlockEnd
  0
ENDSEC
  0
SECTION
  2
ENTITIES
  0
LINE
  5
62A
330
70
100
AcDbEntity
  8
0
  6
Continuous
 62
     7
100
AcDbLine
 10
347.3656775130513
 20
118.4601565388647
 30
0.0
 11
427.3656775130512
 21
118.4601565388647
 31
0.0
  0
LINE
  5
62B
330
70
100
AcDbEntity
  8
0
  6
Continuous
 62
     7
100
AcDbLine
 10
390.8479050759307
 20
126.1015656380911
 30
0.0
 11
403.2979050759307
 21
126.1015656380911
 31
0.0
  0
LINE
  5
62C
330
70
100
AcDbEntity
  8
0
  6
Continuous
 62
     7
100
AcDbLine
 10
402.2979050759306
 20
127.7015656380911
 30
0.0
 11
391.3979050759307
 21
127.7015656380911
 31
0.0
  0
LINE
  5
62D
330
70
100
AcDbEntity
  8
0
  6
Continuous
 62
     7
100
AcDbLine
 10
402.1479050759307
 20
127.8515656380911
 30
0.0
 11
391.5479050759307
 21
127.8515656380911
 31
0.0
  0
LINE
  5
62E
330
70
100
AcDbEntity
  8
0
  6
Continuous
 62
     7
100
AcDbLine
 10
401.6979050759307
 20
127.9828184113912
 30
0.0
 11
401.4979050759306
 21
127.9828184113912
 31
0.0
  0
LINE
  5
62F
330
70
100
AcDbEntity
  8
0
  6
Continuous
 62
     7
100
AcDbLine
 10
401.1979050759307
 20
127.9828184113912
 30
0.0
 11
400.9979050759306
 21
127.9828184113912
 31
0.0
  0
LINE
  5
630
330
70
100
AcDbEntity
  8
0
  6
Continuous
 62
     7
100
AcDbLine
 10
400.1979050759307
 20
127.9828184113912
 30
0.0
 11
399.9979050759307
 21
127.9828184113912
 31
0.0
  0
LINE
  5
631
330
70
100
AcDbEntity
  8
0
  6
Continuous
 62
     7
100
AcDbLine
 10
399.6979050759307
 20
127.9828184113912
 30
0.0
 11
399.4979050759306
 21
127.9828184113912
 31
0.0
  0
LINE
  5
632
330
70
100
AcDbEntity
  8
0
  6
Continuous
 62
     7
100
AcDbLine
 10
399.1979050759305
 20
127.9828184113912
 30
0.0
 11
398.9979050759307
 21
127.9828184113912
 31
0.0
  0
LINE
  5
633
330
70
100
AcDbEntity
  8
0
  6
Continuous
 62
     7
100
AcDbLine
 10
398.6979050759306
 20
127.9828184113912
 30
0.0
 11
398.4979050759307
 21
127.9828184113912
 31
0.0
  0
LINE
  5
634
330
70
100
AcDbEntity
  8
0
  6
Continuous
 62
     7
100
AcDbLine
 10
398.1979050759307
 20
127.9828184113912
 30
0.0
 11
397.9979050759307
 21
127.9828184113912
 31
0.0
  0
LINE
  5
635
330
70
100
AcDbEntity
  8
0
  6
Continuous
 62
     7
100
AcDbLine
 10
397.6979050759307
 20
127.9828184113912
 30
0.0
 11
397.4979050759306
 21
127.9828184113912
 31
0.0
  0
LINE
  5
636
330
70
100
AcDbEntity
  8
0
  6
Continuous
 62
     7
100
AcDbLine
 10
397.1979050759308
 20
127.9828184113912
 30
0.0
 11
396.9979050759306
 21
127.9828184113912
 31
0.0
  0
LINE
  5
637
330
70
100
AcDbEntity
  8
0
  6
Continuous
 62
     7
100
AcDbLine
 10
396.6979050759308
 20
127.9828184113912
 30
0.0
 11
396.4979050759307
 21
127.9828184113912
 31
0.0
  0
LINE
  5
638
330
70
100
AcDbEntity
  8
0
  6
Continuous
 62
     7
100
AcDbLine
 10
396.1979050759308
 20
127.9828184113912
 30
0.0
 11
395.9979050759307
 21
127.9828184113912
 31
0.0
  0
LINE
  5
639
330
70
100
AcDbEntity
  8
0
  6
Continuous
 62
     7
100
AcDbLine
 10
395.6979050759307
 20
127.9828184113912
 30
0.0
 11
395.4979050759306
 21
127.9828184113912
 31
0.0
  0
LINE
  5
63A
330
70
100
AcDbEntity
  8
0
  6
Continuous
 62
     7
100
AcDbLine
 10
395.1979050759307
 20
127.9828184113912
 30
0.0
 11
394.9979050759307
 21
127.9828184113912
 31
0.0
  0
LINE
  5
63B
330
70
100
AcDbEntity
  8
0
  6
Continuous
 62
     7
100
AcDbLine
 10
394.6979050759306
 20
127.9828184113912
 30
0.0
 11
394.4979050759307
 21
127.9828184113912
 31
0.0
  0
LINE
  5
63C
330
70
100
AcDbEntity
  8
0
  6
Continuous
 62
     7
100
AcDbLine
 10
394.1979050759308
 20
127.9828184113912
 30
0.0
 11
393.9979050759307
 21
127.9828184113912
 31
0.0
  0
LINE
  5
63D
330
70
100
AcDbEntity
  8
0
  6
Continuous
 62
     7
100
AcDbLine
 10
393.6979050759307
 20
127.9828184113912
 30
0.0
 11
393.4979050759307
 21
127.9828184113912
 31
0.0
  0
LINE
  5
63E
330
70
100
AcDbEntity
  8
0
  6
Continuous
 62
     7
100
AcDbLine
 10
393.1979050759307
 20
127.9828184113912
 30
0.0
 11
392.9979050759306
 21
127.9828184113912
 31
0.0
  0
LINE
  5
63F
330
70
100
AcDbEntity
  8
0
  6
Continuous
 62
     7
100
AcDbLine
 10
392.6979050759308
 20
127.9828184113912
 30
0.0
 11
392.4979050759306
 21
127.9828184113912
 31
0.0
  0
LINE
  5
640
330
70
100
AcDbEntity
  8
0
  6
Continuous
 62
     7
100
AcDbLine
 10
392.1979050759308
 20
127.9828184113912
 30
0.0
 11
391.9979050759307
 21
127.9828184113912
 31
0.0
  0
LINE
  5
641
330
70
100
AcDbEntity
  8
0
  6
Continuous
 62
     7
100
AcDbLine
 10
400.4979050759306
 20
127.9828184113912
 30
0.0
 11
400.6979050759307
 21
127.9828184113912
 31
0.0
  0
LINE
  5
642
330
70
100
AcDbEntity
  8
0
  6
Continuous
 62
     7
100
AcDbLine
 10
401.6979050759307
 20
128.0168783390911
 30
0.0
 11
401.4979050759306
 21
128.0168783390911
 31
0.0
  0
LINE
  5
643
330
70
100
AcDbEntity
  8
0
  6
Continuous
 62
     7
100
AcDbLine
 10
401.1979050759307
 20
128.0168783390911
 30
0.0
 11
400.9979050759306
 21
128.0168783390911
 31
0.0
  0
LINE
  5
644
330
70
100
AcDbEntity
  8
0
  6
Continuous
 62
     7
100
AcDbLine
 10
400.6979050759307
 20
128.0168783390911
 30
0.0
 11
400.4979050759306
 21
128.0168783390911
 31
0.0
  0
LINE
  5
645
330
70
100
AcDbEntity
  8
0
  6
Continuous
 62
     7
100
AcDbLine
 10
400.1979050759307
 20
128.0168783390911
 30
0.0
 11
399.9979050759307
 21
128.0168783390911
 31
0.0
  0
LINE
  5
646
330
70
100
AcDbEntity
  8
0
  6
Continuous
 62
     7
100
AcDbLine
 10
399.6979050759307
 20
128.0168783390911
 30
0.0
 11
399.4979050759306
 21
128.0168783390911
 31
0.0
  0
LINE
  5
647
330
70
100
AcDbEntity
  8
0
  6
Continuous
 62
     7
100
AcDbLine
 10
399.1979050759305
 20
128.0168783390911
 30
0.0
 11
398.9979050759307
 21
128.0168783390911
 31
0.0
  0
LINE
  5
648
330
70
100
AcDbEntity
  8
0
  6
Continuous
 62
     7
100
AcDbLine
 10
398.6979050759306
 20
128.0168783390911
 30
0.0
 11
398.4979050759307
 21
128.0168783390911
 31
0.0
  0
LINE
  5
649
330
70
100
AcDbEntity
  8
0
  6
Continuous
 62
     7
100
AcDbLine
 10
398.1979050759307
 20
128.0168783390911
 30
0.0
 11
397.9979050759307
 21
128.0168783390911
 31
0.0
  0
LINE
  5
64A
330
70
100
AcDbEntity
  8
0
  6
Continuous
 62
     7
100
AcDbLine
 10
397.6979050759307
 20
128.0168783390911
 30
0.0
 11
397.4979050759306
 21
128.0168783390911
 31
0.0
  0
LINE
  5
64B
330
70
100
AcDbEntity
  8
0
  6
Continuous
 62
     7
100
AcDbLine
 10
397.1979050759308
 20
128.0168783390911
 30
0.0
 11
396.9979050759306
 21
128.0168783390911
 31
0.0
  0
LINE
  5
64C
330
70
100
AcDbEntity
  8
0
  6
Continuous
 62
     7
100
AcDbLine
 10
396.6979050759308
 20
128.0168783390911
 30
0.0
 11
396.4979050759307
 21
128.0168783390911
 31
0.0
  0
LINE
  5
64D
330
70
100
AcDbEntity
  8
0
  6
Continuous
 62
     7
100
AcDbLine
 10
396.1979050759308
 20
128.0168783390911
 30
0.0
 11
395.9979050759307
 21
128.0168783390911
 31
0.0
  0
LINE
  5
64E
330
70
100
AcDbEntity
  8
0
  6
Continuous
 62
     7
100
AcDbLine
 10
395.6979050759307
 20
128.0168783390911
 30
0.0
 11
395.4979050759306
 21
128.0168783390911
 31
0.0
  0
LINE
  5
64F
330
70
100
AcDbEntity
  8
0
  6
Continuous
 62
     7
100
AcDbLine
 10
395.1979050759307
 20
128.0168783390911
 30
0.0
 11
394.9979050759307
 21
128.0168783390911
 31
0.0
  0
LINE
  5
650
330
70
100
AcDbEntity
  8
0
  6
Continuous
 62
     7
100
AcDbLine
 10
394.6979050759306
 20
128.0168783390911
 30
0.0
 11
394.4979050759307
 21
128.0168783390911
 31
0.0
  0
LINE
  5
651
330
70
100
AcDbEntity
  8
0
  6
Continuous
 62
     7
100
AcDbLine
 10
394.1979050759308
 20
128.0168783390911
 30
0.0
 11
393.9979050759307
 21
128.0168783390911
 31
0.0
  0
LINE
  5
652
330
70
100
AcDbEntity
  8
0
  6
Continuous
 62
     7
100
AcDbLine
 10
393.6979050759307
 20
128.0168783390911
 30
0.0
 11
393.4979050759307
 21
128.0168783390911
 31
0.0
  0
LINE
  5
653
330
70
100
AcDbEntity
  8
0
  6
Continuous
 62
     7
100
AcDbLine
 10
393.1979050759307
 20
128.0168783390911
 30
0.0
 11
392.9979050759306
 21
128.0168783390911
 31
0.0
  0
LINE
  5
654
330
70
100
AcDbEntity
  8
0
  6
Continuous
 62
     7
100
AcDbLine
 10
392.6979050759308
 20
128.0168783390911
 30
0.0
 11
392.4979050759306
 21
128.0168783390911
 31
0.0
  0
LINE
  5
655
330
70
100
AcDbEntity
  8
0
  6
Continuous
 62
     7
100
AcDbLine
 10
392.1979050759308
 20
128.0168783390911
 30
0.0
 11
391.9979050759307
 21
128.0168783390911
 31
0.0
  0
LINE
  5
656
330
70
100
AcDbEntity
  8
0
  6
Continuous
 62
     7
100
AcDbLine
 10
402.1479050759307
 20
128.2515656380912
 30
0.0
 11
401.7279050759307
 21
128.2515656380912
 31
0.0
  0
LINE
  5
657
330
70
100
AcDbEntity
  8
0
  6
Continuous
 62
     7
100
AcDbLine
 10
401.4679050759307
 20
128.2515656380912
 30
0.0
 11
401.2279050759306
 21
128.2515656380912
 31
0.0
  0
LINE
  5
658
330
70
100
AcDbEntity
  8
0
  6
Continuous
 62
     7
100
AcDbLine
 10
400.9679050759307
 20
128.2515656380912
 30
0.0
 11
400.7279050759306
 21
128.2515656380912
 31
0.0
  0
LINE
  5
659
330
70
100
AcDbEntity
  8
0
  6
Continuous
 62
     7
100
AcDbLine
 10
400.4679050759307
 20
128.2515656380912
 30
0.0
 11
400.2279050759306
 21
128.2515656380912
 31
0.0
  0
LINE
  5
65A
330
70
100
AcDbEntity
  8
0
  6
Continuous
 62
     7
100
AcDbLine
 10
399.9679050759307
 20
128.2515656380912
 30
0.0
 11
399.7279050759307
 21
128.2515656380912
 31
0.0
  0
LINE
  5
65B
330
70
100
AcDbEntity
  8
0
  6
Continuous
 62
     7
100
AcDbLine
 10
399.4679050759307
 20
128.2515656380912
 30
0.0
 11
399.2279050759307
 21
128.2515656380912
 31
0.0
  0
LINE
  5
65C
330
70
100
AcDbEntity
  8
0
  6
Continuous
 62
     7
100
AcDbLine
 10
398.9679050759307
 20
128.2515656380912
 30
0.0
 11
398.7279050759307
 21
128.2515656380912
 31
0.0
  0
LINE
  5
65D
330
70
100
AcDbEntity
  8
0
  6
Continuous
 62
     7
100
AcDbLine
 10
398.4679050759307
 20
128.2515656380912
 30
0.0
 11
398.2279050759307
 21
128.2515656380912
 31
0.0
  0
LINE
  5
65E
330
70
100
AcDbEntity
  8
0
  6
Continuous
 62
     7
100
AcDbLine
 10
397.9679050759307
 20
128.2515656380912
 30
0.0
 11
397.7279050759307
 21
128.2515656380912
 31
0.0
  0
LINE
  5
65F
330
70
100
AcDbEntity
  8
0
  6
Continuous
 62
     7
100
AcDbLine
 10
397.4679050759307
 20
128.2515656380912
 30
0.0
 11
397.2279050759307
 21
128.2515656380912
 31
0.0
  0
LINE
  5
660
330
70
100
AcDbEntity
  8
0
  6
Continuous
 62
     7
100
AcDbLine
 10
396.9679050759308
 20
128.2515656380912
 30
0.0
 11
396.7279050759307
 21
128.2515656380912
 31
0.0
  0
LINE
  5
661
330
70
100
AcDbEntity
  8
0
  6
Continuous
 62
     7
100
AcDbLine
 10
396.4679050759307
 20
128.2515656380912
 30
0.0
 11
396.2279050759306
 21
128.2515656380912
 31
0.0
  0
LINE
  5
662
330
70
100
AcDbEntity
  8
0
  6
Continuous
 62
     7
100
AcDbLine
 10
395.9679050759307
 20
128.2515656380912
 30
0.0
 11
395.7279050759307
 21
128.2515656380912
 31
0.0
  0
LINE
  5
663
330
70
100
AcDbEntity
  8
0
  6
Continuous
 62
     7
100
AcDbLine
 10
395.4679050759307
 20
128.2515656380912
 30
0.0
 11
395.2279050759307
 21
128.2515656380912
 31
0.0
  0
LINE
  5
664
330
70
100
AcDbEntity
  8
0
  6
Continuous
 62
     7
100
AcDbLine
 10
394.9679050759307
 20
128.2515656380912
 30
0.0
 11
394.7279050759308
 21
128.2515656380912
 31
0.0
  0
LINE
  5
665
330
70
100
AcDbEntity
  8
0
  6
Continuous
 62
     7
100
AcDbLine
 10
394.4679050759307
 20
128.2515656380912
 30
0.0
 11
394.2279050759307
 21
128.2515656380912
 31
0.0
  0
LINE
  5
666
330
70
100
AcDbEntity
  8
0
  6
Continuous
 62
     7
100
AcDbLine
 10
393.9679050759307
 20
128.2515656380912
 30
0.0
 11
393.7279050759307
 21
128.2515656380912
 31
0.0
  0
LINE
  5
667
330
70
100
AcDbEntity
  8
0
  6
Continuous
 62
     7
100
AcDbLine
 10
393.4679050759307
 20
128.2515656380912
 30
0.0
 11
393.2279050759307
 21
128.2515656380912
 31
0.0
  0
LINE
  5
668
330
70
100
AcDbEntity
  8
0
  6
Continuous
 62
     7
100
AcDbLine
 10
392.9679050759308
 20
128.2515656380912
 30
0.0
 11
392.7279050759307
 21
128.2515656380912
 31
0.0
  0
LINE
  5
669
330
70
100
AcDbEntity
  8
0
  6
Continuous
 62
     7
100
AcDbLine
 10
392.4679050759307
 20
128.2515656380912
 30
0.0
 11
392.2279050759307
 21
128.2515656380912
 31
0.0
  0
LINE
  5
66A
330
70
100
AcDbEntity
  8
0
  6
Continuous
 62
     7
100
AcDbLine
 10
391.9679050759307
 20
128.2515656380912
 30
0.0
 11
391.5479050759307
 21
128.2515656380912
 31
0.0
  0
LINE
  5
66B
330
70
100
AcDbEntity
  8
0
  6
Continuous
 62
     7
100
AcDbLine
 10
392.0279050759307
 20
128.4474677720911
 30
0.0
 11
392.1679050759307
 21
128.4474677720911
 31
0.0
  0
LINE
  5
66C
330
70
100
AcDbEntity
  8
0
  6
Continuous
 62
     7
100
AcDbLine
 10
392.5279050759307
 20
128.4474677720911
 30
0.0
 11
392.6679050759307
 21
128.4474677720911
 31
0.0
  0
LINE
  5
66D
330
70
100
AcDbEntity
  8
0
  6
Continuous
 62
     7
100
AcDbLine
 10
393.0279050759307
 20
128.4474677720911
 30
0.0
 11
393.1679050759307
 21
128.4474677720911
 31
0.0
  0
LINE
  5
66E
330
70
100
AcDbEntity
  8
0
  6
Continuous
 62
     7
100
AcDbLine
 10
393.5279050759307
 20
128.4474677720911
 30
0.0
 11
393.6679050759307
 21
128.4474677720911
 31
0.0
  0
LINE
  5
66F
330
70
100
AcDbEntity
  8
0
  6
Continuous
 62
     7
100
AcDbLine
 10
394.0279050759307
 20
128.4474677720911
 30
0.0
 11
394.1679050759307
 21
128.4474677720911
 31
0.0
  0
LINE
  5
670
330
70
100
AcDbEntity
  8
0
  6
Continuous
 62
     7
100
AcDbLine
 10
394.5279050759308
 20
128.4474677720911
 30
0.0
 11
394.6679050759307
 21
128.4474677720911
 31
0.0
  0
LINE
  5
671
330
70
100
AcDbEntity
  8
0
  6
Continuous
 62
     7
100
AcDbLine
 10
395.0279050759308
 20
128.4474677720911
 30
0.0
 11
395.1679050759307
 21
128.4474677720911
 31
0.0
  0
LINE
  5
672
330
70
100
AcDbEntity
  8
0
  6
Continuous
 62
     7
100
AcDbLine
 10
395.5279050759308
 20
128.4474677720911
 30
0.0
 11
395.6679050759307
 21
128.4474677720911
 31
0.0
  0
LINE
  5
673
330
70
100
AcDbEntity
  8
0
  6
Continuous
 62
     7
100
AcDbLine
 10
396.0279050759307
 20
128.4474677720911
 30
0.0
 11
396.1679050759307
 21
128.4474677720911
 31
0.0
  0
LINE
  5
674
330
70
100
AcDbEntity
  8
0
  6
Continuous
 62
     7
100
AcDbLine
 10
396.5279050759307
 20
128.4474677720911
 30
0.0
 11
396.6679050759307
 21
128.4474677720911
 31
0.0
  0
LINE
  5
675
330
70
100
AcDbEntity
  8
0
  6
Continuous
 62
     7
100
AcDbLine
 10
397.0279050759307
 20
128.4474677720911
 30
0.0
 11
397.1679050759307
 21
128.4474677720911
 31
0.0
  0
LINE
  5
676
330
70
100
AcDbEntity
  8
0
  6
Continuous
 62
     7
100
AcDbLine
 10
397.5279050759307
 20
128.4474677720911
 30
0.0
 11
397.6679050759307
 21
128.4474677720911
 31
0.0
  0
LINE
  5
677
330
70
100
AcDbEntity
  8
0
  6
Continuous
 62
     7
100
AcDbLine
 10
398.0279050759307
 20
128.4474677720911
 30
0.0
 11
398.1679050759307
 21
128.4474677720911
 31
0.0
  0
LINE
  5
678
330
70
100
AcDbEntity
  8
0
  6
Continuous
 62
     7
100
AcDbLine
 10
398.5279050759307
 20
128.4474677720911
 30
0.0
 11
398.6679050759306
 21
128.4474677720911
 31
0.0
  0
LINE
  5
679
330
70
100
AcDbEntity
  8
0
  6
Continuous
 62
     7
100
AcDbLine
 10
399.0279050759307
 20
128.4474677720911
 30
0.0
 11
399.1679050759307
 21
128.4474677720911
 31
0.0
  0
LINE
  5
67A
330
70
100
AcDbEntity
  8
0
  6
Continuous
 62
     7
100
AcDbLine
 10
399.5279050759308
 20
128.4474677720911
 30
0.0
 11
399.6679050759307
 21
128.4474677720911
 31
0.0
  0
LINE
  5
67B
330
70
100
AcDbEntity
  8
0
  6
Continuous
 62
     7
100
AcDbLine
 10
400.0279050759307
 20
128.4474677720911
 30
0.0
 11
400.1679050759307
 21
128.4474677720911
 31
0.0
  0
LINE
  5
67C
330
70
100
AcDbEntity
  8
0
  6
Continuous
 62
     7
100
AcDbLine
 10
400.5279050759306
 20
128.4474677720911
 30
0.0
 11
400.6679050759307
 21
128.4474677720911
 31
0.0
  0
LINE
  5
67D
330
70
100
AcDbEntity
  8
0
  6
Continuous
 62
     7
100
AcDbLine
 10
401.0279050759306
 20
128.4474677720911
 30
0.0
 11
401.1679050759306
 21
128.4474677720911
 31
0.0
  0
LINE
  5
67E
330
70
100
AcDbEntity
  8
0
  6
Continuous
 62
     7
100
AcDbLine
 10
401.5279050759306
 20
128.4474677720911
 30
0.0
 11
401.6679050759306
 21
128.4474677720911
 31
0.0
  0
LINE
  5
67F
330
70
100
AcDbEntity
  8
0
  6
Continuous
 62
     7
100
AcDbLine
 10
401.6979050759307
 20
128.5265656384911
 30
0.0
 11
401.4979050759306
 21
128.5265656384911
 31
0.0
  0
LINE
  5
680
330
70
100
AcDbEntity
  8
0
  6
Continuous
 62
     7
100
AcDbLine
 10
400.6979050759307
 20
128.5265656384911
 30
0.0
 11
400.4979050759306
 21
128.5265656384911
 31
0.0
  0
LINE
  5
681
330
70
100
AcDbEntity
  8
0
  6
Continuous
 62
     7
100
AcDbLine
 10
400.1979050759307
 20
128.5265656384911
 30
0.0
 11
399.9979050759307
 21
128.5265656384911
 31
0.0
  0
LINE
  5
682
330
70
100
AcDbEntity
  8
0
  6
Continuous
 62
     7
100
AcDbLine
 10
399.6979050759307
 20
128.5265656384911
 30
0.0
 11
399.4979050759306
 21
128.5265656384911
 31
0.0
  0
LINE
  5
683
330
70
100
AcDbEntity
  8
0
  6
Continuous
 62
     7
100
AcDbLine
 10
399.1979050759305
 20
128.5265656384911
 30
0.0
 11
398.9979050759307
 21
128.5265656384911
 31
0.0
  0
LINE
  5
684
330
70
100
AcDbEntity
  8
0
  6
Continuous
 62
     7
100
AcDbLine
 10
398.6979050759306
 20
128.5265656384911
 30
0.0
 11
398.4979050759307
 21
128.5265656384911
 31
0.0
  0
LINE
  5
685
330
70
100
AcDbEntity
  8
0
  6
Continuous
 62
     7
100
AcDbLine
 10
398.1979050759307
 20
128.5265656384911
 30
0.0
 11
397.9979050759307
 21
128.5265656384911
 31
0.0
  0
LINE
  5
686
330
70
100
AcDbEntity
  8
0
  6
Continuous
 62
     7
100
AcDbLine
 10
397.6979050759307
 20
128.5265656384911
 30
0.0
 11
397.4979050759306
 21
128.5265656384911
 31
0.0
  0
LINE
  5
687
330
70
100
AcDbEntity
  8
0
  6
Continuous
 62
     7
100
AcDbLine
 10
397.1979050759308
 20
128.5265656384911
 30
0.0
 11
396.9979050759306
 21
128.5265656384911
 31
0.0
  0
LINE
  5
688
330
70
100
AcDbEntity
  8
0
  6
Continuous
 62
     7
100
AcDbLine
 10
396.6979050759308
 20
128.5265656384911
 30
0.0
 11
396.4979050759307
 21
128.5265656384911
 31
0.0
  0
LINE
  5
689
330
70
100
AcDbEntity
  8
0
  6
Continuous
 62
     7
100
AcDbLine
 10
396.1979050759308
 20
128.5265656384911
 30
0.0
 11
395.9979050759307
 21
128.5265656384911
 31
0.0
  0
LINE
  5
68A
330
70
100
AcDbEntity
  8
0
  6
Continuous
 62
     7
100
AcDbLine
 10
395.6979050759307
 20
128.5265656384911
 30
0.0
 11
395.4979050759306
 21
128.5265656384911
 31
0.0
  0
LINE
  5
68B
330
70
100
AcDbEntity
  8
0
  6
Continuous
 62
     7
100
AcDbLine
 10
395.1979050759307
 20
128.5265656384911
 30
0.0
 11
394.9979050759307
 21
128.5265656384911
 31
0.0
  0
LINE
  5
68C
330
70
100
AcDbEntity
  8
0
  6
Continuous
 62
     7
100
AcDbLine
 10
394.6979050759306
 20
128.5265656384911
 30
0.0
 11
394.4979050759307
 21
128.5265656384911
 31
0.0
  0
LINE
  5
68D
330
70
100
AcDbEntity
  8
0
  6
Continuous
 62
     7
100
AcDbLine
 10
394.1979050759308
 20
128.5265656384911
 30
0.0
 11
393.9979050759307
 21
128.5265656384911
 31
0.0
  0
LINE
  5
68E
330
70
100
AcDbEntity
  8
0
  6
Continuous
 62
     7
100
AcDbLine
 10
393.6979050759307
 20
128.5265656384911
 30
0.0
 11
393.4979050759307
 21
128.5265656384911
 31
0.0
  0
LINE
  5
68F
330
70
100
AcDbEntity
  8
0
  6
Continuous
 62
     7
100
AcDbLine
 10
393.1979050759307
 20
128.5265656384911
 30
0.0
 11
392.9979050759306
 21
128.5265656384911
 31
0.0
  0
LINE
  5
690
330
70
100
AcDbEntity
  8
0
  6
Continuous
 62
     7
100
AcDbLine
 10
392.6979050759308
 20
128.5265656384911
 30
0.0
 11
392.4979050759306
 21
128.5265656384911
 31
0.0
  0
LINE
  5
691
330
70
100
AcDbEntity
  8
0
  6
Continuous
 62
     7
100
AcDbLine
 10
392.1979050759308
 20
128.5265656384911
 30
0.0
 11
391.9979050759307
 21
128.5265656384911
 31
0.0
  0
LINE
  5
692
330
70
100
AcDbEntity
  8
0
  6
Continuous
 62
     7
100
AcDbLine
 10
400.9979050759306
 20
128.5265656384911
 30
0.0
 11
401.1979050759307
 21
128.5265656384911
 31
0.0
  0
LINE
  5
693
330
70
100
AcDbEntity
  8
0
  6
Continuous
 62
     7
100
AcDbLine
 10
401.2079050759307
 20
128.6265656380912
 30
0.0
 11
400.9879050759306
 21
128.6265656380912
 31
0.0
  0
LINE
  5
694
330
70
100
AcDbEntity
  8
0
  6
Continuous
 62
     7
100
AcDbLine
 10
397.7079050759307
 20
128.6265656380912
 30
0.0
 11
397.4879050759307
 21
128.6265656380912
 31
0.0
  0
LINE
  5
695
330
70
100
AcDbEntity
  8
0
  6
Continuous
 62
     7
100
AcDbLine
 10
397.2079050759307
 20
128.6265656380912
 30
0.0
 11
396.9879050759307
 21
128.6265656380912
 31
0.0
  0
LINE
  5
696
330
70
100
AcDbEntity
  8
0
  6
Continuous
 62
     7
100
AcDbLine
 10
396.7079050759307
 20
128.6265656380912
 30
0.0
 11
396.4879050759307
 21
128.6265656380912
 31
0.0
  0
LINE
  5
697
330
70
100
AcDbEntity
  8
0
  6
Continuous
 62
     7
100
AcDbLine
 10
396.2079050759307
 20
128.6265656380912
 30
0.0
 11
395.9879050759307
 21
128.6265656380912
 31
0.0
  0
LINE
  5
698
330
70
100
AcDbEntity
  8
0
  6
Continuous
 62
     7
100
AcDbLine
 10
395.7079050759308
 20
128.6265656380912
 30
0.0
 11
395.4879050759307
 21
128.6265656380912
 31
0.0
  0
LINE
  5
699
330
70
100
AcDbEntity
  8
0
  6
Continuous
 62
     7
100
AcDbLine
 10
395.2079050759307
 20
128.6265656380912
 30
0.0
 11
394.9879050759307
 21
128.6265656380912
 31
0.0
  0
LINE
  5
69A
330
70
100
AcDbEntity
  8
0
  6
Continuous
 62
     7
100
AcDbLine
 10
394.7079050759307
 20
128.6265656380912
 30
0.0
 11
394.4879050759307
 21
128.6265656380912
 31
0.0
  0
LINE
  5
69B
330
70
100
AcDbEntity
  8
0
  6
Continuous
 62
     7
100
AcDbLine
 10
394.2079050759307
 20
128.6265656380912
 30
0.0
 11
393.9879050759306
 21
128.6265656380912
 31
0.0
  0
LINE
  5
69C
330
70
100
AcDbEntity
  8
0
  6
Continuous
 62
     7
100
AcDbLine
 10
393.7079050759307
 20
128.6265656380912
 30
0.0
 11
393.4879050759306
 21
128.6265656380912
 31
0.0
  0
LINE
  5
69D
330
70
100
AcDbEntity
  8
0
  6
Continuous
 62
     7
100
AcDbLine
 10
393.2079050759307
 20
128.6265656380912
 30
0.0
 11
392.9879050759307
 21
128.6265656380912
 31
0.0
  0
LINE
  5
69E
330
70
100
AcDbEntity
  8
0
  6
Continuous
 62
     7
100
AcDbLine
 10
392.7079050759307
 20
128.6265656380912
 30
0.0
 11
392.4879050759307
 21
128.6265656380912
 31
0.0
  0
LINE
  5
69F
330
70
100
AcDbEntity
  8
0
  6
Continuous
 62
     7
100
AcDbLine
 10
392.2079050759307
 20
128.6265656380912
 30
0.0
 11
391.9879050759307
 21
128.6265656380912
 31
0.0
  0
LINE
  5
6A0
330
70
100
AcDbEntity
  8
0
  6
Continuous
 62
     7
100
AcDbLine
 10
397.9879050759306
 20
128.6265656380912
 30
0.0
 11
398.2079050759307
 21
128.6265656380912
 31
0.0
  0
LINE
  5
6A1
330
70
100
AcDbEntity
  8
0
  6
Continuous
 62
     7
100
AcDbLine
 10
398.4879050759307
 20
128.6265656380912
 30
0.0
 11
398.7079050759307
 21
128.6265656380912
 31
0.0
  0
LINE
  5
6A2
330
70
100
AcDbEntity
  8
0
  6
Continuous
 62
     7
100
AcDbLine
 10
398.9879050759307
 20
128.6265656380912
 30
0.0
 11
399.2079050759307
 21
128.6265656380912
 31
0.0
  0
LINE
  5
6A3
330
70
100
AcDbEntity
  8
0
  6
Continuous
 62
     7
100
AcDbLine
 10
399.4879050759307
 20
128.6265656380912
 30
0.0
 11
399.7079050759308
 21
128.6265656380912
 31
0.0
  0
LINE
  5
6A4
330
70
100
AcDbEntity
  8
0
  6
Continuous
 62
     7
100
AcDbLine
 10
399.9879050759307
 20
128.6265656380912
 30
0.0
 11
400.2079050759307
 21
128.6265656380912
 31
0.0
  0
LINE
  5
6A5
330
70
100
AcDbEntity
  8
0
  6
Continuous
 62
     7
100
AcDbLine
 10
400.4879050759306
 20
128.6265656380912
 30
0.0
 11
400.7079050759307
 21
128.6265656380912
 31
0.0
  0
LINE
  5
6A6
330
70
100
AcDbEntity
  8
0
  6
Continuous
 62
     7
100
AcDbLine
 10
401.4879050759306
 20
128.6265656380912
 30
0.0
 11
401.7079050759306
 21
128.6265656380912
 31
0.0
  0
LINE
  5
6A7
330
70
100
AcDbEntity
  8
0
  6
Continuous
 62
     7
100
AcDbLine
 10
401.2279050759306
 20
128.6515656380912
 30
0.0
 11
400.9679050759307
 21
128.6515656380912
 31
0.0
  0
LINE
  5
6A8
330
70
100
AcDbEntity
  8
0
  6
Continuous
 62
     7
100
AcDbLine
 10
397.7279050759307
 20
128.6515656380912
 30
0.0
 11
397.4679050759307
 21
128.6515656380912
 31
0.0
  0
LINE
  5
6A9
330
70
100
AcDbEntity
  8
0
  6
Continuous
 62
     7
100
AcDbLine
 10
397.2279050759307
 20
128.6515656380912
 30
0.0
 11
396.9679050759308
 21
128.6515656380912
 31
0.0
  0
LINE
  5
6AA
330
70
100
AcDbEntity
  8
0
  6
Continuous
 62
     7
100
AcDbLine
 10
396.7279050759307
 20
128.6515656380912
 30
0.0
 11
396.4679050759307
 21
128.6515656380912
 31
0.0
  0
LINE
  5
6AB
330
70
100
AcDbEntity
  8
0
  6
Continuous
 62
     7
100
AcDbLine
 10
396.2279050759306
 20
128.6515656380912
 30
0.0
 11
395.9679050759307
 21
128.6515656380912
 31
0.0
  0
LINE
  5
6AC
330
70
100
AcDbEntity
  8
0
  6
Continuous
 62
     7
100
AcDbLine
 10
395.7279050759307
 20
128.6515656380912
 30
0.0
 11
395.4679050759307
 21
128.6515656380912
 31
0.0
  0
LINE
  5
6AD
330
70
100
AcDbEntity
  8
0
  6
Continuous
 62
     7
100
AcDbLine
 10
395.2279050759307
 20
128.6515656380912
 30
0.0
 11
394.9679050759307
 21
128.6515656380912
 31
0.0
  0
LINE
  5
6AE
330
70
100
AcDbEntity
  8
0
  6
Continuous
 62
     7
100
AcDbLine
 10
394.7279050759308
 20
128.6515656380912
 30
0.0
 11
394.4679050759307
 21
128.6515656380912
 31
0.0
  0
LINE
  5
6AF
330
70
100
AcDbEntity
  8
0
  6
Continuous
 62
     7
100
AcDbLine
 10
394.2279050759307
 20
128.6515656380912
 30
0.0
 11
393.9679050759307
 21
128.6515656380912
 31
0.0
  0
LINE
  5
6B0
330
70
100
AcDbEntity
  8
0
  6
Continuous
 62
     7
100
AcDbLine
 10
393.7279050759307
 20
128.6515656380912
 30
0.0
 11
393.4679050759307
 21
128.6515656380912
 31
0.0
  0
LINE
  5
6B1
330
70
100
AcDbEntity
  8
0
  6
Continuous
 62
     7
100
AcDbLine
 10
393.2279050759307
 20
128.6515656380912
 30
0.0
 11
392.9679050759308
 21
128.6515656380912
 31
0.0
  0
LINE
  5
6B2
330
70
100
AcDbEntity
  8
0
  6
Continuous
 62
     7
100
AcDbLine
 10
392.7279050759307
 20
128.6515656380912
 30
0.0
 11
392.4679050759307
 21
128.6515656380912
 31
0.0
  0
LINE
  5
6B3
330
70
100
AcDbEntity
  8
0
  6
Continuous
 62
     7
100
AcDbLine
 10
392.2279050759307
 20
128.6515656380912
 30
0.0
 11
391.9679050759307
 21
128.6515656380912
 31
0.0
  0
LINE
  5
6B4
330
70
100
AcDbEntity
  8
0
  6
Continuous
 62
     7
100
AcDbLine
 10
397.9679050759307
 20
128.6515656380912
 30
0.0
 11
398.2279050759307
 21
128.6515656380912
 31
0.0
  0
LINE
  5
6B5
330
70
100
AcDbEntity
  8
0
  6
Continuous
 62
     7
100
AcDbLine
 10
398.4679050759307
 20
128.6515656380912
 30
0.0
 11
398.7279050759307
 21
128.6515656380912
 31
0.0
  0
LINE
  5
6B6
330
70
100
AcDbEntity
  8
0
  6
Continuous
 62
     7
100
AcDbLine
 10
398.9679050759307
 20
128.6515656380912
 30
0.0
 11
399.2279050759307
 21
128.6515656380912
 31
0.0
  0
LINE
  5
6B7
330
70
100
AcDbEntity
  8
0
  6
Continuous
 62
     7
100
AcDbLine
 10
399.4679050759307
 20
128.6515656380912
 30
0.0
 11
399.7279050759307
 21
128.6515656380912
 31
0.0
  0
LINE
  5
6B8
330
70
100
AcDbEntity
  8
0
  6
Continuous
 62
     7
100
AcDbLine
 10
399.9679050759307
 20
128.6515656380912
 30
0.0
 11
400.2279050759306
 21
128.6515656380912
 31
0.0
  0
LINE
  5
6B9
330
70
100
AcDbEntity
  8
0
  6
Continuous
 62
     7
100
AcDbLine
 10
400.4679050759307
 20
128.6515656380912
 30
0.0
 11
400.7279050759306
 21
128.6515656380912
 31
0.0
  0
LINE
  5
6BA
330
70
100
AcDbEntity
  8
0
  6
Continuous
 62
     7
100
AcDbLine
 10
401.4679050759307
 20
128.6515656380912
 30
0.0
 11
401.7279050759307
 21
128.6515656380912
 31
0.0
  0
LINE
  5
6BB
330
70
100
AcDbEntity
  8
0
  6
Continuous
 62
     7
100
AcDbLine
 10
390.3979050759307
 20
129.0515656380912
 30
0.0
 11
403.2979050759307
 21
129.0515656380912
 31
0.0
  0
LINE
  5
6BC
330
70
100
AcDbEntity
  8
0
  6
Continuous
 62
     7
100
AcDbLine
 10
392.1679050759307
 20
128.4474677720911
 30
0.0
 11
392.1979050759308
 21
128.4405325175911
 31
0.0
  0
LINE
  5
6BD
330
70
100
AcDbEntity
  8
0
  6
Continuous
 62
     7
100
AcDbLine
 10
392.6679050759307
 20
128.4474677720911
 30
0.0
 11
392.6979050759308
 21
128.4405325175911
 31
0.0
  0
LINE
  5
6BE
330
70
100
AcDbEntity
  8
0
  6
Continuous
 62
     7
100
AcDbLine
 10
393.1679050759307
 20
128.4474677720911
 30
0.0
 11
393.1979050759307
 21
128.4405325175911
 31
0.0
  0
LINE
  5
6BF
330
70
100
AcDbEntity
  8
0
  6
Continuous
 62
     7
100
AcDbLine
 10
393.6679050759307
 20
128.4474677720911
 30
0.0
 11
393.6979050759307
 21
128.4405325175911
 31
0.0
  0
LINE
  5
6C0
330
70
100
AcDbEntity
  8
0
  6
Continuous
 62
     7
100
AcDbLine
 10
394.1679050759307
 20
128.4474677720911
 30
0.0
 11
394.1979050759308
 21
128.4405325175911
 31
0.0
  0
LINE
  5
6C1
330
70
100
AcDbEntity
  8
0
  6
Continuous
 62
     7
100
AcDbLine
 10
394.6679050759307
 20
128.4474677720911
 30
0.0
 11
394.6979050759306
 21
128.4405325175911
 31
0.0
  0
LINE
  5
6C2
330
70
100
AcDbEntity
  8
0
  6
Continuous
 62
     7
100
AcDbLine
 10
395.1679050759307
 20
128.4474677720911
 30
0.0
 11
395.1979050759307
 21
128.4405325175911
 31
0.0
  0
LINE
  5
6C3
330
70
100
AcDbEntity
  8
0
  6
Continuous
 62
     7
100
AcDbLine
 10
395.6679050759307
 20
128.4474677720911
 30
0.0
 11
395.6979050759307
 21
128.4405325175911
 31
0.0
  0
LINE
  5
6C4
330
70
100
AcDbEntity
  8
0
  6
Continuous
 62
     7
100
AcDbLine
 10
396.1679050759307
 20
128.4474677720911
 30
0.0
 11
396.1979050759308
 21
128.4405325175911
 31
0.0
  0
LINE
  5
6C5
330
70
100
AcDbEntity
  8
0
  6
Continuous
 62
     7
100
AcDbLine
 10
396.6679050759307
 20
128.4474677720911
 30
0.0
 11
396.6979050759308
 21
128.4405325175911
 31
0.0
  0
LINE
  5
6C6
330
70
100
AcDbEntity
  8
0
  6
Continuous
 62
     7
100
AcDbLine
 10
397.1679050759307
 20
128.4474677720911
 30
0.0
 11
397.1979050759308
 21
128.4405325175911
 31
0.0
  0
LINE
  5
6C7
330
70
100
AcDbEntity
  8
0
  6
Continuous
 62
     7
100
AcDbLine
 10
397.6679050759307
 20
128.4474677720911
 30
0.0
 11
397.6979050759307
 21
128.4405325175911
 31
0.0
  0
LINE
  5
6C8
330
70
100
AcDbEntity
  8
0
  6
Continuous
 62
     7
100
AcDbLine
 10
398.1679050759307
 20
128.4474677720911
 30
0.0
 11
398.1979050759307
 21
128.4405325175911
 31
0.0
  0
LINE
  5
6C9
330
70
100
AcDbEntity
  8
0
  6
Continuous
 62
     7
100
AcDbLine
 10
398.6679050759306
 20
128.4474677720911
 30
0.0
 11
398.6979050759306
 21
128.4405325175911
 31
0.0
  0
LINE
  5
6CA
330
70
100
AcDbEntity
  8
0
  6
Continuous
 62
     7
100
AcDbLine
 10
399.1679050759307
 20
128.4474677720911
 30
0.0
 11
399.1979050759305
 21
128.4405325175911
 31
0.0
  0
LINE
  5
6CB
330
70
100
AcDbEntity
  8
0
  6
Continuous
 62
     7
100
AcDbLine
 10
399.6679050759307
 20
128.4474677720911
 30
0.0
 11
399.6979050759307
 21
128.4405325175911
 31
0.0
  0
LINE
  5
6CC
330
70
100
AcDbEntity
  8
0
  6
Continuous
 62
     7
100
AcDbLine
 10
400.1679050759307
 20
128.4474677720911
 30
0.0
 11
400.1979050759307
 21
128.4405325175911
 31
0.0
  0
LINE
  5
6CD
330
70
100
AcDbEntity
  8
0
  6
Continuous
 62
     7
100
AcDbLine
 10
400.6679050759307
 20
128.4474677720911
 30
0.0
 11
400.6979050759307
 21
128.4405325175911
 31
0.0
  0
LINE
  5
6CE
330
70
100
AcDbEntity
  8
0
  6
Continuous
 62
     7
100
AcDbLine
 10
401.1679050759306
 20
128.4474677720911
 30
0.0
 11
401.1979050759307
 21
128.4405325175911
 31
0.0
  0
LINE
  5
6CF
330
70
100
AcDbEntity
  8
0
  6
Continuous
 62
     7
100
AcDbLine
 10
401.6679050759306
 20
128.4474677720911
 30
0.0
 11
401.6979050759307
 21
128.4405325175911
 31
0.0
  0
LINE
  5
6D0
330
70
100
AcDbEntity
  8
0
  6
Continuous
 62
     7
100
AcDbLine
 10
390.8479050759307
 20
126.1015656380911
 30
0.0
 11
390.3979050759307
 21
126.5515656380912
 31
0.0
  0
LINE
  5
6D1
330
70
100
AcDbEntity
  8
0
  6
Continuous
 62
     7
100
AcDbLine
 10
401.4979050759306
 20
128.4405325175911
 30
0.0
 11
401.5279050759306
 21
128.4474677720911
 31
0.0
  0
LINE
  5
6D2
330
70
100
AcDbEntity
  8
0
  6
Continuous
 62
     7
100
AcDbLine
 10
400.9979050759306
 20
128.4405325175911
 30
0.0
 11
401.0279050759306
 21
128.4474677720911
 31
0.0
  0
LINE
  5
6D3
330
70
100
AcDbEntity
  8
0
  6
Continuous
 62
     7
100
AcDbLine
 10
400.4979050759306
 20
128.4405325175911
 30
0.0
 11
400.5279050759306
 21
128.4474677720911
 31
0.0
  0
LINE
  5
6D4
330
70
100
AcDbEntity
  8
0
  6
Continuous
 62
     7
100
AcDbLine
 10
399.9979050759307
 20
128.4405325175911
 30
0.0
 11
400.0279050759307
 21
128.4474677720911
 31
0.0
  0
LINE
  5
6D5
330
70
100
AcDbEntity
  8
0
  6
Continuous
 62
     7
100
AcDbLine
 10
399.4979050759306
 20
128.4405325175911
 30
0.0
 11
399.5279050759308
 21
128.4474677720911
 31
0.0
  0
LINE
  5
6D6
330
70
100
AcDbEntity
  8
0
  6
Continuous
 62
     7
100
AcDbLine
 10
398.9979050759307
 20
128.4405325175911
 30
0.0
 11
399.0279050759307
 21
128.4474677720911
 31
0.0
  0
LINE
  5
6D7
330
70
100
AcDbEntity
  8
0
  6
Continuous
 62
     7
100
AcDbLine
 10
398.4979050759307
 20
128.4405325175911
 30
0.0
 11
398.5279050759307
 21
128.4474677720911
 31
0.0
  0
LINE
  5
6D8
330
70
100
AcDbEntity
  8
0
  6
Continuous
 62
     7
100
AcDbLine
 10
397.9979050759307
 20
128.4405325175911
 30
0.0
 11
398.0279050759307
 21
128.4474677720911
 31
0.0
  0
LINE
  5
6D9
330
70
100
AcDbEntity
  8
0
  6
Continuous
 62
     7
100
AcDbLine
 10
397.4979050759306
 20
128.4405325175911
 30
0.0
 11
397.5279050759307
 21
128.4474677720911
 31
0.0
  0
LINE
  5
6DA
330
70
100
AcDbEntity
  8
0
  6
Continuous
 62
     7
100
AcDbLine
 10
396.9979050759306
 20
128.4405325175911
 30
0.0
 11
397.0279050759307
 21
128.4474677720911
 31
0.0
  0
LINE
  5
6DB
330
70
100
AcDbEntity
  8
0
  6
Continuous
 62
     7
100
AcDbLine
 10
396.4979050759307
 20
128.4405325175911
 30
0.0
 11
396.5279050759307
 21
128.4474677720911
 31
0.0
  0
LINE
  5
6DC
330
70
100
AcDbEntity
  8
0
  6
Continuous
 62
     7
100
AcDbLine
 10
395.9979050759307
 20
128.4405325175911
 30
0.0
 11
396.0279050759307
 21
128.4474677720911
 31
0.0
  0
LINE
  5
6DD
330
70
100
AcDbEntity
  8
0
  6
Continuous
 62
     7
100
AcDbLine
 10
395.4979050759306
 20
128.4405325175911
 30
0.0
 11
395.5279050759308
 21
128.4474677720911
 31
0.0
  0
LINE
  5
6DE
330
70
100
AcDbEntity
  8
0
  6
Continuous
 62
     7
100
AcDbLine
 10
394.9979050759307
 20
128.4405325175911
 30
0.0
 11
395.0279050759308
 21
128.4474677720911
 31
0.0
  0
LINE
  5
6DF
330
70
100
AcDbEntity
  8
0
  6
Continuous
 62
     7
100
AcDbLine
 10
394.4979050759307
 20
128.4405325175911
 30
0.0
 11
394.5279050759308
 21
128.4474677720911
 31
0.0
  0
LINE
  5
6E0
330
70
100
AcDbEntity
  8
0
  6
Continuous
 62
     7
100
AcDbLine
 10
393.9979050759307
 20
128.4405325175911
 30
0.0
 11
394.0279050759307
 21
128.4474677720911
 31
0.0
  0
LINE
  5
6E1
330
70
100
AcDbEntity
  8
0
  6
Continuous
 62
     7
100
AcDbLine
 10
393.4979050759307
 20
128.4405325175911
 30
0.0
 11
393.5279050759307
 21
128.4474677720911
 31
0.0
  0
LINE
  5
6E2
330
70
100
AcDbEntity
  8
0
  6
Continuous
 62
     7
100
AcDbLine
 10
392.9979050759306
 20
128.4405325175911
 30
0.0
 11
393.0279050759307
 21
128.4474677720911
 31
0.0
  0
LINE
  5
6E3
330
70
100
AcDbEntity
  8
0
  6
Continuous
 62
     7
100
AcDbLine
 10
392.4979050759306
 20
128.4405325175911
 30
0.0
 11
392.5279050759307
 21
128.4474677720911
 31
0.0
  0
LINE
  5
6E4
330
70
100
AcDbEntity
  8
0
  6
Continuous
 62
     7
100
AcDbLine
 10
391.9979050759307
 20
128.4405325175911
 30
0.0
 11
392.0279050759307
 21
128.4474677720911
 31
0.0
  0
LINE
  5
6E5
330
70
100
AcDbEntity
  8
0
  6
Continuous
 62
     7
100
AcDbLine
 10
402.1479050759307
 20
127.8515656380911
 30
0.0
 11
402.2979050759306
 21
127.7015656380911
 31
0.0
  0
LINE
  5
6E6
330
70
100
AcDbEntity
  8
0
  6
HIDDEN
 62
     1
100
AcDbLine
 10
349.3656775130513
 20
154.4601565388647
 30
0.0
 11
354.3656775130513
 21
154.4601565388647
 31
0.0
  0
LINE
  5
6E8
330
70
100
AcDbEntity
  8
0
  6
Continuous
 62
     7
100
AcDbLine
 10
392.1927404730307
 20
128.2437526640911
 30
0.0
 11
392.1979050759308
 21
128.2287623836911
 31
0.0
  0
LINE
  5
6E9
330
70
100
AcDbEntity
  8
0
  6
Continuous
 62
     7
100
AcDbLine
 10
392.6927404730307
 20
128.2437526640911
 30
0.0
 11
392.6979050759308
 21
128.2287623836911
 31
0.0
  0
LINE
  5
6EA
330
70
100
AcDbEntity
  8
0
  6
Continuous
 62
     7
100
AcDbLine
 10
393.1927404730307
 20
128.2437526640911
 30
0.0
 11
393.1979050759307
 21
128.2287623836911
 31
0.0
  0
LINE
  5
6EB
330
70
100
AcDbEntity
  8
0
  6
Continuous
 62
     7
100
AcDbLine
 10
393.6927404730307
 20
128.2437526640911
 30
0.0
 11
393.6979050759307
 21
128.2287623836911
 31
0.0
  0
LINE
  5
6EC
330
70
100
AcDbEntity
  8
0
  6
Continuous
 62
     7
100
AcDbLine
 10
394.1927404730307
 20
128.2437526640911
 30
0.0
 11
394.1979050759308
 21
128.2287623836911
 31
0.0
  0
LINE
  5
6ED
330
70
100
AcDbEntity
  8
0
  6
Continuous
 62
     7
100
AcDbLine
 10
394.6927404730307
 20
128.2437526640911
 30
0.0
 11
394.6979050759306
 21
128.2287623836911
 31
0.0
  0
LINE
  5
6EE
330
70
100
AcDbEntity
  8
0
  6
Continuous
 62
     7
100
AcDbLine
 10
395.1927404730307
 20
128.2437526640911
 30
0.0
 11
395.1979050759307
 21
128.2287623836911
 31
0.0
  0
LINE
  5
6EF
330
70
100
AcDbEntity
  8
0
  6
Continuous
 62
     7
100
AcDbLine
 10
395.6927404730306
 20
128.2437526640911
 30
0.0
 11
395.6979050759307
 21
128.2287623836911
 31
0.0
  0
LINE
  5
6F0
330
70
100
AcDbEntity
  8
0
  6
Continuous
 62
     7
100
AcDbLine
 10
396.1927404730307
 20
128.2437526640911
 30
0.0
 11
396.1979050759308
 21
128.2287623836911
 31
0.0
  0
LINE
  5
6F1
330
70
100
AcDbEntity
  8
0
  6
Continuous
 62
     7
100
AcDbLine
 10
396.6927404730307
 20
128.2437526640911
 30
0.0
 11
396.6979050759308
 21
128.2287623836911
 31
0.0
  0
LINE
  5
6F2
330
70
100
AcDbEntity
  8
0
  6
Continuous
 62
     7
100
AcDbLine
 10
397.1927404730307
 20
128.2437526640911
 30
0.0
 11
397.1979050759308
 21
128.2287623836911
 31
0.0
  0
LINE
  5
6F3
330
70
100
AcDbEntity
  8
0
  6
Continuous
 62
     7
100
AcDbLine
 10
397.6927404730307
 20
128.2437526640911
 30
0.0
 11
397.6979050759307
 21
128.2287623836911
 31
0.0
  0
LINE
  5
6F4
330
70
100
AcDbEntity
  8
0
  6
Continuous
 62
     7
100
AcDbLine
 10
398.1927404730307
 20
128.2437526640911
 30
0.0
 11
398.1979050759307
 21
128.2287623836911
 31
0.0
  0
LINE
  5
6F5
330
70
100
AcDbEntity
  8
0
  6
Continuous
 62
     7
100
AcDbLine
 10
398.6927404730307
 20
128.2437526640911
 30
0.0
 11
398.6979050759306
 21
128.2287623836911
 31
0.0
  0
LINE
  5
6F6
330
70
100
AcDbEntity
  8
0
  6
Continuous
 62
     7
100
AcDbLine
 10
399.1927404730306
 20
128.2437526640911
 30
0.0
 11
399.1979050759305
 21
128.2287623836911
 31
0.0
  0
LINE
  5
6F7
330
70
100
AcDbEntity
  8
0
  6
Continuous
 62
     7
100
AcDbLine
 10
399.6927404730307
 20
128.2437526640911
 30
0.0
 11
399.6979050759307
 21
128.2287623836911
 31
0.0
  0
LINE
  5
6F8
330
70
100
AcDbEntity
  8
0
  6
Continuous
 62
     7
100
AcDbLine
 10
400.1927404730306
 20
128.2437526640911
 30
0.0
 11
400.1979050759307
 21
128.2287623836911
 31
0.0
  0
LINE
  5
6F9
330
70
100
AcDbEntity
  8
0
  6
Continuous
 62
     7
100
AcDbLine
 10
400.6927404730307
 20
128.2437526640911
 30
0.0
 11
400.6979050759307
 21
128.2287623836911
 31
0.0
  0
LINE
  5
6FA
330
70
100
AcDbEntity
  8
0
  6
Continuous
 62
     7
100
AcDbLine
 10
401.1927404730307
 20
128.2437526640911
 30
0.0
 11
401.1979050759307
 21
128.2287623836911
 31
0.0
  0
LINE
  5
6FB
330
70
100
AcDbEntity
  8
0
  6
Continuous
 62
     7
100
AcDbLine
 10
390.3979050759307
 20
129.0515656380912
 30
0.0
 11
390.3979050759307
 21
126.5515656380912
 31
0.0
  0
LINE
  5
6FC
330
70
100
AcDbEntity
  8
0
  6
HIDDEN
 62
     1
100
AcDbLine
 10
354.3656775130513
 20
166.4601565388646
 30
0.0
 11
349.3656775130513
 21
166.4601565388646
 31
0.0
  0
LINE
  5
6FE
330
70
100
AcDbEntity
  8
0
  6
Continuous
 62
     7
100
AcDbLine
 10
401.6927404730306
 20
128.2437526640911
 30
0.0
 11
401.6979050759307
 21
128.2287623836911
 31
0.0
  0
LINE
  5
6FF
330
70
100
AcDbEntity
  8
0
  6
Continuous
 62
     7
100
AcDbLine
 10
391.3979050759307
 20
127.7015656380911
 30
0.0
 11
391.3979050759307
 21
128.5015656380911
 31
0.0
  0
LINE
  5
700
330
70
100
AcDbEntity
  8
0
  6
Continuous
 62
     7
100
AcDbLine
 10
391.5479050759307
 20
128.2515656380912
 30
0.0
 11
391.5479050759307
 21
127.8515656380911
 31
0.0
  0
LINE
  5
701
330
70
100
AcDbEntity
  8
0
  6
Continuous
 62
     7
100
AcDbLine
 10
391.9679050759307
 20
128.2515656380912
 30
0.0
 11
391.9679050759307
 21
128.6515656380912
 31
0.0
  0
LINE
  5
702
330
70
100
AcDbEntity
  8
0
  6
Continuous
 62
     7
100
AcDbLine
 10
391.9879050759307
 20
127.8515656380911
 30
0.0
 11
391.9879050759307
 21
128.6265656380912
 31
0.0
  0
LINE
  5
703
330
70
100
AcDbEntity
  8
0
  6
Continuous
 62
     7
100
AcDbLine
 10
391.9979050759307
 20
127.8515656380911
 30
0.0
 11
391.9979050759307
 21
128.0114391364911
 31
0.0
  0
LINE
  5
704
330
70
100
AcDbEntity
  8
0
  6
Continuous
 62
     7
100
AcDbLine
 10
391.9979050759307
 20
128.0168783390911
 30
0.0
 11
391.9979050759307
 21
128.6265656382911
 31
0.0
  0
LINE
  5
705
330
70
100
AcDbEntity
  8
0
  6
Continuous
 62
     7
100
AcDbLine
 10
392.1979050759308
 20
127.8515656380911
 30
0.0
 11
392.1979050759308
 21
128.6265656382911
 31
0.0
  0
LINE
  5
706
330
70
100
AcDbEntity
  8
0
  6
Continuous
 62
     7
100
AcDbLine
 10
392.2079050759307
 20
127.8515656380911
 30
0.0
 11
392.2079050759307
 21
128.6265656380912
 31
0.0
  0
LINE
  5
707
330
70
100
AcDbEntity
  8
0
  6
Continuous
 62
     7
100
AcDbLine
 10
392.2279050759307
 20
128.2515656380912
 30
0.0
 11
392.2279050759307
 21
128.6515656380912
 31
0.0
  0
LINE
  5
708
330
70
100
AcDbEntity
  8
0
  6
Continuous
 62
     7
100
AcDbLine
 10
392.4679050759307
 20
128.2515656380912
 30
0.0
 11
392.4679050759307
 21
128.6515656380912
 31
0.0
  0
LINE
  5
709
330
70
100
AcDbEntity
  8
0
  6
Continuous
 62
     7
100
AcDbLine
 10
392.4879050759307
 20
127.8515656380911
 30
0.0
 11
392.4879050759307
 21
128.6265656380912
 31
0.0
  0
LINE
  5
70A
330
70
100
AcDbEntity
  8
0
  6
Continuous
 62
     7
100
AcDbLine
 10
392.4979050759306
 20
128.0114391364911
 30
0.0
 11
392.4979050759306
 21
127.8515656380911
 31
0.0
  0
LINE
  5
70B
330
70
100
AcDbEntity
  8
0
  6
Continuous
 62
     7
100
AcDbLine
 10
392.4979050759306
 20
128.0168783390911
 30
0.0
 11
392.4979050759306
 21
128.6265656382911
 31
0.0
  0
LINE
  5
70C
330
70
100
AcDbEntity
  8
0
  6
Continuous
 62
     7
100
AcDbLine
 10
392.6979050759308
 20
127.8515656380911
 30
0.0
 11
392.6979050759308
 21
128.6265656382911
 31
0.0
  0
LINE
  5
70D
330
70
100
AcDbEntity
  8
0
  6
Continuous
 62
     7
100
AcDbLine
 10
392.7079050759307
 20
127.8515656380911
 30
0.0
 11
392.7079050759307
 21
128.6265656380912
 31
0.0
  0
LINE
  5
70E
330
70
100
AcDbEntity
  8
0
  6
Continuous
 62
     7
100
AcDbLine
 10
392.7279050759307
 20
128.2515656380912
 30
0.0
 11
392.7279050759307
 21
128.6515656380912
 31
0.0
  0
LINE
  5
70F
330
70
100
AcDbEntity
  8
0
  6
Continuous
 62
     7
100
AcDbLine
 10
392.9679050759308
 20
128.2515656380912
 30
0.0
 11
392.9679050759308
 21
128.6515656380912
 31
0.0
  0
LINE
  5
710
330
70
100
AcDbEntity
  8
0
  6
Continuous
 62
     7
100
AcDbLine
 10
392.9879050759307
 20
127.8515656380911
 30
0.0
 11
392.9879050759307
 21
128.6265656380912
 31
0.0
  0
LINE
  5
711
330
70
100
AcDbEntity
  8
0
  6
Continuous
 62
     7
100
AcDbLine
 10
392.9979050759306
 20
127.8515656380911
 30
0.0
 11
392.9979050759306
 21
128.0114391364911
 31
0.0
  0
LINE
  5
712
330
70
100
AcDbEntity
  8
0
  6
Continuous
 62
     7
100
AcDbLine
 10
392.9979050759306
 20
128.0168783390911
 30
0.0
 11
392.9979050759306
 21
128.6265656382911
 31
0.0
  0
LINE
  5
713
330
70
100
AcDbEntity
  8
0
  6
Continuous
 62
     7
100
AcDbLine
 10
393.1979050759307
 20
127.8515656380911
 30
0.0
 11
393.1979050759307
 21
128.6265656382911
 31
0.0
  0
LINE
  5
714
330
70
100
AcDbEntity
  8
0
  6
Continuous
 62
     7
100
AcDbLine
 10
393.2079050759307
 20
127.8515656380911
 30
0.0
 11
393.2079050759307
 21
128.6265656380912
 31
0.0
  0
LINE
  5
715
330
70
100
AcDbEntity
  8
0
  6
Continuous
 62
     7
100
AcDbLine
 10
393.2279050759307
 20
128.2515656380912
 30
0.0
 11
393.2279050759307
 21
128.6515656380912
 31
0.0
  0
LINE
  5
716
330
70
100
AcDbEntity
  8
0
  6
Continuous
 62
     7
100
AcDbLine
 10
393.4679050759307
 20
128.2515656380912
 30
0.0
 11
393.4679050759307
 21
128.6515656380912
 31
0.0
  0
LINE
  5
717
330
70
100
AcDbEntity
  8
0
  6
Continuous
 62
     7
100
AcDbLine
 10
393.4879050759306
 20
127.8515656380911
 30
0.0
 11
393.4879050759306
 21
128.6265656380912
 31
0.0
  0
LINE
  5
718
330
70
100
AcDbEntity
  8
0
  6
Continuous
 62
     7
100
AcDbLine
 10
393.4979050759307
 20
128.0114391364911
 30
0.0
 11
393.4979050759307
 21
127.8515656380911
 31
0.0
  0
LINE
  5
719
330
70
100
AcDbEntity
  8
0
  6
Continuous
 62
     7
100
AcDbLine
 10
393.4979050759307
 20
128.0168783390911
 30
0.0
 11
393.4979050759307
 21
128.6265656382911
 31
0.0
  0
LINE
  5
71A
330
70
100
AcDbEntity
  8
0
  6
Continuous
 62
     7
100
AcDbLine
 10
393.6979050759307
 20
127.8515656380911
 30
0.0
 11
393.6979050759307
 21
128.6265656382911
 31
0.0
  0
LINE
  5
71B
330
70
100
AcDbEntity
  8
0
  6
Continuous
 62
     7
100
AcDbLine
 10
393.7079050759307
 20
127.8515656380911
 30
0.0
 11
393.7079050759307
 21
128.6265656380912
 31
0.0
  0
LINE
  5
71C
330
70
100
AcDbEntity
  8
0
  6
Continuous
 62
     7
100
AcDbLine
 10
393.7279050759307
 20
128.2515656380912
 30
0.0
 11
393.7279050759307
 21
128.6515656380912
 31
0.0
  0
LINE
  5
71D
330
70
100
AcDbEntity
  8
0
  6
Continuous
 62
     7
100
AcDbLine
 10
393.9679050759307
 20
128.2515656380912
 30
0.0
 11
393.9679050759307
 21
128.6515656380912
 31
0.0
  0
LINE
  5
71E
330
70
100
AcDbEntity
  8
0
  6
Continuous
 62
     7
100
AcDbLine
 10
393.9879050759306
 20
127.8515656380911
 30
0.0
 11
393.9879050759306
 21
128.6265656380912
 31
0.0
  0
LINE
  5
71F
330
70
100
AcDbEntity
  8
0
  6
Continuous
 62
     7
100
AcDbLine
 10
393.9979050759307
 20
127.8515656380911
 30
0.0
 11
393.9979050759307
 21
128.0114391364911
 31
0.0
  0
LINE
  5
720
330
70
100
AcDbEntity
  8
0
  6
Continuous
 62
     7
100
AcDbLine
 10
393.9979050759307
 20
128.0168783390911
 30
0.0
 11
393.9979050759307
 21
128.6265656382911
 31
0.0
  0
LINE
  5
721
330
70
100
AcDbEntity
  8
0
  6
Continuous
 62
     7
100
AcDbLine
 10
394.1979050759308
 20
127.8515656380911
 30
0.0
 11
394.1979050759308
 21
128.6265656382911
 31
0.0
  0
LINE
  5
722
330
70
100
AcDbEntity
  8
0
  6
Continuous
 62
     7
100
AcDbLine
 10
394.2079050759307
 20
127.8515656380911
 30
0.0
 11
394.2079050759307
 21
128.6265656380912
 31
0.0
  0
LINE
  5
723
330
70
100
AcDbEntity
  8
0
  6
Continuous
 62
     7
100
AcDbLine
 10
394.2279050759307
 20
128.2515656380912
 30
0.0
 11
394.2279050759307
 21
128.6515656380912
 31
0.0
  0
LINE
  5
724
330
70
100
AcDbEntity
  8
0
  6
Continuous
 62
     7
100
AcDbLine
 10
394.4679050759307
 20
128.2515656380912
 30
0.0
 11
394.4679050759307
 21
128.6515656380912
 31
0.0
  0
LINE
  5
725
330
70
100
AcDbEntity
  8
0
  6
Continuous
 62
     7
100
AcDbLine
 10
394.4879050759307
 20
127.8515656380911
 30
0.0
 11
394.4879050759307
 21
128.6265656380912
 31
0.0
  0
LINE
  5
726
330
70
100
AcDbEntity
  8
0
  6
Continuous
 62
     7
100
AcDbLine
 10
394.4979050759307
 20
128.0114391364911
 30
0.0
 11
394.4979050759307
 21
127.8515656380911
 31
0.0
  0
LINE
  5
727
330
70
100
AcDbEntity
  8
0
  6
Continuous
 62
     7
100
AcDbLine
 10
394.4979050759307
 20
128.0168783390911
 30
0.0
 11
394.4979050759307
 21
128.6265656382911
 31
0.0
  0
LINE
  5
728
330
70
100
AcDbEntity
  8
0
  6
Continuous
 62
     7
100
AcDbLine
 10
394.6979050759306
 20
127.8515656380911
 30
0.0
 11
394.6979050759306
 21
128.6265656382911
 31
0.0
  0
LINE
  5
729
330
70
100
AcDbEntity
  8
0
  6
Continuous
 62
     7
100
AcDbLine
 10
394.7079050759307
 20
127.8515656380911
 30
0.0
 11
394.7079050759307
 21
128.6265656380912
 31
0.0
  0
LINE
  5
72A
330
70
100
AcDbEntity
  8
0
  6
Continuous
 62
     7
100
AcDbLine
 10
394.7279050759308
 20
128.2515656380912
 30
0.0
 11
394.7279050759308
 21
128.6515656380912
 31
0.0
  0
LINE
  5
72B
330
70
100
AcDbEntity
  8
0
  6
Continuous
 62
     7
100
AcDbLine
 10
394.9679050759307
 20
128.2515656380912
 30
0.0
 11
394.9679050759307
 21
128.6515656380912
 31
0.0
  0
LINE
  5
72C
330
70
100
AcDbEntity
  8
0
  6
Continuous
 62
     7
100
AcDbLine
 10
394.9879050759307
 20
127.8515656380911
 30
0.0
 11
394.9879050759307
 21
128.6265656380912
 31
0.0
  0
LINE
  5
72D
330
70
100
AcDbEntity
  8
0
  6
Continuous
 62
     7
100
AcDbLine
 10
394.9979050759307
 20
127.8515656380911
 30
0.0
 11
394.9979050759307
 21
128.0114391364911
 31
0.0
  0
LINE
  5
72E
330
70
100
AcDbEntity
  8
0
  6
Continuous
 62
     7
100
AcDbLine
 10
394.9979050759307
 20
128.0168783390911
 30
0.0
 11
394.9979050759307
 21
128.6265656382911
 31
0.0
  0
LINE
  5
72F
330
70
100
AcDbEntity
  8
0
  6
Continuous
 62
     7
100
AcDbLine
 10
395.1979050759307
 20
127.8515656380911
 30
0.0
 11
395.1979050759307
 21
128.6265656382911
 31
0.0
  0
LINE
  5
730
330
70
100
AcDbEntity
  8
0
  6
Continuous
 62
     7
100
AcDbLine
 10
395.2079050759307
 20
127.8515656380911
 30
0.0
 11
395.2079050759307
 21
128.6265656380912
 31
0.0
  0
LINE
  5
731
330
70
100
AcDbEntity
  8
0
  6
Continuous
 62
     7
100
AcDbLine
 10
395.2279050759307
 20
128.2515656380912
 30
0.0
 11
395.2279050759307
 21
128.6515656380912
 31
0.0
  0
LINE
  5
732
330
70
100
AcDbEntity
  8
0
  6
Continuous
 62
     7
100
AcDbLine
 10
395.4679050759307
 20
128.2515656380912
 30
0.0
 11
395.4679050759307
 21
128.6515656380912
 31
0.0
  0
LINE
  5
733
330
70
100
AcDbEntity
  8
0
  6
Continuous
 62
     7
100
AcDbLine
 10
395.4879050759307
 20
127.8515656380911
 30
0.0
 11
395.4879050759307
 21
128.6265656380912
 31
0.0
  0
LINE
  5
734
330
70
100
AcDbEntity
  8
0
  6
Continuous
 62
     7
100
AcDbLine
 10
395.4979050759306
 20
128.0114391364911
 30
0.0
 11
395.4979050759306
 21
127.8515656380911
 31
0.0
  0
LINE
  5
735
330
70
100
AcDbEntity
  8
0
  6
Continuous
 62
     7
100
AcDbLine
 10
395.4979050759306
 20
128.0168783390911
 30
0.0
 11
395.4979050759306
 21
128.6265656382911
 31
0.0
  0
LINE
  5
736
330
70
100
AcDbEntity
  8
0
  6
Continuous
 62
     7
100
AcDbLine
 10
395.6979050759307
 20
127.8515656380911
 30
0.0
 11
395.6979050759307
 21
128.6265656382911
 31
0.0
  0
LINE
  5
737
330
70
100
AcDbEntity
  8
0
  6
Continuous
 62
     7
100
AcDbLine
 10
395.7079050759308
 20
127.8515656380911
 30
0.0
 11
395.7079050759308
 21
128.6265656380912
 31
0.0
  0
LINE
  5
738
330
70
100
AcDbEntity
  8
0
  6
Continuous
 62
     7
100
AcDbLine
 10
395.7279050759307
 20
128.2515656380912
 30
0.0
 11
395.7279050759307
 21
128.6515656380912
 31
0.0
  0
LINE
  5
739
330
70
100
AcDbEntity
  8
0
  6
Continuous
 62
     7
100
AcDbLine
 10
395.9679050759307
 20
128.2515656380912
 30
0.0
 11
395.9679050759307
 21
128.6515656380912
 31
0.0
  0
LINE
  5
73A
330
70
100
AcDbEntity
  8
0
  6
Continuous
 62
     7
100
AcDbLine
 10
395.9879050759307
 20
127.8515656380911
 30
0.0
 11
395.9879050759307
 21
128.6265656380912
 31
0.0
  0
LINE
  5
73B
330
70
100
AcDbEntity
  8
0
  6
Continuous
 62
     7
100
AcDbLine
 10
395.9979050759307
 20
127.8515656380911
 30
0.0
 11
395.9979050759307
 21
128.0114391364911
 31
0.0
  0
LINE
  5
73C
330
70
100
AcDbEntity
  8
0
  6
Continuous
 62
     7
100
AcDbLine
 10
395.9979050759307
 20
128.0168783390911
 30
0.0
 11
395.9979050759307
 21
128.6265656382911
 31
0.0
  0
LINE
  5
73D
330
70
100
AcDbEntity
  8
0
  6
Continuous
 62
     7
100
AcDbLine
 10
396.1979050759308
 20
127.8515656380911
 30
0.0
 11
396.1979050759308
 21
128.6265656382911
 31
0.0
  0
LINE
  5
73E
330
70
100
AcDbEntity
  8
0
  6
Continuous
 62
     7
100
AcDbLine
 10
396.2079050759307
 20
127.8515656380911
 30
0.0
 11
396.2079050759307
 21
128.6265656380912
 31
0.0
  0
LINE
  5
73F
330
70
100
AcDbEntity
  8
0
  6
Continuous
 62
     7
100
AcDbLine
 10
396.2279050759306
 20
128.2515656380912
 30
0.0
 11
396.2279050759306
 21
128.6515656380912
 31
0.0
  0
LINE
  5
740
330
70
100
AcDbEntity
  8
0
  6
Continuous
 62
     7
100
AcDbLine
 10
396.4679050759307
 20
128.2515656380912
 30
0.0
 11
396.4679050759307
 21
128.6515656380912
 31
0.0
  0
LINE
  5
741
330
70
100
AcDbEntity
  8
0
  6
Continuous
 62
     7
100
AcDbLine
 10
396.4879050759307
 20
127.8515656380911
 30
0.0
 11
396.4879050759307
 21
128.6265656380912
 31
0.0
  0
LINE
  5
742
330
70
100
AcDbEntity
  8
0
  6
Continuous
 62
     7
100
AcDbLine
 10
396.4979050759307
 20
128.0114391364911
 30
0.0
 11
396.4979050759307
 21
127.8515656380911
 31
0.0
  0
LINE
  5
743
330
70
100
AcDbEntity
  8
0
  6
Continuous
 62
     7
100
AcDbLine
 10
396.4979050759307
 20
128.0168783390911
 30
0.0
 11
396.4979050759307
 21
128.6265656382911
 31
0.0
  0
LINE
  5
744
330
70
100
AcDbEntity
  8
0
  6
Continuous
 62
     7
100
AcDbLine
 10
396.6979050759308
 20
127.8515656380911
 30
0.0
 11
396.6979050759308
 21
128.6265656382911
 31
0.0
  0
LINE
  5
745
330
70
100
AcDbEntity
  8
0
  6
Continuous
 62
     7
100
AcDbLine
 10
396.7079050759307
 20
127.8515656380911
 30
0.0
 11
396.7079050759307
 21
128.6265656380912
 31
0.0
  0
LINE
  5
746
330
70
100
AcDbEntity
  8
0
  6
Continuous
 62
     7
100
AcDbLine
 10
396.7279050759307
 20
128.2515656380912
 30
0.0
 11
396.7279050759307
 21
128.6515656380912
 31
0.0
  0
LINE
  5
747
330
70
100
AcDbEntity
  8
0
  6
Continuous
 62
     7
100
AcDbLine
 10
396.9679050759308
 20
128.2515656380912
 30
0.0
 11
396.9679050759308
 21
128.6515656380912
 31
0.0
  0
LINE
  5
748
330
70
100
AcDbEntity
  8
0
  6
Continuous
 62
     7
100
AcDbLine
 10
396.9879050759307
 20
127.8515656380911
 30
0.0
 11
396.9879050759307
 21
128.6265656380912
 31
0.0
  0
LINE
  5
749
330
70
100
AcDbEntity
  8
0
  6
Continuous
 62
     7
100
AcDbLine
 10
396.9979050759306
 20
127.8515656380911
 30
0.0
 11
396.9979050759306
 21
128.0114391364911
 31
0.0
  0
LINE
  5
74A
330
70
100
AcDbEntity
  8
0
  6
Continuous
 62
     7
100
AcDbLine
 10
396.9979050759306
 20
128.0168783390911
 30
0.0
 11
396.9979050759306
 21
128.6265656382911
 31
0.0
  0
LINE
  5
74B
330
70
100
AcDbEntity
  8
0
  6
Continuous
 62
     7
100
AcDbLine
 10
397.1979050759308
 20
127.8515656380911
 30
0.0
 11
397.1979050759308
 21
128.6265656382911
 31
0.0
  0
LINE
  5
74C
330
70
100
AcDbEntity
  8
0
  6
Continuous
 62
     7
100
AcDbLine
 10
397.2079050759307
 20
127.8515656380911
 30
0.0
 11
397.2079050759307
 21
128.6265656380912
 31
0.0
  0
LINE
  5
74D
330
70
100
AcDbEntity
  8
0
  6
Continuous
 62
     7
100
AcDbLine
 10
397.2279050759307
 20
128.2515656380912
 30
0.0
 11
397.2279050759307
 21
128.6515656380912
 31
0.0
  0
LINE
  5
74E
330
70
100
AcDbEntity
  8
0
  6
Continuous
 62
     7
100
AcDbLine
 10
397.4679050759307
 20
128.2515656380912
 30
0.0
 11
397.4679050759307
 21
128.6515656380912
 31
0.0
  0
LINE
  5
74F
330
70
100
AcDbEntity
  8
0
  6
Continuous
 62
     7
100
AcDbLine
 10
397.4879050759307
 20
127.8515656380911
 30
0.0
 11
397.4879050759307
 21
128.6265656380912
 31
0.0
  0
LINE
  5
750
330
70
100
AcDbEntity
  8
0
  6
Continuous
 62
     7
100
AcDbLine
 10
397.4979050759306
 20
128.0114391364911
 30
0.0
 11
397.4979050759306
 21
127.8515656380911
 31
0.0
  0
LINE
  5
751
330
70
100
AcDbEntity
  8
0
  6
Continuous
 62
     7
100
AcDbLine
 10
397.4979050759306
 20
128.0168783390911
 30
0.0
 11
397.4979050759306
 21
128.6265656382911
 31
0.0
  0
LINE
  5
752
330
70
100
AcDbEntity
  8
0
  6
Continuous
 62
     7
100
AcDbLine
 10
397.6979050759307
 20
127.8515656380911
 30
0.0
 11
397.6979050759307
 21
128.6265656382911
 31
0.0
  0
LINE
  5
753
330
70
100
AcDbEntity
  8
0
  6
Continuous
 62
     7
100
AcDbLine
 10
397.7079050759307
 20
127.8515656380911
 30
0.0
 11
397.7079050759307
 21
128.6265656380912
 31
0.0
  0
LINE
  5
754
330
70
100
AcDbEntity
  8
0
  6
Continuous
 62
     7
100
AcDbLine
 10
397.7279050759307
 20
128.2515656380912
 30
0.0
 11
397.7279050759307
 21
128.6515656380912
 31
0.0
  0
LINE
  5
755
330
70
100
AcDbEntity
  8
0
  6
Continuous
 62
     7
100
AcDbLine
 10
397.9679050759307
 20
128.2515656380912
 30
0.0
 11
397.9679050759307
 21
128.6515656380912
 31
0.0
  0
LINE
  5
756
330
70
100
AcDbEntity
  8
0
  6
Continuous
 62
     7
100
AcDbLine
 10
397.9879050759306
 20
127.8515656380911
 30
0.0
 11
397.9879050759306
 21
128.6265656380912
 31
0.0
  0
LINE
  5
757
330
70
100
AcDbEntity
  8
0
  6
Continuous
 62
     7
100
AcDbLine
 10
397.9979050759307
 20
127.8515656380911
 30
0.0
 11
397.9979050759307
 21
128.0114391364911
 31
0.0
  0
LINE
  5
758
330
70
100
AcDbEntity
  8
0
  6
Continuous
 62
     7
100
AcDbLine
 10
397.9979050759307
 20
128.0168783390911
 30
0.0
 11
397.9979050759307
 21
128.6265656382911
 31
0.0
  0
LINE
  5
759
330
70
100
AcDbEntity
  8
0
  6
Continuous
 62
     7
100
AcDbLine
 10
398.1979050759307
 20
127.8515656380911
 30
0.0
 11
398.1979050759307
 21
128.6265656382911
 31
0.0
  0
LINE
  5
75A
330
70
100
AcDbEntity
  8
0
  6
Continuous
 62
     7
100
AcDbLine
 10
398.2079050759307
 20
127.8515656380911
 30
0.0
 11
398.2079050759307
 21
128.6265656380912
 31
0.0
  0
LINE
  5
75B
330
70
100
AcDbEntity
  8
0
  6
Continuous
 62
     7
100
AcDbLine
 10
398.2279050759307
 20
128.2515656380912
 30
0.0
 11
398.2279050759307
 21
128.6515656380912
 31
0.0
  0
LINE
  5
75C
330
70
100
AcDbEntity
  8
0
  6
Continuous
 62
     7
100
AcDbLine
 10
398.4679050759307
 20
128.2515656380912
 30
0.0
 11
398.4679050759307
 21
128.6515656380912
 31
0.0
  0
LINE
  5
75D
330
70
100
AcDbEntity
  8
0
  6
Continuous
 62
     7
100
AcDbLine
 10
398.4879050759307
 20
127.8515656380911
 30
0.0
 11
398.4879050759307
 21
128.6265656380912
 31
0.0
  0
LINE
  5
75E
330
70
100
AcDbEntity
  8
0
  6
Continuous
 62
     7
100
AcDbLine
 10
398.4979050759307
 20
128.0114391364911
 30
0.0
 11
398.4979050759307
 21
127.8515656380911
 31
0.0
  0
LINE
  5
75F
330
70
100
AcDbEntity
  8
0
  6
Continuous
 62
     7
100
AcDbLine
 10
398.4979050759307
 20
128.0168783390911
 30
0.0
 11
398.4979050759307
 21
128.6265656382911
 31
0.0
  0
LINE
  5
760
330
70
100
AcDbEntity
  8
0
  6
Continuous
 62
     7
100
AcDbLine
 10
398.6979050759306
 20
127.8515656380911
 30
0.0
 11
398.6979050759306
 21
128.6265656382911
 31
0.0
  0
LINE
  5
761
330
70
100
AcDbEntity
  8
0
  6
Continuous
 62
     7
100
AcDbLine
 10
398.7079050759307
 20
127.8515656380911
 30
0.0
 11
398.7079050759307
 21
128.6265656380912
 31
0.0
  0
LINE
  5
762
330
70
100
AcDbEntity
  8
0
  6
Continuous
 62
     7
100
AcDbLine
 10
398.7279050759307
 20
128.2515656380912
 30
0.0
 11
398.7279050759307
 21
128.6515656380912
 31
0.0
  0
LINE
  5
763
330
70
100
AcDbEntity
  8
0
  6
Continuous
 62
     7
100
AcDbLine
 10
398.9679050759307
 20
128.2515656380912
 30
0.0
 11
398.9679050759307
 21
128.6515656380912
 31
0.0
  0
LINE
  5
764
330
70
100
AcDbEntity
  8
0
  6
Continuous
 62
     7
100
AcDbLine
 10
398.9879050759307
 20
127.8515656380911
 30
0.0
 11
398.9879050759307
 21
128.6265656380912
 31
0.0
  0
LINE
  5
765
330
70
100
AcDbEntity
  8
0
  6
Continuous
 62
     7
100
AcDbLine
 10
398.9979050759307
 20
127.8515656380911
 30
0.0
 11
398.9979050759307
 21
128.0114391364911
 31
0.0
  0
LINE
  5
766
330
70
100
AcDbEntity
  8
0
  6
Continuous
 62
     7
100
AcDbLine
 10
398.9979050759307
 20
128.0168783390911
 30
0.0
 11
398.9979050759307
 21
128.6265656382911
 31
0.0
  0
LINE
  5
767
330
70
100
AcDbEntity
  8
0
  6
Continuous
 62
     7
100
AcDbLine
 10
399.1979050759305
 20
127.8515656380911
 30
0.0
 11
399.1979050759305
 21
128.6265656382911
 31
0.0
  0
LINE
  5
768
330
70
100
AcDbEntity
  8
0
  6
Continuous
 62
     7
100
AcDbLine
 10
399.2079050759307
 20
127.8515656380911
 30
0.0
 11
399.2079050759307
 21
128.6265656380912
 31
0.0
  0
LINE
  5
769
330
70
100
AcDbEntity
  8
0
  6
Continuous
 62
     7
100
AcDbLine
 10
399.2279050759307
 20
128.2515656380912
 30
0.0
 11
399.2279050759307
 21
128.6515656380912
 31
0.0
  0
LINE
  5
76A
330
70
100
AcDbEntity
  8
0
  6
Continuous
 62
     7
100
AcDbLine
 10
399.4679050759307
 20
128.2515656380912
 30
0.0
 11
399.4679050759307
 21
128.6515656380912
 31
0.0
  0
LINE
  5
76B
330
70
100
AcDbEntity
  8
0
  6
Continuous
 62
     7
100
AcDbLine
 10
399.4879050759307
 20
127.8515656380911
 30
0.0
 11
399.4879050759307
 21
128.6265656380912
 31
0.0
  0
LINE
  5
76C
330
70
100
AcDbEntity
  8
0
  6
Continuous
 62
     7
100
AcDbLine
 10
399.4979050759306
 20
128.0114391364911
 30
0.0
 11
399.4979050759306
 21
127.8515656380911
 31
0.0
  0
LINE
  5
76D
330
70
100
AcDbEntity
  8
0
  6
Continuous
 62
     7
100
AcDbLine
 10
399.4979050759306
 20
128.0168783390911
 30
0.0
 11
399.4979050759306
 21
128.6265656382911
 31
0.0
  0
LINE
  5
76E
330
70
100
AcDbEntity
  8
0
  6
Continuous
 62
     7
100
AcDbLine
 10
399.6979050759307
 20
127.8515656380911
 30
0.0
 11
399.6979050759307
 21
128.6265656382911
 31
0.0
  0
LINE
  5
76F
330
70
100
AcDbEntity
  8
0
  6
Continuous
 62
     7
100
AcDbLine
 10
399.7079050759308
 20
127.8515656380911
 30
0.0
 11
399.7079050759308
 21
128.6265656380912
 31
0.0
  0
LINE
  5
770
330
70
100
AcDbEntity
  8
0
  6
Continuous
 62
     7
100
AcDbLine
 10
399.7279050759307
 20
128.2515656380912
 30
0.0
 11
399.7279050759307
 21
128.6515656380912
 31
0.0
  0
LINE
  5
771
330
70
100
AcDbEntity
  8
0
  6
Continuous
 62
     7
100
AcDbLine
 10
399.9679050759307
 20
128.2515656380912
 30
0.0
 11
399.9679050759307
 21
128.6515656380912
 31
0.0
  0
LINE
  5
772
330
70
100
AcDbEntity
  8
0
  6
Continuous
 62
     7
100
AcDbLine
 10
399.9879050759307
 20
127.8515656380911
 30
0.0
 11
399.9879050759307
 21
128.6265656380912
 31
0.0
  0
LINE
  5
773
330
70
100
AcDbEntity
  8
0
  6
Continuous
 62
     7
100
AcDbLine
 10
399.9979050759307
 20
127.8515656380911
 30
0.0
 11
399.9979050759307
 21
128.0114391364911
 31
0.0
  0
LINE
  5
774
330
70
100
AcDbEntity
  8
0
  6
Continuous
 62
     7
100
AcDbLine
 10
399.9979050759307
 20
128.0168783390911
 30
0.0
 11
399.9979050759307
 21
128.6265656382911
 31
0.0
  0
LINE
  5
775
330
70
100
AcDbEntity
  8
0
  6
Continuous
 62
     7
100
AcDbLine
 10
400.1979050759307
 20
127.8515656380911
 30
0.0
 11
400.1979050759307
 21
128.6265656382911
 31
0.0
  0
LINE
  5
776
330
70
100
AcDbEntity
  8
0
  6
Continuous
 62
     7
100
AcDbLine
 10
400.2079050759307
 20
127.8515656380911
 30
0.0
 11
400.2079050759307
 21
128.6265656380912
 31
0.0
  0
LINE
  5
777
330
70
100
AcDbEntity
  8
0
  6
Continuous
 62
     7
100
AcDbLine
 10
400.2279050759306
 20
128.2515656380912
 30
0.0
 11
400.2279050759306
 21
128.6515656380912
 31
0.0
  0
LINE
  5
778
330
70
100
AcDbEntity
  8
0
  6
Continuous
 62
     7
100
AcDbLine
 10
400.4679050759307
 20
128.2515656380912
 30
0.0
 11
400.4679050759307
 21
128.6515656380912
 31
0.0
  0
LINE
  5
779
330
70
100
AcDbEntity
  8
0
  6
Continuous
 62
     7
100
AcDbLine
 10
400.4879050759306
 20
127.8515656380911
 30
0.0
 11
400.4879050759306
 21
128.6265656380912
 31
0.0
  0
LINE
  5
77A
330
70
100
AcDbEntity
  8
0
  6
Continuous
 62
     7
100
AcDbLine
 10
400.4979050759306
 20
128.0114391364911
 30
0.0
 11
400.4979050759306
 21
127.8515656380911
 31
0.0
  0
LINE
  5
77B
330
70
100
AcDbEntity
  8
0
  6
Continuous
 62
     7
100
AcDbLine
 10
400.4979050759306
 20
128.0168783390911
 30
0.0
 11
400.4979050759306
 21
128.6265656382911
 31
0.0
  0
LINE
  5
77C
330
70
100
AcDbEntity
  8
0
  6
Continuous
 62
     7
100
AcDbLine
 10
400.6979050759307
 20
127.8515656380911
 30
0.0
 11
400.6979050759307
 21
128.6265656382911
 31
0.0
  0
LINE
  5
77D
330
70
100
AcDbEntity
  8
0
  6
Continuous
 62
     7
100
AcDbLine
 10
400.7079050759307
 20
127.8515656380911
 30
0.0
 11
400.7079050759307
 21
128.6265656380912
 31
0.0
  0
LINE
  5
77E
330
70
100
AcDbEntity
  8
0
  6
Continuous
 62
     7
100
AcDbLine
 10
400.7279050759306
 20
128.2515656380912
 30
0.0
 11
400.7279050759306
 21
128.6515656380912
 31
0.0
  0
LINE
  5
77F
330
70
100
AcDbEntity
  8
0
  6
Continuous
 62
     7
100
AcDbLine
 10
400.9679050759307
 20
128.2515656380912
 30
0.0
 11
400.9679050759307
 21
128.6515656380912
 31
0.0
  0
LINE
  5
780
330
70
100
AcDbEntity
  8
0
  6
Continuous
 62
     7
100
AcDbLine
 10
400.9879050759306
 20
128.6265656380912
 30
0.0
 11
400.9879050759306
 21
127.8515656380911
 31
0.0
  0
LINE
  5
781
330
70
100
AcDbEntity
  8
0
  6
Continuous
 62
     7
100
AcDbLine
 10
400.9979050759306
 20
127.8515656380911
 30
0.0
 11
400.9979050759306
 21
128.0114391364911
 31
0.0
  0
LINE
  5
782
330
70
100
AcDbEntity
  8
0
  6
Continuous
 62
     7
100
AcDbLine
 10
400.9979050759306
 20
128.0168783390911
 30
0.0
 11
400.9979050759306
 21
128.6265656382911
 31
0.0
  0
LINE
  5
783
330
70
100
AcDbEntity
  8
0
  6
Continuous
 62
     7
100
AcDbLine
 10
401.1979050759307
 20
127.8515656380911
 30
0.0
 11
401.1979050759307
 21
128.6265656382911
 31
0.0
  0
LINE
  5
784
330
70
100
AcDbEntity
  8
0
  6
Continuous
 62
     7
100
AcDbLine
 10
401.2079050759307
 20
127.8515656380911
 30
0.0
 11
401.2079050759307
 21
128.6265656380912
 31
0.0
  0
LINE
  5
785
330
70
100
AcDbEntity
  8
0
  6
Continuous
 62
     7
100
AcDbLine
 10
401.2279050759306
 20
128.2515656380912
 30
0.0
 11
401.2279050759306
 21
128.6515656380912
 31
0.0
  0
LINE
  5
786
330
70
100
AcDbEntity
  8
0
  6
Continuous
 62
     7
100
AcDbLine
 10
401.4679050759307
 20
128.2515656380912
 30
0.0
 11
401.4679050759307
 21
128.6515656380912
 31
0.0
  0
LINE
  5
787
330
70
100
AcDbEntity
  8
0
  6
Continuous
 62
     7
100
AcDbLine
 10
401.4879050759306
 20
127.8515656380911
 30
0.0
 11
401.4879050759306
 21
128.6265656380912
 31
0.0
  0
LINE
  5
788
330
70
100
AcDbEntity
  8
0
  6
Continuous
 62
     7
100
AcDbLine
 10
401.4979050759306
 20
128.0114391364911
 30
0.0
 11
401.4979050759306
 21
127.8515656380911
 31
0.0
  0
LINE
  5
789
330
70
100
AcDbEntity
  8
0
  6
Continuous
 62
     7
100
AcDbLine
 10
401.4979050759306
 20
128.0168783390911
 30
0.0
 11
401.4979050759306
 21
128.6265656382911
 31
0.0
  0
LINE
  5
78A
330
70
100
AcDbEntity
  8
0
  6
Continuous
 62
     7
100
AcDbLine
 10
401.6979050759307
 20
127.8515656380911
 30
0.0
 11
401.6979050759307
 21
128.6265656382911
 31
0.0
  0
LINE
  5
78B
330
70
100
AcDbEntity
  8
0
  6
Continuous
 62
     7
100
AcDbLine
 10
401.7079050759306
 20
127.8515656380911
 30
0.0
 11
401.7079050759306
 21
128.6265656380912
 31
0.0
  0
LINE
  5
78C
330
70
100
AcDbEntity
  8
0
  6
Continuous
 62
     7
100
AcDbLine
 10
401.7279050759307
 20
128.2515656380912
 30
0.0
 11
401.7279050759307
 21
128.6515656380912
 31
0.0
  0
LINE
  5
78D
330
70
100
AcDbEntity
  8
0
  6
Continuous
 62
     7
100
AcDbLine
 10
402.1479050759307
 20
128.2515656380912
 30
0.0
 11
402.1479050759307
 21
127.8515656380911
 31
0.0
  0
LINE
  5
78E
330
70
100
AcDbEntity
  8
0
  6
Continuous
 62
     7
100
AcDbLine
 10
402.2979050759306
 20
127.7015656380911
 30
0.0
 11
402.2979050759306
 21
128.5015656380911
 31
0.0
  0
LINE
  5
78F
330
70
100
AcDbEntity
  8
0
  6
Continuous
 62
     7
100
AcDbLine
 10
403.2979050759307
 20
126.1015656380911
 30
0.0
 11
403.2979050759307
 21
129.0515656380912
 31
0.0
  0
LINE
  5
790
330
70
100
AcDbEntity
  8
0
  6
Continuous
 62
     7
100
AcDbLine
 10
346.8656775130513
 20
200.4601565388646
 30
0.0
 11
346.8656775130513
 21
166.4601565388645
 31
0.0
  0
LINE
  5
791
330
70
100
AcDbEntity
  8
0
  6
Continuous
 62
     7
100
AcDbLine
 10
346.8656775130513
 20
154.4601565388647
 30
0.0
 11
346.8656775130513
 21
118.4601565388647
 31
0.0
  0
LINE
  5
792
330
70
100
AcDbEntity
  8
0
  6
Continuous
 62
     7
100
AcDbLine
 10
347.3656775130513
 20
200.4601565388646
 30
0.0
 11
347.3656775130513
 21
118.4601565388647
 31
0.0
  0
LINE
  5
793
330
70
100
AcDbEntity
  8
0
  6
HIDDEN
 62
     1
100
AcDbLine
 10
349.3656775130513
 20
166.4601565388646
 30
0.0
 11
349.3656775130513
 21
154.4601565388647
 31
0.0
  0
LINE
  5
794
330
70
100
AcDbEntity
  8
0
  6
Continuous
 62
     7
100
AcDbLine
 10
391.9979050759307
 20
128.2287623836911
 30
0.0
 11
392.0030696788307
 21
128.2437526640911
 31
0.0
  0
LINE
  5
795
330
70
100
AcDbEntity
  8
0
  6
Continuous
 62
     7
100
AcDbLine
 10
392.4979050759306
 20
128.2287623836911
 30
0.0
 11
392.5030696788307
 21
128.2437526640911
 31
0.0
  0
LINE
  5
796
330
70
100
AcDbEntity
  8
0
  6
HIDDEN
 62
     1
100
AcDbLine
 10
354.3656775130513
 20
154.4601565388647
 30
0.0
 11
354.3656775130513
 21
166.4601565388646
 31
0.0
  0
LINE
  5
797
330
70
100
AcDbEntity
  8
0
  6
Continuous
 62
     7
100
AcDbLine
 10
392.9979050759306
 20
128.2287623836911
 30
0.0
 11
393.0030696788307
 21
128.2437526640911
 31
0.0
  0
LINE
  5
798
330
70
100
AcDbEntity
  8
0
  6
Continuous
 62
     7
100
AcDbLine
 10
393.4979050759307
 20
128.2287623836911
 30
0.0
 11
393.5030696788307
 21
128.2437526640911
 31
0.0
  0
LINE
  5
799
330
70
100
AcDbEntity
  8
0
  6
Continuous
 62
     7
100
AcDbLine
 10
393.9979050759307
 20
128.2287623836911
 30
0.0
 11
394.0030696788308
 21
128.2437526640911
 31
0.0
  0
LINE
  5
79A
330
70
100
AcDbEntity
  8
0
  6
Continuous
 62
     7
100
AcDbLine
 10
394.4979050759307
 20
128.2287623836911
 30
0.0
 11
394.5030696788307
 21
128.2437526640911
 31
0.0
  0
LINE
  5
79B
330
70
100
AcDbEntity
  8
0
  6
Continuous
 62
     7
100
AcDbLine
 10
394.9979050759307
 20
128.2287623836911
 30
0.0
 11
395.0030696788307
 21
128.2437526640911
 31
0.0
  0
LINE
  5
79C
330
70
100
AcDbEntity
  8
0
  6
Continuous
 62
     7
100
AcDbLine
 10
395.4979050759306
 20
128.2287623836911
 30
0.0
 11
395.5030696788307
 21
128.2437526640911
 31
0.0
  0
LINE
  5
79D
330
70
100
AcDbEntity
  8
0
  6
Continuous
 62
     7
100
AcDbLine
 10
395.9979050759307
 20
128.2287623836911
 30
0.0
 11
396.0030696788307
 21
128.2437526640911
 31
0.0
  0
LINE
  5
79E
330
70
100
AcDbEntity
  8
0
  6
Continuous
 62
     7
100
AcDbLine
 10
396.4979050759307
 20
128.2287623836911
 30
0.0
 11
396.5030696788307
 21
128.2437526640911
 31
0.0
  0
LINE
  5
79F
330
70
100
AcDbEntity
  8
0
  6
Continuous
 62
     7
100
AcDbLine
 10
396.9979050759306
 20
128.2287623836911
 30
0.0
 11
397.0030696788307
 21
128.2437526640911
 31
0.0
  0
LINE
  5
7A0
330
70
100
AcDbEntity
  8
0
  6
Continuous
 62
     7
100
AcDbLine
 10
397.4979050759306
 20
128.2287623836911
 30
0.0
 11
397.5030696788307
 21
128.2437526640911
 31
0.0
  0
LINE
  5
7A1
330
70
100
AcDbEntity
  8
0
  6
Continuous
 62
     7
100
AcDbLine
 10
397.9979050759307
 20
128.2287623836911
 30
0.0
 11
398.0030696788308
 21
128.2437526640911
 31
0.0
  0
LINE
  5
7A2
330
70
100
AcDbEntity
  8
0
  6
Continuous
 62
     7
100
AcDbLine
 10
398.4979050759307
 20
128.2287623836911
 30
0.0
 11
398.5030696788308
 21
128.2437526640911
 31
0.0
  0
LINE
  5
7A3
330
70
100
AcDbEntity
  8
0
  6
Continuous
 62
     7
100
AcDbLine
 10
398.9979050759307
 20
128.2287623836911
 30
0.0
 11
399.0030696788307
 21
128.2437526640911
 31
0.0
  0
LINE
  5
7A4
330
70
100
AcDbEntity
  8
0
  6
Continuous
 62
     7
100
AcDbLine
 10
399.4979050759306
 20
128.2287623836911
 30
0.0
 11
399.5030696788307
 21
128.2437526640911
 31
0.0
  0
LINE
  5
7A5
330
70
100
AcDbEntity
  8
0
  6
Continuous
 62
     7
100
AcDbLine
 10
399.9979050759307
 20
128.2287623836911
 30
0.0
 11
400.0030696788306
 21
128.2437526640911
 31
0.0
  0
LINE
  5
7A6
330
70
100
AcDbEntity
  8
0
  6
Continuous
 62
     7
100
AcDbLine
 10
400.4979050759306
 20
128.2287623836911
 30
0.0
 11
400.5030696788306
 21
128.2437526640911
 31
0.0
  0
LINE
  5
7A7
330
70
100
AcDbEntity
  8
0
  6
Continuous
 62
     7
100
AcDbLine
 10
400.9979050759306
 20
128.2287623836911
 30
0.0
 11
401.0030696788307
 21
128.2437526640911
 31
0.0
  0
LINE
  5
7A8
330
70
100
AcDbEntity
  8
0
  6
Continuous
 62
     7
100
AcDbLine
 10
401.4979050759306
 20
128.2287623836911
 30
0.0
 11
401.5030696788307
 21
128.2437526640911
 31
0.0
  0
LINE
  5
7AA
330
70
100
AcDbEntity
  8
0
  6
Continuous
 62
     7
100
AcDbLine
 10
347.3656775130513
 20
200.4601565388646
 30
0.0
 11
427.3656775130512
 21
200.4601565388646
 31
0.0
  0
LINE
  5
7AB
330
70
100
AcDbEntity
  8
0
  6
Continuous
 62
     7
100
AcDbLine
 10
391.5479050759307
 20
127.8515656380911
 30
0.0
 11
391.3979050759307
 21
127.7015656380911
 31
0.0
  0
LINE
  5
7AC
330
70
100
AcDbEntity
  8
0
  6
Continuous
 62
     7
100
AcDbLine
 10
427.3656775130512
 20
200.4601565388646
 30
0.0
 11
427.3656775130512
 21
118.4601565388647
 31
0.0
  0
CIRCLE
  5
7AD
330
70
100
AcDbEntity
  8
02___PRT_ALL_AXES
  6
Continuous
 62
     7
100
AcDbCircle
 10
367.3656775130513
 20
121.0601565388646
 30
0.0
 40
1.1
  0
CIRCLE
  5
7AE
330
70
100
AcDbEntity
  8
02___PRT_ALL_AXES
  6
Continuous
 62
     7
100
AcDbCircle
 10
424.7656775130512
 20
168.9601565388646
 30
0.0
 40
0.85
  0
CIRCLE
  5
7AF
330
70
100
AcDbEntity
  8
02___PRT_ALL_AXES
  6
Continuous
 62
     7
100
AcDbCircle
 10
371.8656775130513
 20
121.0601565388646
 30
0.0
 40
0.85
  0
CIRCLE
  5
7B0
330
70
100
AcDbEntity
  8
02___PRT_ALL_AXES
  6
Continuous
 62
     7
100
AcDbCircle
 10
424.7656775130512
 20
173.4601565388647
 30
0.0
 40
1.1
  0
ELLIPSE
  5
7B1
330
70
100
AcDbEntity
  8
0
  6
Continuous
 62
     7
100
AcDbEllipse
 10
400.4779675717307
 20
128.4599634537912
 30
0.0
 11
0.0
 21
0.25
 31
0.0
210
0.0
220
0.0
230
1.0
 40
0.2
 41
-2.615634208199999
 42
-1.620799889
  0
ELLIPSE
  5
7B2
330
70
100
AcDbEntity
  8
0
  6
Continuous
 62
     7
100
AcDbEllipse
 10
391.9779675717308
 20
128.4599634537912
 30
0.0
 11
0.0
 21
0.25
 31
0.0
210
0.0
220
0.0
230
1.0
 40
0.2
 41
-2.615634208099999
 42
-1.620799889
  0
ELLIPSE
  5
7B3
330
70
100
AcDbEntity
  8
0
  6
Continuous
 62
     7
100
AcDbEllipse
 10
394.9779675717307
 20
128.4599634537912
 30
0.0
 11
0.0
 21
0.25
 31
0.0
210
0.0
220
0.0
230
1.0
 40
0.2
 41
-2.615634208099999
 42
-1.620799889
  0
ELLIPSE
  5
7B4
330
70
100
AcDbEntity
  8
0
  6
Continuous
 62
     7
100
AcDbEllipse
 10
395.2178425800306
 20
128.4599634537912
 30
0.0
 11
0.0
 21
0.25
 31
0.0
210
0.0
220
0.0
230
1.0
 40
0.2
 41
-4.662385418199997
 42
-3.6675510991
  0
ELLIPSE
  5
7B5
330
70
100
AcDbEntity
  8
0
  6
Continuous
 62
     7
100
AcDbEllipse
 10
399.2178425800307
 20
128.4599634537912
 30
0.0
 11
0.0
 21
0.25
 31
0.0
210
0.0
220
0.0
230
1.0
 40
0.2
 41
-4.662385418199997
 42
-3.6675510991
  0
ELLIPSE
  5
7B6
330
70
100
AcDbEntity
  8
0
  6
Continuous
 62
     7
100
AcDbEllipse
 10
396.4779675717307
 20
128.4599634537912
 30
0.0
 11
0.0
 21
0.25
 31
0.0
210
0.0
220
0.0
230
1.0
 40
0.2
 41
-2.615634208199999
 42
-1.620799889
  0
ELLIPSE
  5
7B7
330
70
100
AcDbEntity
  8
0
  6
Continuous
 62
     7
100
AcDbEllipse
 10
398.9779675717307
 20
128.4599634537912
 30
0.0
 11
0.0
 21
0.25
 31
0.0
210
0.0
220
0.0
230
1.0
 40
0.2
 41
-2.615634208099999
 42
-1.620799889
  0
ELLIPSE
  5
7B8
330
70
100
AcDbEntity
  8
0
  6
Continuous
 62
     7
100
AcDbEllipse
 10
401.2178425800306
 20
128.4599634537912
 30
0.0
 11
0.0
 21
0.25
 31
0.0
210
0.0
220
0.0
230
1.0
 40
0.2
 41
-4.662385418199997
 42
-3.6675510991
  0
ELLIPSE
  5
7B9
330
70
100
AcDbEntity
  8
0
  6
Continuous
 62
     7
100
AcDbEllipse
 10
396.7178425800307
 20
128.4599634537912
 30
0.0
 11
0.0
 21
0.25
 31
0.0
210
0.0
220
0.0
230
1.0
 40
0.2
 41
-4.662385418199997
 42
-3.6675510991
  0
ELLIPSE
  5
7BA
330
70
100
AcDbEntity
  8
0
  6
Continuous
 62
     7
100
AcDbEllipse
 10
391.5479050759307
 20
128.5015656380911
 30
0.0
 11
0.0
 21
0.25
 31
0.0
210
0.0
220
0.0
230
1.0
 40
0.6
 41
-4.7123889804
 42
-3.1415926536
  0
ELLIPSE
  5
7BB
330
70
100
AcDbEntity
  8
0
  6
Continuous
 62
     7
100
AcDbEllipse
 10
392.9779675717307
 20
128.4599634537912
 30
0.0
 11
0.0
 21
0.25
 31
0.0
210
0.0
220
0.0
230
1.0
 40
0.2
 41
-2.615634208099999
 42
-1.620799889
  0
ELLIPSE
  5
7BC
330
70
100
AcDbEntity
  8
0
  6
Continuous
 62
     7
100
AcDbEllipse
 10
400.9779675717307
 20
128.4599634537912
 30
0.0
 11
0.0
 21
0.25
 31
0.0
210
0.0
220
0.0
230
1.0
 40
0.2
 41
-2.615634208099999
 42
-1.620799889
  0
ELLIPSE
  5
7BD
330
70
100
AcDbEntity
  8
0
  6
Continuous
 62
     7
100
AcDbEllipse
 10
402.1479050759307
 20
128.5015656380911
 30
0.0
 11
0.0
 21
0.25
 31
0.0
210
0.0
220
0.0
230
1.0
 40
0.6
 41
-3.1415926536
 42
-1.5707963268
  0
ELLIPSE
  5
7BE
330
70
100
AcDbEntity
  8
0
  6
Continuous
 62
     7
100
AcDbEllipse
 10
392.2178425800307
 20
128.4599634537912
 30
0.0
 11
0.0
 21
0.25
 31
0.0
210
0.0
220
0.0
230
1.0
 40
0.2
 41
-4.662385418199997
 42
-3.6675510991
  0
ELLIPSE
  5
7BF
330
70
100
AcDbEntity
  8
0
  6
Continuous
 62
     7
100
AcDbEllipse
 10
393.2178425800307
 20
128.4599634537912
 30
0.0
 11
0.0
 21
0.25
 31
0.0
210
0.0
220
0.0
230
1.0
 40
0.2
 41
-4.662385418199997
 42
-3.6675510991
  0
ELLIPSE
  5
7C0
330
70
100
AcDbEntity
  8
0
  6
Continuous
 62
     7
100
AcDbEllipse
 10
401.7178425800306
 20
128.4599634537912
 30
0.0
 11
0.0
 21
0.25
 31
0.0
210
0.0
220
0.0
230
1.0
 40
0.2
 41
-4.662385418199997
 42
-3.6675510991
  0
ELLIPSE
  5
7C1
330
70
100
AcDbEntity
  8
0
  6
Continuous
 62
     7
100
AcDbEllipse
 10
400.2178425800306
 20
128.4599634537912
 30
0.0
 11
0.0
 21
0.25
 31
0.0
210
0.0
220
0.0
230
1.0
 40
0.2
 41
-4.662385418199997
 42
-3.6675510991
  0
ELLIPSE
  5
7C2
330
70
100
AcDbEntity
  8
0
  6
Continuous
 62
     7
100
AcDbEllipse
 10
394.4779675717308
 20
128.4599634537912
 30
0.0
 11
0.0
 21
0.25
 31
0.0
210
0.0
220
0.0
230
1.0
 40
0.2
 41
-2.615634208199999
 42
-1.620799889
  0
ELLIPSE
  5
7C3
330
70
100
AcDbEntity
  8
0
  6
Continuous
 62
     7
100
AcDbEllipse
 10
401.4779675717307
 20
128.4599634537912
 30
0.0
 11
0.0
 21
0.25
 31
0.0
210
0.0
220
0.0
230
1.0
 40
0.2
 41
-2.615634208199999
 42
-1.620799889
  0
ELLIPSE
  5
7C4
330
70
100
AcDbEntity
  8
0
  6
Continuous
 62
     7
100
AcDbEllipse
 10
394.7178425800307
 20
128.4599634537912
 30
0.0
 11
0.0
 21
0.25
 31
0.0
210
0.0
220
0.0
230
1.0
 40
0.2
 41
-4.662385418199997
 42
-3.6675510991
  0
ELLIPSE
  5
7C5
330
70
100
AcDbEntity
  8
0
  6
Continuous
 62
     7
100
AcDbEllipse
 10
395.4779675717308
 20
128.4599634537912
 30
0.0
 11
0.0
 21
0.25
 31
0.0
210
0.0
220
0.0
230
1.0
 40
0.2
 41
-2.615634208199999
 42
-1.620799889
  0
ELLIPSE
  5
7C6
330
70
100
AcDbEntity
  8
0
  6
Continuous
 62
     7
100
AcDbEllipse
 10
399.9779675717308
 20
128.4599634537912
 30
0.0
 11
0.0
 21
0.25
 31
0.0
210
0.0
220
0.0
230
1.0
 40
0.2
 41
-2.615634208099999
 42
-1.620799889
  0
ELLIPSE
  5
7C7
330
70
100
AcDbEntity
  8
0
  6
Continuous
 62
     7
100
AcDbEllipse
 10
395.7178425800307
 20
128.4599634537912
 30
0.0
 11
0.0
 21
0.25
 31
0.0
210
0.0
220
0.0
230
1.0
 40
0.2
 41
-4.662385418199997
 42
-3.6675510991
  0
ELLIPSE
  5
7C8
330
70
100
AcDbEntity
  8
0
  6
Continuous
 62
     7
100
AcDbEllipse
 10
396.9779675717307
 20
128.4599634537912
 30
0.0
 11
0.0
 21
0.25
 31
0.0
210
0.0
220
0.0
230
1.0
 40
0.2
 41
-2.615634208099999
 42
-1.620799889
  0
ELLIPSE
  5
7C9
330
70
100
AcDbEntity
  8
0
  6
Continuous
 62
     7
100
AcDbEllipse
 10
397.2178425800306
 20
128.4599634537912
 30
0.0
 11
0.0
 21
0.25
 31
0.0
210
0.0
220
0.0
230
1.0
 40
0.2
 41
-4.662385418199997
 42
-3.6675510991
  0
ELLIPSE
  5
7CA
330
70
100
AcDbEntity
  8
0
  6
Continuous
 62
     7
100
AcDbEllipse
 10
393.9779675717307
 20
128.4599634537912
 30
0.0
 11
0.0
 21
0.25
 31
0.0
210
0.0
220
0.0
230
1.0
 40
0.2
 41
-2.615634208099999
 42
-1.620799889
  0
ELLIPSE
  5
7CB
330
70
100
AcDbEntity
  8
0
  6
Continuous
 62
     7
100
AcDbEllipse
 10
398.7178425800307
 20
128.4599634537912
 30
0.0
 11
0.0
 21
0.25
 31
0.0
210
0.0
220
0.0
230
1.0
 40
0.2
 41
-4.662385418199997
 42
-3.6675510991
  0
ELLIPSE
  5
7CC
330
70
100
AcDbEntity
  8
0
  6
Continuous
 62
     7
100
AcDbEllipse
 10
398.4779675717307
 20
128.4599634537912
 30
0.0
 11
0.0
 21
0.25
 31
0.0
210
0.0
220
0.0
230
1.0
 40
0.2
 41
-2.615634208199999
 42
-1.620799889
  0
ELLIPSE
  5
7CD
330
70
100
AcDbEntity
  8
0
  6
Continuous
 62
     7
100
AcDbEllipse
 10
394.2178425800307
 20
128.4599634537912
 30
0.0
 11
0.0
 21
0.25
 31
0.0
210
0.0
220
0.0
230
1.0
 40
0.2
 41
-4.662385418199997
 42
-3.6675510991
  0
ELLIPSE
  5
7CE
330
70
100
AcDbEntity
  8
0
  6
Continuous
 62
     7
100
AcDbEllipse
 10
393.4779675717307
 20
128.4599634537912
 30
0.0
 11
0.0
 21
0.25
 31
0.0
210
0.0
220
0.0
230
1.0
 40
0.2
 41
-2.615634208199999
 42
-1.620799889
  0
ELLIPSE
  5
7CF
330
70
100
AcDbEntity
  8
0
  6
Continuous
 62
     7
100
AcDbEllipse
 10
393.7178425800307
 20
128.4599634537912
 30
0.0
 11
0.0
 21
0.25
 31
0.0
210
0.0
220
0.0
230
1.0
 40
0.2
 41
-4.662385418199997
 42
-3.6675510991
  0
ELLIPSE
  5
7D0
330
70
100
AcDbEntity
  8
0
  6
Continuous
 62
     7
100
AcDbEllipse
 10
392.4779675717307
 20
128.4599634537912
 30
0.0
 11
0.0
 21
0.25
 31
0.0
210
0.0
220
0.0
230
1.0
 40
0.2
 41
-2.615634208199999
 42
-1.620799889
  0
ELLIPSE
  5
7D1
330
70
100
AcDbEntity
  8
0
  6
Continuous
 62
     7
100
AcDbEllipse
 10
392.7178425800306
 20
128.4599634537912
 30
0.0
 11
0.0
 21
0.25
 31
0.0
210
0.0
220
0.0
230
1.0
 40
0.2
 41
-4.662385418199997
 42
-3.6675510991
  0
ELLIPSE
  5
7D2
330
70
100
AcDbEntity
  8
0
  6
Continuous
 62
     7
100
AcDbEllipse
 10
397.4779675717307
 20
128.4599634537912
 30
0.0
 11
0.0
 21
0.25
 31
0.0
210
0.0
220
0.0
230
1.0
 40
0.2
 41
-2.615634208199999
 42
-1.620799889
  0
ELLIPSE
  5
7D3
330
70
100
AcDbEntity
  8
0
  6
Continuous
 62
     7
100
AcDbEllipse
 10
397.7178425800307
 20
128.4599634537912
 30
0.0
 11
0.0
 21
0.25
 31
0.0
210
0.0
220
0.0
230
1.0
 40
0.2
 41
-4.662385418199997
 42
-3.6675510991
  0
ELLIPSE
  5
7D4
330
70
100
AcDbEntity
  8
0
  6
Continuous
 62
     7
100
AcDbEllipse
 10
399.7178425800307
 20
128.4599634537912
 30
0.0
 11
0.0
 21
0.25
 31
0.0
210
0.0
220
0.0
230
1.0
 40
0.2
 41
-4.662385418199997
 42
-3.6675510991
  0
ELLIPSE
  5
7D5
330
70
100
AcDbEntity
  8
0
  6
Continuous
 62
     7
100
AcDbEllipse
 10
398.2178425800307
 20
128.4599634537912
 30
0.0
 11
0.0
 21
0.25
 31
0.0
210
0.0
220
0.0
230
1.0
 40
0.2
 41
-4.662385418199997
 42
-3.6675510991
  0
ELLIPSE
  5
7D6
330
70
100
AcDbEntity
  8
0
  6
Continuous
 62
     7
100
AcDbEllipse
 10
399.4779675717308
 20
128.4599634537912
 30
0.0
 11
0.0
 21
0.25
 31
0.0
210
0.0
220
0.0
230
1.0
 40
0.2
 41
-2.615634208199999
 42
-1.620799889
  0
ELLIPSE
  5
7D7
330
70
100
AcDbEntity
  8
0
  6
Continuous
 62
     7
100
AcDbEllipse
 10
397.9779675717307
 20
128.4599634537912
 30
0.0
 11
0.0
 21
0.25
 31
0.0
210
0.0
220
0.0
230
1.0
 40
0.2
 41
-2.615634208099999
 42
-1.620799889
  0
ELLIPSE
  5
7D8
330
70
100
AcDbEntity
  8
0
  6
Continuous
 62
     7
100
AcDbEllipse
 10
395.9779675717308
 20
128.4599634537912
 30
0.0
 11
0.0
 21
0.25
 31
0.0
210
0.0
220
0.0
230
1.0
 40
0.2
 41
-2.615634208099999
 42
-1.620799889
  0
ELLIPSE
  5
7D9
330
70
100
AcDbEntity
  8
0
  6
Continuous
 62
     7
100
AcDbEllipse
 10
396.2178425800307
 20
128.4599634537912
 30
0.0
 11
0.0
 21
0.25
 31
0.0
210
0.0
220
0.0
230
1.0
 40
0.2
 41
-4.662385418199997
 42
-3.6675510991
  0
ELLIPSE
  5
7DA
330
70
100
AcDbEntity
  8
0
  6
Continuous
 62
     7
100
AcDbEllipse
 10
400.7178425800306
 20
128.4599634537912
 30
0.0
 11
0.0
 21
0.25
 31
0.0
210
0.0
220
0.0
230
1.0
 40
0.2
 41
-4.662385418199997
 42
-3.6675510991
  0
CIRCLE
  5
7E2
330
70
100
AcDbEntity
  8
slide
  6
HIDDEN
 62
     6
100
AcDbCircle
 10
424.7656775130512
 20
173.4601565388647
 30
0.0
 40
2.5
  0
CIRCLE
  5
7E3
330
70
100
AcDbEntity
  8
slide
  6
HIDDEN
 62
     6
100
AcDbCircle
 10
367.3656775130513
 20
121.0601565388646
 30
0.0
 40
2.5
  0
LINE
  5
7ED
330
70
100
AcDbEntity
  8
0
  6
Continuous
 62
     7
100
AcDbLine
 10
411.3372902738232
 20
125.9529880846093
 30
0.0
 11
423.7872902738232
 21
125.9529880846093
 31
0.0
  0
LINE
  5
7EE
330
70
100
AcDbEntity
  8
0
  6
Continuous
 62
     7
100
AcDbLine
 10
422.7872902738232
 20
127.5529880846094
 30
0.0
 11
411.8872902738231
 21
127.5529880846094
 31
0.0
  0
LINE
  5
7EF
330
70
100
AcDbEntity
  8
0
  6
Continuous
 62
     7
100
AcDbLine
 10
422.6372902738232
 20
127.7029880846093
 30
0.0
 11
412.0372902738232
 21
127.7029880846093
 31
0.0
  0
LINE
  5
7F0
330
70
100
AcDbEntity
  8
0
  6
Continuous
 62
     7
100
AcDbLine
 10
422.1872902738232
 20
127.8342408579093
 30
0.0
 11
421.9872902738232
 21
127.8342408579093
 31
0.0
  0
LINE
  5
7F1
330
70
100
AcDbEntity
  8
0
  6
Continuous
 62
     7
100
AcDbLine
 10
421.6872902738232
 20
127.8342408579093
 30
0.0
 11
421.4872902738232
 21
127.8342408579093
 31
0.0
  0
LINE
  5
7F2
330
70
100
AcDbEntity
  8
0
  6
Continuous
 62
     7
100
AcDbLine
 10
420.6872902738231
 20
127.8342408579093
 30
0.0
 11
420.4872902738231
 21
127.8342408579093
 31
0.0
  0
LINE
  5
7F3
330
70
100
AcDbEntity
  8
0
  6
Continuous
 62
     7
100
AcDbLine
 10
420.1872902738231
 20
127.8342408579093
 30
0.0
 11
419.9872902738231
 21
127.8342408579093
 31
0.0
  0
LINE
  5
7F4
330
70
100
AcDbEntity
  8
0
  6
Continuous
 62
     7
100
AcDbLine
 10
419.6872902738231
 20
127.8342408579093
 30
0.0
 11
419.4872902738231
 21
127.8342408579093
 31
0.0
  0
LINE
  5
7F5
330
70
100
AcDbEntity
  8
0
  6
Continuous
 62
     7
100
AcDbLine
 10
419.1872902738231
 20
127.8342408579093
 30
0.0
 11
418.9872902738231
 21
127.8342408579093
 31
0.0
  0
LINE
  5
7F6
330
70
100
AcDbEntity
  8
0
  6
Continuous
 62
     7
100
AcDbLine
 10
418.6872902738231
 20
127.8342408579093
 30
0.0
 11
418.4872902738232
 21
127.8342408579093
 31
0.0
  0
LINE
  5
7F7
330
70
100
AcDbEntity
  8
0
  6
Continuous
 62
     7
100
AcDbLine
 10
418.1872902738231
 20
127.8342408579093
 30
0.0
 11
417.9872902738232
 21
127.8342408579093
 31
0.0
  0
LINE
  5
7F8
330
70
100
AcDbEntity
  8
0
  6
Continuous
 62
     7
100
AcDbLine
 10
417.6872902738232
 20
127.8342408579093
 30
0.0
 11
417.4872902738232
 21
127.8342408579093
 31
0.0
  0
LINE
  5
7F9
330
70
100
AcDbEntity
  8
0
  6
Continuous
 62
     7
100
AcDbLine
 10
417.1872902738232
 20
127.8342408579093
 30
0.0
 11
416.9872902738232
 21
127.8342408579093
 31
0.0
  0
LINE
  5
7FA
330
70
100
AcDbEntity
  8
0
  6
Continuous
 62
     7
100
AcDbLine
 10
416.6872902738232
 20
127.8342408579093
 30
0.0
 11
416.4872902738231
 21
127.8342408579093
 31
0.0
  0
LINE
  5
7FB
330
70
100
AcDbEntity
  8
0
  6
Continuous
 62
     7
100
AcDbLine
 10
416.1872902738231
 20
127.8342408579093
 30
0.0
 11
415.9872902738231
 21
127.8342408579093
 31
0.0
  0
LINE
  5
7FC
330
70
100
AcDbEntity
  8
0
  6
Continuous
 62
     7
100
AcDbLine
 10
415.6872902738231
 20
127.8342408579093
 30
0.0
 11
415.4872902738231
 21
127.8342408579093
 31
0.0
  0
LINE
  5
7FD
330
70
100
AcDbEntity
  8
0
  6
Continuous
 62
     7
100
AcDbLine
 10
415.1872902738231
 20
127.8342408579093
 30
0.0
 11
414.9872902738231
 21
127.8342408579093
 31
0.0
  0
LINE
  5
7FE
330
70
100
AcDbEntity
  8
0
  6
Continuous
 62
     7
100
AcDbLine
 10
414.6872902738231
 20
127.8342408579093
 30
0.0
 11
414.4872902738232
 21
127.8342408579093
 31
0.0
  0
LINE
  5
7FF
330
70
100
AcDbEntity
  8
0
  6
Continuous
 62
     7
100
AcDbLine
 10
414.1872902738231
 20
127.8342408579093
 30
0.0
 11
413.9872902738232
 21
127.8342408579093
 31
0.0
  0
LINE
  5
800
330
70
100
AcDbEntity
  8
0
  6
Continuous
 62
     7
100
AcDbLine
 10
413.6872902738232
 20
127.8342408579093
 30
0.0
 11
413.4872902738232
 21
127.8342408579093
 31
0.0
  0
LINE
  5
801
330
70
100
AcDbEntity
  8
0
  6
Continuous
 62
     7
100
AcDbLine
 10
413.1872902738232
 20
127.8342408579093
 30
0.0
 11
412.9872902738232
 21
127.8342408579093
 31
0.0
  0
LINE
  5
802
330
70
100
AcDbEntity
  8
0
  6
Continuous
 62
     7
100
AcDbLine
 10
412.6872902738232
 20
127.8342408579093
 30
0.0
 11
412.4872902738231
 21
127.8342408579093
 31
0.0
  0
LINE
  5
803
330
70
100
AcDbEntity
  8
0
  6
Continuous
 62
     7
100
AcDbLine
 10
420.9872902738231
 20
127.8342408579093
 30
0.0
 11
421.1872902738232
 21
127.8342408579093
 31
0.0
  0
LINE
  5
804
330
70
100
AcDbEntity
  8
0
  6
Continuous
 62
     7
100
AcDbLine
 10
422.1872902738232
 20
127.8683007856093
 30
0.0
 11
421.9872902738232
 21
127.8683007856093
 31
0.0
  0
LINE
  5
805
330
70
100
AcDbEntity
  8
0
  6
Continuous
 62
     7
100
AcDbLine
 10
421.6872902738232
 20
127.8683007856093
 30
0.0
 11
421.4872902738232
 21
127.8683007856093
 31
0.0
  0
LINE
  5
806
330
70
100
AcDbEntity
  8
0
  6
Continuous
 62
     7
100
AcDbLine
 10
421.1872902738232
 20
127.8683007856093
 30
0.0
 11
420.9872902738231
 21
127.8683007856093
 31
0.0
  0
LINE
  5
807
330
70
100
AcDbEntity
  8
0
  6
Continuous
 62
     7
100
AcDbLine
 10
420.6872902738231
 20
127.8683007856093
 30
0.0
 11
420.4872902738231
 21
127.8683007856093
 31
0.0
  0
LINE
  5
808
330
70
100
AcDbEntity
  8
0
  6
Continuous
 62
     7
100
AcDbLine
 10
420.1872902738231
 20
127.8683007856093
 30
0.0
 11
419.9872902738231
 21
127.8683007856093
 31
0.0
  0
LINE
  5
809
330
70
100
AcDbEntity
  8
0
  6
Continuous
 62
     7
100
AcDbLine
 10
419.6872902738231
 20
127.8683007856093
 30
0.0
 11
419.4872902738231
 21
127.8683007856093
 31
0.0
  0
LINE
  5
80A
330
70
100
AcDbEntity
  8
0
  6
Continuous
 62
     7
100
AcDbLine
 10
419.1872902738231
 20
127.8683007856093
 30
0.0
 11
418.9872902738231
 21
127.8683007856093
 31
0.0
  0
LINE
  5
80B
330
70
100
AcDbEntity
  8
0
  6
Continuous
 62
     7
100
AcDbLine
 10
418.6872902738231
 20
127.8683007856093
 30
0.0
 11
418.4872902738232
 21
127.8683007856093
 31
0.0
  0
LINE
  5
80C
330
70
100
AcDbEntity
  8
0
  6
Continuous
 62
     7
100
AcDbLine
 10
418.1872902738231
 20
127.8683007856093
 30
0.0
 11
417.9872902738232
 21
127.8683007856093
 31
0.0
  0
LINE
  5
80D
330
70
100
AcDbEntity
  8
0
  6
Continuous
 62
     7
100
AcDbLine
 10
417.6872902738232
 20
127.8683007856093
 30
0.0
 11
417.4872902738232
 21
127.8683007856093
 31
0.0
  0
LINE
  5
80E
330
70
100
AcDbEntity
  8
0
  6
Continuous
 62
     7
100
AcDbLine
 10
417.1872902738232
 20
127.8683007856093
 30
0.0
 11
416.9872902738232
 21
127.8683007856093
 31
0.0
  0
LINE
  5
80F
330
70
100
AcDbEntity
  8
0
  6
Continuous
 62
     7
100
AcDbLine
 10
416.6872902738232
 20
127.8683007856093
 30
0.0
 11
416.4872902738231
 21
127.8683007856093
 31
0.0
  0
LINE
  5
810
330
70
100
AcDbEntity
  8
0
  6
Continuous
 62
     7
100
AcDbLine
 10
416.1872902738231
 20
127.8683007856093
 30
0.0
 11
415.9872902738231
 21
127.8683007856093
 31
0.0
  0
LINE
  5
811
330
70
100
AcDbEntity
  8
0
  6
Continuous
 62
     7
100
AcDbLine
 10
415.6872902738231
 20
127.8683007856093
 30
0.0
 11
415.4872902738231
 21
127.8683007856093
 31
0.0
  0
LINE
  5
812
330
70
100
AcDbEntity
  8
0
  6
Continuous
 62
     7
100
AcDbLine
 10
415.1872902738231
 20
127.8683007856093
 30
0.0
 11
414.9872902738231
 21
127.8683007856093
 31
0.0
  0
LINE
  5
813
330
70
100
AcDbEntity
  8
0
  6
Continuous
 62
     7
100
AcDbLine
 10
414.6872902738231
 20
127.8683007856093
 30
0.0
 11
414.4872902738232
 21
127.8683007856093
 31
0.0
  0
LINE
  5
814
330
70
100
AcDbEntity
  8
0
  6
Continuous
 62
     7
100
AcDbLine
 10
414.1872902738231
 20
127.8683007856093
 30
0.0
 11
413.9872902738232
 21
127.8683007856093
 31
0.0
  0
LINE
  5
815
330
70
100
AcDbEntity
  8
0
  6
Continuous
 62
     7
100
AcDbLine
 10
413.6872902738232
 20
127.8683007856093
 30
0.0
 11
413.4872902738232
 21
127.8683007856093
 31
0.0
  0
LINE
  5
816
330
70
100
AcDbEntity
  8
0
  6
Continuous
 62
     7
100
AcDbLine
 10
413.1872902738232
 20
127.8683007856093
 30
0.0
 11
412.9872902738232
 21
127.8683007856093
 31
0.0
  0
LINE
  5
817
330
70
100
AcDbEntity
  8
0
  6
Continuous
 62
     7
100
AcDbLine
 10
412.6872902738232
 20
127.8683007856093
 30
0.0
 11
412.4872902738231
 21
127.8683007856093
 31
0.0
  0
LINE
  5
818
330
70
100
AcDbEntity
  8
0
  6
Continuous
 62
     7
100
AcDbLine
 10
422.6372902738232
 20
128.1029880846093
 30
0.0
 11
422.2172902738232
 21
128.1029880846093
 31
0.0
  0
LINE
  5
819
330
70
100
AcDbEntity
  8
0
  6
Continuous
 62
     7
100
AcDbLine
 10
421.9572902738232
 20
128.1029880846093
 30
0.0
 11
421.7172902738232
 21
128.1029880846093
 31
0.0
  0
LINE
  5
81A
330
70
100
AcDbEntity
  8
0
  6
Continuous
 62
     7
100
AcDbLine
 10
421.4572902738231
 20
128.1029880846093
 30
0.0
 11
421.2172902738232
 21
128.1029880846093
 31
0.0
  0
LINE
  5
81B
330
70
100
AcDbEntity
  8
0
  6
Continuous
 62
     7
100
AcDbLine
 10
420.9572902738231
 20
128.1029880846093
 30
0.0
 11
420.7172902738232
 21
128.1029880846093
 31
0.0
  0
LINE
  5
81C
330
70
100
AcDbEntity
  8
0
  6
Continuous
 62
     7
100
AcDbLine
 10
420.4572902738231
 20
128.1029880846093
 30
0.0
 11
420.2172902738231
 21
128.1029880846093
 31
0.0
  0
LINE
  5
81D
330
70
100
AcDbEntity
  8
0
  6
Continuous
 62
     7
100
AcDbLine
 10
419.9572902738231
 20
128.1029880846093
 30
0.0
 11
419.7172902738231
 21
128.1029880846093
 31
0.0
  0
LINE
  5
81E
330
70
100
AcDbEntity
  8
0
  6
Continuous
 62
     7
100
AcDbLine
 10
419.4572902738231
 20
128.1029880846093
 30
0.0
 11
419.2172902738231
 21
128.1029880846093
 31
0.0
  0
LINE
  5
81F
330
70
100
AcDbEntity
  8
0
  6
Continuous
 62
     7
100
AcDbLine
 10
418.9572902738231
 20
128.1029880846093
 30
0.0
 11
418.7172902738232
 21
128.1029880846093
 31
0.0
  0
LINE
  5
820
330
70
100
AcDbEntity
  8
0
  6
Continuous
 62
     7
100
AcDbLine
 10
418.4572902738231
 20
128.1029880846093
 30
0.0
 11
418.2172902738232
 21
128.1029880846093
 31
0.0
  0
LINE
  5
821
330
70
100
AcDbEntity
  8
0
  6
Continuous
 62
     7
100
AcDbLine
 10
417.9572902738232
 20
128.1029880846093
 30
0.0
 11
417.7172902738232
 21
128.1029880846093
 31
0.0
  0
LINE
  5
822
330
70
100
AcDbEntity
  8
0
  6
Continuous
 62
     7
100
AcDbLine
 10
417.4572902738232
 20
128.1029880846093
 30
0.0
 11
417.2172902738232
 21
128.1029880846093
 31
0.0
  0
LINE
  5
823
330
70
100
AcDbEntity
  8
0
  6
Continuous
 62
     7
100
AcDbLine
 10
416.9572902738231
 20
128.1029880846093
 30
0.0
 11
416.7172902738232
 21
128.1029880846093
 31
0.0
  0
LINE
  5
824
330
70
100
AcDbEntity
  8
0
  6
Continuous
 62
     7
100
AcDbLine
 10
416.4572902738231
 20
128.1029880846093
 30
0.0
 11
416.2172902738232
 21
128.1029880846093
 31
0.0
  0
LINE
  5
825
330
70
100
AcDbEntity
  8
0
  6
Continuous
 62
     7
100
AcDbLine
 10
415.9572902738231
 20
128.1029880846093
 30
0.0
 11
415.7172902738231
 21
128.1029880846093
 31
0.0
  0
LINE
  5
826
330
70
100
AcDbEntity
  8
0
  6
Continuous
 62
     7
100
AcDbLine
 10
415.4572902738231
 20
128.1029880846093
 30
0.0
 11
415.2172902738231
 21
128.1029880846093
 31
0.0
  0
LINE
  5
827
330
70
100
AcDbEntity
  8
0
  6
Continuous
 62
     7
100
AcDbLine
 10
414.9572902738231
 20
128.1029880846093
 30
0.0
 11
414.7172902738232
 21
128.1029880846093
 31
0.0
  0
LINE
  5
828
330
70
100
AcDbEntity
  8
0
  6
Continuous
 62
     7
100
AcDbLine
 10
414.4572902738231
 20
128.1029880846093
 30
0.0
 11
414.2172902738232
 21
128.1029880846093
 31
0.0
  0
LINE
  5
829
330
70
100
AcDbEntity
  8
0
  6
Continuous
 62
     7
100
AcDbLine
 10
413.9572902738231
 20
128.1029880846093
 30
0.0
 11
413.7172902738232
 21
128.1029880846093
 31
0.0
  0
LINE
  5
82A
330
70
100
AcDbEntity
  8
0
  6
Continuous
 62
     7
100
AcDbLine
 10
413.4572902738232
 20
128.1029880846093
 30
0.0
 11
413.2172902738232
 21
128.1029880846093
 31
0.0
  0
LINE
  5
82B
330
70
100
AcDbEntity
  8
0
  6
Continuous
 62
     7
100
AcDbLine
 10
412.9572902738231
 20
128.1029880846093
 30
0.0
 11
412.7172902738232
 21
128.1029880846093
 31
0.0
  0
LINE
  5
82C
330
70
100
AcDbEntity
  8
0
  6
Continuous
 62
     7
100
AcDbLine
 10
412.4572902738231
 20
128.1029880846093
 30
0.0
 11
412.0372902738232
 21
128.1029880846093
 31
0.0
  0
LINE
  5
82D
330
70
100
AcDbEntity
  8
0
  6
Continuous
 62
     7
100
AcDbLine
 10
412.5172902738231
 20
128.2988902186093
 30
0.0
 11
412.6572902738232
 21
128.2988902186093
 31
0.0
  0
LINE
  5
82E
330
70
100
AcDbEntity
  8
0
  6
Continuous
 62
     7
100
AcDbLine
 10
413.0172902738231
 20
128.2988902186093
 30
0.0
 11
413.1572902738231
 21
128.2988902186093
 31
0.0
  0
LINE
  5
82F
330
70
100
AcDbEntity
  8
0
  6
Continuous
 62
     7
100
AcDbLine
 10
413.5172902738231
 20
128.2988902186093
 30
0.0
 11
413.6572902738231
 21
128.2988902186093
 31
0.0
  0
LINE
  5
830
330
70
100
AcDbEntity
  8
0
  6
Continuous
 62
     7
100
AcDbLine
 10
414.0172902738231
 20
128.2988902186093
 30
0.0
 11
414.1572902738231
 21
128.2988902186093
 31
0.0
  0
LINE
  5
831
330
70
100
AcDbEntity
  8
0
  6
Continuous
 62
     7
100
AcDbLine
 10
414.5172902738231
 20
128.2988902186093
 30
0.0
 11
414.6572902738232
 21
128.2988902186093
 31
0.0
  0
LINE
  5
832
330
70
100
AcDbEntity
  8
0
  6
Continuous
 62
     7
100
AcDbLine
 10
415.0172902738232
 20
128.2988902186093
 30
0.0
 11
415.1572902738232
 21
128.2988902186093
 31
0.0
  0
LINE
  5
833
330
70
100
AcDbEntity
  8
0
  6
Continuous
 62
     7
100
AcDbLine
 10
415.5172902738232
 20
128.2988902186093
 30
0.0
 11
415.6572902738232
 21
128.2988902186093
 31
0.0
  0
LINE
  5
834
330
70
100
AcDbEntity
  8
0
  6
Continuous
 62
     7
100
AcDbLine
 10
416.0172902738231
 20
128.2988902186093
 30
0.0
 11
416.1572902738232
 21
128.2988902186093
 31
0.0
  0
LINE
  5
835
330
70
100
AcDbEntity
  8
0
  6
Continuous
 62
     7
100
AcDbLine
 10
416.5172902738231
 20
128.2988902186093
 30
0.0
 11
416.6572902738232
 21
128.2988902186093
 31
0.0
  0
LINE
  5
836
330
70
100
AcDbEntity
  8
0
  6
Continuous
 62
     7
100
AcDbLine
 10
417.0172902738231
 20
128.2988902186093
 30
0.0
 11
417.1572902738232
 21
128.2988902186093
 31
0.0
  0
LINE
  5
837
330
70
100
AcDbEntity
  8
0
  6
Continuous
 62
     7
100
AcDbLine
 10
417.5172902738231
 20
128.2988902186093
 30
0.0
 11
417.6572902738231
 21
128.2988902186093
 31
0.0
  0
LINE
  5
838
330
70
100
AcDbEntity
  8
0
  6
Continuous
 62
     7
100
AcDbLine
 10
418.0172902738231
 20
128.2988902186093
 30
0.0
 11
418.1572902738231
 21
128.2988902186093
 31
0.0
  0
LINE
  5
839
330
70
100
AcDbEntity
  8
0
  6
Continuous
 62
     7
100
AcDbLine
 10
418.5172902738231
 20
128.2988902186093
 30
0.0
 11
418.6572902738232
 21
128.2988902186093
 31
0.0
  0
LINE
  5
83A
330
70
100
AcDbEntity
  8
0
  6
Continuous
 62
     7
100
AcDbLine
 10
419.0172902738231
 20
128.2988902186093
 30
0.0
 11
419.1572902738232
 21
128.2988902186093
 31
0.0
  0
LINE
  5
83B
330
70
100
AcDbEntity
  8
0
  6
Continuous
 62
     7
100
AcDbLine
 10
419.5172902738232
 20
128.2988902186093
 30
0.0
 11
419.6572902738232
 21
128.2988902186093
 31
0.0
  0
LINE
  5
83C
330
70
100
AcDbEntity
  8
0
  6
Continuous
 62
     7
100
AcDbLine
 10
420.0172902738233
 20
128.2988902186093
 30
0.0
 11
420.1572902738232
 21
128.2988902186093
 31
0.0
  0
LINE
  5
83D
330
70
100
AcDbEntity
  8
0
  6
Continuous
 62
     7
100
AcDbLine
 10
420.5172902738231
 20
128.2988902186093
 30
0.0
 11
420.6572902738232
 21
128.2988902186093
 31
0.0
  0
LINE
  5
83E
330
70
100
AcDbEntity
  8
0
  6
Continuous
 62
     7
100
AcDbLine
 10
421.0172902738231
 20
128.2988902186093
 30
0.0
 11
421.1572902738232
 21
128.2988902186093
 31
0.0
  0
LINE
  5
83F
330
70
100
AcDbEntity
  8
0
  6
Continuous
 62
     7
100
AcDbLine
 10
421.5172902738231
 20
128.2988902186093
 30
0.0
 11
421.6572902738231
 21
128.2988902186093
 31
0.0
  0
LINE
  5
840
330
70
100
AcDbEntity
  8
0
  6
Continuous
 62
     7
100
AcDbLine
 10
422.0172902738231
 20
128.2988902186093
 30
0.0
 11
422.1572902738231
 21
128.2988902186093
 31
0.0
  0
LINE
  5
841
330
70
100
AcDbEntity
  8
0
  6
Continuous
 62
     7
100
AcDbLine
 10
422.1872902738232
 20
128.3779880850093
 30
0.0
 11
421.9872902738232
 21
128.3779880850093
 31
0.0
  0
LINE
  5
842
330
70
100
AcDbEntity
  8
0
  6
Continuous
 62
     7
100
AcDbLine
 10
421.1872902738232
 20
128.3779880850093
 30
0.0
 11
420.9872902738231
 21
128.3779880850093
 31
0.0
  0
LINE
  5
843
330
70
100
AcDbEntity
  8
0
  6
Continuous
 62
     7
100
AcDbLine
 10
420.6872902738231
 20
128.3779880850093
 30
0.0
 11
420.4872902738231
 21
128.3779880850093
 31
0.0
  0
LINE
  5
844
330
70
100
AcDbEntity
  8
0
  6
Continuous
 62
     7
100
AcDbLine
 10
420.1872902738231
 20
128.3779880850093
 30
0.0
 11
419.9872902738231
 21
128.3779880850093
 31
0.0
  0
LINE
  5
845
330
70
100
AcDbEntity
  8
0
  6
Continuous
 62
     7
100
AcDbLine
 10
419.6872902738231
 20
128.3779880850093
 30
0.0
 11
419.4872902738231
 21
128.3779880850093
 31
0.0
  0
LINE
  5
846
330
70
100
AcDbEntity
  8
0
  6
Continuous
 62
     7
100
AcDbLine
 10
419.1872902738231
 20
128.3779880850093
 30
0.0
 11
418.9872902738231
 21
128.3779880850093
 31
0.0
  0
LINE
  5
847
330
70
100
AcDbEntity
  8
0
  6
Continuous
 62
     7
100
AcDbLine
 10
418.6872902738231
 20
128.3779880850093
 30
0.0
 11
418.4872902738232
 21
128.3779880850093
 31
0.0
  0
LINE
  5
848
330
70
100
AcDbEntity
  8
0
  6
Continuous
 62
     7
100
AcDbLine
 10
418.1872902738231
 20
128.3779880850093
 30
0.0
 11
417.9872902738232
 21
128.3779880850093
 31
0.0
  0
LINE
  5
849
330
70
100
AcDbEntity
  8
0
  6
Continuous
 62
     7
100
AcDbLine
 10
417.6872902738232
 20
128.3779880850093
 30
0.0
 11
417.4872902738232
 21
128.3779880850093
 31
0.0
  0
LINE
  5
84A
330
70
100
AcDbEntity
  8
0
  6
Continuous
 62
     7
100
AcDbLine
 10
417.1872902738232
 20
128.3779880850093
 30
0.0
 11
416.9872902738232
 21
128.3779880850093
 31
0.0
  0
LINE
  5
84B
330
70
100
AcDbEntity
  8
0
  6
Continuous
 62
     7
100
AcDbLine
 10
416.6872902738232
 20
128.3779880850093
 30
0.0
 11
416.4872902738231
 21
128.3779880850093
 31
0.0
  0
LINE
  5
84C
330
70
100
AcDbEntity
  8
0
  6
Continuous
 62
     7
100
AcDbLine
 10
416.1872902738231
 20
128.3779880850093
 30
0.0
 11
415.9872902738231
 21
128.3779880850093
 31
0.0
  0
LINE
  5
84D
330
70
100
AcDbEntity
  8
0
  6
Continuous
 62
     7
100
AcDbLine
 10
415.6872902738231
 20
128.3779880850093
 30
0.0
 11
415.4872902738231
 21
128.3779880850093
 31
0.0
  0
LINE
  5
84E
330
70
100
AcDbEntity
  8
0
  6
Continuous
 62
     7
100
AcDbLine
 10
415.1872902738231
 20
128.3779880850093
 30
0.0
 11
414.9872902738231
 21
128.3779880850093
 31
0.0
  0
LINE
  5
84F
330
70
100
AcDbEntity
  8
0
  6
Continuous
 62
     7
100
AcDbLine
 10
414.6872902738231
 20
128.3779880850093
 30
0.0
 11
414.4872902738232
 21
128.3779880850093
 31
0.0
  0
LINE
  5
850
330
70
100
AcDbEntity
  8
0
  6
Continuous
 62
     7
100
AcDbLine
 10
414.1872902738231
 20
128.3779880850093
 30
0.0
 11
413.9872902738232
 21
128.3779880850093
 31
0.0
  0
LINE
  5
851
330
70
100
AcDbEntity
  8
0
  6
Continuous
 62
     7
100
AcDbLine
 10
413.6872902738232
 20
128.3779880850093
 30
0.0
 11
413.4872902738232
 21
128.3779880850093
 31
0.0
  0
LINE
  5
852
330
70
100
AcDbEntity
  8
0
  6
Continuous
 62
     7
100
AcDbLine
 10
413.1872902738232
 20
128.3779880850093
 30
0.0
 11
412.9872902738232
 21
128.3779880850093
 31
0.0
  0
LINE
  5
853
330
70
100
AcDbEntity
  8
0
  6
Continuous
 62
     7
100
AcDbLine
 10
412.6872902738232
 20
128.3779880850093
 30
0.0
 11
412.4872902738231
 21
128.3779880850093
 31
0.0
  0
LINE
  5
854
330
70
100
AcDbEntity
  8
0
  6
Continuous
 62
     7
100
AcDbLine
 10
421.4872902738232
 20
128.3779880850093
 30
0.0
 11
421.6872902738232
 21
128.3779880850093
 31
0.0
  0
LINE
  5
855
330
70
100
AcDbEntity
  8
0
  6
Continuous
 62
     7
100
AcDbLine
 10
421.6972902738231
 20
128.4779880846093
 30
0.0
 11
421.4772902738231
 21
128.4779880846093
 31
0.0
  0
LINE
  5
856
330
70
100
AcDbEntity
  8
0
  6
Continuous
 62
     7
100
AcDbLine
 10
418.1972902738231
 20
128.4779880846093
 30
0.0
 11
417.9772902738232
 21
128.4779880846093
 31
0.0
  0
LINE
  5
857
330
70
100
AcDbEntity
  8
0
  6
Continuous
 62
     7
100
AcDbLine
 10
417.6972902738231
 20
128.4779880846093
 30
0.0
 11
417.4772902738231
 21
128.4779880846093
 31
0.0
  0
LINE
  5
858
330
70
100
AcDbEntity
  8
0
  6
Continuous
 62
     7
100
AcDbLine
 10
417.1972902738231
 20
128.4779880846093
 30
0.0
 11
416.9772902738231
 21
128.4779880846093
 31
0.0
  0
LINE
  5
859
330
70
100
AcDbEntity
  8
0
  6
Continuous
 62
     7
100
AcDbLine
 10
416.6972902738232
 20
128.4779880846093
 30
0.0
 11
416.4772902738231
 21
128.4779880846093
 31
0.0
  0
LINE
  5
85A
330
70
100
AcDbEntity
  8
0
  6
Continuous
 62
     7
100
AcDbLine
 10
416.1972902738232
 20
128.4779880846093
 30
0.0
 11
415.9772902738231
 21
128.4779880846093
 31
0.0
  0
LINE
  5
85B
330
70
100
AcDbEntity
  8
0
  6
Continuous
 62
     7
100
AcDbLine
 10
415.6972902738231
 20
128.4779880846093
 30
0.0
 11
415.4772902738232
 21
128.4779880846093
 31
0.0
  0
LINE
  5
85C
330
70
100
AcDbEntity
  8
0
  6
Continuous
 62
     7
100
AcDbLine
 10
415.1972902738231
 20
128.4779880846093
 30
0.0
 11
414.9772902738232
 21
128.4779880846093
 31
0.0
  0
LINE
  5
85D
330
70
100
AcDbEntity
  8
0
  6
Continuous
 62
     7
100
AcDbLine
 10
414.6972902738231
 20
128.4779880846093
 30
0.0
 11
414.4772902738232
 21
128.4779880846093
 31
0.0
  0
LINE
  5
85E
330
70
100
AcDbEntity
  8
0
  6
Continuous
 62
     7
100
AcDbLine
 10
414.1972902738231
 20
128.4779880846093
 30
0.0
 11
413.9772902738232
 21
128.4779880846093
 31
0.0
  0
LINE
  5
85F
330
70
100
AcDbEntity
  8
0
  6
Continuous
 62
     7
100
AcDbLine
 10
413.6972902738231
 20
128.4779880846093
 30
0.0
 11
413.4772902738232
 21
128.4779880846093
 31
0.0
  0
LINE
  5
860
330
70
100
AcDbEntity
  8
0
  6
Continuous
 62
     7
100
AcDbLine
 10
413.1972902738231
 20
128.4779880846093
 30
0.0
 11
412.9772902738231
 21
128.4779880846093
 31
0.0
  0
LINE
  5
861
330
70
100
AcDbEntity
  8
0
  6
Continuous
 62
     7
100
AcDbLine
 10
412.6972902738232
 20
128.4779880846093
 30
0.0
 11
412.4772902738231
 21
128.4779880846093
 31
0.0
  0
LINE
  5
862
330
70
100
AcDbEntity
  8
0
  6
Continuous
 62
     7
100
AcDbLine
 10
418.4772902738232
 20
128.4779880846093
 30
0.0
 11
418.6972902738231
 21
128.4779880846093
 31
0.0
  0
LINE
  5
863
330
70
100
AcDbEntity
  8
0
  6
Continuous
 62
     7
100
AcDbLine
 10
418.9772902738232
 20
128.4779880846093
 30
0.0
 11
419.1972902738231
 21
128.4779880846093
 31
0.0
  0
LINE
  5
864
330
70
100
AcDbEntity
  8
0
  6
Continuous
 62
     7
100
AcDbLine
 10
419.4772902738232
 20
128.4779880846093
 30
0.0
 11
419.6972902738231
 21
128.4779880846093
 31
0.0
  0
LINE
  5
865
330
70
100
AcDbEntity
  8
0
  6
Continuous
 62
     7
100
AcDbLine
 10
419.9772902738232
 20
128.4779880846093
 30
0.0
 11
420.1972902738232
 21
128.4779880846093
 31
0.0
  0
LINE
  5
866
330
70
100
AcDbEntity
  8
0
  6
Continuous
 62
     7
100
AcDbLine
 10
420.4772902738231
 20
128.4779880846093
 30
0.0
 11
420.6972902738232
 21
128.4779880846093
 31
0.0
  0
LINE
  5
867
330
70
100
AcDbEntity
  8
0
  6
Continuous
 62
     7
100
AcDbLine
 10
420.9772902738231
 20
128.4779880846093
 30
0.0
 11
421.1972902738231
 21
128.4779880846093
 31
0.0
  0
LINE
  5
868
330
70
100
AcDbEntity
  8
0
  6
Continuous
 62
     7
100
AcDbLine
 10
421.9772902738232
 20
128.4779880846093
 30
0.0
 11
422.1972902738231
 21
128.4779880846093
 31
0.0
  0
LINE
  5
869
330
70
100
AcDbEntity
  8
0
  6
Continuous
 62
     7
100
AcDbLine
 10
421.7172902738232
 20
128.5029880846093
 30
0.0
 11
421.4572902738231
 21
128.5029880846093
 31
0.0
  0
LINE
  5
86A
330
70
100
AcDbEntity
  8
0
  6
Continuous
 62
     7
100
AcDbLine
 10
418.2172902738232
 20
128.5029880846093
 30
0.0
 11
417.9572902738232
 21
128.5029880846093
 31
0.0
  0
LINE
  5
86B
330
70
100
AcDbEntity
  8
0
  6
Continuous
 62
     7
100
AcDbLine
 10
417.7172902738232
 20
128.5029880846093
 30
0.0
 11
417.4572902738232
 21
128.5029880846093
 31
0.0
  0
LINE
  5
86C
330
70
100
AcDbEntity
  8
0
  6
Continuous
 62
     7
100
AcDbLine
 10
417.2172902738232
 20
128.5029880846093
 30
0.0
 11
416.9572902738231
 21
128.5029880846093
 31
0.0
  0
LINE
  5
86D
330
70
100
AcDbEntity
  8
0
  6
Continuous
 62
     7
100
AcDbLine
 10
416.7172902738232
 20
128.5029880846093
 30
0.0
 11
416.4572902738231
 21
128.5029880846093
 31
0.0
  0
LINE
  5
86E
330
70
100
AcDbEntity
  8
0
  6
Continuous
 62
     7
100
AcDbLine
 10
416.2172902738232
 20
128.5029880846093
 30
0.0
 11
415.9572902738231
 21
128.5029880846093
 31
0.0
  0
LINE
  5
86F
330
70
100
AcDbEntity
  8
0
  6
Continuous
 62
     7
100
AcDbLine
 10
415.7172902738231
 20
128.5029880846093
 30
0.0
 11
415.4572902738231
 21
128.5029880846093
 31
0.0
  0
LINE
  5
870
330
70
100
AcDbEntity
  8
0
  6
Continuous
 62
     7
100
AcDbLine
 10
415.2172902738231
 20
128.5029880846093
 30
0.0
 11
414.9572902738231
 21
128.5029880846093
 31
0.0
  0
LINE
  5
871
330
70
100
AcDbEntity
  8
0
  6
Continuous
 62
     7
100
AcDbLine
 10
414.7172902738232
 20
128.5029880846093
 30
0.0
 11
414.4572902738231
 21
128.5029880846093
 31
0.0
  0
LINE
  5
872
330
70
100
AcDbEntity
  8
0
  6
Continuous
 62
     7
100
AcDbLine
 10
414.2172902738232
 20
128.5029880846093
 30
0.0
 11
413.9572902738231
 21
128.5029880846093
 31
0.0
  0
LINE
  5
873
330
70
100
AcDbEntity
  8
0
  6
Continuous
 62
     7
100
AcDbLine
 10
413.7172902738232
 20
128.5029880846093
 30
0.0
 11
413.4572902738232
 21
128.5029880846093
 31
0.0
  0
LINE
  5
874
330
70
100
AcDbEntity
  8
0
  6
Continuous
 62
     7
100
AcDbLine
 10
413.2172902738232
 20
128.5029880846093
 30
0.0
 11
412.9572902738231
 21
128.5029880846093
 31
0.0
  0
LINE
  5
875
330
70
100
AcDbEntity
  8
0
  6
Continuous
 62
     7
100
AcDbLine
 10
412.7172902738232
 20
128.5029880846093
 30
0.0
 11
412.4572902738231
 21
128.5029880846093
 31
0.0
  0
LINE
  5
876
330
70
100
AcDbEntity
  8
0
  6
Continuous
 62
     7
100
AcDbLine
 10
418.4572902738231
 20
128.5029880846093
 30
0.0
 11
418.7172902738232
 21
128.5029880846093
 31
0.0
  0
LINE
  5
877
330
70
100
AcDbEntity
  8
0
  6
Continuous
 62
     7
100
AcDbLine
 10
418.9572902738231
 20
128.5029880846093
 30
0.0
 11
419.2172902738231
 21
128.5029880846093
 31
0.0
  0
LINE
  5
878
330
70
100
AcDbEntity
  8
0
  6
Continuous
 62
     7
100
AcDbLine
 10
419.4572902738231
 20
128.5029880846093
 30
0.0
 11
419.7172902738231
 21
128.5029880846093
 31
0.0
  0
LINE
  5
879
330
70
100
AcDbEntity
  8
0
  6
Continuous
 62
     7
100
AcDbLine
 10
419.9572902738231
 20
128.5029880846093
 30
0.0
 11
420.2172902738231
 21
128.5029880846093
 31
0.0
  0
LINE
  5
87A
330
70
100
AcDbEntity
  8
0
  6
Continuous
 62
     7
100
AcDbLine
 10
420.4572902738231
 20
128.5029880846093
 30
0.0
 11
420.7172902738232
 21
128.5029880846093
 31
0.0
  0
LINE
  5
87B
330
70
100
AcDbEntity
  8
0
  6
Continuous
 62
     7
100
AcDbLine
 10
420.9572902738231
 20
128.5029880846093
 30
0.0
 11
421.2172902738232
 21
128.5029880846093
 31
0.0
  0
LINE
  5
87C
330
70
100
AcDbEntity
  8
0
  6
Continuous
 62
     7
100
AcDbLine
 10
421.9572902738232
 20
128.5029880846093
 30
0.0
 11
422.2172902738232
 21
128.5029880846093
 31
0.0
  0
LINE
  5
87D
330
70
100
AcDbEntity
  8
0
  6
Continuous
 62
     7
100
AcDbLine
 10
410.8872902738231
 20
128.9029880846094
 30
0.0
 11
423.7872902738232
 21
128.9029880846094
 31
0.0
  0
LINE
  5
87E
330
70
100
AcDbEntity
  8
0
  6
Continuous
 62
     7
100
AcDbLine
 10
412.6572902738232
 20
128.2988902186093
 30
0.0
 11
412.6872902738232
 21
128.2919549641094
 31
0.0
  0
LINE
  5
87F
330
70
100
AcDbEntity
  8
0
  6
Continuous
 62
     7
100
AcDbLine
 10
413.1572902738231
 20
128.2988902186093
 30
0.0
 11
413.1872902738232
 21
128.2919549641094
 31
0.0
  0
LINE
  5
880
330
70
100
AcDbEntity
  8
0
  6
Continuous
 62
     7
100
AcDbLine
 10
413.6572902738231
 20
128.2988902186093
 30
0.0
 11
413.6872902738232
 21
128.2919549641094
 31
0.0
  0
LINE
  5
881
330
70
100
AcDbEntity
  8
0
  6
Continuous
 62
     7
100
AcDbLine
 10
414.1572902738231
 20
128.2988902186093
 30
0.0
 11
414.1872902738231
 21
128.2919549641094
 31
0.0
  0
LINE
  5
882
330
70
100
AcDbEntity
  8
0
  6
Continuous
 62
     7
100
AcDbLine
 10
414.6572902738232
 20
128.2988902186093
 30
0.0
 11
414.6872902738231
 21
128.2919549641094
 31
0.0
  0
LINE
  5
883
330
70
100
AcDbEntity
  8
0
  6
Continuous
 62
     7
100
AcDbLine
 10
415.1572902738232
 20
128.2988902186093
 30
0.0
 11
415.1872902738231
 21
128.2919549641094
 31
0.0
  0
LINE
  5
884
330
70
100
AcDbEntity
  8
0
  6
Continuous
 62
     7
100
AcDbLine
 10
415.6572902738232
 20
128.2988902186093
 30
0.0
 11
415.6872902738231
 21
128.2919549641094
 31
0.0
  0
LINE
  5
885
330
70
100
AcDbEntity
  8
0
  6
Continuous
 62
     7
100
AcDbLine
 10
416.1572902738232
 20
128.2988902186093
 30
0.0
 11
416.1872902738231
 21
128.2919549641094
 31
0.0
  0
LINE
  5
886
330
70
100
AcDbEntity
  8
0
  6
Continuous
 62
     7
100
AcDbLine
 10
416.6572902738232
 20
128.2988902186093
 30
0.0
 11
416.6872902738232
 21
128.2919549641094
 31
0.0
  0
LINE
  5
887
330
70
100
AcDbEntity
  8
0
  6
Continuous
 62
     7
100
AcDbLine
 10
417.1572902738232
 20
128.2988902186093
 30
0.0
 11
417.1872902738232
 21
128.2919549641094
 31
0.0
  0
LINE
  5
888
330
70
100
AcDbEntity
  8
0
  6
Continuous
 62
     7
100
AcDbLine
 10
417.6572902738231
 20
128.2988902186093
 30
0.0
 11
417.6872902738232
 21
128.2919549641094
 31
0.0
  0
LINE
  5
889
330
70
100
AcDbEntity
  8
0
  6
Continuous
 62
     7
100
AcDbLine
 10
418.1572902738231
 20
128.2988902186093
 30
0.0
 11
418.1872902738231
 21
128.2919549641094
 31
0.0
  0
LINE
  5
88A
330
70
100
AcDbEntity
  8
0
  6
Continuous
 62
     7
100
AcDbLine
 10
418.6572902738232
 20
128.2988902186093
 30
0.0
 11
418.6872902738231
 21
128.2919549641094
 31
0.0
  0
LINE
  5
88B
330
70
100
AcDbEntity
  8
0
  6
Continuous
 62
     7
100
AcDbLine
 10
419.1572902738232
 20
128.2988902186093
 30
0.0
 11
419.1872902738231
 21
128.2919549641094
 31
0.0
  0
LINE
  5
88C
330
70
100
AcDbEntity
  8
0
  6
Continuous
 62
     7
100
AcDbLine
 10
419.6572902738232
 20
128.2988902186093
 30
0.0
 11
419.6872902738231
 21
128.2919549641094
 31
0.0
  0
LINE
  5
88D
330
70
100
AcDbEntity
  8
0
  6
Continuous
 62
     7
100
AcDbLine
 10
420.1572902738232
 20
128.2988902186093
 30
0.0
 11
420.1872902738231
 21
128.2919549641094
 31
0.0
  0
LINE
  5
88E
330
70
100
AcDbEntity
  8
0
  6
Continuous
 62
     7
100
AcDbLine
 10
420.6572902738232
 20
128.2988902186093
 30
0.0
 11
420.6872902738231
 21
128.2919549641094
 31
0.0
  0
LINE
  5
88F
330
70
100
AcDbEntity
  8
0
  6
Continuous
 62
     7
100
AcDbLine
 10
421.1572902738232
 20
128.2988902186093
 30
0.0
 11
421.1872902738232
 21
128.2919549641094
 31
0.0
  0
LINE
  5
890
330
70
100
AcDbEntity
  8
0
  6
Continuous
 62
     7
100
AcDbLine
 10
421.6572902738231
 20
128.2988902186093
 30
0.0
 11
421.6872902738232
 21
128.2919549641094
 31
0.0
  0
LINE
  5
891
330
70
100
AcDbEntity
  8
0
  6
Continuous
 62
     7
100
AcDbLine
 10
422.1572902738231
 20
128.2988902186093
 30
0.0
 11
422.1872902738232
 21
128.2919549641094
 31
0.0
  0
LINE
  5
892
330
70
100
AcDbEntity
  8
0
  6
Continuous
 62
     7
100
AcDbLine
 10
411.3372902738232
 20
125.9529880846093
 30
0.0
 11
410.8872902738231
 21
126.4029880846093
 31
0.0
  0
LINE
  5
893
330
70
100
AcDbEntity
  8
0
  6
Continuous
 62
     7
100
AcDbLine
 10
421.9872902738232
 20
128.2919549641094
 30
0.0
 11
422.0172902738231
 21
128.2988902186093
 31
0.0
  0
LINE
  5
894
330
70
100
AcDbEntity
  8
0
  6
Continuous
 62
     7
100
AcDbLine
 10
421.4872902738232
 20
128.2919549641094
 30
0.0
 11
421.5172902738231
 21
128.2988902186093
 31
0.0
  0
LINE
  5
895
330
70
100
AcDbEntity
  8
0
  6
Continuous
 62
     7
100
AcDbLine
 10
420.9872902738231
 20
128.2919549641094
 30
0.0
 11
421.0172902738231
 21
128.2988902186093
 31
0.0
  0
LINE
  5
896
330
70
100
AcDbEntity
  8
0
  6
Continuous
 62
     7
100
AcDbLine
 10
420.4872902738231
 20
128.2919549641094
 30
0.0
 11
420.5172902738231
 21
128.2988902186093
 31
0.0
  0
LINE
  5
897
330
70
100
AcDbEntity
  8
0
  6
Continuous
 62
     7
100
AcDbLine
 10
419.9872902738231
 20
128.2919549641094
 30
0.0
 11
420.0172902738233
 21
128.2988902186093
 31
0.0
  0
LINE
  5
898
330
70
100
AcDbEntity
  8
0
  6
Continuous
 62
     7
100
AcDbLine
 10
419.4872902738231
 20
128.2919549641094
 30
0.0
 11
419.5172902738232
 21
128.2988902186093
 31
0.0
  0
LINE
  5
899
330
70
100
AcDbEntity
  8
0
  6
Continuous
 62
     7
100
AcDbLine
 10
418.9872902738231
 20
128.2919549641094
 30
0.0
 11
419.0172902738231
 21
128.2988902186093
 31
0.0
  0
LINE
  5
89A
330
70
100
AcDbEntity
  8
0
  6
Continuous
 62
     7
100
AcDbLine
 10
418.4872902738232
 20
128.2919549641094
 30
0.0
 11
418.5172902738231
 21
128.2988902186093
 31
0.0
  0
LINE
  5
89B
330
70
100
AcDbEntity
  8
0
  6
Continuous
 62
     7
100
AcDbLine
 10
417.9872902738232
 20
128.2919549641094
 30
0.0
 11
418.0172902738231
 21
128.2988902186093
 31
0.0
  0
LINE
  5
89C
330
70
100
AcDbEntity
  8
0
  6
Continuous
 62
     7
100
AcDbLine
 10
417.4872902738232
 20
128.2919549641094
 30
0.0
 11
417.5172902738231
 21
128.2988902186093
 31
0.0
  0
LINE
  5
89D
330
70
100
AcDbEntity
  8
0
  6
Continuous
 62
     7
100
AcDbLine
 10
416.9872902738232
 20
128.2919549641094
 30
0.0
 11
417.0172902738231
 21
128.2988902186093
 31
0.0
  0
LINE
  5
89E
330
70
100
AcDbEntity
  8
0
  6
Continuous
 62
     7
100
AcDbLine
 10
416.4872902738231
 20
128.2919549641094
 30
0.0
 11
416.5172902738231
 21
128.2988902186093
 31
0.0
  0
LINE
  5
89F
330
70
100
AcDbEntity
  8
0
  6
Continuous
 62
     7
100
AcDbLine
 10
415.9872902738231
 20
128.2919549641094
 30
0.0
 11
416.0172902738231
 21
128.2988902186093
 31
0.0
  0
LINE
  5
8A0
330
70
100
AcDbEntity
  8
0
  6
Continuous
 62
     7
100
AcDbLine
 10
415.4872902738231
 20
128.2919549641094
 30
0.0
 11
415.5172902738232
 21
128.2988902186093
 31
0.0
  0
LINE
  5
8A1
330
70
100
AcDbEntity
  8
0
  6
Continuous
 62
     7
100
AcDbLine
 10
414.9872902738231
 20
128.2919549641094
 30
0.0
 11
415.0172902738232
 21
128.2988902186093
 31
0.0
  0
LINE
  5
8A2
330
70
100
AcDbEntity
  8
0
  6
Continuous
 62
     7
100
AcDbLine
 10
414.4872902738232
 20
128.2919549641094
 30
0.0
 11
414.5172902738231
 21
128.2988902186093
 31
0.0
  0
LINE
  5
8A3
330
70
100
AcDbEntity
  8
0
  6
Continuous
 62
     7
100
AcDbLine
 10
413.9872902738232
 20
128.2919549641094
 30
0.0
 11
414.0172902738231
 21
128.2988902186093
 31
0.0
  0
LINE
  5
8A4
330
70
100
AcDbEntity
  8
0
  6
Continuous
 62
     7
100
AcDbLine
 10
413.4872902738232
 20
128.2919549641094
 30
0.0
 11
413.5172902738231
 21
128.2988902186093
 31
0.0
  0
LINE
  5
8A5
330
70
100
AcDbEntity
  8
0
  6
Continuous
 62
     7
100
AcDbLine
 10
412.9872902738232
 20
128.2919549641094
 30
0.0
 11
413.0172902738231
 21
128.2988902186093
 31
0.0
  0
LINE
  5
8A6
330
70
100
AcDbEntity
  8
0
  6
Continuous
 62
     7
100
AcDbLine
 10
412.4872902738231
 20
128.2919549641094
 30
0.0
 11
412.5172902738231
 21
128.2988902186093
 31
0.0
  0
LINE
  5
8A7
330
70
100
AcDbEntity
  8
0
  6
Continuous
 62
     7
100
AcDbLine
 10
422.6372902738232
 20
127.7029880846093
 30
0.0
 11
422.7872902738232
 21
127.5529880846094
 31
0.0
  0
LINE
  5
8A8
330
70
100
AcDbEntity
  8
0
  6
Continuous
 62
     7
100
AcDbLine
 10
412.6821256709233
 20
128.0951751106093
 30
0.0
 11
412.6872902738232
 21
128.0801848302093
 31
0.0
  0
LINE
  5
8A9
330
70
100
AcDbEntity
  8
0
  6
Continuous
 62
     7
100
AcDbLine
 10
413.1821256709232
 20
128.0951751106093
 30
0.0
 11
413.1872902738232
 21
128.0801848302093
 31
0.0
  0
LINE
  5
8AA
330
70
100
AcDbEntity
  8
0
  6
Continuous
 62
     7
100
AcDbLine
 10
413.6821256709232
 20
128.0951751106093
 30
0.0
 11
413.6872902738232
 21
128.0801848302093
 31
0.0
  0
LINE
  5
8AB
330
70
100
AcDbEntity
  8
0
  6
Continuous
 62
     7
100
AcDbLine
 10
414.1821256709232
 20
128.0951751106093
 30
0.0
 11
414.1872902738231
 21
128.0801848302093
 31
0.0
  0
LINE
  5
8AC
330
70
100
AcDbEntity
  8
0
  6
Continuous
 62
     7
100
AcDbLine
 10
414.6821256709232
 20
128.0951751106093
 30
0.0
 11
414.6872902738231
 21
128.0801848302093
 31
0.0
  0
LINE
  5
8AD
330
70
100
AcDbEntity
  8
0
  6
Continuous
 62
     7
100
AcDbLine
 10
415.1821256709232
 20
128.0951751106093
 30
0.0
 11
415.1872902738231
 21
128.0801848302093
 31
0.0
  0
LINE
  5
8AE
330
70
100
AcDbEntity
  8
0
  6
Continuous
 62
     7
100
AcDbLine
 10
415.6821256709232
 20
128.0951751106093
 30
0.0
 11
415.6872902738231
 21
128.0801848302093
 31
0.0
  0
LINE
  5
8AF
330
70
100
AcDbEntity
  8
0
  6
Continuous
 62
     7
100
AcDbLine
 10
416.1821256709232
 20
128.0951751106093
 30
0.0
 11
416.1872902738231
 21
128.0801848302093
 31
0.0
  0
LINE
  5
8B0
330
70
100
AcDbEntity
  8
0
  6
Continuous
 62
     7
100
AcDbLine
 10
416.6821256709232
 20
128.0951751106093
 30
0.0
 11
416.6872902738232
 21
128.0801848302093
 31
0.0
  0
LINE
  5
8B1
330
70
100
AcDbEntity
  8
0
  6
Continuous
 62
     7
100
AcDbLine
 10
417.1821256709232
 20
128.0951751106093
 30
0.0
 11
417.1872902738232
 21
128.0801848302093
 31
0.0
  0
LINE
  5
8B2
330
70
100
AcDbEntity
  8
0
  6
Continuous
 62
     7
100
AcDbLine
 10
417.6821256709232
 20
128.0951751106093
 30
0.0
 11
417.6872902738232
 21
128.0801848302093
 31
0.0
  0
LINE
  5
8B3
330
70
100
AcDbEntity
  8
0
  6
Continuous
 62
     7
100
AcDbLine
 10
418.1821256709232
 20
128.0951751106093
 30
0.0
 11
418.1872902738231
 21
128.0801848302093
 31
0.0
  0
LINE
  5
8B4
330
70
100
AcDbEntity
  8
0
  6
Continuous
 62
     7
100
AcDbLine
 10
418.6821256709231
 20
128.0951751106093
 30
0.0
 11
418.6872902738231
 21
128.0801848302093
 31
0.0
  0
LINE
  5
8B5
330
70
100
AcDbEntity
  8
0
  6
Continuous
 62
     7
100
AcDbLine
 10
419.1821256709232
 20
128.0951751106093
 30
0.0
 11
419.1872902738231
 21
128.0801848302093
 31
0.0
  0
LINE
  5
8B6
330
70
100
AcDbEntity
  8
0
  6
Continuous
 62
     7
100
AcDbLine
 10
419.6821256709232
 20
128.0951751106093
 30
0.0
 11
419.6872902738231
 21
128.0801848302093
 31
0.0
  0
LINE
  5
8B7
330
70
100
AcDbEntity
  8
0
  6
Continuous
 62
     7
100
AcDbLine
 10
420.1821256709232
 20
128.0951751106093
 30
0.0
 11
420.1872902738231
 21
128.0801848302093
 31
0.0
  0
LINE
  5
8B8
330
70
100
AcDbEntity
  8
0
  6
Continuous
 62
     7
100
AcDbLine
 10
420.6821256709232
 20
128.0951751106093
 30
0.0
 11
420.6872902738231
 21
128.0801848302093
 31
0.0
  0
LINE
  5
8B9
330
70
100
AcDbEntity
  8
0
  6
Continuous
 62
     7
100
AcDbLine
 10
421.1821256709233
 20
128.0951751106093
 30
0.0
 11
421.1872902738232
 21
128.0801848302093
 31
0.0
  0
LINE
  5
8BA
330
70
100
AcDbEntity
  8
0
  6
Continuous
 62
     7
100
AcDbLine
 10
421.6821256709232
 20
128.0951751106093
 30
0.0
 11
421.6872902738232
 21
128.0801848302093
 31
0.0
  0
LINE
  5
8BB
330
70
100
AcDbEntity
  8
0
  6
Continuous
 62
     7
100
AcDbLine
 10
410.8872902738231
 20
128.9029880846094
 30
0.0
 11
410.8872902738231
 21
126.4029880846093
 31
0.0
  0
LINE
  5
8BC
330
70
100
AcDbEntity
  8
0
  6
Continuous
 62
     7
100
AcDbLine
 10
422.1821256709232
 20
128.0951751106093
 30
0.0
 11
422.1872902738232
 21
128.0801848302093
 31
0.0
  0
LINE
  5
8BD
330
70
100
AcDbEntity
  8
0
  6
Continuous
 62
     7
100
AcDbLine
 10
411.8872902738231
 20
127.5529880846094
 30
0.0
 11
411.8872902738231
 21
128.3529880846093
 31
0.0
  0
LINE
  5
8BE
330
70
100
AcDbEntity
  8
0
  6
Continuous
 62
     7
100
AcDbLine
 10
412.0372902738232
 20
128.1029880846093
 30
0.0
 11
412.0372902738232
 21
127.7029880846093
 31
0.0
  0
LINE
  5
8BF
330
70
100
AcDbEntity
  8
0
  6
Continuous
 62
     7
100
AcDbLine
 10
412.4572902738231
 20
128.1029880846093
 30
0.0
 11
412.4572902738231
 21
128.5029880846093
 31
0.0
  0
LINE
  5
8C0
330
70
100
AcDbEntity
  8
0
  6
Continuous
 62
     7
100
AcDbLine
 10
412.4772902738231
 20
127.7029880846093
 30
0.0
 11
412.4772902738231
 21
128.4779880846093
 31
0.0
  0
LINE
  5
8C1
330
70
100
AcDbEntity
  8
0
  6
Continuous
 62
     7
100
AcDbLine
 10
412.4872902738231
 20
127.7029880846093
 30
0.0
 11
412.4872902738231
 21
127.8628615830093
 31
0.0
  0
LINE
  5
8C2
330
70
100
AcDbEntity
  8
0
  6
Continuous
 62
     7
100
AcDbLine
 10
412.4872902738231
 20
127.8683007856093
 30
0.0
 11
412.4872902738231
 21
128.4779880848093
 31
0.0
  0
LINE
  5
8C3
330
70
100
AcDbEntity
  8
0
  6
Continuous
 62
     7
100
AcDbLine
 10
412.6872902738232
 20
127.7029880846093
 30
0.0
 11
412.6872902738232
 21
128.4779880848093
 31
0.0
  0
LINE
  5
8C4
330
70
100
AcDbEntity
  8
0
  6
Continuous
 62
     7
100
AcDbLine
 10
412.6972902738232
 20
127.7029880846093
 30
0.0
 11
412.6972902738232
 21
128.4779880846093
 31
0.0
  0
LINE
  5
8C5
330
70
100
AcDbEntity
  8
0
  6
Continuous
 62
     7
100
AcDbLine
 10
412.7172902738232
 20
128.1029880846093
 30
0.0
 11
412.7172902738232
 21
128.5029880846093
 31
0.0
  0
LINE
  5
8C6
330
70
100
AcDbEntity
  8
0
  6
Continuous
 62
     7
100
AcDbLine
 10
412.9572902738231
 20
128.1029880846093
 30
0.0
 11
412.9572902738231
 21
128.5029880846093
 31
0.0
  0
LINE
  5
8C7
330
70
100
AcDbEntity
  8
0
  6
Continuous
 62
     7
100
AcDbLine
 10
412.9772902738231
 20
127.7029880846093
 30
0.0
 11
412.9772902738231
 21
128.4779880846093
 31
0.0
  0
LINE
  5
8C8
330
70
100
AcDbEntity
  8
0
  6
Continuous
 62
     7
100
AcDbLine
 10
412.9872902738232
 20
127.8628615830093
 30
0.0
 11
412.9872902738232
 21
127.7029880846093
 31
0.0
  0
LINE
  5
8C9
330
70
100
AcDbEntity
  8
0
  6
Continuous
 62
     7
100
AcDbLine
 10
412.9872902738232
 20
127.8683007856093
 30
0.0
 11
412.9872902738232
 21
128.4779880848093
 31
0.0
  0
LINE
  5
8CA
330
70
100
AcDbEntity
  8
0
  6
Continuous
 62
     7
100
AcDbLine
 10
413.1872902738232
 20
127.7029880846093
 30
0.0
 11
413.1872902738232
 21
128.4779880848093
 31
0.0
  0
LINE
  5
8CB
330
70
100
AcDbEntity
  8
0
  6
Continuous
 62
     7
100
AcDbLine
 10
413.1972902738231
 20
127.7029880846093
 30
0.0
 11
413.1972902738231
 21
128.4779880846093
 31
0.0
  0
LINE
  5
8CC
330
70
100
AcDbEntity
  8
0
  6
Continuous
 62
     7
100
AcDbLine
 10
413.2172902738232
 20
128.1029880846093
 30
0.0
 11
413.2172902738232
 21
128.5029880846093
 31
0.0
  0
LINE
  5
8CD
330
70
100
AcDbEntity
  8
0
  6
Continuous
 62
     7
100
AcDbLine
 10
413.4572902738232
 20
128.1029880846093
 30
0.0
 11
413.4572902738232
 21
128.5029880846093
 31
0.0
  0
LINE
  5
8CE
330
70
100
AcDbEntity
  8
0
  6
Continuous
 62
     7
100
AcDbLine
 10
413.4772902738232
 20
127.7029880846093
 30
0.0
 11
413.4772902738232
 21
128.4779880846093
 31
0.0
  0
LINE
  5
8CF
330
70
100
AcDbEntity
  8
0
  6
Continuous
 62
     7
100
AcDbLine
 10
413.4872902738232
 20
127.7029880846093
 30
0.0
 11
413.4872902738232
 21
127.8628615830093
 31
0.0
  0
LINE
  5
8D0
330
70
100
AcDbEntity
  8
0
  6
Continuous
 62
     7
100
AcDbLine
 10
413.4872902738232
 20
127.8683007856093
 30
0.0
 11
413.4872902738232
 21
128.4779880848093
 31
0.0
  0
LINE
  5
8D1
330
70
100
AcDbEntity
  8
0
  6
Continuous
 62
     7
100
AcDbLine
 10
413.6872902738232
 20
127.7029880846093
 30
0.0
 11
413.6872902738232
 21
128.4779880848093
 31
0.0
  0
LINE
  5
8D2
330
70
100
AcDbEntity
  8
0
  6
Continuous
 62
     7
100
AcDbLine
 10
413.6972902738231
 20
127.7029880846093
 30
0.0
 11
413.6972902738231
 21
128.4779880846093
 31
0.0
  0
LINE
  5
8D3
330
70
100
AcDbEntity
  8
0
  6
Continuous
 62
     7
100
AcDbLine
 10
413.7172902738232
 20
128.1029880846093
 30
0.0
 11
413.7172902738232
 21
128.5029880846093
 31
0.0
  0
LINE
  5
8D4
330
70
100
AcDbEntity
  8
0
  6
Continuous
 62
     7
100
AcDbLine
 10
413.9572902738231
 20
128.1029880846093
 30
0.0
 11
413.9572902738231
 21
128.5029880846093
 31
0.0
  0
LINE
  5
8D5
330
70
100
AcDbEntity
  8
0
  6
Continuous
 62
     7
100
AcDbLine
 10
413.9772902738232
 20
127.7029880846093
 30
0.0
 11
413.9772902738232
 21
128.4779880846093
 31
0.0
  0
LINE
  5
8D6
330
70
100
AcDbEntity
  8
0
  6
Continuous
 62
     7
100
AcDbLine
 10
413.9872902738232
 20
127.8628615830093
 30
0.0
 11
413.9872902738232
 21
127.7029880846093
 31
0.0
  0
LINE
  5
8D7
330
70
100
AcDbEntity
  8
0
  6
Continuous
 62
     7
100
AcDbLine
 10
413.9872902738232
 20
127.8683007856093
 30
0.0
 11
413.9872902738232
 21
128.4779880848093
 31
0.0
  0
LINE
  5
8D8
330
70
100
AcDbEntity
  8
0
  6
Continuous
 62
     7
100
AcDbLine
 10
414.1872902738231
 20
127.7029880846093
 30
0.0
 11
414.1872902738231
 21
128.4779880848093
 31
0.0
  0
LINE
  5
8D9
330
70
100
AcDbEntity
  8
0
  6
Continuous
 62
     7
100
AcDbLine
 10
414.1972902738231
 20
127.7029880846093
 30
0.0
 11
414.1972902738231
 21
128.4779880846093
 31
0.0
  0
LINE
  5
8DA
330
70
100
AcDbEntity
  8
0
  6
Continuous
 62
     7
100
AcDbLine
 10
414.2172902738232
 20
128.1029880846093
 30
0.0
 11
414.2172902738232
 21
128.5029880846093
 31
0.0
  0
LINE
  5
8DB
330
70
100
AcDbEntity
  8
0
  6
Continuous
 62
     7
100
AcDbLine
 10
414.4572902738231
 20
128.1029880846093
 30
0.0
 11
414.4572902738231
 21
128.5029880846093
 31
0.0
  0
LINE
  5
8DC
330
70
100
AcDbEntity
  8
0
  6
Continuous
 62
     7
100
AcDbLine
 10
414.4772902738232
 20
127.7029880846093
 30
0.0
 11
414.4772902738232
 21
128.4779880846093
 31
0.0
  0
LINE
  5
8DD
330
70
100
AcDbEntity
  8
0
  6
Continuous
 62
     7
100
AcDbLine
 10
414.4872902738232
 20
127.7029880846093
 30
0.0
 11
414.4872902738232
 21
127.8628615830093
 31
0.0
  0
LINE
  5
8DE
330
70
100
AcDbEntity
  8
0
  6
Continuous
 62
     7
100
AcDbLine
 10
414.4872902738232
 20
127.8683007856093
 30
0.0
 11
414.4872902738232
 21
128.4779880848093
 31
0.0
  0
LINE
  5
8DF
330
70
100
AcDbEntity
  8
0
  6
Continuous
 62
     7
100
AcDbLine
 10
414.6872902738231
 20
127.7029880846093
 30
0.0
 11
414.6872902738231
 21
128.4779880848093
 31
0.0
  0
LINE
  5
8E0
330
70
100
AcDbEntity
  8
0
  6
Continuous
 62
     7
100
AcDbLine
 10
414.6972902738231
 20
127.7029880846093
 30
0.0
 11
414.6972902738231
 21
128.4779880846093
 31
0.0
  0
LINE
  5
8E1
330
70
100
AcDbEntity
  8
0
  6
Continuous
 62
     7
100
AcDbLine
 10
414.7172902738232
 20
128.1029880846093
 30
0.0
 11
414.7172902738232
 21
128.5029880846093
 31
0.0
  0
LINE
  5
8E2
330
70
100
AcDbEntity
  8
0
  6
Continuous
 62
     7
100
AcDbLine
 10
414.9572902738231
 20
128.1029880846093
 30
0.0
 11
414.9572902738231
 21
128.5029880846093
 31
0.0
  0
LINE
  5
8E3
330
70
100
AcDbEntity
  8
0
  6
Continuous
 62
     7
100
AcDbLine
 10
414.9772902738232
 20
127.7029880846093
 30
0.0
 11
414.9772902738232
 21
128.4779880846093
 31
0.0
  0
LINE
  5
8E4
330
70
100
AcDbEntity
  8
0
  6
Continuous
 62
     7
100
AcDbLine
 10
414.9872902738231
 20
127.8628615830093
 30
0.0
 11
414.9872902738231
 21
127.7029880846093
 31
0.0
  0
LINE
  5
8E5
330
70
100
AcDbEntity
  8
0
  6
Continuous
 62
     7
100
AcDbLine
 10
414.9872902738231
 20
127.8683007856093
 30
0.0
 11
414.9872902738231
 21
128.4779880848093
 31
0.0
  0
LINE
  5
8E6
330
70
100
AcDbEntity
  8
0
  6
Continuous
 62
     7
100
AcDbLine
 10
415.1872902738231
 20
127.7029880846093
 30
0.0
 11
415.1872902738231
 21
128.4779880848093
 31
0.0
  0
LINE
  5
8E7
330
70
100
AcDbEntity
  8
0
  6
Continuous
 62
     7
100
AcDbLine
 10
415.1972902738231
 20
127.7029880846093
 30
0.0
 11
415.1972902738231
 21
128.4779880846093
 31
0.0
  0
LINE
  5
8E8
330
70
100
AcDbEntity
  8
0
  6
Continuous
 62
     7
100
AcDbLine
 10
415.2172902738231
 20
128.1029880846093
 30
0.0
 11
415.2172902738231
 21
128.5029880846093
 31
0.0
  0
LINE
  5
8E9
330
70
100
AcDbEntity
  8
0
  6
Continuous
 62
     7
100
AcDbLine
 10
415.4572902738231
 20
128.1029880846093
 30
0.0
 11
415.4572902738231
 21
128.5029880846093
 31
0.0
  0
LINE
  5
8EA
330
70
100
AcDbEntity
  8
0
  6
Continuous
 62
     7
100
AcDbLine
 10
415.4772902738232
 20
127.7029880846093
 30
0.0
 11
415.4772902738232
 21
128.4779880846093
 31
0.0
  0
LINE
  5
8EB
330
70
100
AcDbEntity
  8
0
  6
Continuous
 62
     7
100
AcDbLine
 10
415.4872902738231
 20
127.7029880846093
 30
0.0
 11
415.4872902738231
 21
127.8628615830093
 31
0.0
  0
LINE
  5
8EC
330
70
100
AcDbEntity
  8
0
  6
Continuous
 62
     7
100
AcDbLine
 10
415.4872902738231
 20
127.8683007856093
 30
0.0
 11
415.4872902738231
 21
128.4779880848093
 31
0.0
  0
LINE
  5
8ED
330
70
100
AcDbEntity
  8
0
  6
Continuous
 62
     7
100
AcDbLine
 10
415.6872902738231
 20
127.7029880846093
 30
0.0
 11
415.6872902738231
 21
128.4779880848093
 31
0.0
  0
LINE
  5
8EE
330
70
100
AcDbEntity
  8
0
  6
Continuous
 62
     7
100
AcDbLine
 10
415.6972902738231
 20
127.7029880846093
 30
0.0
 11
415.6972902738231
 21
128.4779880846093
 31
0.0
  0
LINE
  5
8EF
330
70
100
AcDbEntity
  8
0
  6
Continuous
 62
     7
100
AcDbLine
 10
415.7172902738231
 20
128.1029880846093
 30
0.0
 11
415.7172902738231
 21
128.5029880846093
 31
0.0
  0
LINE
  5
8F0
330
70
100
AcDbEntity
  8
0
  6
Continuous
 62
     7
100
AcDbLine
 10
415.9572902738231
 20
128.1029880846093
 30
0.0
 11
415.9572902738231
 21
128.5029880846093
 31
0.0
  0
LINE
  5
8F1
330
70
100
AcDbEntity
  8
0
  6
Continuous
 62
     7
100
AcDbLine
 10
415.9772902738231
 20
127.7029880846093
 30
0.0
 11
415.9772902738231
 21
128.4779880846093
 31
0.0
  0
LINE
  5
8F2
330
70
100
AcDbEntity
  8
0
  6
Continuous
 62
     7
100
AcDbLine
 10
415.9872902738231
 20
127.8628615830093
 30
0.0
 11
415.9872902738231
 21
127.7029880846093
 31
0.0
  0
LINE
  5
8F3
330
70
100
AcDbEntity
  8
0
  6
Continuous
 62
     7
100
AcDbLine
 10
415.9872902738231
 20
127.8683007856093
 30
0.0
 11
415.9872902738231
 21
128.4779880848093
 31
0.0
  0
LINE
  5
8F4
330
70
100
AcDbEntity
  8
0
  6
Continuous
 62
     7
100
AcDbLine
 10
416.1872902738231
 20
127.7029880846093
 30
0.0
 11
416.1872902738231
 21
128.4779880848093
 31
0.0
  0
LINE
  5
8F5
330
70
100
AcDbEntity
  8
0
  6
Continuous
 62
     7
100
AcDbLine
 10
416.1972902738232
 20
127.7029880846093
 30
0.0
 11
416.1972902738232
 21
128.4779880846093
 31
0.0
  0
LINE
  5
8F6
330
70
100
AcDbEntity
  8
0
  6
Continuous
 62
     7
100
AcDbLine
 10
416.2172902738232
 20
128.1029880846093
 30
0.0
 11
416.2172902738232
 21
128.5029880846093
 31
0.0
  0
LINE
  5
8F7
330
70
100
AcDbEntity
  8
0
  6
Continuous
 62
     7
100
AcDbLine
 10
416.4572902738231
 20
128.1029880846093
 30
0.0
 11
416.4572902738231
 21
128.5029880846093
 31
0.0
  0
LINE
  5
8F8
330
70
100
AcDbEntity
  8
0
  6
Continuous
 62
     7
100
AcDbLine
 10
416.4772902738231
 20
127.7029880846093
 30
0.0
 11
416.4772902738231
 21
128.4779880846093
 31
0.0
  0
LINE
  5
8F9
330
70
100
AcDbEntity
  8
0
  6
Continuous
 62
     7
100
AcDbLine
 10
416.4872902738231
 20
127.7029880846093
 30
0.0
 11
416.4872902738231
 21
127.8628615830093
 31
0.0
  0
LINE
  5
8FA
330
70
100
AcDbEntity
  8
0
  6
Continuous
 62
     7
100
AcDbLine
 10
416.4872902738231
 20
127.8683007856093
 30
0.0
 11
416.4872902738231
 21
128.4779880848093
 31
0.0
  0
LINE
  5
8FB
330
70
100
AcDbEntity
  8
0
  6
Continuous
 62
     7
100
AcDbLine
 10
416.6872902738232
 20
127.7029880846093
 30
0.0
 11
416.6872902738232
 21
128.4779880848093
 31
0.0
  0
LINE
  5
8FC
330
70
100
AcDbEntity
  8
0
  6
Continuous
 62
     7
100
AcDbLine
 10
416.6972902738232
 20
127.7029880846093
 30
0.0
 11
416.6972902738232
 21
128.4779880846093
 31
0.0
  0
LINE
  5
8FD
330
70
100
AcDbEntity
  8
0
  6
Continuous
 62
     7
100
AcDbLine
 10
416.7172902738232
 20
128.1029880846093
 30
0.0
 11
416.7172902738232
 21
128.5029880846093
 31
0.0
  0
LINE
  5
8FE
330
70
100
AcDbEntity
  8
0
  6
Continuous
 62
     7
100
AcDbLine
 10
416.9572902738231
 20
128.1029880846093
 30
0.0
 11
416.9572902738231
 21
128.5029880846093
 31
0.0
  0
LINE
  5
8FF
330
70
100
AcDbEntity
  8
0
  6
Continuous
 62
     7
100
AcDbLine
 10
416.9772902738231
 20
127.7029880846093
 30
0.0
 11
416.9772902738231
 21
128.4779880846093
 31
0.0
  0
LINE
  5
900
330
70
100
AcDbEntity
  8
0
  6
Continuous
 62
     7
100
AcDbLine
 10
416.9872902738232
 20
127.8628615830093
 30
0.0
 11
416.9872902738232
 21
127.7029880846093
 31
0.0
  0
LINE
  5
901
330
70
100
AcDbEntity
  8
0
  6
Continuous
 62
     7
100
AcDbLine
 10
416.9872902738232
 20
127.8683007856093
 30
0.0
 11
416.9872902738232
 21
128.4779880848093
 31
0.0
  0
LINE
  5
902
330
70
100
AcDbEntity
  8
0
  6
Continuous
 62
     7
100
AcDbLine
 10
417.1872902738232
 20
127.7029880846093
 30
0.0
 11
417.1872902738232
 21
128.4779880848093
 31
0.0
  0
LINE
  5
903
330
70
100
AcDbEntity
  8
0
  6
Continuous
 62
     7
100
AcDbLine
 10
417.1972902738231
 20
127.7029880846093
 30
0.0
 11
417.1972902738231
 21
128.4779880846093
 31
0.0
  0
LINE
  5
904
330
70
100
AcDbEntity
  8
0
  6
Continuous
 62
     7
100
AcDbLine
 10
417.2172902738232
 20
128.1029880846093
 30
0.0
 11
417.2172902738232
 21
128.5029880846093
 31
0.0
  0
LINE
  5
905
330
70
100
AcDbEntity
  8
0
  6
Continuous
 62
     7
100
AcDbLine
 10
417.4572902738232
 20
128.1029880846093
 30
0.0
 11
417.4572902738232
 21
128.5029880846093
 31
0.0
  0
LINE
  5
906
330
70
100
AcDbEntity
  8
0
  6
Continuous
 62
     7
100
AcDbLine
 10
417.4772902738231
 20
127.7029880846093
 30
0.0
 11
417.4772902738231
 21
128.4779880846093
 31
0.0
  0
LINE
  5
907
330
70
100
AcDbEntity
  8
0
  6
Continuous
 62
     7
100
AcDbLine
 10
417.4872902738232
 20
127.7029880846093
 30
0.0
 11
417.4872902738232
 21
127.8628615830093
 31
0.0
  0
LINE
  5
908
330
70
100
AcDbEntity
  8
0
  6
Continuous
 62
     7
100
AcDbLine
 10
417.4872902738232
 20
127.8683007856093
 30
0.0
 11
417.4872902738232
 21
128.4779880848093
 31
0.0
  0
LINE
  5
909
330
70
100
AcDbEntity
  8
0
  6
Continuous
 62
     7
100
AcDbLine
 10
417.6872902738232
 20
127.7029880846093
 30
0.0
 11
417.6872902738232
 21
128.4779880848093
 31
0.0
  0
LINE
  5
90A
330
70
100
AcDbEntity
  8
0
  6
Continuous
 62
     7
100
AcDbLine
 10
417.6972902738231
 20
127.7029880846093
 30
0.0
 11
417.6972902738231
 21
128.4779880846093
 31
0.0
  0
LINE
  5
90B
330
70
100
AcDbEntity
  8
0
  6
Continuous
 62
     7
100
AcDbLine
 10
417.7172902738232
 20
128.1029880846093
 30
0.0
 11
417.7172902738232
 21
128.5029880846093
 31
0.0
  0
LINE
  5
90C
330
70
100
AcDbEntity
  8
0
  6
Continuous
 62
     7
100
AcDbLine
 10
417.9572902738232
 20
128.1029880846093
 30
0.0
 11
417.9572902738232
 21
128.5029880846093
 31
0.0
  0
LINE
  5
90D
330
70
100
AcDbEntity
  8
0
  6
Continuous
 62
     7
100
AcDbLine
 10
417.9772902738232
 20
127.7029880846093
 30
0.0
 11
417.9772902738232
 21
128.4779880846093
 31
0.0
  0
LINE
  5
90E
330
70
100
AcDbEntity
  8
0
  6
Continuous
 62
     7
100
AcDbLine
 10
417.9872902738232
 20
127.8628615830093
 30
0.0
 11
417.9872902738232
 21
127.7029880846093
 31
0.0
  0
LINE
  5
90F
330
70
100
AcDbEntity
  8
0
  6
Continuous
 62
     7
100
AcDbLine
 10
417.9872902738232
 20
127.8683007856093
 30
0.0
 11
417.9872902738232
 21
128.4779880848093
 31
0.0
  0
LINE
  5
910
330
70
100
AcDbEntity
  8
0
  6
Continuous
 62
     7
100
AcDbLine
 10
418.1872902738231
 20
127.7029880846093
 30
0.0
 11
418.1872902738231
 21
128.4779880848093
 31
0.0
  0
LINE
  5
911
330
70
100
AcDbEntity
  8
0
  6
Continuous
 62
     7
100
AcDbLine
 10
418.1972902738231
 20
127.7029880846093
 30
0.0
 11
418.1972902738231
 21
128.4779880846093
 31
0.0
  0
LINE
  5
912
330
70
100
AcDbEntity
  8
0
  6
Continuous
 62
     7
100
AcDbLine
 10
418.2172902738232
 20
128.1029880846093
 30
0.0
 11
418.2172902738232
 21
128.5029880846093
 31
0.0
  0
LINE
  5
913
330
70
100
AcDbEntity
  8
0
  6
Continuous
 62
     7
100
AcDbLine
 10
418.4572902738231
 20
128.1029880846093
 30
0.0
 11
418.4572902738231
 21
128.5029880846093
 31
0.0
  0
LINE
  5
914
330
70
100
AcDbEntity
  8
0
  6
Continuous
 62
     7
100
AcDbLine
 10
418.4772902738232
 20
127.7029880846093
 30
0.0
 11
418.4772902738232
 21
128.4779880846093
 31
0.0
  0
LINE
  5
915
330
70
100
AcDbEntity
  8
0
  6
Continuous
 62
     7
100
AcDbLine
 10
418.4872902738232
 20
127.7029880846093
 30
0.0
 11
418.4872902738232
 21
127.8628615830093
 31
0.0
  0
LINE
  5
916
330
70
100
AcDbEntity
  8
0
  6
Continuous
 62
     7
100
AcDbLine
 10
418.4872902738232
 20
127.8683007856093
 30
0.0
 11
418.4872902738232
 21
128.4779880848093
 31
0.0
  0
LINE
  5
917
330
70
100
AcDbEntity
  8
0
  6
Continuous
 62
     7
100
AcDbLine
 10
418.6872902738231
 20
127.7029880846093
 30
0.0
 11
418.6872902738231
 21
128.4779880848093
 31
0.0
  0
LINE
  5
918
330
70
100
AcDbEntity
  8
0
  6
Continuous
 62
     7
100
AcDbLine
 10
418.6972902738231
 20
127.7029880846093
 30
0.0
 11
418.6972902738231
 21
128.4779880846093
 31
0.0
  0
LINE
  5
919
330
70
100
AcDbEntity
  8
0
  6
Continuous
 62
     7
100
AcDbLine
 10
418.7172902738232
 20
128.1029880846093
 30
0.0
 11
418.7172902738232
 21
128.5029880846093
 31
0.0
  0
LINE
  5
91A
330
70
100
AcDbEntity
  8
0
  6
Continuous
 62
     7
100
AcDbLine
 10
418.9572902738231
 20
128.1029880846093
 30
0.0
 11
418.9572902738231
 21
128.5029880846093
 31
0.0
  0
LINE
  5
91B
330
70
100
AcDbEntity
  8
0
  6
Continuous
 62
     7
100
AcDbLine
 10
418.9772902738232
 20
127.7029880846093
 30
0.0
 11
418.9772902738232
 21
128.4779880846093
 31
0.0
  0
LINE
  5
91C
330
70
100
AcDbEntity
  8
0
  6
Continuous
 62
     7
100
AcDbLine
 10
418.9872902738231
 20
127.8628615830093
 30
0.0
 11
418.9872902738231
 21
127.7029880846093
 31
0.0
  0
LINE
  5
91D
330
70
100
AcDbEntity
  8
0
  6
Continuous
 62
     7
100
AcDbLine
 10
418.9872902738231
 20
127.8683007856093
 30
0.0
 11
418.9872902738231
 21
128.4779880848093
 31
0.0
  0
LINE
  5
91E
330
70
100
AcDbEntity
  8
0
  6
Continuous
 62
     7
100
AcDbLine
 10
419.1872902738231
 20
127.7029880846093
 30
0.0
 11
419.1872902738231
 21
128.4779880848093
 31
0.0
  0
LINE
  5
91F
330
70
100
AcDbEntity
  8
0
  6
Continuous
 62
     7
100
AcDbLine
 10
419.1972902738231
 20
127.7029880846093
 30
0.0
 11
419.1972902738231
 21
128.4779880846093
 31
0.0
  0
LINE
  5
920
330
70
100
AcDbEntity
  8
0
  6
Continuous
 62
     7
100
AcDbLine
 10
419.2172902738231
 20
128.1029880846093
 30
0.0
 11
419.2172902738231
 21
128.5029880846093
 31
0.0
  0
LINE
  5
921
330
70
100
AcDbEntity
  8
0
  6
Continuous
 62
     7
100
AcDbLine
 10
419.4572902738231
 20
128.1029880846093
 30
0.0
 11
419.4572902738231
 21
128.5029880846093
 31
0.0
  0
LINE
  5
922
330
70
100
AcDbEntity
  8
0
  6
Continuous
 62
     7
100
AcDbLine
 10
419.4772902738232
 20
127.7029880846093
 30
0.0
 11
419.4772902738232
 21
128.4779880846093
 31
0.0
  0
LINE
  5
923
330
70
100
AcDbEntity
  8
0
  6
Continuous
 62
     7
100
AcDbLine
 10
419.4872902738231
 20
127.7029880846093
 30
0.0
 11
419.4872902738231
 21
127.8628615830093
 31
0.0
  0
LINE
  5
924
330
70
100
AcDbEntity
  8
0
  6
Continuous
 62
     7
100
AcDbLine
 10
419.4872902738231
 20
127.8683007856093
 30
0.0
 11
419.4872902738231
 21
128.4779880848093
 31
0.0
  0
LINE
  5
925
330
70
100
AcDbEntity
  8
0
  6
Continuous
 62
     7
100
AcDbLine
 10
419.6872902738231
 20
127.7029880846093
 30
0.0
 11
419.6872902738231
 21
128.4779880848093
 31
0.0
  0
LINE
  5
926
330
70
100
AcDbEntity
  8
0
  6
Continuous
 62
     7
100
AcDbLine
 10
419.6972902738231
 20
127.7029880846093
 30
0.0
 11
419.6972902738231
 21
128.4779880846093
 31
0.0
  0
LINE
  5
927
330
70
100
AcDbEntity
  8
0
  6
Continuous
 62
     7
100
AcDbLine
 10
419.7172902738231
 20
128.1029880846093
 30
0.0
 11
419.7172902738231
 21
128.5029880846093
 31
0.0
  0
LINE
  5
928
330
70
100
AcDbEntity
  8
0
  6
Continuous
 62
     7
100
AcDbLine
 10
419.9572902738231
 20
128.1029880846093
 30
0.0
 11
419.9572902738231
 21
128.5029880846093
 31
0.0
  0
LINE
  5
929
330
70
100
AcDbEntity
  8
0
  6
Continuous
 62
     7
100
AcDbLine
 10
419.9772902738232
 20
127.7029880846093
 30
0.0
 11
419.9772902738232
 21
128.4779880846093
 31
0.0
  0
LINE
  5
92A
330
70
100
AcDbEntity
  8
0
  6
Continuous
 62
     7
100
AcDbLine
 10
419.9872902738231
 20
127.8628615830093
 30
0.0
 11
419.9872902738231
 21
127.7029880846093
 31
0.0
  0
LINE
  5
92B
330
70
100
AcDbEntity
  8
0
  6
Continuous
 62
     7
100
AcDbLine
 10
419.9872902738231
 20
127.8683007856093
 30
0.0
 11
419.9872902738231
 21
128.4779880848093
 31
0.0
  0
LINE
  5
92C
330
70
100
AcDbEntity
  8
0
  6
Continuous
 62
     7
100
AcDbLine
 10
420.1872902738231
 20
127.7029880846093
 30
0.0
 11
420.1872902738231
 21
128.4779880848093
 31
0.0
  0
LINE
  5
92D
330
70
100
AcDbEntity
  8
0
  6
Continuous
 62
     7
100
AcDbLine
 10
420.1972902738232
 20
127.7029880846093
 30
0.0
 11
420.1972902738232
 21
128.4779880846093
 31
0.0
  0
LINE
  5
92E
330
70
100
AcDbEntity
  8
0
  6
Continuous
 62
     7
100
AcDbLine
 10
420.2172902738231
 20
128.1029880846093
 30
0.0
 11
420.2172902738231
 21
128.5029880846093
 31
0.0
  0
LINE
  5
92F
330
70
100
AcDbEntity
  8
0
  6
Continuous
 62
     7
100
AcDbLine
 10
420.4572902738231
 20
128.1029880846093
 30
0.0
 11
420.4572902738231
 21
128.5029880846093
 31
0.0
  0
LINE
  5
930
330
70
100
AcDbEntity
  8
0
  6
Continuous
 62
     7
100
AcDbLine
 10
420.4772902738231
 20
127.7029880846093
 30
0.0
 11
420.4772902738231
 21
128.4779880846093
 31
0.0
  0
LINE
  5
931
330
70
100
AcDbEntity
  8
0
  6
Continuous
 62
     7
100
AcDbLine
 10
420.4872902738231
 20
127.7029880846093
 30
0.0
 11
420.4872902738231
 21
127.8628615830093
 31
0.0
  0
LINE
  5
932
330
70
100
AcDbEntity
  8
0
  6
Continuous
 62
     7
100
AcDbLine
 10
420.4872902738231
 20
127.8683007856093
 30
0.0
 11
420.4872902738231
 21
128.4779880848093
 31
0.0
  0
LINE
  5
933
330
70
100
AcDbEntity
  8
0
  6
Continuous
 62
     7
100
AcDbLine
 10
420.6872902738231
 20
127.7029880846093
 30
0.0
 11
420.6872902738231
 21
128.4779880848093
 31
0.0
  0
LINE
  5
934
330
70
100
AcDbEntity
  8
0
  6
Continuous
 62
     7
100
AcDbLine
 10
420.6972902738232
 20
127.7029880846093
 30
0.0
 11
420.6972902738232
 21
128.4779880846093
 31
0.0
  0
LINE
  5
935
330
70
100
AcDbEntity
  8
0
  6
Continuous
 62
     7
100
AcDbLine
 10
420.7172902738232
 20
128.1029880846093
 30
0.0
 11
420.7172902738232
 21
128.5029880846093
 31
0.0
  0
LINE
  5
936
330
70
100
AcDbEntity
  8
0
  6
Continuous
 62
     7
100
AcDbLine
 10
420.9572902738231
 20
128.1029880846093
 30
0.0
 11
420.9572902738231
 21
128.5029880846093
 31
0.0
  0
LINE
  5
937
330
70
100
AcDbEntity
  8
0
  6
Continuous
 62
     7
100
AcDbLine
 10
420.9772902738231
 20
127.7029880846093
 30
0.0
 11
420.9772902738231
 21
128.4779880846093
 31
0.0
  0
LINE
  5
938
330
70
100
AcDbEntity
  8
0
  6
Continuous
 62
     7
100
AcDbLine
 10
420.9872902738231
 20
127.8628615830093
 30
0.0
 11
420.9872902738231
 21
127.7029880846093
 31
0.0
  0
LINE
  5
939
330
70
100
AcDbEntity
  8
0
  6
Continuous
 62
     7
100
AcDbLine
 10
420.9872902738231
 20
127.8683007856093
 30
0.0
 11
420.9872902738231
 21
128.4779880848093
 31
0.0
  0
LINE
  5
93A
330
70
100
AcDbEntity
  8
0
  6
Continuous
 62
     7
100
AcDbLine
 10
421.1872902738232
 20
127.7029880846093
 30
0.0
 11
421.1872902738232
 21
128.4779880848093
 31
0.0
  0
LINE
  5
93B
330
70
100
AcDbEntity
  8
0
  6
Continuous
 62
     7
100
AcDbLine
 10
421.1972902738231
 20
127.7029880846093
 30
0.0
 11
421.1972902738231
 21
128.4779880846093
 31
0.0
  0
LINE
  5
93C
330
70
100
AcDbEntity
  8
0
  6
Continuous
 62
     7
100
AcDbLine
 10
421.2172902738232
 20
128.1029880846093
 30
0.0
 11
421.2172902738232
 21
128.5029880846093
 31
0.0
  0
LINE
  5
93D
330
70
100
AcDbEntity
  8
0
  6
Continuous
 62
     7
100
AcDbLine
 10
421.4572902738231
 20
128.1029880846093
 30
0.0
 11
421.4572902738231
 21
128.5029880846093
 31
0.0
  0
LINE
  5
93E
330
70
100
AcDbEntity
  8
0
  6
Continuous
 62
     7
100
AcDbLine
 10
421.4772902738231
 20
128.4779880846093
 30
0.0
 11
421.4772902738231
 21
127.7029880846093
 31
0.0
  0
LINE
  5
93F
330
70
100
AcDbEntity
  8
0
  6
Continuous
 62
     7
100
AcDbLine
 10
421.4872902738232
 20
127.7029880846093
 30
0.0
 11
421.4872902738232
 21
127.8628615830093
 31
0.0
  0
LINE
  5
940
330
70
100
AcDbEntity
  8
0
  6
Continuous
 62
     7
100
AcDbLine
 10
421.4872902738232
 20
127.8683007856093
 30
0.0
 11
421.4872902738232
 21
128.4779880848093
 31
0.0
  0
LINE
  5
941
330
70
100
AcDbEntity
  8
0
  6
Continuous
 62
     7
100
AcDbLine
 10
421.6872902738232
 20
127.7029880846093
 30
0.0
 11
421.6872902738232
 21
128.4779880848093
 31
0.0
  0
LINE
  5
942
330
70
100
AcDbEntity
  8
0
  6
Continuous
 62
     7
100
AcDbLine
 10
421.6972902738231
 20
127.7029880846093
 30
0.0
 11
421.6972902738231
 21
128.4779880846093
 31
0.0
  0
LINE
  5
943
330
70
100
AcDbEntity
  8
0
  6
Continuous
 62
     7
100
AcDbLine
 10
421.7172902738232
 20
128.1029880846093
 30
0.0
 11
421.7172902738232
 21
128.5029880846093
 31
0.0
  0
LINE
  5
944
330
70
100
AcDbEntity
  8
0
  6
Continuous
 62
     7
100
AcDbLine
 10
421.9572902738232
 20
128.1029880846093
 30
0.0
 11
421.9572902738232
 21
128.5029880846093
 31
0.0
  0
LINE
  5
945
330
70
100
AcDbEntity
  8
0
  6
Continuous
 62
     7
100
AcDbLine
 10
421.9772902738232
 20
127.7029880846093
 30
0.0
 11
421.9772902738232
 21
128.4779880846093
 31
0.0
  0
LINE
  5
946
330
70
100
AcDbEntity
  8
0
  6
Continuous
 62
     7
100
AcDbLine
 10
421.9872902738232
 20
127.8628615830093
 30
0.0
 11
421.9872902738232
 21
127.7029880846093
 31
0.0
  0
LINE
  5
947
330
70
100
AcDbEntity
  8
0
  6
Continuous
 62
     7
100
AcDbLine
 10
421.9872902738232
 20
127.8683007856093
 30
0.0
 11
421.9872902738232
 21
128.4779880848093
 31
0.0
  0
LINE
  5
948
330
70
100
AcDbEntity
  8
0
  6
Continuous
 62
     7
100
AcDbLine
 10
422.1872902738232
 20
127.7029880846093
 30
0.0
 11
422.1872902738232
 21
128.4779880848093
 31
0.0
  0
LINE
  5
949
330
70
100
AcDbEntity
  8
0
  6
Continuous
 62
     7
100
AcDbLine
 10
422.1972902738231
 20
127.7029880846093
 30
0.0
 11
422.1972902738231
 21
128.4779880846093
 31
0.0
  0
LINE
  5
94A
330
70
100
AcDbEntity
  8
0
  6
Continuous
 62
     7
100
AcDbLine
 10
422.2172902738232
 20
128.1029880846093
 30
0.0
 11
422.2172902738232
 21
128.5029880846093
 31
0.0
  0
LINE
  5
94B
330
70
100
AcDbEntity
  8
0
  6
Continuous
 62
     7
100
AcDbLine
 10
422.6372902738232
 20
128.1029880846093
 30
0.0
 11
422.6372902738232
 21
127.7029880846093
 31
0.0
  0
LINE
  5
94C
330
70
100
AcDbEntity
  8
0
  6
Continuous
 62
     7
100
AcDbLine
 10
422.7872902738232
 20
127.5529880846094
 30
0.0
 11
422.7872902738232
 21
128.3529880846093
 31
0.0
  0
LINE
  5
94D
330
70
100
AcDbEntity
  8
0
  6
Continuous
 62
     7
100
AcDbLine
 10
423.7872902738232
 20
125.9529880846093
 30
0.0
 11
423.7872902738232
 21
128.9029880846094
 31
0.0
  0
LINE
  5
94E
330
70
100
AcDbEntity
  8
0
  6
Continuous
 62
     7
100
AcDbLine
 10
412.4872902738231
 20
128.0801848302093
 30
0.0
 11
412.492454876723
 21
128.0951751106093
 31
0.0
  0
LINE
  5
94F
330
70
100
AcDbEntity
  8
0
  6
Continuous
 62
     7
100
AcDbLine
 10
412.9872902738232
 20
128.0801848302093
 30
0.0
 11
412.992454876723
 21
128.0951751106093
 31
0.0
  0
LINE
  5
950
330
70
100
AcDbEntity
  8
0
  6
Continuous
 62
     7
100
AcDbLine
 10
413.4872902738232
 20
128.0801848302093
 30
0.0
 11
413.4924548767231
 21
128.0951751106093
 31
0.0
  0
LINE
  5
951
330
70
100
AcDbEntity
  8
0
  6
Continuous
 62
     7
100
AcDbLine
 10
413.9872902738232
 20
128.0801848302093
 30
0.0
 11
413.9924548767231
 21
128.0951751106093
 31
0.0
  0
LINE
  5
952
330
70
100
AcDbEntity
  8
0
  6
Continuous
 62
     7
100
AcDbLine
 10
414.4872902738232
 20
128.0801848302093
 30
0.0
 11
414.4924548767231
 21
128.0951751106093
 31
0.0
  0
LINE
  5
953
330
70
100
AcDbEntity
  8
0
  6
Continuous
 62
     7
100
AcDbLine
 10
414.9872902738231
 20
128.0801848302093
 30
0.0
 11
414.9924548767231
 21
128.0951751106093
 31
0.0
  0
LINE
  5
954
330
70
100
AcDbEntity
  8
0
  6
Continuous
 62
     7
100
AcDbLine
 10
415.4872902738231
 20
128.0801848302093
 30
0.0
 11
415.4924548767231
 21
128.0951751106093
 31
0.0
  0
LINE
  5
955
330
70
100
AcDbEntity
  8
0
  6
Continuous
 62
     7
100
AcDbLine
 10
415.9872902738231
 20
128.0801848302093
 30
0.0
 11
415.992454876723
 21
128.0951751106093
 31
0.0
  0
LINE
  5
956
330
70
100
AcDbEntity
  8
0
  6
Continuous
 62
     7
100
AcDbLine
 10
416.4872902738231
 20
128.0801848302093
 30
0.0
 11
416.492454876723
 21
128.0951751106093
 31
0.0
  0
LINE
  5
957
330
70
100
AcDbEntity
  8
0
  6
Continuous
 62
     7
100
AcDbLine
 10
416.9872902738232
 20
128.0801848302093
 30
0.0
 11
416.992454876723
 21
128.0951751106093
 31
0.0
  0
LINE
  5
958
330
70
100
AcDbEntity
  8
0
  6
Continuous
 62
     7
100
AcDbLine
 10
417.4872902738232
 20
128.0801848302093
 30
0.0
 11
417.492454876723
 21
128.0951751106093
 31
0.0
  0
LINE
  5
959
330
70
100
AcDbEntity
  8
0
  6
Continuous
 62
     7
100
AcDbLine
 10
417.9872902738232
 20
128.0801848302093
 30
0.0
 11
417.9924548767231
 21
128.0951751106093
 31
0.0
  0
LINE
  5
95A
330
70
100
AcDbEntity
  8
0
  6
Continuous
 62
     7
100
AcDbLine
 10
418.4872902738232
 20
128.0801848302093
 30
0.0
 11
418.4924548767231
 21
128.0951751106093
 31
0.0
  0
LINE
  5
95B
330
70
100
AcDbEntity
  8
0
  6
Continuous
 62
     7
100
AcDbLine
 10
418.9872902738231
 20
128.0801848302093
 30
0.0
 11
418.9924548767231
 21
128.0951751106093
 31
0.0
  0
LINE
  5
95C
330
70
100
AcDbEntity
  8
0
  6
Continuous
 62
     7
100
AcDbLine
 10
419.4872902738231
 20
128.0801848302093
 30
0.0
 11
419.4924548767231
 21
128.0951751106093
 31
0.0
  0
LINE
  5
95D
330
70
100
AcDbEntity
  8
0
  6
Continuous
 62
     7
100
AcDbLine
 10
419.9872902738231
 20
128.0801848302093
 30
0.0
 11
419.992454876723
 21
128.0951751106093
 31
0.0
  0
LINE
  5
95E
330
70
100
AcDbEntity
  8
0
  6
Continuous
 62
     7
100
AcDbLine
 10
420.4872902738231
 20
128.0801848302093
 30
0.0
 11
420.492454876723
 21
128.0951751106093
 31
0.0
  0
LINE
  5
95F
330
70
100
AcDbEntity
  8
0
  6
Continuous
 62
     7
100
AcDbLine
 10
420.9872902738231
 20
128.0801848302093
 30
0.0
 11
420.992454876723
 21
128.0951751106093
 31
0.0
  0
LINE
  5
960
330
70
100
AcDbEntity
  8
0
  6
Continuous
 62
     7
100
AcDbLine
 10
421.4872902738232
 20
128.0801848302093
 30
0.0
 11
421.492454876723
 21
128.0951751106093
 31
0.0
  0
LINE
  5
961
330
70
100
AcDbEntity
  8
0
  6
Continuous
 62
     7
100
AcDbLine
 10
421.9872902738232
 20
128.0801848302093
 30
0.0
 11
421.9924548767231
 21
128.0951751106093
 31
0.0
  0
LINE
  5
962
330
70
100
AcDbEntity
  8
0
  6
Continuous
 62
     7
100
AcDbLine
 10
412.0372902738232
 20
127.7029880846093
 30
0.0
 11
411.8872902738231
 21
127.5529880846094
 31
0.0
  0
ELLIPSE
  5
963
330
70
100
AcDbEntity
  8
0
  6
Continuous
 62
     7
100
AcDbEllipse
 10
420.9673527696232
 20
128.3113859003094
 30
0.0
 11
0.0
 21
0.25
 31
0.0
210
0.0
220
0.0
230
1.0
 40
0.2
 41
-2.615634208199999
 42
-1.620799889
  0
ELLIPSE
  5
964
330
70
100
AcDbEntity
  8
0
  6
Continuous
 62
     7
100
AcDbEllipse
 10
412.4673527696232
 20
128.3113859003094
 30
0.0
 11
0.0
 21
0.25
 31
0.0
210
0.0
220
0.0
230
1.0
 40
0.2
 41
-2.615634208099999
 42
-1.620799889
  0
ELLIPSE
  5
965
330
70
100
AcDbEntity
  8
0
  6
Continuous
 62
     7
100
AcDbEllipse
 10
415.4673527696232
 20
128.3113859003094
 30
0.0
 11
0.0
 21
0.25
 31
0.0
210
0.0
220
0.0
230
1.0
 40
0.2
 41
-2.615634208099999
 42
-1.620799889
  0
ELLIPSE
  5
966
330
70
100
AcDbEntity
  8
0
  6
Continuous
 62
     7
100
AcDbEllipse
 10
415.7072277779231
 20
128.3113859003094
 30
0.0
 11
0.0
 21
0.25
 31
0.0
210
0.0
220
0.0
230
1.0
 40
0.2
 41
-4.662385418199997
 42
-3.6675510991
  0
ELLIPSE
  5
967
330
70
100
AcDbEntity
  8
0
  6
Continuous
 62
     7
100
AcDbEllipse
 10
419.7072277779231
 20
128.3113859003094
 30
0.0
 11
0.0
 21
0.25
 31
0.0
210
0.0
220
0.0
230
1.0
 40
0.2
 41
-4.662385418199997
 42
-3.6675510991
  0
ELLIPSE
  5
968
330
70
100
AcDbEntity
  8
0
  6
Continuous
 62
     7
100
AcDbEllipse
 10
416.9673527696232
 20
128.3113859003094
 30
0.0
 11
0.0
 21
0.25
 31
0.0
210
0.0
220
0.0
230
1.0
 40
0.2
 41
-2.615634208199999
 42
-1.620799889
  0
ELLIPSE
  5
969
330
70
100
AcDbEntity
  8
0
  6
Continuous
 62
     7
100
AcDbEllipse
 10
419.4673527696232
 20
128.3113859003094
 30
0.0
 11
0.0
 21
0.25
 31
0.0
210
0.0
220
0.0
230
1.0
 40
0.2
 41
-2.615634208099999
 42
-1.620799889
  0
ELLIPSE
  5
96A
330
70
100
AcDbEntity
  8
0
  6
Continuous
 62
     7
100
AcDbEllipse
 10
421.7072277779231
 20
128.3113859003094
 30
0.0
 11
0.0
 21
0.25
 31
0.0
210
0.0
220
0.0
230
1.0
 40
0.2
 41
-4.662385418199997
 42
-3.6675510991
  0
ELLIPSE
  5
96B
330
70
100
AcDbEntity
  8
0
  6
Continuous
 62
     7
100
AcDbEllipse
 10
417.2072277779231
 20
128.3113859003094
 30
0.0
 11
0.0
 21
0.25
 31
0.0
210
0.0
220
0.0
230
1.0
 40
0.2
 41
-4.662385418199997
 42
-3.6675510991
  0
ELLIPSE
  5
96C
330
70
100
AcDbEntity
  8
0
  6
Continuous
 62
     7
100
AcDbEllipse
 10
412.0372902738232
 20
128.3529880846093
 30
0.0
 11
0.0
 21
0.25
 31
0.0
210
0.0
220
0.0
230
1.0
 40
0.6
 41
-4.7123889804
 42
-3.1415926536
  0
ELLIPSE
  5
96D
330
70
100
AcDbEntity
  8
0
  6
Continuous
 62
     7
100
AcDbEllipse
 10
413.4673527696232
 20
128.3113859003094
 30
0.0
 11
0.0
 21
0.25
 31
0.0
210
0.0
220
0.0
230
1.0
 40
0.2
 41
-2.615634208099999
 42
-1.620799889
  0
ELLIPSE
  5
96E
330
70
100
AcDbEntity
  8
0
  6
Continuous
 62
     7
100
AcDbEllipse
 10
421.4673527696232
 20
128.3113859003094
 30
0.0
 11
0.0
 21
0.25
 31
0.0
210
0.0
220
0.0
230
1.0
 40
0.2
 41
-2.615634208099999
 42
-1.620799889
  0
ELLIPSE
  5
96F
330
70
100
AcDbEntity
  8
0
  6
Continuous
 62
     7
100
AcDbEllipse
 10
422.6372902738232
 20
128.3529880846093
 30
0.0
 11
0.0
 21
0.25
 31
0.0
210
0.0
220
0.0
230
1.0
 40
0.6
 41
-3.1415926536
 42
-1.5707963268
  0
ELLIPSE
  5
970
330
70
100
AcDbEntity
  8
0
  6
Continuous
 62
     7
100
AcDbEllipse
 10
412.7072277779231
 20
128.3113859003094
 30
0.0
 11
0.0
 21
0.25
 31
0.0
210
0.0
220
0.0
230
1.0
 40
0.2
 41
-4.662385418199997
 42
-3.6675510991
  0
ELLIPSE
  5
971
330
70
100
AcDbEntity
  8
0
  6
Continuous
 62
     7
100
AcDbEllipse
 10
413.7072277779231
 20
128.3113859003094
 30
0.0
 11
0.0
 21
0.25
 31
0.0
210
0.0
220
0.0
230
1.0
 40
0.2
 41
-4.662385418199997
 42
-3.6675510991
  0
ELLIPSE
  5
972
330
70
100
AcDbEntity
  8
0
  6
Continuous
 62
     7
100
AcDbEllipse
 10
422.2072277779231
 20
128.3113859003094
 30
0.0
 11
0.0
 21
0.25
 31
0.0
210
0.0
220
0.0
230
1.0
 40
0.2
 41
-4.662385418199997
 42
-3.6675510991
  0
ELLIPSE
  5
973
330
70
100
AcDbEntity
  8
0
  6
Continuous
 62
     7
100
AcDbEllipse
 10
420.7072277779231
 20
128.3113859003094
 30
0.0
 11
0.0
 21
0.25
 31
0.0
210
0.0
220
0.0
230
1.0
 40
0.2
 41
-4.662385418199997
 42
-3.6675510991
  0
ELLIPSE
  5
974
330
70
100
AcDbEntity
  8
0
  6
Continuous
 62
     7
100
AcDbEllipse
 10
414.967352769623
 20
128.3113859003094
 30
0.0
 11
0.0
 21
0.25
 31
0.0
210
0.0
220
0.0
230
1.0
 40
0.2
 41
-2.615634208199999
 42
-1.620799889
  0
ELLIPSE
  5
975
330
70
100
AcDbEntity
  8
0
  6
Continuous
 62
     7
100
AcDbEllipse
 10
421.967352769623
 20
128.3113859003094
 30
0.0
 11
0.0
 21
0.25
 31
0.0
210
0.0
220
0.0
230
1.0
 40
0.2
 41
-2.615634208199999
 42
-1.620799889
  0
ELLIPSE
  5
976
330
70
100
AcDbEntity
  8
0
  6
Continuous
 62
     7
100
AcDbEllipse
 10
415.2072277779232
 20
128.3113859003094
 30
0.0
 11
0.0
 21
0.25
 31
0.0
210
0.0
220
0.0
230
1.0
 40
0.2
 41
-4.662385418199997
 42
-3.6675510991
  0
ELLIPSE
  5
977
330
70
100
AcDbEntity
  8
0
  6
Continuous
 62
     7
100
AcDbEllipse
 10
415.9673527696232
 20
128.3113859003094
 30
0.0
 11
0.0
 21
0.25
 31
0.0
210
0.0
220
0.0
230
1.0
 40
0.2
 41
-2.615634208199999
 42
-1.620799889
  0
ELLIPSE
  5
978
330
70
100
AcDbEntity
  8
0
  6
Continuous
 62
     7
100
AcDbEllipse
 10
420.4673527696232
 20
128.3113859003094
 30
0.0
 11
0.0
 21
0.25
 31
0.0
210
0.0
220
0.0
230
1.0
 40
0.2
 41
-2.615634208099999
 42
-1.620799889
  0
ELLIPSE
  5
979
330
70
100
AcDbEntity
  8
0
  6
Continuous
 62
     7
100
AcDbEllipse
 10
416.2072277779231
 20
128.3113859003094
 30
0.0
 11
0.0
 21
0.25
 31
0.0
210
0.0
220
0.0
230
1.0
 40
0.2
 41
-4.662385418199997
 42
-3.6675510991
  0
ELLIPSE
  5
97A
330
70
100
AcDbEntity
  8
0
  6
Continuous
 62
     7
100
AcDbEllipse
 10
417.4673527696232
 20
128.3113859003094
 30
0.0
 11
0.0
 21
0.25
 31
0.0
210
0.0
220
0.0
230
1.0
 40
0.2
 41
-2.615634208099999
 42
-1.620799889
  0
ELLIPSE
  5
97B
330
70
100
AcDbEntity
  8
0
  6
Continuous
 62
     7
100
AcDbEllipse
 10
417.7072277779231
 20
128.3113859003094
 30
0.0
 11
0.0
 21
0.25
 31
0.0
210
0.0
220
0.0
230
1.0
 40
0.2
 41
-4.662385418199997
 42
-3.6675510991
  0
ELLIPSE
  5
97C
330
70
100
AcDbEntity
  8
0
  6
Continuous
 62
     7
100
AcDbEllipse
 10
414.467352769623
 20
128.3113859003094
 30
0.0
 11
0.0
 21
0.25
 31
0.0
210
0.0
220
0.0
230
1.0
 40
0.2
 41
-2.615634208099999
 42
-1.620799889
  0
ELLIPSE
  5
97D
330
70
100
AcDbEntity
  8
0
  6
Continuous
 62
     7
100
AcDbEllipse
 10
419.2072277779232
 20
128.3113859003094
 30
0.0
 11
0.0
 21
0.25
 31
0.0
210
0.0
220
0.0
230
1.0
 40
0.2
 41
-4.662385418199997
 42
-3.6675510991
  0
ELLIPSE
  5
97E
330
70
100
AcDbEntity
  8
0
  6
Continuous
 62
     7
100
AcDbEllipse
 10
418.967352769623
 20
128.3113859003094
 30
0.0
 11
0.0
 21
0.25
 31
0.0
210
0.0
220
0.0
230
1.0
 40
0.2
 41
-2.615634208199999
 42
-1.620799889
  0
ELLIPSE
  5
97F
330
70
100
AcDbEntity
  8
0
  6
Continuous
 62
     7
100
AcDbEllipse
 10
414.7072277779232
 20
128.3113859003094
 30
0.0
 11
0.0
 21
0.25
 31
0.0
210
0.0
220
0.0
230
1.0
 40
0.2
 41
-4.662385418199997
 42
-3.6675510991
  0
ELLIPSE
  5
980
330
70
100
AcDbEntity
  8
0
  6
Continuous
 62
     7
100
AcDbEllipse
 10
413.967352769623
 20
128.3113859003094
 30
0.0
 11
0.0
 21
0.25
 31
0.0
210
0.0
220
0.0
230
1.0
 40
0.2
 41
-2.615634208199999
 42
-1.620799889
  0
ELLIPSE
  5
981
330
70
100
AcDbEntity
  8
0
  6
Continuous
 62
     7
100
AcDbEllipse
 10
414.2072277779231
 20
128.3113859003094
 30
0.0
 11
0.0
 21
0.25
 31
0.0
210
0.0
220
0.0
230
1.0
 40
0.2
 41
-4.662385418199997
 42
-3.6675510991
  0
ELLIPSE
  5
982
330
70
100
AcDbEntity
  8
0
  6
Continuous
 62
     7
100
AcDbEllipse
 10
412.9673527696231
 20
128.3113859003094
 30
0.0
 11
0.0
 21
0.25
 31
0.0
210
0.0
220
0.0
230
1.0
 40
0.2
 41
-2.615634208199999
 42
-1.620799889
  0
ELLIPSE
  5
983
330
70
100
AcDbEntity
  8
0
  6
Continuous
 62
     7
100
AcDbEllipse
 10
413.2072277779231
 20
128.3113859003094
 30
0.0
 11
0.0
 21
0.25
 31
0.0
210
0.0
220
0.0
230
1.0
 40
0.2
 41
-4.662385418199997
 42
-3.6675510991
  0
ELLIPSE
  5
984
330
70
100
AcDbEntity
  8
0
  6
Continuous
 62
     7
100
AcDbEllipse
 10
417.967352769623
 20
128.3113859003094
 30
0.0
 11
0.0
 21
0.25
 31
0.0
210
0.0
220
0.0
230
1.0
 40
0.2
 41
-2.615634208199999
 42
-1.620799889
  0
ELLIPSE
  5
985
330
70
100
AcDbEntity
  8
0
  6
Continuous
 62
     7
100
AcDbEllipse
 10
418.2072277779231
 20
128.3113859003094
 30
0.0
 11
0.0
 21
0.25
 31
0.0
210
0.0
220
0.0
230
1.0
 40
0.2
 41
-4.662385418199997
 42
-3.6675510991
  0
ELLIPSE
  5
986
330
70
100
AcDbEntity
  8
0
  6
Continuous
 62
     7
100
AcDbEllipse
 10
420.2072277779231
 20
128.3113859003094
 30
0.0
 11
0.0
 21
0.25
 31
0.0
210
0.0
220
0.0
230
1.0
 40
0.2
 41
-4.662385418199997
 42
-3.6675510991
  0
ELLIPSE
  5
987
330
70
100
AcDbEntity
  8
0
  6
Continuous
 62
     7
100
AcDbEllipse
 10
418.7072277779231
 20
128.3113859003094
 30
0.0
 11
0.0
 21
0.25
 31
0.0
210
0.0
220
0.0
230
1.0
 40
0.2
 41
-4.662385418199997
 42
-3.6675510991
  0
ELLIPSE
  5
988
330
70
100
AcDbEntity
  8
0
  6
Continuous
 62
     7
100
AcDbEllipse
 10
419.9673527696232
 20
128.3113859003094
 30
0.0
 11
0.0
 21
0.25
 31
0.0
210
0.0
220
0.0
230
1.0
 40
0.2
 41
-2.615634208199999
 42
-1.620799889
  0
ELLIPSE
  5
989
330
70
100
AcDbEntity
  8
0
  6
Continuous
 62
     7
100
AcDbEllipse
 10
418.467352769623
 20
128.3113859003094
 30
0.0
 11
0.0
 21
0.25
 31
0.0
210
0.0
220
0.0
230
1.0
 40
0.2
 41
-2.615634208099999
 42
-1.620799889
  0
ELLIPSE
  5
98A
330
70
100
AcDbEntity
  8
0
  6
Continuous
 62
     7
100
AcDbEllipse
 10
416.4673527696232
 20
128.3113859003094
 30
0.0
 11
0.0
 21
0.25
 31
0.0
210
0.0
220
0.0
230
1.0
 40
0.2
 41
-2.615634208099999
 42
-1.620799889
  0
ELLIPSE
  5
98B
330
70
100
AcDbEntity
  8
0
  6
Continuous
 62
     7
100
AcDbEllipse
 10
416.7072277779231
 20
128.3113859003094
 30
0.0
 11
0.0
 21
0.25
 31
0.0
210
0.0
220
0.0
230
1.0
 40
0.2
 41
-4.662385418199997
 42
-3.6675510991
  0
ELLIPSE
  5
98C
330
70
100
AcDbEntity
  8
0
  6
Continuous
 62
     7
100
AcDbEllipse
 10
421.2072277779231
 20
128.3113859003094
 30
0.0
 11
0.0
 21
0.25
 31
0.0
210
0.0
220
0.0
230
1.0
 40
0.2
 41
-4.662385418199997
 42
-3.6675510991
  0
LINE
  5
98D
330
70
100
AcDbEntity
  8
0
  6
Continuous
 62
     7
100
AcDbLine
 10
351.4995428168672
 20
122.0960042723087
 30
0.0
 11
361.4995428168669
 21
122.0960042723087
 31
0.0
  0
LINE
  5
98E
330
70
100
AcDbEntity
  8
0
  6
Continuous
 62
     7
100
AcDbLine
 10
361.4995428168669
 20
126.0960042723086
 30
0.0
 11
351.4995428168672
 21
126.0960042723086
 31
0.0
  0
LINE
  5
98F
330
70
100
AcDbEntity
  8
0
  6
Continuous
 62
     7
100
AcDbLine
 10
351.4995428168672
 20
126.0960042723086
 30
0.0
 11
351.4995428168672
 21
122.0960042723087
 31
0.0
  0
LINE
  5
990
330
70
100
AcDbEntity
  8
0
  6
Continuous
 62
     7
100
AcDbLine
 10
361.4995428168669
 20
122.0960042723087
 30
0.0
 11
361.4995428168669
 21
126.0960042723086
 31
0.0
  0
LWPOLYLINE
  5
991
330
70
100
AcDbEntity
  8
slide
  6
HIDDEN
 62
     6
100
AcDbPolyline
 90
        4
 70
     1
 43
0.0
 10
355.4946933983875
 20
171.6162405474607
 10
351.835371120597
 20
171.6162405474607
 10
351.835371120597
 20
180.6415752480785
 10
355.4946933983875
 20
180.6415752480785
  0
LINE
  5
993
330
70
100
AcDbEntity
  8
USB20_MANIFOLD_SOLID_1
  6
Continuous
 62
     7
100
AcDbLine
 10
396.7491122607512
 20
194.9643999335645
 30
0.0
 11
396.8376711086511
 21
194.9819819994647
 31
0.0
  0
LINE
  5
994
330
70
100
AcDbEntity
  8
0
  6
Continuous
 62
     7
100
AcDbLine
 10
418.7781641185513
 20
187.2601565388647
 30
0.0
 11
418.6581641185513
 21
187.2601565388647
 31
0.0
  0
LINE
  5
995
330
70
100
AcDbEntity
  8
0
  6
Continuous
 62
     7
100
AcDbLine
 10
415.4781641185513
 20
187.2601565388647
 30
0.0
 11
415.3581641185513
 21
187.2601565388647
 31
0.0
  0
LINE
  5
996
330
70
100
AcDbEntity
  8
0
  6
Continuous
 62
     7
100
AcDbLine
 10
409.8581641185513
 20
187.2601565388647
 30
0.0
 11
409.9781641185513
 21
187.2601565388647
 31
0.0
  0
LINE
  5
997
330
70
100
AcDbEntity
  8
0
  6
Continuous
 62
     7
100
AcDbLine
 10
410.9581641185514
 20
187.2601565388647
 30
0.0
 11
411.0781641185513
 21
187.2601565388647
 31
0.0
  0
LINE
  5
998
330
70
100
AcDbEntity
  8
0
  6
Continuous
 62
     7
100
AcDbLine
 10
412.0581641185511
 20
187.2601565388647
 30
0.0
 11
412.1781641185513
 21
187.2601565388647
 31
0.0
  0
LINE
  5
999
330
70
100
AcDbEntity
  8
0
  6
Continuous
 62
     7
100
AcDbLine
 10
413.1581641185513
 20
187.2601565388647
 30
0.0
 11
413.2781641185513
 21
187.2601565388647
 31
0.0
  0
LINE
  5
99A
330
70
100
AcDbEntity
  8
0
  6
Continuous
 62
     7
100
AcDbLine
 10
414.2581641185513
 20
187.2601565388647
 30
0.0
 11
414.3781641185513
 21
187.2601565388647
 31
0.0
  0
LINE
  5
99B
330
70
100
AcDbEntity
  8
0
  6
Continuous
 62
     7
100
AcDbLine
 10
416.4581641185511
 20
187.2601565388647
 30
0.0
 11
416.578164118551
 21
187.2601565388647
 31
0.0
  0
LINE
  5
99C
330
70
100
AcDbEntity
  8
0
  6
Continuous
 62
     7
100
AcDbLine
 10
417.5581641185513
 20
187.2601565388647
 30
0.0
 11
417.6781641185513
 21
187.2601565388647
 31
0.0
  0
LINE
  5
99D
330
70
100
AcDbEntity
  8
0
  6
Continuous
 62
     7
100
AcDbLine
 10
417.2706775130513
 20
187.6340675837646
 30
0.0
 11
407.8706775130513
 21
187.6340675837646
 31
0.0
  0
LINE
  5
99E
330
70
100
AcDbEntity
  8
0
  6
Continuous
 62
     7
100
AcDbLine
 10
405.0556775130512
 20
187.8340675837646
 30
0.0
 11
407.4378348005512
 21
187.8340675837646
 31
0.0
  0
LINE
  5
99F
330
70
100
AcDbEntity
  8
0
  6
Continuous
 62
     7
100
AcDbLine
 10
417.7035202255512
 20
187.8340675837646
 30
0.0
 11
420.0856775130511
 21
187.8340675837646
 31
0.0
  0
LINE
  5
9A0
330
70
100
AcDbEntity
  8
CLOSED_SHELL_4_2
  6
Continuous
 62
     7
100
AcDbLine
 10
352.6656775130513
 20
188.4601565388646
 30
0.0
 11
352.6656775130513
 21
199.9601565388646
 31
0.0
  0
LINE
  5
9A1
330
70
100
AcDbEntity
  8
CLOSED_SHELL_4_2
  6
Continuous
 62
     7
100
AcDbLine
 10
353.1656775130513
 20
202.4601565388647
 30
0.0
 11
353.1656775130513
 21
199.9601565388646
 31
0.0
  0
LINE
  5
9A2
330
70
100
AcDbEntity
  8
CLOSED_SHELL_4_2
  6
Continuous
 62
     7
100
AcDbLine
 10
358.1656775130513
 20
202.4601565388647
 30
0.0
 11
358.1656775130513
 21
199.9601565388646
 31
0.0
  0
LINE
  5
9A3
330
70
100
AcDbEntity
  8
USB20_MANIFOLD_SOLID_1
  6
Continuous
 62
     7
100
AcDbLine
 10
390.7458456472514
 20
194.9643999334647
 30
0.0
 11
390.8344044951513
 21
194.9819819994647
 31
0.0
  0
LINE
  5
9A4
330
70
100
AcDbEntity
  8
0
  6
Continuous
 62
     7
100
AcDbLine
 10
407.591573681451
 20
187.9601565388646
 30
0.0
 11
407.8497813446511
 21
187.9601565388646
 31
0.0
  0
LINE
  5
9A5
330
70
100
AcDbEntity
  8
0
  6
Continuous
 62
     7
100
AcDbLine
 10
417.2915736814513
 20
187.9601565388646
 30
0.0
 11
417.5497813446513
 21
187.9601565388646
 31
0.0
  0
LINE
  5
9A6
330
70
100
AcDbEntity
  8
0
  6
Continuous
 62
     7
100
AcDbLine
 10
420.0856775130511
 20
188.1340675837646
 30
0.0
 11
420.0456775130512
 21
188.1340675837646
 31
0.0
  0
LINE
  5
9A7
330
70
100
AcDbEntity
  8
0
  6
Continuous
 62
     7
100
AcDbLine
 10
405.0956775130513
 20
188.1340675837646
 30
0.0
 11
405.0556775130512
 21
188.1340675837646
 31
0.0
  0
LINE
  5
9A8
330
70
100
AcDbEntity
  8
CLOSED_SHELL_4_2
  6
Continuous
 62
     7
100
AcDbLine
 10
352.6656775130513
 20
188.4601565388646
 30
0.0
 11
358.6656775130513
 21
188.4601565388646
 31
0.0
  0
LINE
  5
9A9
330
70
100
AcDbEntity
  8
USB20_MANIFOLD_SOLID_1
  6
Continuous
 62
     7
100
AcDbLine
 10
385.6656775129512
 20
188.4601565388646
 30
0.0
 11
398.7656775130512
 21
188.4601565388646
 31
0.0
  0
LINE
  5
9AA
330
70
100
AcDbEntity
  8
0
  6
Continuous
 62
     7
100
AcDbLine
 10
405.0556775130512
 20
188.5340675837646
 30
0.0
 11
405.0956775130513
 21
188.5340675837646
 31
0.0
  0
LINE
  5
9AB
330
70
100
AcDbEntity
  8
0
  6
Continuous
 62
     7
100
AcDbLine
 10
420.0456775130512
 20
188.5340675837646
 30
0.0
 11
420.0856775130511
 21
188.5340675837646
 31
0.0
  0
LINE
  5
9AC
330
70
100
AcDbEntity
  8
0
  6
Continuous
 62
     7
100
AcDbLine
 10
419.5156775130511
 20
188.6340675837646
 30
0.0
 11
419.3156775130512
 21
188.6340675837646
 31
0.0
  0
LINE
  5
9AD
330
70
100
AcDbEntity
  8
0
  6
Continuous
 62
     7
100
AcDbLine
 10
419.3481641185512
 20
188.6601565388646
 30
0.0
 11
419.5981641185513
 21
188.6601565388646
 31
0.0
  0
LINE
  5
9AE
330
70
100
AcDbEntity
  8
0
  6
Continuous
 62
     7
100
AcDbLine
 10
420.0856775130511
 20
188.8340675837646
 30
0.0
 11
419.5981641185513
 21
188.8340675837646
 31
0.0
  0
LINE
  5
9AF
330
70
100
AcDbEntity
  8
0
  6
Continuous
 62
     7
100
AcDbLine
 10
405.6256775130512
 20
188.8340675837646
 30
0.0
 11
405.0556775130512
 21
188.8340675837646
 31
0.0
  0
LINE
  5
9B0
330
70
100
AcDbEntity
  8
0
  6
Continuous
 62
     7
100
AcDbLine
 10
405.9156785157514
 20
189.0340675837647
 30
0.0
 11
405.6256775130512
 21
189.0340675837647
 31
0.0
  0
LINE
  5
9B1
330
70
100
AcDbEntity
  8
0
  6
Continuous
 62
     7
100
AcDbLine
 10
404.7656775130511
 20
189.3340675837646
 30
0.0
 11
405.9156775130512
 21
189.3340675837646
 31
0.0
  0
LINE
  5
9B2
330
70
100
AcDbEntity
  8
0
  6
Continuous
 62
     7
100
AcDbLine
 10
419.1156775130512
 20
189.4601565388646
 30
0.0
 11
419.5981641185513
 21
189.4601565388646
 31
0.0
  0
LINE
  5
9B3
330
70
100
AcDbEntity
  8
0
  6
Continuous
 62
     7
100
AcDbLine
 10
419.3156775130512
 20
189.6340675837646
 30
0.0
 11
419.1656775130512
 21
189.6340675837646
 31
0.0
  0
LINE
  5
9B4
330
70
100
AcDbEntity
  8
0
  6
Continuous
 62
     7
100
AcDbLine
 10
419.3156775130512
 20
189.6601565388646
 30
0.0
 11
419.3481641185512
 21
189.6601565388646
 31
0.0
  0
LINE
  5
9B5
330
70
100
AcDbEntity
  8
USB20_MANIFOLD_SOLID_1
  6
Continuous
 62
     7
100
AcDbLine
 10
385.3604169917512
 20
190.1201565388647
 30
0.0
 11
385.6656775131512
 21
190.1201565388647
 31
0.0
  0
LINE
  5
9B6
330
70
100
AcDbEntity
  8
USB20_MANIFOLD_SOLID_1
  6
Continuous
 62
     7
100
AcDbLine
 10
398.7656775130512
 20
190.1201565388647
 30
0.0
 11
399.0709380343513
 21
190.1201565388647
 31
0.0
  0
LINE
  5
9B7
330
70
100
AcDbEntity
  8
CLOSED_SHELL_12
  6
Continuous
 62
     7
100
AcDbLine
 10
365.2156775131512
 20
190.3101565389647
 30
0.0
 11
366.5156775129513
 21
190.3101565388645
 31
0.0
  0
LINE
  5
9B8
330
70
100
AcDbEntity
  8
CLOSED_SHELL_12
  6
Continuous
 62
     7
100
AcDbLine
 10
377.8156775131512
 20
190.3101565388645
 30
0.0
 11
379.1156775131514
 21
190.3101565385646
 31
0.0
  0
LINE
  5
9B9
330
70
100
AcDbEntity
  8
0
  6
Continuous
 62
     7
100
AcDbLine
 10
404.7381641185514
 20
190.4101565388646
 30
0.0
 11
404.7656775130511
 21
190.4101565388646
 31
0.0
  0
LINE
  5
9BA
330
70
100
AcDbEntity
  8
CLOSED_SHELL_12
  6
Continuous
 62
     7
100
AcDbLine
 10
367.7656775130512
 20
190.5087294586647
 30
0.0
 11
367.5656775130513
 21
190.5087294586647
 31
0.0
  0
LINE
  5
9BB
330
70
100
AcDbEntity
  8
CLOSED_SHELL_12
  6
Continuous
 62
     7
100
AcDbLine
 10
368.5656775130512
 20
190.5087294584647
 30
0.0
 11
368.7656775130512
 21
190.5087294584647
 31
0.0
  0
LINE
  5
9BC
330
70
100
AcDbEntity
  8
CLOSED_SHELL_12
  6
Continuous
 62
     7
100
AcDbLine
 10
369.5656775130512
 20
190.5087294584647
 30
0.0
 11
369.7656775130513
 21
190.5087294584647
 31
0.0
  0
LINE
  5
9BD
330
70
100
AcDbEntity
  8
CLOSED_SHELL_12
  6
Continuous
 62
     7
100
AcDbLine
 10
370.5656775130513
 20
190.5087294584647
 30
0.0
 11
370.7656775130512
 21
190.5087294584647
 31
0.0
  0
LINE
  5
9BE
330
70
100
AcDbEntity
  8
CLOSED_SHELL_12
  6
Continuous
 62
     7
100
AcDbLine
 10
371.5656775130512
 20
190.5087294584647
 30
0.0
 11
371.7656775130512
 21
190.5087294584647
 31
0.0
  0
LINE
  5
9BF
330
70
100
AcDbEntity
  8
CLOSED_SHELL_12
  6
Continuous
 62
     7
100
AcDbLine
 10
372.5656775130512
 20
190.5087294584647
 30
0.0
 11
372.7656775130512
 21
190.5087294584647
 31
0.0
  0
LINE
  5
9C0
330
70
100
AcDbEntity
  8
CLOSED_SHELL_12
  6
Continuous
 62
     7
100
AcDbLine
 10
373.5656775130512
 20
190.5087294584647
 30
0.0
 11
373.7656775130512
 21
190.5087294584647
 31
0.0
  0
LINE
  5
9C1
330
70
100
AcDbEntity
  8
CLOSED_SHELL_12
  6
Continuous
 62
     7
100
AcDbLine
 10
374.5656775130513
 20
190.5087294584647
 30
0.0
 11
374.7656775130512
 21
190.5087294584647
 31
0.0
  0
LINE
  5
9C2
330
70
100
AcDbEntity
  8
CLOSED_SHELL_12
  6
Continuous
 62
     7
100
AcDbLine
 10
375.5656775130512
 20
190.5087294584647
 30
0.0
 11
375.7656775130512
 21
190.5087294584647
 31
0.0
  0
LINE
  5
9C3
330
70
100
AcDbEntity
  8
CLOSED_SHELL_12
  6
Continuous
 62
     7
100
AcDbLine
 10
376.5656775130513
 20
190.5087294584647
 30
0.0
 11
376.7656775130512
 21
190.5087294584647
 31
0.0
  0
LINE
  5
9C4
330
70
100
AcDbEntity
  8
CLOSED_SHELL_12
  6
Continuous
 62
     7
100
AcDbLine
 10
376.2656775130512
 20
190.5101565390647
 30
0.0
 11
376.0656775130513
 21
190.5101565390647
 31
0.0
  0
LINE
  5
9C5
330
70
100
AcDbEntity
  8
CLOSED_SHELL_12
  6
Continuous
 62
     7
100
AcDbLine
 10
375.2656775130512
 20
190.5101565390647
 30
0.0
 11
375.0656775130513
 21
190.5101565390647
 31
0.0
  0
LINE
  5
9C6
330
70
100
AcDbEntity
  8
CLOSED_SHELL_12
  6
Continuous
 62
     7
100
AcDbLine
 10
374.2656775130513
 20
190.5101565390647
 30
0.0
 11
374.0656775130513
 21
190.5101565390647
 31
0.0
  0
LINE
  5
9C7
330
70
100
AcDbEntity
  8
CLOSED_SHELL_12
  6
Continuous
 62
     7
100
AcDbLine
 10
373.2656775130512
 20
190.5101565390647
 30
0.0
 11
373.0656775130512
 21
190.5101565390647
 31
0.0
  0
LINE
  5
9C8
330
70
100
AcDbEntity
  8
CLOSED_SHELL_12
  6
Continuous
 62
     7
100
AcDbLine
 10
372.2656775130512
 20
190.5101565390647
 30
0.0
 11
372.0656775130513
 21
190.5101565390647
 31
0.0
  0
LINE
  5
9C9
330
70
100
AcDbEntity
  8
CLOSED_SHELL_12
  6
Continuous
 62
     7
100
AcDbLine
 10
371.2656775130512
 20
190.5101565390647
 30
0.0
 11
371.0656775130513
 21
190.5101565390647
 31
0.0
  0
LINE
  5
9CA
330
70
100
AcDbEntity
  8
CLOSED_SHELL_12
  6
Continuous
 62
     7
100
AcDbLine
 10
370.2656775130512
 20
190.5101565390647
 30
0.0
 11
370.0656775130513
 21
190.5101565390647
 31
0.0
  0
LINE
  5
9CB
330
70
100
AcDbEntity
  8
CLOSED_SHELL_12
  6
Continuous
 62
     7
100
AcDbLine
 10
369.2656775130512
 20
190.5101565390647
 30
0.0
 11
369.0656775130512
 21
190.5101565390647
 31
0.0
  0
LINE
  5
9CC
330
70
100
AcDbEntity
  8
CLOSED_SHELL_12
  6
Continuous
 62
     7
100
AcDbLine
 10
368.2656775130512
 20
190.5101565390647
 30
0.0
 11
368.0656775130513
 21
190.5101565390647
 31
0.0
  0
LINE
  5
9CD
330
70
100
AcDbEntity
  8
CLOSED_SHELL_12
  6
Continuous
 62
     7
100
AcDbLine
 10
378.8156775126513
 20
190.6101565391647
 30
0.0
 11
378.0756775130513
 21
190.6101565391647
 31
0.0
  0
LINE
  5
9CE
330
70
100
AcDbEntity
  8
CLOSED_SHELL_12
  6
Continuous
 62
     7
100
AcDbLine
 10
366.2556775130513
 20
190.6101565392646
 30
0.0
 11
365.5156775134514
 21
190.6101565390647
 31
0.0
  0
LINE
  5
9CF
330
70
100
AcDbEntity
  8
CLOSED_SHELL_12
  6
Continuous
 62
     7
100
AcDbLine
 10
364.7156775132511
 20
190.8601565388646
 30
0.0
 11
366.5156775131513
 21
190.8601565388646
 31
0.0
  0
LINE
  5
9D0
330
70
100
AcDbEntity
  8
CLOSED_SHELL_12
  6
Continuous
 62
     7
100
AcDbLine
 10
377.8156775130512
 20
190.8601565388646
 30
0.0
 11
379.6156775128513
 21
190.8601565388646
 31
0.0
  0
LINE
  5
9D1
330
70
100
AcDbEntity
  8
CLOSED_SHELL_12
  6
Continuous
 62
     7
100
AcDbLine
 10
364.6656775130513
 20
190.9101565388646
 30
0.0
 11
366.5656775126512
 21
190.9101565388646
 31
0.0
  0
LINE
  5
9D2
330
70
100
AcDbEntity
  8
CLOSED_SHELL_12
  6
Continuous
 62
     7
100
AcDbLine
 10
366.5833189742514
 20
190.9101565388646
 30
0.0
 11
366.6656775130513
 21
190.9101565388646
 31
0.0
  0
LINE
  5
9D3
330
70
100
AcDbEntity
  8
CLOSED_SHELL_12
  6
Continuous
 62
     7
100
AcDbLine
 10
377.6656775130513
 20
190.9101565388646
 30
0.0
 11
377.7319071949512
 21
190.9101565388646
 31
0.0
  0
LINE
  5
9D4
330
70
100
AcDbEntity
  8
CLOSED_SHELL_12
  6
Continuous
 62
     7
100
AcDbLine
 10
377.7656775133512
 20
190.9101565388646
 30
0.0
 11
379.6656775130513
 21
190.9101565388646
 31
0.0
  0
LINE
  5
9D5
330
70
100
AcDbEntity
  8
0
  6
Continuous
 62
     7
100
AcDbLine
 10
404.7656775130511
 20
191.3101565388645
 30
0.0
 11
404.7381641185514
 21
191.3101565388645
 31
0.0
  0
LINE
  5
9D6
330
70
100
AcDbEntity
  8
CLOSED_SHELL_12
  6
Continuous
 62
     7
100
AcDbLine
 10
377.6656775129512
 20
191.3601565388646
 30
0.0
 11
366.6656775130513
 21
191.3601565388646
 31
0.0
  0
LINE
  5
9D7
330
70
100
AcDbEntity
  8
CLOSED_SHELL_12
  6
Continuous
 62
     7
100
AcDbLine
 10
366.6656775129514
 20
191.5201565395646
 30
0.0
 11
377.6656775129512
 21
191.5201565393645
 31
0.0
  0
LINE
  5
9D8
330
70
100
AcDbEntity
  8
CLOSED_SHELL_12
  6
Continuous
 62
     7
100
AcDbLine
 10
376.3456775132511
 20
191.6601565387647
 30
0.0
 11
374.5856775128514
 21
191.6601565387647
 31
0.0
  0
LINE
  5
9D9
330
70
100
AcDbEntity
  8
CLOSED_SHELL_12
  6
Continuous
 62
     7
100
AcDbLine
 10
369.7456775128513
 20
191.6601565386647
 30
0.0
 11
367.9856775129514
 21
191.6601565387647
 31
0.0
  0
LINE
  5
9DA
330
70
100
AcDbEntity
  8
CLOSED_SHELL_12
  6
Continuous
 62
     7
100
AcDbLine
 10
377.5656775107514
 20
191.9601565388646
 30
0.0
 11
376.6456775129514
 21
191.9601565388646
 31
0.0
  0
LINE
  5
9DB
330
70
100
AcDbEntity
  8
CLOSED_SHELL_12
  6
Continuous
 62
     7
100
AcDbLine
 10
374.2856775131512
 20
191.9601565388646
 30
0.0
 11
370.0456775130513
 21
191.9601565388646
 31
0.0
  0
LINE
  5
9DC
330
70
100
AcDbEntity
  8
CLOSED_SHELL_12
  6
Continuous
 62
     7
100
AcDbLine
 10
367.6856775132512
 20
191.9601565388646
 30
0.0
 11
366.7656775127513
 21
191.9601565388646
 31
0.0
  0
LINE
  5
9DD
330
70
100
AcDbEntity
  8
USB20_MANIFOLD_SOLID_1
  6
Continuous
 62
     7
100
AcDbLine
 10
399.0709380343513
 20
192.0001565388645
 30
0.0
 11
398.7656775130512
 21
192.0001565388645
 31
0.0
  0
LINE
  5
9DE
330
70
100
AcDbEntity
  8
USB20_MANIFOLD_SOLID_1
  6
Continuous
 62
     7
100
AcDbLine
 10
385.6656775131512
 20
192.0001565388645
 30
0.0
 11
385.3604169917512
 21
192.0001565388645
 31
0.0
  0
LINE
  5
9DF
330
70
100
AcDbEntity
  8
0
  6
Continuous
 62
     7
100
AcDbLine
 10
419.2656775130512
 20
193.0840675837646
 30
0.0
 11
419.5156775130511
 21
193.0840675837646
 31
0.0
  0
LINE
  5
9E0
330
70
100
AcDbEntity
  8
CLOSED_SHELL_12
  6
Continuous
 62
     7
100
AcDbLine
 10
369.0656775129514
 20
194.4101565386647
 30
0.0
 11
370.6656775127513
 21
194.4101565386647
 31
0.0
  0
LINE
  5
9E1
330
70
100
AcDbEntity
  8
CLOSED_SHELL_12
  6
Continuous
 62
     7
100
AcDbLine
 10
373.6656775127514
 20
194.4101565386647
 30
0.0
 11
375.2656775133513
 21
194.4101565386647
 31
0.0
  0
LINE
  5
9E2
330
70
100
AcDbEntity
  8
CLOSED_SHELL_4_2
  6
Continuous
 62
     7
100
AcDbLine
 10
358.6656775130513
 20
188.4601565388646
 30
0.0
 11
358.6656775130513
 21
199.9601565388646
 31
0.0
  0
LINE
  5
9E3
330
70
100
AcDbEntity
  8
CLOSED_SHELL_12
  6
Continuous
 62
     7
100
AcDbLine
 10
364.6656775130513
 20
190.9101565384646
 30
0.0
 11
364.6656775130513
 21
202.4601565388647
 31
0.0
  0
LINE
  5
9E4
330
70
100
AcDbEntity
  8
CLOSED_SHELL_12
  6
Continuous
 62
     7
100
AcDbLine
 10
364.7156775132511
 20
190.8601565388646
 30
0.0
 11
364.7156775132511
 21
190.9101565388646
 31
0.0
  0
LINE
  5
9E5
330
70
100
AcDbEntity
  8
CLOSED_SHELL_12
  6
Continuous
 62
     7
100
AcDbLine
 10
366.7656775131512
 20
199.4601565395645
 30
0.0
 11
367.0081919929511
 21
200.1530550528647
 31
0.0
  0
LINE
  5
9E6
330
70
100
AcDbEntity
  8
0
  6
Continuous
 62
     7
100
AcDbLine
 10
404.7381641185514
 20
195.2601565388647
 30
0.0
 11
404.7656775130511
 21
195.2601565388647
 31
0.0
  0
LINE
  5
9E7
330
70
100
AcDbEntity
  8
CLOSED_SHELL_12
  6
Continuous
 62
     7
100
AcDbLine
 10
377.6906775130513
 20
195.5101565388645
 30
0.0
 11
377.2906775133512
 21
195.5101565386647
 31
0.0
  0
LINE
  5
9E8
330
70
100
AcDbEntity
  8
CLOSED_SHELL_12
  6
Continuous
 62
     7
100
AcDbLine
 10
376.0406775129514
 20
195.5101565386647
 30
0.0
 11
375.6406775130512
 21
195.5101565389646
 31
0.0
  0
LINE
  5
9E9
330
70
100
AcDbEntity
  8
CLOSED_SHELL_12
  6
Continuous
 62
     7
100
AcDbLine
 10
368.6906775130513
 20
195.5101565388645
 30
0.0
 11
368.2906775133512
 21
195.5101565386647
 31
0.0
  0
LINE
  5
9EA
330
70
100
AcDbEntity
  8
CLOSED_SHELL_12
  6
Continuous
 62
     7
100
AcDbLine
 10
367.0406775129514
 20
195.5101565386647
 30
0.0
 11
366.6406775130513
 21
195.5101565389646
 31
0.0
  0
LINE
  5
9EB
330
70
100
AcDbEntity
  8
CLOSED_SHELL_12
  6
Continuous
 62
     7
100
AcDbLine
 10
375.2656775133513
 20
195.6101565389646
 30
0.0
 11
373.6656775127514
 21
195.6101565387647
 31
0.0
  0
LINE
  5
9EC
330
70
100
AcDbEntity
  8
CLOSED_SHELL_12
  6
Continuous
 62
     7
100
AcDbLine
 10
370.6656775127513
 20
195.6101565389646
 30
0.0
 11
369.0656775129514
 21
195.6101565387647
 31
0.0
  0
LINE
  5
9ED
330
70
100
AcDbEntity
  8
CLOSED_SHELL_12
  6
Continuous
 62
     7
100
AcDbLine
 10
377.7406775130512
 20
195.6601565388645
 30
0.0
 11
377.2406775131514
 21
195.6601565388645
 31
0.0
  0
LINE
  5
9EE
330
70
100
AcDbEntity
  8
CLOSED_SHELL_12
  6
Continuous
 62
     7
100
AcDbLine
 10
376.0906775130513
 20
195.6601565388645
 30
0.0
 11
375.5906775130513
 21
195.6601565388645
 31
0.0
  0
LINE
  5
9EF
330
70
100
AcDbEntity
  8
CLOSED_SHELL_12
  6
Continuous
 62
     7
100
AcDbLine
 10
367.0906775130513
 20
195.6601565388645
 30
0.0
 11
366.5906775130513
 21
195.6601565388645
 31
0.0
  0
LINE
  5
9F0
330
70
100
AcDbEntity
  8
CLOSED_SHELL_12
  6
Continuous
 62
     7
100
AcDbLine
 10
368.2406775131513
 20
195.6601565388645
 30
0.0
 11
368.7406775130513
 21
195.6601565386646
 31
0.0
  0
LINE
  5
9F1
330
70
100
AcDbEntity
  8
0
  6
Continuous
 62
     7
100
AcDbLine
 10
404.7381641185514
 20
195.6601565388645
 30
0.0
 11
404.7656775130511
 21
195.6601565388645
 31
0.0
  0
LINE
  5
9F2
330
70
100
AcDbEntity
  8
CLOSED_SHELL_12
  6
Continuous
 62
     7
100
AcDbLine
 10
366.7656775129513
 20
195.8101565385646
 30
0.0
 11
368.4406775131512
 21
195.8101565386647
 31
0.0
  0
LINE
  5
9F3
330
70
100
AcDbEntity
  8
CLOSED_SHELL_12
  6
Continuous
 62
     7
100
AcDbLine
 10
375.8906775129513
 20
195.8101565386647
 30
0.0
 11
377.5656775130512
 21
195.8101565386647
 31
0.0
  0
LINE
  5
9F4
330
70
100
AcDbEntity
  8
0
  6
Continuous
 62
     7
100
AcDbLine
 10
404.7381641185514
 20
195.8601565388646
 30
0.0
 11
404.7656775130511
 21
195.8601565388646
 31
0.0
  0
LINE
  5
9F5
330
70
100
AcDbEntity
  8
USB20_MANIFOLD_SOLID_1
  6
Continuous
 62
     7
100
AcDbLine
 10
385.6656775130513
 20
196.0601565388646
 30
0.0
 11
385.6056775131514
 21
196.0601565388646
 31
0.0
  0
LINE
  5
9F6
330
70
100
AcDbEntity
  8
0
  6
Continuous
 62
     7
100
AcDbLine
 10
407.2156775130513
 20
196.2340675837646
 30
0.0
 11
404.7953073963511
 21
196.2340675837646
 31
0.0
  0
LINE
  5
9F7
330
70
100
AcDbEntity
  8
0
  6
Continuous
 62
     7
100
AcDbLine
 10
405.5556775130512
 20
196.5340675837646
 30
0.0
 11
406.0176670129512
 21
196.5340675837646
 31
0.0
  0
LINE
  5
9F8
330
70
100
AcDbEntity
  8
0
  6
Continuous
 62
     7
100
AcDbLine
 10
406.3643581430511
 20
196.5340675837646
 30
0.0
 11
406.9156775130513
 21
196.5340675837646
 31
0.0
  0
LINE
  5
9F9
330
70
100
AcDbEntity
  8
0
  6
Continuous
 62
     7
100
AcDbLine
 10
405.5556775130512
 20
196.5809687792647
 30
0.0
 11
406.1370636483513
 21
196.5809687792647
 31
0.0
  0
LINE
  5
9FA
330
70
100
AcDbEntity
  8
0
  6
Continuous
 62
     7
100
AcDbLine
 10
406.2449055639511
 20
196.5809687792647
 30
0.0
 11
406.9156775130513
 21
196.5809687792647
 31
0.0
  0
LINE
  5
9FB
330
70
100
AcDbEntity
  8
0
  6
Continuous
 62
     7
100
AcDbLine
 10
420.0856775130511
 20
197.2340675837646
 30
0.0
 11
419.6156775060513
 21
197.2340675837646
 31
0.0
  0
LINE
  5
9FC
330
70
100
AcDbEntity
  8
0
  6
Continuous
 62
     7
100
AcDbLine
 10
404.1956775130512
 20
197.2340675837646
 30
0.0
 11
404.6656775189513
 21
197.2340675837646
 31
0.0
  0
LINE
  5
9FD
330
70
100
AcDbEntity
  8
0
  6
Continuous
 62
     7
100
AcDbLine
 10
420.0856775130511
 20
197.7840675837646
 30
0.0
 11
420.0456775130512
 21
197.7840675837646
 31
0.0
  0
LINE
  5
9FE
330
70
100
AcDbEntity
  8
0
  6
Continuous
 62
     7
100
AcDbLine
 10
404.2356775130512
 20
197.7840675837646
 30
0.0
 11
404.1956775130512
 21
197.7840675837646
 31
0.0
  0
LINE
  5
9FF
330
70
100
AcDbEntity
  8
0
  6
Continuous
 62
     7
100
AcDbLine
 10
404.1956775130512
 20
198.2840675837647
 30
0.0
 11
404.2356775130512
 21
198.2840675837647
 31
0.0
  0
LINE
  5
A00
330
70
100
AcDbEntity
  8
0
  6
Continuous
 62
     7
100
AcDbLine
 10
420.0456775130512
 20
198.2840675837647
 30
0.0
 11
420.0856775130511
 21
198.2840675837647
 31
0.0
  0
LINE
  5
A01
330
70
100
AcDbEntity
  8
0
  6
Continuous
 62
     7
100
AcDbLine
 10
420.0856775130511
 20
198.8340675837645
 30
0.0
 11
419.6156775070512
 21
198.8340675837645
 31
0.0
  0
LINE
  5
A02
330
70
100
AcDbEntity
  8
0
  6
Continuous
 62
     7
100
AcDbLine
 10
404.1956775130512
 20
198.8340675837645
 30
0.0
 11
404.6656775167513
 21
198.8340675837645
 31
0.0
  0
LINE
  5
A03
330
70
100
AcDbEntity
  8
USB20_MANIFOLD_SOLID_1
  6
Continuous
 62
     7
100
AcDbLine
 10
390.0485997149514
 20
199.1702586147644
 30
0.0
 11
388.3794168139514
 21
199.1702606221645
 31
0.0
  0
LINE
  5
A04
330
70
100
AcDbEntity
  8
USB20_MANIFOLD_SOLID_1
  6
Continuous
 62
     7
100
AcDbLine
 10
396.0518755286514
 20
199.1702586153646
 30
0.0
 11
394.3827462845512
 21
199.1702606223646
 31
0.0
  0
LINE
  5
A05
330
70
100
AcDbEntity
  8
CLOSED_SHELL_12
  6
Continuous
 62
     7
100
AcDbLine
 10
367.9770757933512
 20
199.3188702724646
 30
0.0
 11
367.3542792327512
 21
199.3188702724646
 31
0.0
  0
LINE
  5
A06
330
70
100
AcDbEntity
  8
CLOSED_SHELL_12
  6
Continuous
 62
     7
100
AcDbLine
 10
376.3542792327513
 20
199.3188702724646
 30
0.0
 11
376.9770757933512
 21
199.3188702725646
 31
0.0
  0
LINE
  5
A07
330
70
100
AcDbEntity
  8
CLOSED_SHELL_12
  6
Continuous
 62
     7
100
AcDbLine
 10
375.8906775130512
 20
199.4101565390646
 30
0.0
 11
375.5906775130513
 21
199.4101565395645
 31
0.0
  0
LINE
  5
A08
330
70
100
AcDbEntity
  8
CLOSED_SHELL_12
  6
Continuous
 62
     7
100
AcDbLine
 10
368.7406775131514
 20
199.4101565393646
 30
0.0
 11
368.4406775132514
 21
199.4101565397647
 31
0.0
  0
LINE
  5
A09
330
70
100
AcDbEntity
  8
CLOSED_SHELL_12
  6
Continuous
 62
     7
100
AcDbLine
 10
367.9656775130514
 20
199.4701565387647
 30
0.0
 11
367.3656775130513
 21
199.4701565386646
 31
0.0
  0
LINE
  5
A0A
330
70
100
AcDbEntity
  8
CLOSED_SHELL_12
  6
Continuous
 62
     7
100
AcDbLine
 10
376.3656775130513
 20
199.4701565388646
 30
0.0
 11
376.9656775130513
 21
199.4701565389646
 31
0.0
  0
LINE
  5
A0B
330
70
100
AcDbEntity
  8
0
  6
Continuous
 62
     7
100
AcDbLine
 10
419.5156775130511
 20
199.7101565388646
 30
0.0
 11
419.5981641185513
 21
199.7101565388646
 31
0.0
  0
LINE
  5
A0C
330
70
100
AcDbEntity
  8
CLOSED_SHELL_12
  6
Continuous
 62
     7
100
AcDbLine
 10
367.4406775130513
 20
199.9101565388647
 30
0.0
 11
367.8906775130512
 21
199.9101565388647
 31
0.0
  0
LINE
  5
A0D
330
70
100
AcDbEntity
  8
CLOSED_SHELL_12
  6
Continuous
 62
     7
100
AcDbLine
 10
368.4406775130512
 20
199.9101565388647
 30
0.0
 11
368.6736736697514
 21
199.9101565388647
 31
0.0
  0
LINE
  5
A0E
330
70
100
AcDbEntity
  8
CLOSED_SHELL_12
  6
Continuous
 62
     7
100
AcDbLine
 10
375.6576821374513
 20
199.9101565388647
 30
0.0
 11
375.8906775130512
 21
199.9101565388647
 31
0.0
  0
LINE
  5
A0F
330
70
100
AcDbEntity
  8
CLOSED_SHELL_12
  6
Continuous
 62
     7
100
AcDbLine
 10
376.4406775130512
 20
199.9101565388647
 30
0.0
 11
376.8906775130512
 21
199.9101565388647
 31
0.0
  0
LINE
  5
A10
330
70
100
AcDbEntity
  8
CLOSED_SHELL_4_2
  6
Continuous
 62
     7
100
AcDbLine
 10
352.6656775130513
 20
199.9601565388646
 30
0.0
 11
358.6656775130513
 21
199.9601565388646
 31
0.0
  0
LINE
  5
A11
330
70
100
AcDbEntity
  8
USB20_MANIFOLD_SOLID_1
  6
Continuous
 62
     7
100
AcDbLine
 10
388.9255189856513
 20
200.0025264318647
 30
0.0
 11
389.5025860524512
 21
200.0025264324646
 31
0.0
  0
LINE
  5
A12
330
70
100
AcDbEntity
  8
USB20_MANIFOLD_SOLID_1
  6
Continuous
 62
     7
100
AcDbLine
 10
394.9288565355512
 20
200.0025264318647
 30
0.0
 11
395.5058537357512
 21
200.0025264324646
 31
0.0
  0
LINE
  5
A13
330
70
100
AcDbEntity
  8
CLOSED_SHELL_12
  6
Continuous
 62
     7
100
AcDbLine
 10
377.2406775165513
 20
200.1601565387647
 30
0.0
 11
376.0906775113513
 21
200.1601565387647
 31
0.0
  0
LINE
  5
A14
330
70
100
AcDbEntity
  8
CLOSED_SHELL_12
  6
Continuous
 62
     7
100
AcDbLine
 10
368.2406775165512
 20
200.1601565387647
 30
0.0
 11
367.0906775113512
 21
200.1601565387647
 31
0.0
  0
LINE
  5
A15
330
70
100
AcDbEntity
  8
0
  6
Continuous
 62
     7
100
AcDbLine
 10
404.7381641185514
 20
200.4101565388647
 30
0.0
 11
404.7656775090511
 21
200.4101565388647
 31
0.0
  0
LINE
  5
A16
330
70
100
AcDbEntity
  8
0
  6
Continuous
 62
     7
100
AcDbLine
 10
404.9156775130512
 20
200.4101565388647
 30
0.0
 11
404.9881641185513
 21
200.4101565388647
 31
0.0
  0
LINE
  5
A17
330
70
100
AcDbEntity
  8
0
  6
Continuous
 62
     7
100
AcDbLine
 10
419.5981641185513
 20
200.6101565388645
 30
0.0
 11
419.5156775130511
 21
200.6101565388645
 31
0.0
  0
LINE
  5
A18
330
70
100
AcDbEntity
  8
0
  6
Continuous
 62
     7
100
AcDbLine
 10
404.7953073963511
 20
200.6340675837646
 30
0.0
 11
405.2556775130511
 21
200.6340675837646
 31
0.0
  0
LINE
  5
A19
330
70
100
AcDbEntity
  8
USB20_MANIFOLD_SOLID_1
  6
Continuous
 62
     7
100
AcDbLine
 10
396.5277511719513
 20
201.2687233923647
 30
0.0
 11
393.9068704676512
 21
201.2687233923647
 31
0.0
  0
LINE
  5
A1A
330
70
100
AcDbEntity
  8
USB20_MANIFOLD_SOLID_1
  6
Continuous
 62
     7
100
AcDbLine
 10
390.5244845588512
 20
201.2687233922645
 30
0.0
 11
387.9035317959513
 21
201.2687233922645
 31
0.0
  0
LINE
  5
A1B
330
70
100
AcDbEntity
  8
0
  6
Continuous
 62
     7
100
AcDbLine
 10
404.7656775130511
 20
201.3101565388645
 30
0.0
 11
404.7381641185514
 21
201.3101565388645
 31
0.0
  0
LINE
  5
A1C
330
70
100
AcDbEntity
  8
USB20_MANIFOLD_SOLID_1
  6
Continuous
 62
     7
100
AcDbLine
 10
390.6572868006512
 20
194.9731909663646
 30
0.0
 11
390.7458456472514
 21
194.9643999334647
 31
0.0
  0
LINE
  5
A1D
330
70
100
AcDbEntity
  8
USB20_MANIFOLD_SOLID_1
  6
Continuous
 62
     7
100
AcDbLine
 10
396.6605534141513
 20
194.9731909663646
 30
0.0
 11
396.7491122607512
 21
194.9643999335645
 31
0.0
  0
LINE
  5
A1E
330
70
100
AcDbEntity
  8
CLOSED_SHELL_12
  6
Continuous
 62
     7
100
AcDbLine
 10
367.9856775129514
 20
191.6601565387647
 30
0.0
 11
367.6856775132512
 21
191.9601565388646
 31
0.0
  0
LINE
  5
A1F
330
70
100
AcDbEntity
  8
CLOSED_SHELL_12
  6
Continuous
 62
     7
100
AcDbLine
 10
368.2406775130513
 20
195.8201565386648
 30
0.0
 11
367.9656775130514
 21
199.4701565388646
 31
0.0
  0
LINE
  5
A20
330
70
100
AcDbEntity
  8
CLOSED_SHELL_12
  6
Continuous
 62
     7
100
AcDbLine
 10
365.2156775130513
 20
190.3101565388645
 30
0.0
 11
365.2156775130513
 21
190.9101565387647
 31
0.0
  0
LINE
  5
A21
330
70
100
AcDbEntity
  8
CLOSED_SHELL_12
  6
Continuous
 62
     7
100
AcDbLine
 10
365.5156775133513
 20
190.8601565388646
 30
0.0
 11
365.5156775133513
 21
190.6101565390647
 31
0.0
  0
LINE
  5
A22
330
70
100
AcDbEntity
  8
CLOSED_SHELL_12
  6
Continuous
 62
     7
100
AcDbLine
 10
366.2556775130513
 20
190.3101565387646
 30
0.0
 11
366.2556775130513
 21
190.8601565391647
 31
0.0
  0
LINE
  5
A23
330
70
100
AcDbEntity
  8
CLOSED_SHELL_12
  6
Continuous
 62
     7
100
AcDbLine
 10
366.5156775129513
 20
190.3101565388645
 30
0.0
 11
366.5156775130512
 21
190.9101565387647
 31
0.0
  0
LINE
  5
A24
330
70
100
AcDbEntity
  8
CLOSED_SHELL_12
  6
Continuous
 62
     7
100
AcDbLine
 10
366.5906775130513
 20
199.6601565378646
 30
0.0
 11
366.5906775130513
 21
195.6601565395645
 31
0.0
  0
LINE
  5
A25
330
70
100
AcDbEntity
  8
CLOSED_SHELL_12
  6
Continuous
 62
     7
100
AcDbLine
 10
366.6656775130513
 20
190.9101565388646
 30
0.0
 11
366.6656775130513
 21
191.8601565382647
 31
0.0
  0
LINE
  5
A26
330
70
100
AcDbEntity
  8
CLOSED_SHELL_12
  6
Continuous
 62
     7
100
AcDbLine
 10
366.7656775130512
 20
195.6601565387647
 30
0.0
 11
366.7656775131512
 21
199.4601565395645
 31
0.0
  0
LINE
  5
A27
330
70
100
AcDbEntity
  8
CLOSED_SHELL_12
  6
Continuous
 62
     7
100
AcDbLine
 10
367.0906775130513
 20
195.6601565380646
 30
0.0
 11
367.0906775130513
 21
195.8201565391646
 31
0.0
  0
LINE
  5
A28
330
70
100
AcDbEntity
  8
CLOSED_SHELL_12
  6
Continuous
 62
     7
100
AcDbLine
 10
367.4406775130513
 20
199.4701565386646
 30
0.0
 11
367.4406775130513
 21
200.1601565387647
 31
0.0
  0
LINE
  5
A29
330
70
100
AcDbEntity
  8
CLOSED_SHELL_12
  6
Continuous
 62
     7
100
AcDbLine
 10
367.5656775130513
 20
191.3601565388646
 30
0.0
 11
367.5656775130513
 21
190.5087294586647
 31
0.0
  0
LINE
  5
A2A
330
70
100
AcDbEntity
  8
CLOSED_SHELL_12
  6
Continuous
 62
     7
100
AcDbLine
 10
367.7656775130512
 20
190.5087294586647
 30
0.0
 11
367.7656775130512
 21
191.3601565388646
 31
0.0
  0
LINE
  5
A2B
330
70
100
AcDbEntity
  8
CLOSED_SHELL_12
  6
Continuous
 62
     7
100
AcDbLine
 10
367.8906775130512
 20
199.4701565387647
 30
0.0
 11
367.8906775130512
 21
200.1601565387647
 31
0.0
  0
LINE
  5
A2C
330
70
100
AcDbEntity
  8
CLOSED_SHELL_12
  6
Continuous
 62
     7
100
AcDbLine
 10
368.0656775130513
 20
191.3601565388646
 30
0.0
 11
368.0656775130513
 21
190.5101565390647
 31
0.0
  0
LINE
  5
A2D
330
70
100
AcDbEntity
  8
CLOSED_SHELL_12
  6
Continuous
 62
     7
100
AcDbLine
 10
368.2406775131513
 20
195.6601565385645
 30
0.0
 11
368.2406775130513
 21
195.8201565386648
 31
0.0
  0
LINE
  5
A2E
330
70
100
AcDbEntity
  8
CLOSED_SHELL_12
  6
Continuous
 62
     7
100
AcDbLine
 10
368.2656775130512
 20
190.5101565390647
 30
0.0
 11
368.2656775130512
 21
191.3601565388646
 31
0.0
  0
LINE
  5
A2F
330
70
100
AcDbEntity
  8
CLOSED_SHELL_12
  6
Continuous
 62
     7
100
AcDbLine
 10
368.4406775130512
 20
195.6601565388645
 30
0.0
 11
368.4406775130512
 21
200.1179373515646
 31
0.0
  0
LINE
  5
A30
330
70
100
AcDbEntity
  8
CLOSED_SHELL_12
  6
Continuous
 62
     7
100
AcDbLine
 10
368.5656775130512
 20
191.3601565388646
 30
0.0
 11
368.5656775130512
 21
190.5087294586647
 31
0.0
  0
LINE
  5
A31
330
70
100
AcDbEntity
  8
CLOSED_SHELL_12
  6
Continuous
 62
     7
100
AcDbLine
 10
368.7406775131514
 20
195.6601565391647
 30
0.0
 11
368.7406775131514
 21
199.6601565356646
 31
0.0
  0
LINE
  5
A32
330
70
100
AcDbEntity
  8
CLOSED_SHELL_12
  6
Continuous
 62
     7
100
AcDbLine
 10
368.7656775130512
 20
190.5087294586647
 30
0.0
 11
368.7656775130512
 21
191.3601565388646
 31
0.0
  0
LINE
  5
A33
330
70
100
AcDbEntity
  8
CLOSED_SHELL_12
  6
Continuous
 62
     7
100
AcDbLine
 10
369.0656775130512
 20
191.3601565388646
 30
0.0
 11
369.0656775130512
 21
190.5101565390647
 31
0.0
  0
LINE
  5
A34
330
70
100
AcDbEntity
  8
CLOSED_SHELL_12
  6
Continuous
 62
     7
100
AcDbLine
 10
369.0656775129514
 20
194.4101565386647
 30
0.0
 11
369.0656775129514
 21
195.6101565387647
 31
0.0
  0
LINE
  5
A35
330
70
100
AcDbEntity
  8
CLOSED_SHELL_12
  6
Continuous
 62
     7
100
AcDbLine
 10
369.2656775130512
 20
190.5101565390647
 30
0.0
 11
369.2656775130512
 21
191.3601565388646
 31
0.0
  0
LINE
  5
A36
330
70
100
AcDbEntity
  8
CLOSED_SHELL_12
  6
Continuous
 62
     7
100
AcDbLine
 10
369.3656775127512
 20
194.4101565388646
 30
0.0
 11
369.3656775127512
 21
195.6101565386647
 31
0.0
  0
LINE
  5
A37
330
70
100
AcDbEntity
  8
CLOSED_SHELL_12
  6
Continuous
 62
     7
100
AcDbLine
 10
369.5656775130512
 20
191.3601565388646
 30
0.0
 11
369.5656775130512
 21
190.5087294586647
 31
0.0
  0
LINE
  5
A38
330
70
100
AcDbEntity
  8
CLOSED_SHELL_12
  6
Continuous
 62
     7
100
AcDbLine
 10
369.7656775130513
 20
190.5087294586647
 30
0.0
 11
369.7656775130513
 21
191.3601565388646
 31
0.0
  0
LINE
  5
A39
330
70
100
AcDbEntity
  8
CLOSED_SHELL_12
  6
Continuous
 62
     7
100
AcDbLine
 10
370.0656775130513
 20
191.3601565388646
 30
0.0
 11
370.0656775130513
 21
190.5101565390647
 31
0.0
  0
LINE
  5
A3A
330
70
100
AcDbEntity
  8
CLOSED_SHELL_12
  6
Continuous
 62
     7
100
AcDbLine
 10
370.2656775130512
 20
190.5101565390647
 30
0.0
 11
370.2656775130512
 21
191.3601565388646
 31
0.0
  0
LINE
  5
A3B
330
70
100
AcDbEntity
  8
CLOSED_SHELL_12
  6
Continuous
 62
     7
100
AcDbLine
 10
370.3656775131514
 20
194.4101565388646
 30
0.0
 11
370.3656775130513
 21
195.6101565388646
 31
0.0
  0
LINE
  5
A3C
330
70
100
AcDbEntity
  8
CLOSED_SHELL_12
  6
Continuous
 62
     7
100
AcDbLine
 10
370.5656775130513
 20
191.3601565388646
 30
0.0
 11
370.5656775130513
 21
190.5087294586647
 31
0.0
  0
LINE
  5
A3D
330
70
100
AcDbEntity
  8
CLOSED_SHELL_12
  6
Continuous
 62
     7
100
AcDbLine
 10
370.6656775127513
 20
194.4101565386647
 30
0.0
 11
370.6656775127513
 21
195.6101565389646
 31
0.0
  0
LINE
  5
A3E
330
70
100
AcDbEntity
  8
CLOSED_SHELL_12
  6
Continuous
 62
     7
100
AcDbLine
 10
370.7656775130512
 20
190.5087294586647
 30
0.0
 11
370.7656775130512
 21
191.3601565388646
 31
0.0
  0
LINE
  5
A3F
330
70
100
AcDbEntity
  8
CLOSED_SHELL_12
  6
Continuous
 62
     7
100
AcDbLine
 10
371.0656775130513
 20
191.3601565388646
 30
0.0
 11
371.0656775130513
 21
190.5101565390647
 31
0.0
  0
LINE
  5
A40
330
70
100
AcDbEntity
  8
CLOSED_SHELL_12
  6
Continuous
 62
     7
100
AcDbLine
 10
371.2656775130512
 20
190.5101565390647
 30
0.0
 11
371.2656775130512
 21
191.3601565388646
 31
0.0
  0
LINE
  5
A41
330
70
100
AcDbEntity
  8
CLOSED_SHELL_12
  6
Continuous
 62
     7
100
AcDbLine
 10
371.5656775130512
 20
191.3601565388646
 30
0.0
 11
371.5656775130512
 21
190.5087294586647
 31
0.0
  0
LINE
  5
A42
330
70
100
AcDbEntity
  8
CLOSED_SHELL_12
  6
Continuous
 62
     7
100
AcDbLine
 10
371.7656775130512
 20
190.5087294586647
 30
0.0
 11
371.7656775130512
 21
191.3601565388646
 31
0.0
  0
LINE
  5
A43
330
70
100
AcDbEntity
  8
CLOSED_SHELL_12
  6
Continuous
 62
     7
100
AcDbLine
 10
367.0906775130513
 20
195.8201565391646
 30
0.0
 11
367.3656775130513
 21
199.4701565388646
 31
0.0
  0
LINE
  5
A44
330
70
100
AcDbEntity
  8
CLOSED_SHELL_12
  6
Continuous
 62
     7
100
AcDbLine
 10
375.6239447843514
 20
195.6601565389645
 30
0.0
 11
375.5946354075512
 21
195.6183115418646
 31
0.0
  0
LINE
  5
A45
330
70
100
AcDbEntity
  8
CLOSED_SHELL_12
  6
Continuous
 62
     7
100
AcDbLine
 10
365.2156775131512
 20
190.3101565389647
 30
0.0
 11
365.5156775134514
 21
190.6101565390647
 31
0.0
  0
LINE
  5
A46
330
70
100
AcDbEntity
  8
CLOSED_SHELL_12
  6
Continuous
 62
     7
100
AcDbLine
 10
370.0456775130513
 20
191.9601565388646
 30
0.0
 11
369.7456775128513
 21
191.6601565386647
 31
0.0
  0
LINE
  5
A47
330
70
100
AcDbEntity
  8
USB20_MANIFOLD_SOLID_1
  6
Continuous
 62
     7
100
AcDbLine
 10
385.6656775130513
 20
195.9415864329647
 30
0.0
 11
385.4774229046514
 21
195.8231829569647
 31
0.0
  0
LINE
  5
A48
330
70
100
AcDbEntity
  8
USB20_MANIFOLD_SOLID_1
  6
Continuous
 62
     7
100
AcDbLine
 10
385.6368144088514
 20
195.5665136158647
 30
0.0
 11
385.6656775130513
 21
195.5846671787643
 31
0.0
  0
LINE
  5
A49
330
70
100
AcDbEntity
  8
0
  6
Continuous
 62
     7
100
AcDbLine
 10
410.8677532151513
 20
201.6340675837646
 30
0.0
 11
419.5156775130511
 21
201.6340675837646
 31
0.0
  0
LINE
  5
A4A
330
70
100
AcDbEntity
  8
0
  6
Continuous
 62
     7
100
AcDbLine
 10
418.5956775130512
 20
201.7601564569647
 30
0.0
 11
419.3481641185512
 21
201.7601565388645
 31
0.0
  0
LINE
  5
A4B
330
70
100
AcDbEntity
  8
0
  6
Continuous
 62
     7
100
AcDbLine
 10
407.7496396620512
 20
202.3340675837646
 30
0.0
 11
404.7656775130511
 21
202.3340675837646
 31
0.0
  0
LINE
  5
A4C
330
70
100
AcDbEntity
  8
0
  6
Continuous
 62
     7
100
AcDbLine
 10
407.6381636367513
 20
202.4601565388647
 30
0.0
 11
404.9881641185513
 21
202.4601565388647
 31
0.0
  0
LINE
  5
A4D
330
70
100
AcDbEntity
  8
USB20_MANIFOLD_SOLID_1
  6
Continuous
 62
     7
100
AcDbLine
 10
398.7656775130512
 20
202.4601565388647
 30
0.0
 11
385.6656775129512
 21
202.4601565388647
 31
0.0
  0
LINE
  5
A4E
330
70
100
AcDbEntity
  8
CLOSED_SHELL_4_2
  6
Continuous
 62
     0
100
AcDbLine
 10
353.1656775130513
 20
202.4601565388647
 30
0.0
 11
358.1656775130513
 21
202.4601565388647
 31
0.0
  0
LINE
  5
A4F
330
70
100
AcDbEntity
  8
CLOSED_SHELL_12
  6
Continuous
 62
     7
100
AcDbLine
 10
364.6656775130513
 20
202.4601565388647
 30
0.0
 11
379.6656775130513
 21
202.4601565388647
 31
0.0
  0
LINE
  5
A50
330
70
100
AcDbEntity
  8
USB20_MANIFOLD_SOLID_1
  6
Continuous
 62
     7
100
AcDbLine
 10
396.6251731098514
 20
201.2509972112646
 30
0.0
 11
396.5277511719513
 21
201.2687233923647
 31
0.0
  0
LINE
  5
A51
330
70
100
AcDbEntity
  8
USB20_MANIFOLD_SOLID_1
  6
Continuous
 62
     7
100
AcDbLine
 10
390.6218344382511
 20
201.2509972114647
 30
0.0
 11
390.5244845588512
 21
201.2687233922645
 31
0.0
  0
LINE
  5
A52
330
70
100
AcDbEntity
  8
USB20_MANIFOLD_SOLID_1
  6
Continuous
 62
     7
100
AcDbLine
 10
390.5687279531513
 20
195.0086433284647
 30
0.0
 11
390.6572868006512
 21
194.9731909663646
 31
0.0
  0
LINE
  5
A53
330
70
100
AcDbEntity
  8
CLOSED_SHELL_12
  6
Continuous
 62
     7
100
AcDbLine
 10
374.5856775128514
 20
191.6601565387647
 30
0.0
 11
374.2856775131512
 21
191.9601565388646
 31
0.0
  0
LINE
  5
A54
330
70
100
AcDbEntity
  8
CLOSED_SHELL_12
  6
Continuous
 62
     7
100
AcDbLine
 10
379.1156775132512
 20
190.3101565386646
 30
0.0
 11
378.8156775127514
 21
190.6101565391647
 31
0.0
  0
LINE
  5
A55
330
70
100
AcDbEntity
  8
CLOSED_SHELL_12
  6
Continuous
 62
     7
100
AcDbLine
 10
368.7367378837513
 20
195.6182854650645
 30
0.0
 11
368.7074102421513
 21
195.6601565387647
 31
0.0
  0
LINE
  5
A56
330
70
100
AcDbEntity
  8
CLOSED_SHELL_12
  6
Continuous
 62
     7
100
AcDbLine
 10
377.2406775129514
 20
195.8201565403646
 30
0.0
 11
376.9656775130513
 21
199.4701565388646
 31
0.0
  0
LINE
  5
A57
330
70
100
AcDbEntity
  8
CLOSED_SHELL_12
  6
Continuous
 62
     7
100
AcDbLine
 10
372.0656775130513
 20
191.3601565388646
 30
0.0
 11
372.0656775130513
 21
190.5101565390647
 31
0.0
  0
LINE
  5
A58
330
70
100
AcDbEntity
  8
CLOSED_SHELL_12
  6
Continuous
 62
     7
100
AcDbLine
 10
372.2656775130512
 20
190.5101565390647
 30
0.0
 11
372.2656775130512
 21
191.3601565388646
 31
0.0
  0
LINE
  5
A59
330
70
100
AcDbEntity
  8
CLOSED_SHELL_12
  6
Continuous
 62
     7
100
AcDbLine
 10
372.5656775130512
 20
191.3601565388646
 30
0.0
 11
372.5656775130512
 21
190.5087294586647
 31
0.0
  0
LINE
  5
A5A
330
70
100
AcDbEntity
  8
CLOSED_SHELL_12
  6
Continuous
 62
     7
100
AcDbLine
 10
372.7656775130512
 20
190.5087294586647
 30
0.0
 11
372.7656775130512
 21
191.3601565388646
 31
0.0
  0
LINE
  5
A5B
330
70
100
AcDbEntity
  8
CLOSED_SHELL_12
  6
Continuous
 62
     7
100
AcDbLine
 10
373.0656775130512
 20
191.3601565388646
 30
0.0
 11
373.0656775130512
 21
190.5101565390647
 31
0.0
  0
LINE
  5
A5C
330
70
100
AcDbEntity
  8
CLOSED_SHELL_12
  6
Continuous
 62
     7
100
AcDbLine
 10
373.2656775130512
 20
190.5101565390647
 30
0.0
 11
373.2656775130512
 21
191.3601565388646
 31
0.0
  0
LINE
  5
A5D
330
70
100
AcDbEntity
  8
CLOSED_SHELL_12
  6
Continuous
 62
     7
100
AcDbLine
 10
373.5656775130512
 20
191.3601565388646
 30
0.0
 11
373.5656775130512
 21
190.5087294586647
 31
0.0
  0
LINE
  5
A5E
330
70
100
AcDbEntity
  8
CLOSED_SHELL_12
  6
Continuous
 62
     7
100
AcDbLine
 10
373.6656775129512
 20
194.4101565386647
 30
0.0
 11
373.6656775129512
 21
195.6101565387647
 31
0.0
  0
LINE
  5
A5F
330
70
100
AcDbEntity
  8
CLOSED_SHELL_12
  6
Continuous
 62
     7
100
AcDbLine
 10
373.7656775130512
 20
190.5087294586647
 30
0.0
 11
373.7656775130512
 21
191.3601565388646
 31
0.0
  0
LINE
  5
A60
330
70
100
AcDbEntity
  8
CLOSED_SHELL_12
  6
Continuous
 62
     7
100
AcDbLine
 10
373.9656775127512
 20
194.4101565388646
 30
0.0
 11
373.9656775127512
 21
195.6101565386647
 31
0.0
  0
LINE
  5
A61
330
70
100
AcDbEntity
  8
CLOSED_SHELL_12
  6
Continuous
 62
     7
100
AcDbLine
 10
374.0656775130513
 20
191.3601565388646
 30
0.0
 11
374.0656775130513
 21
190.5101565390647
 31
0.0
  0
LINE
  5
A62
330
70
100
AcDbEntity
  8
CLOSED_SHELL_12
  6
Continuous
 62
     7
100
AcDbLine
 10
374.2656775130513
 20
190.5101565390647
 30
0.0
 11
374.2656775130513
 21
191.3601565388646
 31
0.0
  0
LINE
  5
A63
330
70
100
AcDbEntity
  8
CLOSED_SHELL_12
  6
Continuous
 62
     7
100
AcDbLine
 10
374.5656775130513
 20
191.3601565388646
 30
0.0
 11
374.5656775130513
 21
190.5087294586647
 31
0.0
  0
LINE
  5
A64
330
70
100
AcDbEntity
  8
CLOSED_SHELL_12
  6
Continuous
 62
     7
100
AcDbLine
 10
374.7656775130512
 20
190.5087294586647
 30
0.0
 11
374.7656775130512
 21
191.3601565388646
 31
0.0
  0
LINE
  5
A65
330
70
100
AcDbEntity
  8
CLOSED_SHELL_12
  6
Continuous
 62
     7
100
AcDbLine
 10
374.9656775131512
 20
194.4101565388646
 30
0.0
 11
374.9656775130512
 21
195.6101565388646
 31
0.0
  0
LINE
  5
A66
330
70
100
AcDbEntity
  8
CLOSED_SHELL_12
  6
Continuous
 62
     7
100
AcDbLine
 10
375.0656775130513
 20
191.3601565388646
 30
0.0
 11
375.0656775130513
 21
190.5101565390647
 31
0.0
  0
LINE
  5
A67
330
70
100
AcDbEntity
  8
CLOSED_SHELL_12
  6
Continuous
 62
     7
100
AcDbLine
 10
375.2656775130512
 20
190.5101565390647
 30
0.0
 11
375.2656775130512
 21
191.3601565388646
 31
0.0
  0
LINE
  5
A68
330
70
100
AcDbEntity
  8
CLOSED_SHELL_12
  6
Continuous
 62
     7
100
AcDbLine
 10
375.2656775133513
 20
194.4101565386647
 30
0.0
 11
375.2656775133513
 21
195.6101565389646
 31
0.0
  0
LINE
  5
A69
330
70
100
AcDbEntity
  8
CLOSED_SHELL_12
  6
Continuous
 62
     7
100
AcDbLine
 10
375.5656775130512
 20
191.3601565388646
 30
0.0
 11
375.5656775130512
 21
190.5087294586647
 31
0.0
  0
LINE
  5
A6A
330
70
100
AcDbEntity
  8
CLOSED_SHELL_12
  6
Continuous
 62
     7
100
AcDbLine
 10
375.5906775130513
 20
199.6601565378646
 30
0.0
 11
375.5906775130513
 21
195.6601565395645
 31
0.0
  0
LINE
  5
A6B
330
70
100
AcDbEntity
  8
CLOSED_SHELL_12
  6
Continuous
 62
     7
100
AcDbLine
 10
375.7656775130512
 20
190.5087294586647
 30
0.0
 11
375.7656775130512
 21
191.3601565388646
 31
0.0
  0
LINE
  5
A6C
330
70
100
AcDbEntity
  8
CLOSED_SHELL_12
  6
Continuous
 62
     7
100
AcDbLine
 10
375.8906775130512
 20
195.6601565387647
 30
0.0
 11
375.8906775130512
 21
200.1179376881646
 31
0.0
  0
LINE
  5
A6D
330
70
100
AcDbEntity
  8
CLOSED_SHELL_12
  6
Continuous
 62
     7
100
AcDbLine
 10
376.0656775130513
 20
191.3601565388646
 30
0.0
 11
376.0656775130513
 21
190.5101565390647
 31
0.0
  0
LINE
  5
A6E
330
70
100
AcDbEntity
  8
CLOSED_SHELL_12
  6
Continuous
 62
     7
100
AcDbLine
 10
376.0906775130513
 20
195.6601565380646
 30
0.0
 11
376.0906775130513
 21
195.8201565391646
 31
0.0
  0
LINE
  5
A6F
330
70
100
AcDbEntity
  8
CLOSED_SHELL_12
  6
Continuous
 62
     7
100
AcDbLine
 10
376.2656775130512
 20
190.5101565390647
 30
0.0
 11
376.2656775130512
 21
191.3601565388646
 31
0.0
  0
LINE
  5
A70
330
70
100
AcDbEntity
  8
CLOSED_SHELL_12
  6
Continuous
 62
     7
100
AcDbLine
 10
376.4406775130512
 20
199.4701565388646
 30
0.0
 11
376.4406775130512
 21
200.1601565387647
 31
0.0
  0
LINE
  5
A71
330
70
100
AcDbEntity
  8
CLOSED_SHELL_12
  6
Continuous
 62
     7
100
AcDbLine
 10
376.5656775130513
 20
191.3601565388646
 30
0.0
 11
376.5656775130513
 21
190.5087294586647
 31
0.0
  0
LINE
  5
A72
330
70
100
AcDbEntity
  8
CLOSED_SHELL_12
  6
Continuous
 62
     7
100
AcDbLine
 10
376.7656775130512
 20
190.5087294586647
 30
0.0
 11
376.7656775130512
 21
191.3601565388646
 31
0.0
  0
LINE
  5
A73
330
70
100
AcDbEntity
  8
CLOSED_SHELL_12
  6
Continuous
 62
     7
100
AcDbLine
 10
376.8906775130512
 20
199.4701565389646
 30
0.0
 11
376.8906775130512
 21
200.1601565387647
 31
0.0
  0
LINE
  5
A74
330
70
100
AcDbEntity
  8
CLOSED_SHELL_12
  6
Continuous
 62
     7
100
AcDbLine
 10
377.2406775131514
 20
195.6601565385645
 30
0.0
 11
377.2406775130513
 21
195.8201565403646
 31
0.0
  0
LINE
  5
A75
330
70
100
AcDbEntity
  8
CLOSED_SHELL_12
  6
Continuous
 62
     7
100
AcDbLine
 10
377.5656775130512
 20
195.6601565387647
 30
0.0
 11
377.5656775130512
 21
199.4601565392647
 31
0.0
  0
LINE
  5
A76
330
70
100
AcDbEntity
  8
CLOSED_SHELL_12
  6
Continuous
 62
     7
100
AcDbLine
 10
377.6656775130513
 20
190.9101565388646
 30
0.0
 11
377.6656775129512
 21
191.8601565415647
 31
0.0
  0
LINE
  5
A77
330
70
100
AcDbEntity
  8
CLOSED_SHELL_12
  6
Continuous
 62
     7
100
AcDbLine
 10
377.7406775131512
 20
195.6601565391647
 30
0.0
 11
377.7406775131512
 21
199.6601565356646
 31
0.0
  0
LINE
  5
A78
330
70
100
AcDbEntity
  8
CLOSED_SHELL_12
  6
Continuous
 62
     7
100
AcDbLine
 10
377.8156775130512
 20
190.3101565388645
 30
0.0
 11
377.8156775130512
 21
190.9101565388646
 31
0.0
  0
LINE
  5
A79
330
70
100
AcDbEntity
  8
CLOSED_SHELL_12
  6
Continuous
 62
     7
100
AcDbLine
 10
378.0756775130513
 20
190.3101565387646
 30
0.0
 11
378.0756775129512
 21
190.8601565391647
 31
0.0
  0
LINE
  5
A7A
330
70
100
AcDbEntity
  8
CLOSED_SHELL_12
  6
Continuous
 62
     7
100
AcDbLine
 10
378.8156775127514
 20
190.6101565391647
 30
0.0
 11
378.8156775127514
 21
190.8601565388646
 31
0.0
  0
LINE
  5
A7B
330
70
100
AcDbEntity
  8
CLOSED_SHELL_12
  6
Continuous
 62
     7
100
AcDbLine
 10
376.0906775130513
 20
195.8201565391646
 30
0.0
 11
376.3656775130513
 21
199.4701565388646
 31
0.0
  0
LINE
  5
A7C
330
70
100
AcDbEntity
  8
CLOSED_SHELL_12
  6
Continuous
 62
     7
100
AcDbLine
 10
376.6456775129514
 20
191.9601565388646
 30
0.0
 11
376.3456775132511
 21
191.6601565387647
 31
0.0
  0
LINE
  5
A7D
330
70
100
AcDbEntity
  8
USB20_MANIFOLD_SOLID_1
  6
Continuous
 62
     7
100
AcDbLine
 10
390.8344044951513
 20
194.9819819994647
 30
0.0
 11
390.9141002511512
 21
195.0263695092646
 31
0.0
  0
LINE
  5
A7E
330
70
100
AcDbEntity
  8
USB20_MANIFOLD_SOLID_1
  6
Continuous
 62
     7
100
AcDbLine
 10
396.8376711086511
 20
194.9819819994647
 30
0.0
 11
396.9173668645512
 21
195.0263695092646
 31
0.0
  0
LINE
  5
A7F
330
70
100
AcDbEntity
  8
USB20_MANIFOLD_SOLID_1
  6
Continuous
 62
     7
100
AcDbLine
 10
396.5720666242514
 20
195.0086433283647
 30
0.0
 11
396.6605534141513
 21
194.9731909663646
 31
0.0
  0
LINE
  5
A80
330
70
100
AcDbEntity
  8
CLOSED_SHELL_12
  6
Continuous
 62
     7
100
AcDbLine
 10
377.5656775129514
 20
199.4601565392647
 30
0.0
 11
377.3231631903513
 21
200.1530546036647
 31
0.0
  0
LINE
  5
A81
330
70
100
AcDbEntity
  8
CLOSED_SHELL_12
  6
Continuous
 62
     7
100
AcDbLine
 10
379.1156775130512
 20
190.3101565386646
 30
0.0
 11
379.1156775130512
 21
190.9101565388646
 31
0.0
  0
LINE
  5
A82
330
70
100
AcDbEntity
  8
CLOSED_SHELL_12
  6
Continuous
 62
     7
100
AcDbLine
 10
379.6156775130512
 20
190.8601565388646
 30
0.0
 11
379.6156775130512
 21
190.9101565388646
 31
0.0
  0
LINE
  5
A83
330
70
100
AcDbEntity
  8
CLOSED_SHELL_12
  6
Continuous
 62
     7
100
AcDbLine
 10
379.6656775130513
 20
202.4601565388647
 30
0.0
 11
379.6656775130513
 21
190.9101565384646
 31
0.0
  0
LINE
  5
A84
330
70
100
AcDbEntity
  8
USB20_MANIFOLD_SOLID_1
  6
Continuous
 62
     7
100
AcDbLine
 10
385.3604169917512
 20
190.1201565388647
 30
0.0
 11
385.3604169917512
 21
192.0001565388645
 31
0.0
  0
LINE
  5
A85
330
70
100
AcDbEntity
  8
USB20_MANIFOLD_SOLID_1
  6
Continuous
 62
     7
100
AcDbLine
 10
385.5128752660514
 20
190.1201565388647
 30
0.0
 11
385.5128752660514
 21
192.0001565388645
 31
0.0
  0
LINE
  5
A86
330
70
100
AcDbEntity
  8
USB20_MANIFOLD_SOLID_1
  6
Continuous
 62
     7
100
AcDbLine
 10
385.6656775130513
 20
188.4601565388646
 30
0.0
 11
385.6656775130513
 21
202.4601565388647
 31
0.0
  0
LINE
  5
A87
330
70
100
AcDbEntity
  8
USB20_MANIFOLD_SOLID_1
  6
Continuous
 62
     7
100
AcDbLine
 10
390.9141002511512
 20
195.0263695092646
 30
0.0
 11
390.9760698265512
 21
195.0971301171646
 31
0.0
  0
LINE
  5
A88
330
70
100
AcDbEntity
  8
0
  6
Continuous
 62
     7
100
AcDbLine
 10
408.1540845502511
 20
202.2785136133646
 30
0.0
 11
410.0588634385513
 21
201.7451755245646
 31
0.0
  0
LINE
  5
A89
330
70
100
AcDbEntity
  8
USB20_MANIFOLD_SOLID_1
  6
Continuous
 62
     7
100
AcDbLine
 10
390.7015301959513
 20
201.2067538161647
 30
0.0
 11
390.6218344382511
 21
201.2509972114647
 31
0.0
  0
LINE
  5
A8A
330
70
100
AcDbEntity
  8
USB20_MANIFOLD_SOLID_1
  6
Continuous
 62
     7
100
AcDbLine
 10
396.7048688666513
 20
201.2067538161647
 30
0.0
 11
396.6251731098514
 21
201.2509972112646
 31
0.0
  0
LINE
  5
A8B
330
70
100
AcDbEntity
  8
USB20_MANIFOLD_SOLID_1
  6
Continuous
 62
     7
100
AcDbLine
 10
398.7656775130512
 20
195.5846671787643
 30
0.0
 11
398.7945406111514
 21
195.5665136197646
 31
0.0
  0
LINE
  5
A8C
330
70
100
AcDbEntity
  8
USB20_MANIFOLD_SOLID_1
  6
Continuous
 62
     7
100
AcDbLine
 10
398.9539321169513
 20
195.8231829598645
 30
0.0
 11
398.7656775130512
 21
195.9415864329647
 31
0.0
  0
LINE
  5
A8D
330
70
100
AcDbEntity
  8
USB20_MANIFOLD_SOLID_1
  6
Continuous
 62
     7
100
AcDbLine
 10
390.4978952877512
 20
195.0706129033645
 30
0.0
 11
390.5687279531513
 21
195.0086433284647
 31
0.0
  0
LINE
  5
A8E
330
70
100
AcDbEntity
  8
USB20_MANIFOLD_SOLID_1
  6
Continuous
 62
     7
100
AcDbLine
 10
396.5012339585513
 20
195.0706129034647
 30
0.0
 11
396.5720666242514
 21
195.0086433283647
 31
0.0
  0
LINE
  5
A8F
330
70
100
AcDbEntity
  8
USB20_MANIFOLD_SOLID_1
  6
Continuous
 62
     7
100
AcDbLine
 10
385.4774237564513
 20
195.8231815959647
 30
0.0
 11
385.6368155245513
 21
195.5665118499645
 31
0.0
  0
LINE
  5
A90
330
70
100
AcDbEntity
  8
USB20_MANIFOLD_SOLID_1
  6
Continuous
 62
     7
100
AcDbLine
 10
390.4270626212512
 20
195.2387954496646
 30
0.0
 11
389.9838728425514
 21
199.8426399758646
 31
0.0
  0
LINE
  5
A91
330
70
100
AcDbEntity
  8
USB20_MANIFOLD_SOLID_1
  6
Continuous
 62
     7
100
AcDbLine
 10
391.0291763120513
 20
195.2742478121646
 30
0.0
 11
390.8255414041514
 21
200.9764575796647
 31
0.0
  0
LINE
  5
A92
330
70
100
AcDbEntity
  8
USB20_MANIFOLD_SOLID_1
  6
Continuous
 62
     7
100
AcDbLine
 10
387.6024749509513
 20
200.9764575796647
 30
0.0
 11
387.4077031335511
 21
195.2742478116647
 31
0.0
  0
LINE
  5
A93
330
70
100
AcDbEntity
  8
USB20_MANIFOLD_SOLID_1
  6
Continuous
 62
     7
100
AcDbLine
 10
391.0203132218512
 20
195.1768258749646
 30
0.0
 11
391.0291763120513
 21
195.2742478121646
 31
0.0
  0
LINE
  5
A94
330
70
100
AcDbEntity
  8
USB20_MANIFOLD_SOLID_1
  6
Continuous
 62
     7
100
AcDbLine
 10
388.0009537340512
 20
195.2387954493646
 30
0.0
 11
388.4441322888512
 21
199.8425233838645
 31
0.0
  0
LINE
  5
A95
330
70
100
AcDbEntity
  8
USB20_MANIFOLD_SOLID_1
  6
Continuous
 62
     7
100
AcDbLine
 10
390.9760698265512
 20
195.0971301171646
 30
0.0
 11
391.0203132218512
 21
195.1768258749646
 31
0.0
  0
LINE
  5
A96
330
70
100
AcDbEntity
  8
USB20_MANIFOLD_SOLID_1
  6
Continuous
 62
     7
100
AcDbLine
 10
396.9793364404514
 20
195.0971301179647
 30
0.0
 11
397.0236518927513
 21
195.1768258748647
 31
0.0
  0
LINE
  5
A97
330
70
100
AcDbEntity
  8
USB20_MANIFOLD_SOLID_1
  6
Continuous
 62
     7
100
AcDbLine
 10
398.7945397603511
 20
195.5665122666647
 30
0.0
 11
398.9539321143514
 21
195.8231829560646
 31
0.0
  0
LINE
  5
A98
330
70
100
AcDbEntity
  8
USB20_MANIFOLD_SOLID_1
  6
Continuous
 62
     7
100
AcDbLine
 10
396.9173668645512
 20
195.0263695092646
 30
0.0
 11
396.9793364404514
 21
195.0971301179647
 31
0.0
  0
LINE
  5
A99
330
70
100
AcDbEntity
  8
USB20_MANIFOLD_SOLID_1
  6
Continuous
 62
     7
100
AcDbLine
 10
390.7634997707514
 20
201.1447842411647
 30
0.0
 11
390.7015301959513
 21
201.2067538161647
 31
0.0
  0
LINE
  5
A9A
330
70
100
AcDbEntity
  8
USB20_MANIFOLD_SOLID_1
  6
Continuous
 62
     7
100
AcDbLine
 10
396.7668384415512
 20
201.1447842412647
 30
0.0
 11
396.7048688666513
 21
201.2067538161647
 31
0.0
  0
LINE
  5
A9B
330
70
100
AcDbEntity
  8
USB20_MANIFOLD_SOLID_1
  6
Continuous
 62
     7
100
AcDbLine
 10
396.4569185058512
 20
195.1413735124645
 30
0.0
 11
396.5012339585513
 21
195.0706129034647
 31
0.0
  0
LINE
  5
A9C
330
70
100
AcDbEntity
  8
USB20_MANIFOLD_SOLID_1
  6
Continuous
 62
     7
100
AcDbLine
 10
390.4536518923513
 20
195.1413735128646
 30
0.0
 11
390.4978952877512
 21
195.0706129033645
 31
0.0
  0
LINE
  5
A9D
330
70
100
AcDbEntity
  8
USB20_MANIFOLD_SOLID_1
  6
Continuous
 62
     7
100
AcDbLine
 10
390.4270626212512
 20
195.2387954496646
 30
0.0
 11
390.4536518923513
 21
195.1413735128646
 31
0.0
  0
LINE
  5
A9E
330
70
100
AcDbEntity
  8
USB20_MANIFOLD_SOLID_1
  6
Continuous
 62
     7
100
AcDbLine
 10
396.4304012920513
 20
195.2387954497644
 30
0.0
 11
395.9871374607511
 21
199.8426446023646
 31
0.0
  0
LINE
  5
A9F
330
70
100
AcDbEntity
  8
USB20_MANIFOLD_SOLID_1
  6
Continuous
 62
     7
100
AcDbLine
 10
397.0325149829514
 20
195.2742478120646
 30
0.0
 11
396.8288080174514
 21
200.9764575795646
 31
0.0
  0
LINE
  5
AA0
330
70
100
AcDbEntity
  8
USB20_MANIFOLD_SOLID_1
  6
Continuous
 62
     7
100
AcDbLine
 10
398.7656775130512
 20
202.4601565388647
 30
0.0
 11
398.7656775130512
 21
188.4601565384647
 31
0.0
  0
LINE
  5
AA1
330
70
100
AcDbEntity
  8
USB20_MANIFOLD_SOLID_1
  6
Continuous
 62
     7
100
AcDbLine
 10
398.9184797585514
 20
190.1201565388647
 30
0.0
 11
398.9184797585514
 21
192.0001565388645
 31
0.0
  0
LINE
  5
AA2
330
70
100
AcDbEntity
  8
USB20_MANIFOLD_SOLID_1
  6
Continuous
 62
     7
100
AcDbLine
 10
399.0709380343513
 20
192.0001565388645
 30
0.0
 11
399.0709380343513
 21
190.1201565388647
 31
0.0
  0
LINE
  5
AA3
330
70
100
AcDbEntity
  8
USB20_MANIFOLD_SOLID_1
  6
Continuous
 62
     7
100
AcDbLine
 10
393.6058136220512
 20
200.9764575796647
 30
0.0
 11
393.4110418044513
 21
195.2742478116647
 31
0.0
  0
LINE
  5
AA4
330
70
100
AcDbEntity
  8
USB20_MANIFOLD_SOLID_1
  6
Continuous
 62
     7
100
AcDbLine
 10
397.0236518927513
 20
195.1768258748647
 30
0.0
 11
397.0325149829514
 21
195.2742478120646
 31
0.0
  0
LINE
  5
AA5
330
70
100
AcDbEntity
  8
USB20_MANIFOLD_SOLID_1
  6
Continuous
 62
     7
100
AcDbLine
 10
394.0042203474512
 20
195.2387954498646
 30
0.0
 11
394.4474729544513
 21
199.8425280245646
 31
0.0
  0
LINE
  5
AA6
330
70
100
AcDbEntity
  8
0
  6
Continuous
 62
     7
100
AcDbLine
 10
406.2769303170512
 20
198.2622331111647
 30
0.0
 11
407.0267920864513
 21
197.4404667885647
 31
0.0
  0
LINE
  5
AA7
330
70
100
AcDbEntity
  8
0
  6
Continuous
 62
     7
100
AcDbLine
 10
407.0267920864513
 20
197.4603782929647
 30
0.0
 11
406.2769303170512
 21
198.2821446156645
 31
0.0
  0
LINE
  5
AA8
330
70
100
AcDbEntity
  8
0
  6
Continuous
 62
     7
100
AcDbLine
 10
407.3264804113511
 20
197.5770233116647
 30
0.0
 11
406.6748263498513
 21
198.2911647488646
 31
0.0
  0
LINE
  5
AA9
330
70
100
AcDbEntity
  8
USB20_MANIFOLD_SOLID_1
  6
Continuous
 62
     7
100
AcDbLine
 10
396.4304012920513
 20
195.2387954497644
 30
0.0
 11
396.4569185058512
 21
195.1413735124645
 31
0.0
  0
LINE
  5
AAA
330
70
100
AcDbEntity
  8
0
  6
Continuous
 62
     7
100
AcDbLine
 10
406.0161914668512
 20
196.2340675837646
 30
0.0
 11
406.0160125474513
 21
196.5340665970646
 31
0.0
  0
LINE
  5
AAB
330
70
100
AcDbEntity
  8
0
  6
Continuous
 62
     7
100
AcDbLine
 10
404.0656775130512
 20
197.3640675837646
 30
0.0
 11
404.0656775130512
 21
197.6540675837647
 31
0.0
  0
LINE
  5
AAC
330
70
100
AcDbEntity
  8
0
  6
Continuous
 62
     7
100
AcDbLine
 10
404.0656775130512
 20
198.4140675837647
 30
0.0
 11
404.0656775130512
 21
198.7040675837646
 31
0.0
  0
LINE
  5
AAD
330
70
100
AcDbEntity
  8
0
  6
Continuous
 62
     7
100
AcDbLine
 10
404.3656775130513
 20
198.1540675837647
 30
0.0
 11
404.3656775130513
 21
197.9140675837647
 31
0.0
  0
LINE
  5
AAE
330
70
100
AcDbEntity
  8
0
  6
Continuous
 62
     7
100
AcDbLine
 10
404.7381641185514
 20
201.3101565388645
 30
0.0
 11
404.7381641185514
 21
200.4101565388647
 31
0.0
  0
LINE
  5
AAF
330
70
100
AcDbEntity
  8
0
  6
Continuous
 62
     7
100
AcDbLine
 10
404.7381641185514
 20
195.8601565388646
 30
0.0
 11
404.7381641185514
 21
195.0601565388645
 31
0.0
  0
LINE
  5
AB0
330
70
100
AcDbEntity
  8
0
  6
Continuous
 62
     7
100
AcDbLine
 10
404.7381641185514
 20
191.3101565388645
 30
0.0
 11
404.7381641185514
 21
190.4101565388646
 31
0.0
  0
LINE
  5
AB1
330
70
100
AcDbEntity
  8
0
  6
Continuous
 62
     7
100
AcDbLine
 10
404.7656775130511
 20
189.3340675837646
 30
0.0
 11
404.7656775130511
 21
196.2340675837646
 31
0.0
  0
LINE
  5
AB2
330
70
100
AcDbEntity
  8
0
  6
Continuous
 62
     7
100
AcDbLine
 10
404.7656775075513
 20
196.3640600196646
 30
0.0
 11
404.7656775091512
 21
200.5040713922646
 31
0.0
  0
LINE
  5
AB3
330
70
100
AcDbEntity
  8
0
  6
Continuous
 62
     7
100
AcDbLine
 10
404.7656775130511
 20
200.6340675818647
 30
0.0
 11
404.7656775130511
 21
202.3340675837646
 31
0.0
  0
LINE
  5
AB4
330
70
100
AcDbEntity
  8
0
  6
Continuous
 62
     7
100
AcDbLine
 10
404.9156775130512
 20
196.3640650448646
 30
0.0
 11
404.9156775130512
 21
200.5040715483647
 31
0.0
  0
LINE
  5
AB5
330
70
100
AcDbEntity
  8
0
  6
Continuous
 62
     7
100
AcDbLine
 10
404.9256775130512
 20
187.9640675837647
 30
0.0
 11
404.9256775130512
 21
188.0040675837646
 31
0.0
  0
LINE
  5
AB6
330
70
100
AcDbEntity
  8
0
  6
Continuous
 62
     7
100
AcDbLine
 10
404.9256775130512
 20
188.6640675837647
 30
0.0
 11
404.9256775130512
 21
188.7040675837646
 31
0.0
  0
LINE
  5
AB7
330
70
100
AcDbEntity
  8
0
  6
Continuous
 62
     7
100
AcDbLine
 10
404.9881641185513
 20
202.4601565388647
 30
0.0
 11
404.9881641185513
 21
202.3340675837646
 31
0.0
  0
LINE
  5
AB8
330
70
100
AcDbEntity
  8
0
  6
Continuous
 62
     7
100
AcDbLine
 10
404.9881641185513
 20
200.6340675837646
 30
0.0
 11
404.9881641185513
 21
196.2340675837646
 31
0.0
  0
LINE
  5
AB9
330
70
100
AcDbEntity
  8
0
  6
Continuous
 62
     7
100
AcDbLine
 10
405.1881641185513
 20
196.2340675837646
 30
0.0
 11
405.1881641185513
 21
200.6340675837646
 31
0.0
  0
LINE
  5
ABA
330
70
100
AcDbEntity
  8
0
  6
Continuous
 62
     7
100
AcDbLine
 10
405.1881641185513
 20
202.3340675837646
 30
0.0
 11
405.1881641185513
 21
202.4601565388647
 31
0.0
  0
LINE
  5
ABB
330
70
100
AcDbEntity
  8
0
  6
Continuous
 62
     7
100
AcDbLine
 10
405.2256775130512
 20
188.4040675837647
 30
0.0
 11
405.2256775130512
 21
188.2640675837646
 31
0.0
  0
LINE
  5
ABC
330
70
100
AcDbEntity
  8
0
  6
Continuous
 62
     7
100
AcDbLine
 10
405.3381641185512
 20
196.2340675837646
 30
0.0
 11
405.3381641185512
 21
200.6090972643647
 31
0.0
  0
LINE
  5
ABD
330
70
100
AcDbEntity
  8
0
  6
Continuous
 62
     7
100
AcDbLine
 10
405.4056775130511
 20
196.6773100441646
 30
0.0
 11
405.4056775130511
 21
200.4840675837647
 31
0.0
  0
LINE
  5
ABE
330
70
100
AcDbEntity
  8
0
  6
Continuous
 62
     7
100
AcDbLine
 10
405.6256775130512
 20
187.8340675837646
 30
0.0
 11
405.6256775130512
 21
189.0340675837647
 31
0.0
  0
LINE
  5
ABF
330
70
100
AcDbEntity
  8
0
  6
Continuous
 62
     7
100
AcDbLine
 10
405.8481641185513
 20
189.0340675837647
 30
0.0
 11
405.8481641185513
 21
189.3340675837646
 31
0.0
  0
LINE
  5
AC0
330
70
100
AcDbEntity
  8
0
  6
Continuous
 62
     7
100
AcDbLine
 10
406.0481641185513
 20
189.1142585414647
 30
0.0
 11
406.0481641185513
 21
189.2539655018646
 31
0.0
  0
LINE
  5
AC1
330
70
100
AcDbEntity
  8
0
  6
Continuous
 62
     7
100
AcDbLine
 10
406.2383176185513
 20
198.3683413574646
 30
0.0
 11
406.2381793793513
 21
198.3620655503647
 31
0.0
  0
LINE
  5
AC2
330
70
100
AcDbEntity
  8
0
  6
Continuous
 62
     7
100
AcDbLine
 10
406.3140016643512
 20
200.1340675837647
 30
0.0
 11
406.3122752819512
 21
200.0743330218645
 31
0.0
  0
LINE
  5
AC3
330
70
100
AcDbEntity
  8
0
  6
Continuous
 62
     7
100
AcDbLine
 10
406.3293216138513
 20
200.4874551401646
 30
0.0
 11
406.3140016643512
 21
200.1340676539646
 31
0.0
  0
LINE
  5
AC4
330
70
100
AcDbEntity
  8
0
  6
Continuous
 62
     7
100
AcDbLine
 10
406.3122752830512
 20
200.0743329887646
 30
0.0
 11
406.2383176185513
 21
198.3683413574646
 31
0.0
  0
LINE
  5
AC5
330
70
100
AcDbEntity
  8
0
  6
Continuous
 62
     7
100
AcDbLine
 10
407.3381641185512
 20
202.4601565388647
 30
0.0
 11
407.4012085961511
 21
202.3340675837646
 31
0.0
  0
LINE
  5
AC6
330
70
100
AcDbEntity
  8
0
  6
Continuous
 62
     7
100
AcDbLine
 10
406.3636012026512
 20
200.5773379895646
 30
0.0
 11
406.3650276354511
 21
198.1855996091647
 31
0.0
  0
LINE
  5
AC7
330
70
100
AcDbEntity
  8
0
  6
Continuous
 62
     7
100
AcDbLine
 10
406.3660126085513
 20
196.5340685704647
 30
0.0
 11
406.3661915291512
 21
196.2340675837646
 31
0.0
  0
LINE
  5
AC8
330
70
100
AcDbEntity
  8
0
  6
Continuous
 62
     7
100
AcDbLine
 10
406.6356775130513
 20
200.4808177321646
 30
0.0
 11
406.6356775130513
 21
198.3922193121646
 31
0.0
  0
LINE
  5
AC9
330
70
100
AcDbEntity
  8
0
  6
Continuous
 62
     7
100
AcDbLine
 10
407.0656775130512
 20
196.6773100441646
 30
0.0
 11
407.0656775130512
 21
197.3405934820645
 31
0.0
  0
LINE
  5
ACA
330
70
100
AcDbEntity
  8
0
  6
Continuous
 62
     7
100
AcDbLine
 10
407.088164118551
 20
196.2340675837646
 30
0.0
 11
407.088164118551
 21
197.8381918516646
 31
0.0
  0
LINE
  5
ACB
330
70
100
AcDbEntity
  8
0
  6
Continuous
 62
     7
100
AcDbLine
 10
407.2381641185513
 20
197.6738082900646
 30
0.0
 11
407.2381641185513
 21
196.2360110876647
 31
0.0
  0
LINE
  5
ACC
330
70
100
AcDbEntity
  8
0
  6
Continuous
 62
     7
100
AcDbLine
 10
407.3656775130512
 20
197.4759398159645
 30
0.0
 11
407.3656775130512
 21
196.3840675837646
 31
0.0
  0
LINE
  5
ACD
330
70
100
AcDbEntity
  8
0
  6
Continuous
 62
     7
100
AcDbLine
 10
407.7956775130513
 20
202.3333506659646
 30
0.0
 11
407.7956775130513
 21
203.3601565388646
 31
0.0
  0
LINE
  5
ACE
330
70
100
AcDbEntity
  8
0
  6
Continuous
 62
     7
100
AcDbLine
 10
407.8706775130513
 20
187.8840675837646
 30
0.0
 11
407.8706775130513
 21
187.6340675837646
 31
0.0
  0
LINE
  5
ACF
330
70
100
AcDbEntity
  8
0
  6
Continuous
 62
     7
100
AcDbLine
 10
409.7581641185513
 20
187.6340675837646
 30
0.0
 11
409.7581641185513
 21
187.3601565388646
 31
0.0
  0
LINE
  5
AD0
330
70
100
AcDbEntity
  8
0
  6
Continuous
 62
     7
100
AcDbLine
 10
410.0781641185511
 20
187.3601565388646
 30
0.0
 11
410.0781641185511
 21
187.6340675837646
 31
0.0
  0
LINE
  5
AD1
330
70
100
AcDbEntity
  8
0
  6
Continuous
 62
     7
100
AcDbLine
 10
410.8581641185513
 20
187.6340675837646
 30
0.0
 11
410.8581641185513
 21
187.3601565388646
 31
0.0
  0
LINE
  5
AD2
330
70
100
AcDbEntity
  8
0
  6
Continuous
 62
     7
100
AcDbLine
 10
411.1781641185514
 20
187.3601565388646
 30
0.0
 11
411.1781641185514
 21
187.6340675837646
 31
0.0
  0
LINE
  5
AD3
330
70
100
AcDbEntity
  8
0
  6
Continuous
 62
     7
100
AcDbLine
 10
411.9581641185513
 20
187.6340675837646
 30
0.0
 11
411.9581641185513
 21
187.3601565388646
 31
0.0
  0
LINE
  5
AD4
330
70
100
AcDbEntity
  8
0
  6
Continuous
 62
     7
100
AcDbLine
 10
412.2781641185513
 20
187.3601565388646
 30
0.0
 11
412.2781641185513
 21
187.6340675837646
 31
0.0
  0
LINE
  5
AD5
330
70
100
AcDbEntity
  8
0
  6
Continuous
 62
     7
100
AcDbLine
 10
413.0581641185513
 20
187.6340675837646
 30
0.0
 11
413.0581641185513
 21
187.3601565388646
 31
0.0
  0
LINE
  5
AD6
330
70
100
AcDbEntity
  8
0
  6
Continuous
 62
     7
100
AcDbLine
 10
418.835119641051
 20
201.6340675837646
 30
0.0
 11
418.8981641185511
 21
201.7601565388645
 31
0.0
  0
LINE
  5
AD7
330
70
100
AcDbEntity
  8
0
  6
Continuous
 62
     7
100
AcDbLine
 10
413.3781641185513
 20
187.3601565388646
 30
0.0
 11
413.3781641185513
 21
187.6340675837646
 31
0.0
  0
LINE
  5
AD8
330
70
100
AcDbEntity
  8
0
  6
Continuous
 62
     7
100
AcDbLine
 10
414.1581641185513
 20
187.6340675837646
 30
0.0
 11
414.1581641185513
 21
187.3601565388646
 31
0.0
  0
LINE
  5
AD9
330
70
100
AcDbEntity
  8
0
  6
Continuous
 62
     7
100
AcDbLine
 10
414.4781641185513
 20
187.3601565388646
 30
0.0
 11
414.4781641185513
 21
187.6340675837646
 31
0.0
  0
LINE
  5
ADA
330
70
100
AcDbEntity
  8
0
  6
Continuous
 62
     7
100
AcDbLine
 10
415.2581641185513
 20
187.6340675837646
 30
0.0
 11
415.2581641185513
 21
187.3601565388646
 31
0.0
  0
LINE
  5
ADB
330
70
100
AcDbEntity
  8
0
  6
Continuous
 62
     7
100
AcDbLine
 10
415.5781641185513
 20
187.3601565388646
 30
0.0
 11
415.5781641185513
 21
187.6340675837646
 31
0.0
  0
LINE
  5
ADC
330
70
100
AcDbEntity
  8
0
  6
Continuous
 62
     7
100
AcDbLine
 10
416.3581641185514
 20
187.6340675837646
 30
0.0
 11
416.3581641185514
 21
187.3601565388646
 31
0.0
  0
LINE
  5
ADD
330
70
100
AcDbEntity
  8
0
  6
Continuous
 62
     7
100
AcDbLine
 10
416.6781641185513
 20
187.3601565388646
 30
0.0
 11
416.6781641185513
 21
187.6340675837646
 31
0.0
  0
LINE
  5
ADE
330
70
100
AcDbEntity
  8
0
  6
Continuous
 62
     7
100
AcDbLine
 10
417.2706775130513
 20
187.6340675837646
 30
0.0
 11
417.2706775130513
 21
187.8840675837646
 31
0.0
  0
LINE
  5
ADF
330
70
100
AcDbEntity
  8
0
  6
Continuous
 62
     7
100
AcDbLine
 10
417.4581641185513
 20
187.9601565388646
 30
0.0
 11
417.4581641185513
 21
187.3601565388646
 31
0.0
  0
LINE
  5
AE0
330
70
100
AcDbEntity
  8
0
  6
Continuous
 62
     7
100
AcDbLine
 10
417.7781641185513
 20
187.3601565388646
 30
0.0
 11
417.7781641185513
 21
187.8340675837646
 31
0.0
  0
LINE
  5
AE1
330
70
100
AcDbEntity
  8
0
  6
Continuous
 62
     7
100
AcDbLine
 10
418.5581641185511
 20
187.8340675837646
 30
0.0
 11
418.5581641185511
 21
187.3601565388646
 31
0.0
  0
LINE
  5
AE2
330
70
100
AcDbEntity
  8
0
  6
Continuous
 62
     7
100
AcDbLine
 10
418.5956775130512
 20
203.3601565388646
 30
0.0
 11
418.5956775130512
 21
201.6340675837646
 31
0.0
  0
LINE
  5
AE3
330
70
100
AcDbEntity
  8
0
  6
Continuous
 62
     7
100
AcDbLine
 10
418.8781641185513
 20
187.3601565388646
 30
0.0
 11
418.8781641185513
 21
187.8340675837646
 31
0.0
  0
LINE
  5
AE4
330
70
100
AcDbEntity
  8
0
  6
Continuous
 62
     7
100
AcDbLine
 10
419.1156775130512
 20
188.8340675837646
 30
0.0
 11
419.1156775130512
 21
192.9340675837646
 31
0.0
  0
LINE
  5
AE5
330
70
100
AcDbEntity
  8
0
  6
Continuous
 62
     7
100
AcDbLine
 10
419.1481641185513
 20
201.7601565388645
 30
0.0
 11
419.1481641185513
 21
201.6340675837646
 31
0.0
  0
LINE
  5
AE6
330
70
100
AcDbEntity
  8
0
  6
Continuous
 62
     7
100
AcDbLine
 10
419.1481641185513
 20
189.4601565388646
 30
0.0
 11
419.1481641185513
 21
188.7251525660646
 31
0.0
  0
LINE
  5
AE7
330
70
100
AcDbEntity
  8
0
  6
Continuous
 62
     7
100
AcDbLine
 10
419.1656775130512
 20
190.2840675837646
 30
0.0
 11
419.1656775130512
 21
189.6340675837646
 31
0.0
  0
LINE
  5
AE8
330
70
100
AcDbEntity
  8
0
  6
Continuous
 62
     7
100
AcDbLine
 10
419.2981641185514
 20
189.4601565388646
 30
0.0
 11
419.2981641185514
 21
189.6340675837646
 31
0.0
  0
LINE
  5
AE9
330
70
100
AcDbEntity
  8
0
  6
Continuous
 62
     7
100
AcDbLine
 10
419.3156775130512
 20
189.6340675837646
 30
0.0
 11
419.3156775130512
 21
190.2840675837646
 31
0.0
  0
LINE
  5
AEA
330
70
100
AcDbEntity
  8
0
  6
Continuous
 62
     7
100
AcDbLine
 10
419.3481641185512
 20
188.6340675837646
 30
0.0
 11
419.3481641185512
 21
189.4601565388646
 31
0.0
  0
LINE
  5
AEB
330
70
100
AcDbEntity
  8
0
  6
Continuous
 62
     7
100
AcDbLine
 10
419.3481641185512
 20
189.6601565388646
 30
0.0
 11
419.3481641185512
 21
190.6185330662646
 31
0.0
  0
LINE
  5
AEC
330
70
100
AcDbEntity
  8
0
  6
Continuous
 62
     7
100
AcDbLine
 10
419.3481641185512
 20
192.0878258671647
 30
0.0
 11
419.3481641185512
 21
193.0840675837646
 31
0.0
  0
LINE
  5
AED
330
70
100
AcDbEntity
  8
0
  6
Continuous
 62
     7
100
AcDbLine
 10
419.3481641185512
 20
201.6340675837646
 30
0.0
 11
419.3481641185512
 21
201.7601565388645
 31
0.0
  0
LINE
  5
AEE
330
70
100
AcDbEntity
  8
0
  6
Continuous
 62
     7
100
AcDbLine
 10
419.3656775130512
 20
193.0840675837646
 30
0.0
 11
419.3656775130512
 21
192.2840675837643
 31
0.0
  0
LINE
  5
AEF
330
70
100
AcDbEntity
  8
0
  6
Continuous
 62
     7
100
AcDbLine
 10
419.3656775130512
 20
190.7891854502646
 30
0.0
 11
419.3656775130512
 21
189.4601565388646
 31
0.0
  0
LINE
  5
AF0
330
70
100
AcDbEntity
  8
0
  6
Continuous
 62
     7
100
AcDbLine
 10
419.3656775130512
 20
188.6601565388646
 30
0.0
 11
419.3656775130512
 21
188.6340675837646
 31
0.0
  0
LINE
  5
AF1
330
70
100
AcDbEntity
  8
0
  6
Continuous
 62
     7
100
AcDbLine
 10
419.5156775130511
 20
187.8340675837646
 30
0.0
 11
419.5156775130511
 21
188.6601565388646
 31
0.0
  0
LINE
  5
AF2
330
70
100
AcDbEntity
  8
0
  6
Continuous
 62
     7
100
AcDbLine
 10
419.5156775130511
 20
189.4601565388646
 30
0.0
 11
419.5156775130511
 21
192.2177091288646
 31
0.0
  0
LINE
  5
AF3
330
70
100
AcDbEntity
  8
0
  6
Continuous
 62
     7
100
AcDbLine
 10
419.5156775130511
 20
192.2840675837643
 30
0.0
 11
419.5156775130511
 21
201.6340675837646
 31
0.0
  0
LINE
  5
AF4
330
70
100
AcDbEntity
  8
0
  6
Continuous
 62
     7
100
AcDbLine
 10
419.5981641185513
 20
200.6101565388645
 30
0.0
 11
419.5981641185513
 21
199.7101565388646
 31
0.0
  0
LINE
  5
AF5
330
70
100
AcDbEntity
  8
0
  6
Continuous
 62
     7
100
AcDbLine
 10
419.5981641185513
 20
189.4601565388646
 30
0.0
 11
419.5981641185513
 21
188.6601565388646
 31
0.0
  0
LINE
  5
AF6
330
70
100
AcDbEntity
  8
0
  6
Continuous
 62
     7
100
AcDbLine
 10
419.9156775130512
 20
188.2640675837646
 30
0.0
 11
419.9156775130512
 21
188.4040675837647
 31
0.0
  0
LINE
  5
AF7
330
70
100
AcDbEntity
  8
0
  6
Continuous
 62
     7
100
AcDbLine
 10
419.9156775130512
 20
197.9140675837647
 30
0.0
 11
419.9156775130512
 21
198.1540675837647
 31
0.0
  0
LINE
  5
AF8
330
70
100
AcDbEntity
  8
0
  6
Continuous
 62
     7
100
AcDbLine
 10
419.1682899262511
 20
190.3351125489647
 30
0.0
 11
419.3630650998512
 21
192.2330226185647
 31
0.0
  0
LINE
  5
AF9
330
70
100
AcDbEntity
  8
0
  6
Continuous
 62
     7
100
AcDbLine
 10
419.5122813759512
 20
192.2177091288646
 30
0.0
 11
419.3175062022513
 21
190.3197990593647
 31
0.0
  0
LINE
  5
AFA
330
70
100
AcDbEntity
  8
0
  6
Continuous
 62
     7
100
AcDbLine
 10
420.2156775130513
 20
188.7040675837646
 30
0.0
 11
420.2156775130513
 21
188.6640675837647
 31
0.0
  0
LINE
  5
AFB
330
70
100
AcDbEntity
  8
0
  6
Continuous
 62
     7
100
AcDbLine
 10
420.2156775130513
 20
188.0040675837646
 30
0.0
 11
420.2156775130513
 21
187.9640675837647
 31
0.0
  0
LINE
  5
AFC
330
70
100
AcDbEntity
  8
0
  6
Continuous
 62
     7
100
AcDbLine
 10
420.2156775130513
 20
197.3640675837646
 30
0.0
 11
420.2156775130513
 21
197.6540675837647
 31
0.0
  0
LINE
  5
AFD
330
70
100
AcDbEntity
  8
0
  6
Continuous
 62
     7
100
AcDbLine
 10
420.2156775130513
 20
198.4140675837647
 30
0.0
 11
420.2156775130513
 21
198.7040675837646
 31
0.0
  0
ARC
  5
AFE
330
70
100
AcDbEntity
  8
CLOSED_SHELL_12
  6
Continuous
 62
     7
100
AcDbCircle
 10
375.8406775130512
 20
195.6601565388645
 30
0.0
 40
0.25
100
AcDbArc
 50
179.9999998293
 51
359.9999998293
  0
ARC
  5
AFF
330
70
100
AcDbEntity
  8
CLOSED_SHELL_12
  6
Continuous
 62
     7
100
AcDbCircle
 10
377.4906775130513
 20
195.6601565388645
 30
0.0
 40
0.25
100
AcDbArc
 50
180.0000000647013
 51
0.0000000643984463
  0
ARC
  5
B00
330
70
100
AcDbEntity
  8
CLOSED_SHELL_12
  6
Continuous
 62
     7
100
AcDbCircle
 10
366.8406775130512
 20
195.6601565388645
 30
0.0
 40
0.25
100
AcDbArc
 50
179.9999998293
 51
359.999999829401
  0
ARC
  5
B01
330
70
100
AcDbEntity
  8
CLOSED_SHELL_12
  6
Continuous
 62
     7
100
AcDbCircle
 10
368.4906775130512
 20
195.6601565388645
 30
0.0
 40
0.25
100
AcDbArc
 50
180.0000000647013
 51
0.0000000643984463
  0
ARC
  5
B02
330
70
100
AcDbEntity
  8
CLOSED_SHELL_12
  6
Continuous
 62
     7
100
AcDbCircle
 10
377.7656775130513
 20
191.0101565388645
 30
0.0
 40
0.1
100
AcDbArc
 50
180.0000000471988
 51
270.0000005231995
  0
ARC
  5
B03
330
70
100
AcDbEntity
  8
CLOSED_SHELL_12
  6
Continuous
 62
     7
100
AcDbCircle
 10
377.5656775130512
 20
191.8601565388646
 30
0.0
 40
0.1
100
AcDbArc
 50
0.0000015698004717
 51
90.00000133180012
  0
ARC
  5
B04
330
70
100
AcDbEntity
  8
CLOSED_SHELL_12
  6
Continuous
 62
     7
100
AcDbCircle
 10
366.7656775130512
 20
191.8601565388646
 30
0.0
 40
0.1
100
AcDbArc
 50
90.00000019480097
 51
180.0000004318014
  0
ARC
  5
B05
330
70
100
AcDbEntity
  8
CLOSED_SHELL_12
  6
Continuous
 62
     7
100
AcDbCircle
 10
366.5656775130513
 20
191.0101565388645
 30
0.0
 40
0.1
100
AcDbArc
 50
269.9999988369979
 51
359.9999988370011
  0
ARC
  5
B06
330
70
100
AcDbEntity
  8
CLOSED_SHELL_12
  6
Continuous
 62
     7
100
AcDbCircle
 10
377.2406775130513
 20
199.6601565388645
 30
0.0
 40
0.5
100
AcDbArc
 50
359.9999996310011
 51
89.99999959460213
  0
ARC
  5
B07
330
70
100
AcDbEntity
  8
CLOSED_SHELL_12
  6
Continuous
 62
     7
100
AcDbCircle
 10
376.0906775130513
 20
199.6601565388645
 30
0.0
 40
0.5
100
AcDbArc
 50
90.00000019080154
 51
180.0000001187005
  0
ARC
  5
B08
330
70
100
AcDbEntity
  8
CLOSED_SHELL_12
  6
Continuous
 62
     7
100
AcDbCircle
 10
368.2406775130513
 20
199.6601565388645
 30
0.0
 40
0.5
100
AcDbArc
 50
359.9999996310011
 51
89.99999959460213
  0
ARC
  5
B09
330
70
100
AcDbEntity
  8
CLOSED_SHELL_12
  6
Continuous
 62
     7
100
AcDbCircle
 10
367.0906775130513
 20
199.6601565388645
 30
0.0
 40
0.5
100
AcDbArc
 50
90.00000019080154
 51
180.0000001187005
  0
ARC
  5
B0A
330
70
100
AcDbEntity
  8
0
  6
Continuous
 62
     7
100
AcDbCircle
 10
405.9156775130512
 20
189.1840675837647
 30
0.0
 40
0.15
100
AcDbArc
 50
270.0000009464972
 51
90.00000000080119
  0
ARC
  5
B0B
330
70
100
AcDbEntity
  8
0
  6
Continuous
 62
     7
100
AcDbCircle
 10
407.2156775130513
 20
196.3840675837646
 30
0.0
 40
0.15
100
AcDbArc
 50
269.9999999989969
 51
0.0
  0
ARC
  5
B0C
330
70
100
AcDbEntity
  8
0
  6
Continuous
 62
     7
100
AcDbCircle
 10
407.4378348005512
 20
187.9840675837646
 30
0.0
 40
0.15
100
AcDbArc
 50
270.0
 51
340.5287793654998
  0
ARC
  5
B0D
330
70
100
AcDbEntity
  8
0
  6
Continuous
 62
     7
100
AcDbCircle
 10
407.7206775130512
 20
187.8840675837646
 30
0.0
 40
0.15
100
AcDbArc
 50
0.0
 51
160.5287793656015
  0
ARC
  5
B0E
330
70
100
AcDbEntity
  8
0
  6
Continuous
 62
     7
100
AcDbCircle
 10
406.9268782108513
 20
196.7244649125647
 30
0.0
 40
0.1389540055
100
AcDbArc
 50
331.2772460184989
 51
344.4295208994987
  0
ARC
  5
B0F
330
70
100
AcDbEntity
  8
0
  6
Continuous
 62
     7
100
AcDbCircle
 10
405.5413339834512
 20
196.7234160890646
 30
0.0
 40
0.135645086
100
AcDbArc
 50
195.500056261401
 51
198.7447878219989
  0
ARC
  5
B10
330
70
100
AcDbEntity
  8
0
  6
Continuous
 62
     7
100
AcDbCircle
 10
405.0556775130512
 20
188.0040675837646
 30
0.0
 40
0.13
100
AcDbArc
 50
90.00000000489835
 51
180.0000000044
  0
ARC
  5
B11
330
70
100
AcDbEntity
  8
0
  6
Continuous
 62
     7
100
AcDbCircle
 10
405.0956775130513
 20
188.2640675837646
 30
0.0
 40
0.13
100
AcDbArc
 50
269.9999999982022
 51
0.0
  0
ARC
  5
B12
330
70
100
AcDbEntity
  8
0
  6
Continuous
 62
     7
100
AcDbCircle
 10
405.0956775130513
 20
188.4040675837647
 30
0.0
 40
0.13
100
AcDbArc
 50
0.0
 51
90.00000000399946
  0
ARC
  5
B13
330
70
100
AcDbEntity
  8
0
  6
Continuous
 62
     7
100
AcDbCircle
 10
405.0556775130512
 20
188.6640675837647
 30
0.0
 40
0.13
100
AcDbArc
 50
180.0
 51
269.9999999986973
  0
ARC
  5
B14
330
70
100
AcDbEntity
  8
0
  6
Continuous
 62
     7
100
AcDbCircle
 10
405.0556775130512
 20
188.7040675837646
 30
0.0
 40
0.13
100
AcDbArc
 50
89.99999999299769
 51
180.0
  0
ARC
  5
B15
330
70
100
AcDbEntity
  8
0
  6
Continuous
 62
     7
100
AcDbCircle
 10
405.0556775130512
 20
187.9640675837647
 30
0.0
 40
0.13
100
AcDbArc
 50
180.0
 51
269.9999999988992
  0
ARC
  5
B16
330
70
100
AcDbEntity
  8
0
  6
Continuous
 62
     7
100
AcDbCircle
 10
413.2781641185513
 20
187.3601565388646
 30
0.0
 40
0.1
100
AcDbArc
 50
270.0
 51
359.9999999998991
  0
ARC
  5
B17
330
70
100
AcDbEntity
  8
0
  6
Continuous
 62
     7
100
AcDbCircle
 10
413.1581641185513
 20
187.3601565388646
 30
0.0
 40
0.1
100
AcDbArc
 50
180.0
 51
270.0
  0
ARC
  5
B18
330
70
100
AcDbEntity
  8
0
  6
Continuous
 62
     7
100
AcDbCircle
 10
412.1781641185513
 20
187.3601565388646
 30
0.0
 40
0.1
100
AcDbArc
 50
270.0
 51
0.0
  0
ARC
  5
B19
330
70
100
AcDbEntity
  8
0
  6
Continuous
 62
     7
100
AcDbCircle
 10
412.0581641185511
 20
187.3601565388646
 30
0.0
 40
0.1
100
AcDbArc
 50
180.0
 51
270.0
  0
ARC
  5
B1A
330
70
100
AcDbEntity
  8
0
  6
Continuous
 62
     7
100
AcDbCircle
 10
409.8581641185513
 20
187.3601565388646
 30
0.0
 40
0.1
100
AcDbArc
 50
180.0
 51
270.0
  0
ARC
  5
B1B
330
70
100
AcDbEntity
  8
0
  6
Continuous
 62
     7
100
AcDbCircle
 10
409.9781641185513
 20
187.3601565388646
 30
0.0
 40
0.1
100
AcDbArc
 50
270.0000000000977
 51
0.0
  0
ARC
  5
B1C
330
70
100
AcDbEntity
  8
0
  6
Continuous
 62
     7
100
AcDbCircle
 10
411.0781641185513
 20
187.3601565388646
 30
0.0
 40
0.1
100
AcDbArc
 50
269.9999999999023
 51
0.0
  0
ARC
  5
B1D
330
70
100
AcDbEntity
  8
0
  6
Continuous
 62
     7
100
AcDbCircle
 10
410.9581641185514
 20
187.3601565388646
 30
0.0
 40
0.1
100
AcDbArc
 50
180.0
 51
270.0
  0
ARC
  5
B1E
330
70
100
AcDbEntity
  8
0
  6
Continuous
 62
     7
100
AcDbCircle
 10
414.3781641185513
 20
187.3601565388646
 30
0.0
 40
0.1
100
AcDbArc
 50
270.0000000000977
 51
0.0
  0
ARC
  5
B1F
330
70
100
AcDbEntity
  8
0
  6
Continuous
 62
     7
100
AcDbCircle
 10
414.2581641185513
 20
187.3601565388646
 30
0.0
 40
0.1
100
AcDbArc
 50
180.0
 51
270.0
  0
ARC
  5
B20
330
70
100
AcDbEntity
  8
0
  6
Continuous
 62
     7
100
AcDbCircle
 10
418.8656775130512
 20
192.2840675837643
 30
0.0
 40
0.65
100
AcDbArc
 50
354.1404692733996
 51
359.9999999997004
  0
ARC
  5
B21
330
70
100
AcDbEntity
  8
0
  6
Continuous
 62
     7
100
AcDbCircle
 10
418.8656775130512
 20
192.2840675837643
 30
0.0
 40
0.5
100
AcDbArc
 50
354.1404692855006
 51
0.0
  0
ARC
  5
B22
330
70
100
AcDbEntity
  8
0
  6
Continuous
 62
     7
100
AcDbCircle
 10
419.6656775130512
 20
190.2840675837646
 30
0.0
 40
0.5
100
AcDbArc
 50
174.1404692882996
 51
179.9999999997003
  0
ARC
  5
B23
330
70
100
AcDbEntity
  8
0
  6
Continuous
 62
     7
100
AcDbCircle
 10
419.6656775130512
 20
190.2840675837646
 30
0.0
 40
0.35
100
AcDbArc
 50
174.1404692890002
 51
180.0000000015991
  0
ARC
  5
B24
330
70
100
AcDbEntity
  8
0
  6
Continuous
 62
     7
100
AcDbCircle
 10
419.3156775130512
 20
188.8340675837646
 30
0.0
 40
0.2
100
AcDbArc
 50
180.0
 51
270.0
  0
ARC
  5
B25
330
70
100
AcDbEntity
  8
0
  6
Continuous
 62
     7
100
AcDbCircle
 10
417.7035202255512
 20
187.9840675837646
 30
0.0
 40
0.15
100
AcDbArc
 50
199.4712206346
 51
269.9999999994008
  0
ARC
  5
B26
330
70
100
AcDbEntity
  8
0
  6
Continuous
 62
     7
100
AcDbCircle
 10
417.4206775130512
 20
187.8840675837646
 30
0.0
 40
0.15
100
AcDbArc
 50
19.47122063429929
 51
180.0
  0
ARC
  5
B27
330
70
100
AcDbEntity
  8
0
  6
Continuous
 62
     7
100
AcDbCircle
 10
419.2656775130512
 20
192.9340675837646
 30
0.0
 40
0.15
100
AcDbArc
 50
89.99999999689945
 51
180.0
  0
ARC
  5
B28
330
70
100
AcDbEntity
  8
0
  6
Continuous
 62
     7
100
AcDbCircle
 10
420.0456775130512
 20
188.4040675837647
 30
0.0
 40
0.13
100
AcDbArc
 50
89.99999999600055
 51
180.0
  0
ARC
  5
B29
330
70
100
AcDbEntity
  8
0
  6
Continuous
 62
     7
100
AcDbCircle
 10
420.0456775130512
 20
188.2640675837646
 30
0.0
 40
0.13
100
AcDbArc
 50
180.0
 51
270.0000000048007
  0
ARC
  5
B2A
330
70
100
AcDbEntity
  8
0
  6
Continuous
 62
     7
100
AcDbCircle
 10
420.0856775130511
 20
188.0040675837646
 30
0.0
 40
0.13
100
AcDbArc
 50
0.0
 51
89.9999999982022
  0
ARC
  5
B2B
330
70
100
AcDbEntity
  8
0
  6
Continuous
 62
     7
100
AcDbCircle
 10
420.0856775130511
 20
187.9640675837647
 30
0.0
 40
0.13
100
AcDbArc
 50
270.0000000034979
 51
0.0
  0
ARC
  5
B2C
330
70
100
AcDbEntity
  8
0
  6
Continuous
 62
     7
100
AcDbCircle
 10
420.0856775130511
 20
188.7040675837646
 30
0.0
 40
0.13
100
AcDbArc
 50
0.0
 51
90.00000000239706
  0
ARC
  5
B2D
330
70
100
AcDbEntity
  8
0
  6
Continuous
 62
     7
100
AcDbCircle
 10
420.0856775130511
 20
188.6640675837647
 30
0.0
 40
0.13
100
AcDbArc
 50
270.0000000039994
 51
0.0
  0
ARC
  5
B2E
330
70
100
AcDbEntity
  8
0
  6
Continuous
 62
     7
100
AcDbCircle
 10
417.6781641185513
 20
187.3601565388646
 30
0.0
 40
0.1
100
AcDbArc
 50
270.0000000000977
 51
0.0
  0
ARC
  5
B2F
330
70
100
AcDbEntity
  8
0
  6
Continuous
 62
     7
100
AcDbCircle
 10
417.5581641185513
 20
187.3601565388646
 30
0.0
 40
0.1
100
AcDbArc
 50
180.0
 51
270.0
  0
ARC
  5
B30
330
70
100
AcDbEntity
  8
0
  6
Continuous
 62
     7
100
AcDbCircle
 10
416.578164118551
 20
187.3601565388646
 30
0.0
 40
0.1
100
AcDbArc
 50
270.0
 51
0.0
  0
ARC
  5
B31
330
70
100
AcDbEntity
  8
0
  6
Continuous
 62
     7
100
AcDbCircle
 10
416.4581641185511
 20
187.3601565388646
 30
0.0
 40
0.1
100
AcDbArc
 50
180.0
 51
270.0
  0
ARC
  5
B32
330
70
100
AcDbEntity
  8
0
  6
Continuous
 62
     7
100
AcDbCircle
 10
415.4781641185513
 20
187.3601565388646
 30
0.0
 40
0.1
100
AcDbArc
 50
270.0
 51
0.0
  0
ARC
  5
B33
330
70
100
AcDbEntity
  8
0
  6
Continuous
 62
     7
100
AcDbCircle
 10
415.3581641185513
 20
187.3601565388646
 30
0.0
 40
0.1
100
AcDbArc
 50
180.0
 51
270.0
  0
ARC
  5
B34
330
70
100
AcDbEntity
  8
0
  6
Continuous
 62
     7
100
AcDbCircle
 10
418.7781641185513
 20
187.3601565388646
 30
0.0
 40
0.1
100
AcDbArc
 50
269.9999999911999
 51
359.9999999910989
  0
ARC
  5
B35
330
70
100
AcDbEntity
  8
0
  6
Continuous
 62
     7
100
AcDbCircle
 10
418.6581641185513
 20
187.3601565388646
 30
0.0
 40
0.1
100
AcDbArc
 50
179.9999999994984
 51
269.9999999994984
  0
ARC
  5
B36
330
70
100
AcDbEntity
  8
0
  6
Continuous
 62
     7
100
AcDbCircle
 10
413.1956775130512
 20
220.6851565388646
 30
0.0
 40
18.625
100
AcDbArc
 50
253.146061957003
 51
286.853938042997
  0
ARC
  5
B37
330
70
100
AcDbEntity
  8
0
  6
Continuous
 62
     7
100
AcDbCircle
 10
410.8677532151513
 20
204.6340675837647
 30
0.0
 40
3.0
100
AcDbArc
 50
254.3577535428026
 51
270.0000000000977
  0
ARC
  5
B38
330
70
100
AcDbEntity
  8
0
  6
Continuous
 62
     7
100
AcDbCircle
 10
407.7496396620512
 20
200.8340675837646
 30
0.0
 40
1.5
100
AcDbArc
 50
74.35775354439909
 51
90.0
  0
ARC
  5
B39
330
70
100
AcDbEntity
  8
0
  6
Continuous
 62
     7
100
AcDbCircle
 10
407.6381641185513
 20
200.9601565388646
 30
0.0
 40
1.4999993904
100
AcDbArc
 50
83.97162273549714
 51
90.0
  0
ARC
  5
B3A
330
70
100
AcDbEntity
  8
0
  6
Continuous
 62
     7
100
AcDbCircle
 10
406.4824276614511
 20
200.4808177321646
 30
0.0
 40
0.1532498516
100
AcDbArc
 50
0.0
 51
177.5176846229012
  0
ARC
  5
B3B
330
70
100
AcDbEntity
  8
0
  6
Continuous
 62
     7
100
AcDbCircle
 10
407.2156775130513
 20
197.4759158552645
 30
0.0
 40
0.15
100
AcDbArc
 50
0.0274039767986832
 51
42.3803980790981
  0
ARC
  5
B3C
330
70
100
AcDbEntity
  8
0
  6
Continuous
 62
     7
100
AcDbCircle
 10
406.7856775130512
 20
198.3922193121646
 30
0.0
 40
0.15
100
AcDbArc
 50
180.0000531334993
 51
222.3530472357975
  0
ARC
  5
B3D
330
70
100
AcDbEntity
  8
0
  6
Continuous
 62
     7
100
AcDbCircle
 10
405.2556775130511
 20
200.4840675837647
 30
0.0
 40
0.15
100
AcDbArc
 50
0.0000000004005972
 51
90.00000000039733
  0
ARC
  5
B3E
330
70
100
AcDbEntity
  8
0
  6
Continuous
 62
     7
100
AcDbCircle
 10
406.3861193950511
 20
198.3819647849646
 30
0.0
 40
0.1479402615
100
AcDbArc
 50
182.6032346472014
 51
222.4334158060042
  0
ARC
  5
B3F
330
70
100
AcDbEntity
  8
0
  6
Continuous
 62
     7
100
AcDbCircle
 10
406.9177457204512
 20
197.3604147322646
 30
0.0
 40
0.1479318202
100
AcDbArc
 50
0.0349565698005688
 51
42.51170099559889
  0
ARC
  5
B40
330
70
100
AcDbEntity
  8
0
  6
Continuous
 62
     7
100
AcDbCircle
 10
406.9177465370513
 20
197.3405035457646
 30
0.0
 40
0.1479310033
100
AcDbArc
 50
0.0348336152015801
 51
42.51182395199945
  0
ARC
  5
B41
330
70
100
AcDbEntity
  8
0
  6
Continuous
 62
     7
100
AcDbCircle
 10
406.386090641851
 20
198.3620399612646
 30
0.0
 40
0.1479100532
100
AcDbArc
 50
179.9900877737984
 51
222.4371230490996
  0
ARC
  5
B42
330
70
100
AcDbEntity
  8
0
  6
Continuous
 62
     7
100
AcDbCircle
 10
404.2356775130512
 20
197.9140675837647
 30
0.0
 40
0.13
100
AcDbArc
 50
270.0
 51
0.0
  0
ARC
  5
B43
330
70
100
AcDbEntity
  8
0
  6
Continuous
 62
     7
100
AcDbCircle
 10
404.2356775130512
 20
198.1540675837647
 30
0.0
 40
0.13
100
AcDbArc
 50
0.0
 51
90.0
  0
ARC
  5
B44
330
70
100
AcDbEntity
  8
0
  6
Continuous
 62
     7
100
AcDbCircle
 10
404.1956775130512
 20
198.4140675837647
 30
0.0
 40
0.13
100
AcDbArc
 50
179.9999999991011
 51
270.0
  0
ARC
  5
B45
330
70
100
AcDbEntity
  8
0
  6
Continuous
 62
     7
100
AcDbCircle
 10
404.1956775130512
 20
198.7040675837646
 30
0.0
 40
0.13
100
AcDbArc
 50
89.99999999889917
 51
180.0000000004006
  0
ARC
  5
B46
330
70
100
AcDbEntity
  8
0
  6
Continuous
 62
     7
100
AcDbCircle
 10
404.1956775130512
 20
197.3640675837646
 30
0.0
 40
0.13
100
AcDbArc
 50
179.9999999991011
 51
270.0000000008012
  0
ARC
  5
B47
330
70
100
AcDbEntity
  8
0
  6
Continuous
 62
     7
100
AcDbCircle
 10
404.1956775130512
 20
197.6540675837647
 30
0.0
 40
0.13
100
AcDbArc
 50
90.0
 51
180.0000000004006
  0
ARC
  5
B48
330
70
100
AcDbEntity
  8
0
  6
Continuous
 62
     7
100
AcDbCircle
 10
420.0456775130512
 20
198.1540675837647
 30
0.0
 40
0.13
100
AcDbArc
 50
90.0
 51
180.0
  0
ARC
  5
B49
330
70
100
AcDbEntity
  8
0
  6
Continuous
 62
     7
100
AcDbCircle
 10
420.0856775130511
 20
198.4140675837647
 30
0.0
 40
0.13
100
AcDbArc
 50
270.0
 51
0.0
  0
ARC
  5
B4A
330
70
100
AcDbEntity
  8
0
  6
Continuous
 62
     7
100
AcDbCircle
 10
420.0856775130511
 20
198.7040675837646
 30
0.0
 40
0.13
100
AcDbArc
 50
0.0
 51
89.99999999990228
  0
ARC
  5
B4B
330
70
100
AcDbEntity
  8
0
  6
Continuous
 62
     7
100
AcDbCircle
 10
420.0856775130511
 20
197.3640675837646
 30
0.0
 40
0.13
100
AcDbArc
 50
270.0000000013027
 51
0.0
  0
ARC
  5
B4C
330
70
100
AcDbEntity
  8
0
  6
Continuous
 62
     7
100
AcDbCircle
 10
420.0856775130511
 20
197.6540675837647
 30
0.0
 40
0.13
100
AcDbArc
 50
0.0
 51
90.0
  0
ARC
  5
B4D
330
70
100
AcDbEntity
  8
0
  6
Continuous
 62
     7
100
AcDbCircle
 10
420.0456775130512
 20
197.9140675837647
 30
0.0
 40
0.13
100
AcDbArc
 50
180.0
 51
270.0
  0
SPLINE
  5
B4E
330
70
100
AcDbEntity
  8
0
  6
Continuous
 62
     7
100
AcDbSpline
210
0.0
220
0.0
230
1.0
 70
     8
 71
     3
 72
    15
 73
    11
 74
     0
 42
0.0000001
 43
0.0000000001
 40
0.0
 40
0.0
 40
0.0
 40
0.0
 40
0.1285537529
 40
0.2388312735
 40
0.3355165501
 40
0.4353372714
 40
0.5525212627000001
 40
0.6893094034999999
 40
0.8411175181
 40
1.0
 40
1.0
 40
1.0
 40
1.0
 10
404.9880899558512
 20
196.2340774845647
 30
0.0
 10
404.9805003853514
 20
196.2341335198646
 30
0.0
 10
404.9663901042513
 20
196.2346574466646
 30
0.0
 10
404.9467991511513
 20
196.2387176663645
 30
0.0
 10
404.9309509284513
 20
196.2487273028647
 30
0.0
 10
404.9216709686513
 20
196.2654150603647
 30
0.0
 10
404.9174094437512
 20
196.2859811822646
 30
0.0
 10
404.9159257889511
 20
196.3099245601645
 30
0.0
 10
404.9156246458513
 20
196.3363409640646
 30
0.0
 10
404.9156775130512
 20
196.3546846679646
 30
0.0
 10
404.9156775130512
 20
196.3640650448646
 30
0.0
  0
SPLINE
  5
B4F
330
70
100
AcDbEntity
  8
0
  6
Continuous
 62
     7
100
AcDbSpline
210
0.0
220
0.0
230
1.0
 70
     8
 71
     3
 72
    13
 73
     9
 74
     0
 42
0.0000001
 43
0.0000000001
 40
0.0
 40
0.0
 40
0.0
 40
0.0
 40
0.3321865544
 40
0.4803502419
 40
0.6086347448
 40
0.7150135476
 40
0.8059419054999999
 40
1.0
 40
1.0
 40
1.0
 40
1.0
 10
404.6656775178513
 20
198.8340675837645
 30
0.0
 10
404.6791237299514
 20
198.8340675837645
 30
0.0
 10
404.6985684594512
 20
198.8339180587646
 30
0.0
 10
404.7232000030512
 20
198.8349171327647
 30
0.0
 10
404.7385894088511
 20
198.8369812148647
 30
0.0
 10
404.7512554097513
 20
198.8411653899647
 30
0.0
 10
404.7638323191512
 20
198.8517243852646
 30
0.0
 10
404.7656775130511
 20
198.8644091219646
 30
0.0
 10
404.7656775130511
 20
198.8722641848645
 30
0.0
  0
SPLINE
  5
B50
330
70
100
AcDbEntity
  8
0
  6
Continuous
 62
     7
100
AcDbSpline
210
0.0
220
0.0
230
1.0
 70
     8
 71
     3
 72
    13
 73
     9
 74
     0
 42
0.0000001
 43
0.0000000001
 40
0.0
 40
0.0
 40
0.0
 40
0.0
 40
0.1940979322
 40
0.2850394739
 40
0.3914177409
 40
0.5197148997
 40
0.6678560072
 40
1.0
 40
1.0
 40
1.0
 40
1.0
 10
404.7656775130511
 20
197.1958709826646
 30
0.0
 10
404.7656775130511
 20
197.2037275320646
 30
0.0
 10
404.7638349450513
 20
197.2164193708647
 30
0.0
 10
404.7512450276512
 20
197.2269655805646
 30
0.0
 10
404.7385823957513
 20
197.2311570442646
 30
0.0
 10
404.7231922277513
 20
197.2332185364646
 30
0.0
 10
404.6985638523511
 20
197.2342195520646
 30
0.0
 10
404.6791217914513
 20
197.2340675837646
 30
0.0
 10
404.6656775178513
 20
197.2340675837646
 30
0.0
  0
SPLINE
  5
B51
330
70
100
AcDbEntity
  8
0
  6
Continuous
 62
     7
100
AcDbSpline
210
0.0
220
0.0
230
1.0
 70
     8
 71
     3
 72
     9
 73
     5
 74
     0
 42
0.0000001
 43
0.0000000001
 40
0.0
 40
0.0
 40
0.0
 40
0.0
 40
0.2530536479
 40
1.0
 40
1.0
 40
1.0
 40
1.0
 10
405.4056775130511
 20
196.6773102874646
 30
0.0
 10
405.4056775130511
 20
196.6741524264648
 30
0.0
 10
405.4060757857513
 20
196.6616776190644
 30
0.0
 10
405.4081309791513
 20
196.6492475755647
 30
0.0
 10
405.4106211129513
 20
196.6402651928646
 30
0.0
  0
SPLINE
  5
B52
330
70
100
AcDbEntity
  8
0
  6
Continuous
 62
     7
100
AcDbSpline
210
0.0
220
0.0
230
1.0
 70
     8
 71
     3
 72
    13
 73
     9
 74
     0
 42
0.0000001
 43
0.0000000001
 40
0.0
 40
0.0
 40
0.0
 40
0.0
 40
0.1940979332
 40
0.2850394751
 40
0.3914177417
 40
0.5197149
 40
0.6678560072
 40
1.0
 40
1.0
 40
1.0
 40
1.0
 10
419.5156775130511
 20
198.8722641848645
 30
0.0
 10
419.5156775130511
 20
198.8644076354647
 30
0.0
 10
419.5175200810513
 20
198.8517157968646
 30
0.0
 10
419.5301099981511
 20
198.8411695871647
 30
0.0
 10
419.5427726298512
 20
198.8369781233646
 30
0.0
 10
419.5581627975514
 20
198.8349166310647
 30
0.0
 10
419.5827911725514
 20
198.8339156154646
 30
0.0
 10
419.6022332331511
 20
198.8340675837645
 30
0.0
 10
419.6156775065512
 20
198.8340675837645
 30
0.0
  0
SPLINE
  5
B53
330
70
100
AcDbEntity
  8
0
  6
Continuous
 62
     7
100
AcDbSpline
210
0.0
220
0.0
230
1.0
 70
     8
 71
     3
 72
    11
 73
     7
 74
     0
 42
0.0000001
 43
0.0000000001
 40
0.0
 40
0.0
 40
0.0
 40
0.0
 40
0.2445350962
 40
0.4928839149
 40
0.7451954156000001
 40
1.0
 40
1.0
 40
1.0
 40
1.0
 10
405.4106222831513
 20
196.6402651930646
 30
0.0
 10
405.4148069682513
 20
196.6251702442646
 30
0.0
 10
405.4286464415512
 20
196.5959905559648
 30
0.0
 10
405.4627789477511
 20
196.5614328005646
 30
0.0
 10
405.5066418365512
 20
196.5391704617646
 30
0.0
 10
405.5393554163513
 20
196.5340675837646
 30
0.0
 10
405.5556775130512
 20
196.5340675837646
 30
0.0
  0
SPLINE
  5
B54
330
70
100
AcDbEntity
  8
0
  6
Continuous
 62
     7
100
AcDbSpline
210
0.0
220
0.0
230
1.0
 70
     8
 71
     3
 72
    13
 73
     9
 74
     0
 42
0.0000001
 43
0.0000000001
 40
0.0
 40
0.0
 40
0.0
 40
0.0
 40
0.3321865547
 40
0.4803502417
 40
0.6086347441
 40
0.7150135466
 40
0.8059419045999998
 40
1.0
 40
1.0
 40
1.0
 40
1.0
 10
419.6156775065512
 20
197.2340675837646
 30
0.0
 10
419.6022312946513
 20
197.2340675837646
 30
0.0
 10
419.5827865654513
 20
197.2342171086646
 30
0.0
 10
419.5581550221513
 20
197.2332180346646
 30
0.0
 10
419.5427656167511
 20
197.2311539524647
 30
0.0
 10
419.5300996159512
 20
197.2269697772646
 30
0.0
 10
419.5175227068514
 20
197.2164107819646
 30
0.0
 10
419.5156775130511
 20
197.2037260454647
 30
0.0
 10
419.5156775130511
 20
197.1958709826646
 30
0.0
  0
SPLINE
  5
B55
330
70
100
AcDbEntity
  8
0
  6
Continuous
 62
     7
100
AcDbSpline
210
0.0
220
0.0
230
1.0
 70
     8
 71
     3
 72
    11
 73
     7
 74
     0
 42
0.0000001
 43
0.0000000001
 40
0.0
 40
0.0
 40
0.0
 40
0.0
 40
0.2548045844
 40
0.5071160852000001
 40
0.7554649038
 40
1.0
 40
1.0
 40
1.0
 40
1.0
 10
406.9156775130513
 20
196.5340675837646
 30
0.0
 10
406.9319996096513
 20
196.5340675837646
 30
0.0
 10
406.9647131896513
 20
196.5391704617646
 30
0.0
 10
407.0085760776512
 20
196.5614328005646
 30
0.0
 10
407.0427085861513
 20
196.5959905551646
 30
0.0
 10
407.0565480537513
 20
196.6251702449646
 30
0.0
 10
407.0607327427511
 20
196.6402651926646
 30
0.0
  0
SPLINE
  5
B56
330
70
100
AcDbEntity
  8
0
  6
Continuous
 62
     7
100
AcDbSpline
210
0.0
220
0.0
230
1.0
 70
     8
 71
     3
 72
     9
 73
     5
 74
     0
 42
0.0000001
 43
0.0000000001
 40
0.0
 40
0.0
 40
0.0
 40
0.0
 40
0.2474062763
 40
1.0
 40
1.0
 40
1.0
 40
1.0
 10
407.0607336611512
 20
196.6402651926646
 30
0.0
 10
407.0615584747511
 20
196.6432404477646
 30
0.0
 10
407.0644657359513
 20
196.6553818001646
 30
0.0
 10
407.0656775130512
 20
196.6679181675645
 30
0.0
 10
407.0656775130512
 20
196.6773100441646
 30
0.0
  0
SPLINE
  5
B57
330
70
100
AcDbEntity
  8
0
  6
Continuous
 62
     7
100
AcDbSpline
210
0.0
220
0.0
230
1.0
 70
     8
 71
     3
 72
    15
 73
    11
 74
     0
 42
0.0000001
 43
0.0000000001
 40
0.0
 40
0.0
 40
0.0
 40
0.0
 40
0.1287055632
 40
0.2389032647
 40
0.3355897069
 40
0.4352430521000001
 40
0.5524488648000001
 40
0.6893313258
 40
0.8408693662999999
 40
1.0
 40
1.0
 40
1.0
 40
1.0
 10
404.9881237629511
 20
200.6340577511647
 30
0.0
 10
404.9805233300514
 20
200.6340014163645
 30
0.0
 10
404.9664108234512
 20
200.6334604115647
 30
0.0
 10
404.9467902092512
 20
200.6294504397646
 30
0.0
 10
404.9309861248511
 20
200.6194049851646
 30
0.0
 10
404.9216242273512
 20
200.6027734806646
 30
0.0
 10
404.9174464728513
 20
200.5821751074645
 30
0.0
 10
404.9159116480512
 20
200.5582461983646
 30
0.0
 10
404.9156586218511
 20
200.5318148650646
 30
0.0
 10
404.9156775062512
 20
200.5134688490648
 30
0.0
 10
404.9156775062512
 20
200.5040714703647
 30
0.0
  0
SPLINE
  5
B58
330
70
100
AcDbEntity
  8
0
  6
Continuous
 62
     7
100
AcDbSpline
210
0.0
220
0.0
230
1.0
 70
     8
 71
     3
 72
    14
 73
    10
 74
     0
 42
0.0000001
 43
0.0000000001
 40
0.0
 40
0.0
 40
0.0
 40
0.0
 40
0.072694635
 40
0.1455409761
 40
0.2349160898
 40
0.3490270739
 40
0.4876757279
 40
0.6465876453
 40
1.0
 40
1.0
 40
1.0
 40
1.0
 10
404.7953073963511
 20
200.6340675837646
 30
0.0
 10
404.7918295324513
 20
200.6340675837646
 30
0.0
 10
404.7846448343513
 20
200.6327615075644
 30
0.0
 10
404.7760070463511
 20
200.6248225568646
 30
0.0
 10
404.7708357648511
 20
200.6124147727646
 30
0.0
 10
404.7678114714513
 20
200.5962915533647
 30
0.0
 10
404.7663065950511
 20
200.5766292892646
 30
0.0
 10
404.7655649699513
 20
200.5454927820646
 30
0.0
 10
404.7656775130511
 20
200.5209793832647
 30
0.0
 10
404.7656775130511
 20
200.5040713942647
 30
0.0
  0
SPLINE
  5
B59
330
70
100
AcDbEntity
  8
0
  6
Continuous
 62
     7
100
AcDbSpline
210
0.0
220
0.0
230
1.0
 70
     8
 71
     3
 72
    14
 73
    10
 74
     0
 42
0.0000001
 43
0.0000000001
 40
0.0
 40
0.0
 40
0.0
 40
0.0
 40
0.3534727749
 40
0.5123566233
 40
0.6510004426
 40
0.7651233734999999
 40
0.8544695571
 40
0.9273040757
 40
1.0
 40
1.0
 40
1.0
 40
1.0
 10
404.7656775130511
 20
196.3640600196646
 30
0.0
 10
404.7656775130511
 20
196.3471494723645
 30
0.0
 10
404.7655658466513
 20
196.3226350462647
 30
0.0
 10
404.7663066892513
 20
196.2914977447646
 30
0.0
 10
404.7678137428513
 20
196.2718371006646
 30
0.0
 10
404.7708350491513
 20
196.2557149007647
 30
0.0
 10
404.7760070462512
 20
196.2433083365646
 30
0.0
 10
404.7846462036513
 20
196.2353749093646
 30
0.0
 10
404.7918295390513
 20
196.2340675837646
 30
0.0
 10
404.7953073963511
 20
196.2340675837646
 30
0.0
  0
SPLINE
  5
B5A
330
70
100
AcDbEntity
  8
0
  6
Continuous
 62
     7
100
AcDbSpline
210
0.0
220
0.0
230
1.0
 70
     8
 71
     3
 72
     9
 73
     5
 74
     0
 42
0.0000001
 43
0.0000000001
 40
0.0
 40
0.0
 40
0.0
 40
0.0
 40
0.2542435334
 40
1.0
 40
1.0
 40
1.0
 40
1.0
 10
405.4056775130511
 20
196.7249939271646
 30
0.0
 10
405.4056775130511
 20
196.7217554566646
 30
0.0
 10
405.4060628085513
 20
196.7090232846646
 30
0.0
 10
405.4080845829513
 20
196.6963203428645
 30
0.0
 10
405.4106222833512
 20
196.6871663881647
 30
0.0
  0
SPLINE
  5
B5B
330
70
100
AcDbEntity
  8
0
  6
Continuous
 62
     7
100
AcDbSpline
210
0.0
220
0.0
230
1.0
 70
     8
 71
     3
 72
     9
 73
     5
 74
     0
 42
0.0000001
 43
0.0000000001
 40
0.0
 40
0.0
 40
0.0
 40
0.0
 40
0.2457172999
 40
1.0
 40
1.0
 40
1.0
 40
1.0
 10
406.0754853231513
 20
196.6871663881647
 30
0.0
 10
406.0735399910513
 20
196.6923447734647
 30
0.0
 10
406.0672133847513
 20
196.7139975595647
 30
0.0
 10
406.0664467026512
 20
196.7371550458646
 30
0.0
 10
406.0687489587512
 20
196.7539790881646
 30
0.0
  0
SPLINE
  5
B5C
330
70
100
AcDbEntity
  8
0
  6
Continuous
 62
     7
100
AcDbSpline
210
0.0
220
0.0
230
1.0
 70
     8
 71
     3
 72
     9
 73
     5
 74
     0
 42
0.0000001
 43
0.0000000001
 40
0.0
 40
0.0
 40
0.0
 40
0.0
 40
0.2531573701
 40
1.0
 40
1.0
 40
1.0
 40
1.0
 10
406.3130138868514
 20
196.7539790881646
 30
0.0
 10
406.3137927840513
 20
196.7483363776646
 30
0.0
 10
406.3155212307513
 20
196.7259051378647
 30
0.0
 10
406.3122503621514
 20
196.7029036409646
 30
0.0
 10
406.3063572165512
 20
196.6871663881647
 30
0.0
  0
SPLINE
  5
B5D
330
70
100
AcDbEntity
  8
0
  6
Continuous
 62
     7
100
AcDbSpline
210
0.0
220
0.0
230
1.0
 70
     8
 71
     3
 72
    11
 73
     7
 74
     0
 42
0.0000001
 43
0.0000000001
 40
0.0
 40
0.0
 40
0.0
 40
0.0
 40
0.2544932413
 40
0.5067176921000001
 40
0.7551387737000002
 40
1.0
 40
1.0
 40
1.0
 40
1.0
 10
405.5556775130512
 20
196.5809687792647
 30
0.0
 10
405.5400183670512
 20
196.5809687792647
 30
0.0
 10
405.5086375434513
 20
196.5856638393647
 30
0.0
 10
405.4661754882513
 20
196.6061896715647
 30
0.0
 10
405.4323297320513
 20
196.6382326118647
 30
0.0
 10
405.4177240849512
 20
196.6655583448646
 30
0.0
 10
405.4128835987512
 20
196.6798260900647
 30
0.0
  0
SPLINE
  5
B5E
330
70
100
AcDbEntity
  8
0
  6
Continuous
 62
     7
100
AcDbSpline
210
0.0
220
0.0
230
1.0
 70
     8
 71
     3
 72
     9
 73
     5
 74
     0
 42
0.0000001
 43
0.0000000001
 40
0.0
 40
0.0
 40
0.0
 40
0.0
 40
0.2454580396
 40
1.0
 40
1.0
 40
1.0
 40
1.0
 10
407.0607327427511
 20
196.6871663882647
 30
0.0
 10
407.0615680784513
 20
196.6901795983646
 30
0.0
 10
407.0645176078513
 20
196.7025796154648
 30
0.0
 10
407.0656775130512
 20
196.7153819249647
 30
0.0
 10
407.0656775130512
 20
196.7249939270647
 30
0.0
  0
SPLINE
  5
B5F
330
70
100
AcDbEntity
  8
0
  6
Continuous
 62
     7
100
AcDbSpline
210
0.0
220
0.0
230
1.0
 70
     8
 71
     3
 72
     9
 73
     5
 74
     0
 42
0.0000001
 43
0.0000000001
 40
0.0
 40
0.0
 40
0.0
 40
0.0
 40
0.4942049991000001
 40
1.0
 40
1.0
 40
1.0
 40
1.0
 10
407.0487346738513
 20
196.6576875357647
 30
0.0
 10
407.0361435986511
 20
196.6346804683646
 30
0.0
 10
406.9965901765512
 20
196.5948511782647
 30
0.0
 10
406.9425196772511
 20
196.5809687792647
 30
0.0
 10
406.9156775130513
 20
196.5809687792647
 30
0.0
  0
SPLINE
  5
B60
330
70
100
AcDbEntity
  8
USB20_MANIFOLD_SOLID_1
  6
Continuous
 62
     7
100
AcDbSpline
210
0.0
220
0.0
230
1.0
 70
     8
 71
     3
 72
    14
 73
    10
 74
     0
 42
0.0000001
 43
0.0000000001
 40
0.0
 40
0.0
 40
0.0
 40
0.0
 40
0.3319402862
 40
0.4703305071
 40
0.5887542518
 40
0.6910498387999999
 40
0.7866389639
 40
0.8870740217999999
 40
1.0
 40
1.0
 40
1.0
 40
1.0
 10
385.6656775130513
 20
196.1729785616646
 30
0.0
 10
385.6656775130513
 20
196.1567542155643
 30
0.0
 10
385.6654615814514
 20
196.1336989931645
 30
0.0
 10
385.6613352863513
 20
196.1051628209646
 30
0.0
 10
385.6561932499514
 20
196.0882619291644
 30
0.0
 10
385.6479510198513
 20
196.0748905128646
 30
0.0
 10
385.6362460141513
 20
196.0656607834647
 30
0.0
 10
385.6216663299514
 20
196.0609183396646
 30
0.0
 10
385.6111970304512
 20
196.0601565388646
 30
0.0
 10
385.6056775131514
 20
196.0601565388646
 30
0.0
  0
SPLINE
  5
B61
330
70
100
AcDbEntity
  8
USB20_MANIFOLD_SOLID_1
  6
Continuous
 62
     7
100
AcDbSpline
210
0.0
220
0.0
230
1.0
 70
     8
 71
     3
 72
    14
 73
    10
 74
     0
 42
0.0000001
 43
0.0000000001
 40
0.0
 40
0.0
 40
0.0
 40
0.0
 40
0.2770164367
 40
0.4111013863000001
 40
0.540044391
 40
0.6630036540999999
 40
0.7799118856
 40
0.8917220201999999
 40
1.0
 40
1.0
 40
1.0
 40
1.0
 10
394.9475133596513
 20
200.1972261923647
 30
0.0
 10
394.8858528123513
 20
200.1972274999647
 30
0.0
 10
394.7935156555512
 20
200.1844168873646
 30
0.0
 10
394.6809097952512
 20
200.1413274466647
 30
0.0
 10
394.6062405574514
 20
200.0979707043646
 30
0.0
 10
394.5432417574514
 20
200.0446166579646
 30
0.0
 10
394.4940966544513
 20
199.9829667892645
 30
0.0
 10
394.4607287105514
 20
199.9151134194644
 30
0.0
 10
394.4498123796514
 20
199.8667709464646
 30
0.0
 10
394.4474972703513
 20
199.8427810115646
 30
0.0
  0
SPLINE
  5
B62
330
70
100
AcDbEntity
  8
USB20_MANIFOLD_SOLID_1
  6
Continuous
 62
     7
100
AcDbSpline
210
0.0
220
0.0
230
1.0
 70
     8
 71
     3
 72
    14
 73
    10
 74
     0
 42
0.0000001
 43
0.0000000001
 40
0.0
 40
0.0
 40
0.0
 40
0.0
 40
0.1082769533
 40
0.2200889209
 40
0.3370002467
 40
0.4599623769
 40
0.5889068823
 40
0.7229912870000002
 40
1.0
 40
1.0
 40
1.0
 40
1.0
 10
395.9871131569514
 20
199.8428980167646
 30
0.0
 10
395.9847885907513
 20
199.8668858120646
 30
0.0
 10
395.9738538682513
 20
199.9152220599646
 30
0.0
 10
395.9404637398512
 20
199.9830617090646
 30
0.0
 10
395.8913016934514
 20
200.0446958232646
 30
0.0
 10
395.8282911559513
 20
200.0980330117646
 30
0.0
 10
395.7536153039512
 20
200.1413726708646
 30
0.0
 10
395.6410078443513
 20
200.1844393952645
 30
0.0
 10
395.5486749073513
 20
200.1972359311647
 30
0.0
 10
395.4870186150513
 20
200.1972261917646
 30
0.0
  0
SPLINE
  5
B63
330
70
100
AcDbEntity
  8
USB20_MANIFOLD_SOLID_1
  6
Continuous
 62
     7
100
AcDbSpline
210
0.0
220
0.0
230
1.0
 70
     8
 71
     3
 72
    14
 73
    10
 74
     0
 42
0.0000001
 43
0.0000000001
 40
0.0
 40
0.0
 40
0.0
 40
0.0
 40
0.2770167246
 40
0.4111017362
 40
0.5400447245000001
 40
0.6630038987
 40
0.7799120037999999
 40
0.8917220293999999
 40
1.0
 40
1.0
 40
1.0
 40
1.0
 10
388.9441726464514
 20
200.1972261923647
 30
0.0
 10
388.8825116410513
 20
200.1972274944645
 30
0.0
 10
388.7901738047514
 20
200.1844166242646
 30
0.0
 10
388.6775673045512
 20
200.1413264756645
 30
0.0
 10
388.6028978185514
 20
200.0979690619646
 30
0.0
 10
388.5398990382515
 20
200.0446142394646
 30
0.0
 10
388.4907542579514
 20
199.9829635436646
 30
0.0
 10
388.4573869791513
 20
199.9151093498646
 30
0.0
 10
388.4464713344512
 20
199.8667664153646
 30
0.0
 10
388.4441565931513
 20
199.8427762922646
 30
0.0
  0
SPLINE
  5
B64
330
70
100
AcDbEntity
  8
USB20_MANIFOLD_SOLID_1
  6
Continuous
 62
     7
100
AcDbSpline
210
0.0
220
0.0
230
1.0
 70
     8
 71
     3
 72
    14
 73
    10
 74
     0
 42
0.0000001
 43
0.0000000001
 40
0.0
 40
0.0
 40
0.0
 40
0.0
 40
0.1082769431
 40
0.2200888015
 40
0.3370000013
 40
0.4599620433
 40
0.588906533
 40
0.7229910003
 40
1.0
 40
1.0
 40
1.0
 40
1.0
 10
389.9838485504514
 20
199.8428933112647
 30
0.0
 10
389.9815243509512
 20
199.8668812958646
 30
0.0
 10
389.9705903112512
 20
199.9152180073646
 30
0.0
 10
389.9372008419512
 20
199.9830584822646
 30
0.0
 10
389.8880391112513
 20
200.0446934240646
 30
0.0
 10
389.8250285858513
 20
200.0980313878646
 30
0.0
 10
389.7503524781513
 20
200.1413717159647
 30
0.0
 10
389.6377443695513
 20
200.1844391429647
 30
0.0
 10
389.5454107470513
 20
200.1972359305646
 30
0.0
 10
389.4837539936514
 20
200.1972261917646
 30
0.0
  0
SPLINE
  5
B65
330
70
100
AcDbEntity
  8
USB20_MANIFOLD_SOLID_1
  6
Continuous
 62
     7
100
AcDbSpline
210
0.0
220
0.0
230
1.0
 70
     8
 71
     3
 72
    11
 73
     7
 74
     0
 42
0.0000001
 43
0.0000000001
 40
0.0
 40
0.0
 40
0.0
 40
0.0
 40
0.264550139
 40
0.5006960832999999
 40
0.739407642
 40
1.0
 40
1.0
 40
1.0
 40
1.0
 10
387.4077031335511
 20
195.2742478116647
 30
0.0
 10
387.4038709349513
 20
195.1944393713647
 30
0.0
 10
387.4562965989514
 20
195.0272748461646
 30
0.0
 10
387.6856668965513
 20
194.9422961882647
 30
0.0
 10
387.9178824482514
 20
195.0052962075646
 30
0.0
 10
387.9944968039512
 20
195.1603557082645
 30
0.0
 10
388.0009537339511
 20
195.2387954493646
 30
0.0
  0
SPLINE
  5
B66
330
70
100
AcDbEntity
  8
USB20_MANIFOLD_SOLID_1
  6
Continuous
 62
     7
100
AcDbSpline
210
0.0
220
0.0
230
1.0
 70
     8
 71
     3
 72
     9
 73
     5
 74
     0
 42
0.0000001
 43
0.0000000001
 40
0.0
 40
0.0
 40
0.0
 40
0.0
 40
0.5017446029000002
 40
1.0
 40
1.0
 40
1.0
 40
1.0
 10
387.9035317959513
 20
201.2687233922645
 30
0.0
 10
387.8284540588512
 20
201.2634198875648
 30
0.0
 10
387.6744265373513
 20
201.2042327384647
 30
0.0
 10
387.6072139807513
 20
201.0510486092646
 30
0.0
 10
387.6024749510514
 20
200.9764575796647
 30
0.0
  0
SPLINE
  5
B67
330
70
100
AcDbEntity
  8
USB20_MANIFOLD_SOLID_1
  6
Continuous
 62
     7
100
AcDbSpline
210
0.0
220
0.0
230
1.0
 70
     8
 71
     3
 72
    11
 73
     7
 74
     0
 42
0.0000001
 43
0.0000000001
 40
0.0
 40
0.0
 40
0.0
 40
0.0
 40
0.2645860662
 40
0.5006967249000001
 40
0.7394000723000002
 40
1.0
 40
1.0
 40
1.0
 40
1.0
 10
393.4110418044513
 20
195.2742478116647
 30
0.0
 10
393.4071958238513
 20
195.1944255710647
 30
0.0
 10
393.4595585491513
 20
195.0272241918647
 30
0.0
 10
393.6889573272514
 20
194.9422316495647
 30
0.0
 10
393.9211535593514
 20
195.0052904200644
 30
0.0
 10
393.9977629392511
 20
195.1603499008647
 30
0.0
 10
394.0042203473512
 20
195.2387954498646
 30
0.0
  0
SPLINE
  5
B68
330
70
100
AcDbEntity
  8
USB20_MANIFOLD_SOLID_1
  6
Continuous
 62
     7
100
AcDbSpline
210
0.0
220
0.0
230
1.0
 70
     8
 71
     3
 72
     9
 73
     5
 74
     0
 42
0.0000001
 43
0.0000000001
 40
0.0
 40
0.0
 40
0.0
 40
0.0
 40
0.5017846655
 40
1.0
 40
1.0
 40
1.0
 40
1.0
 10
393.9068704676512
 20
201.2687233923647
 30
0.0
 10
393.8317844620513
 20
201.2634193037647
 30
0.0
 10
393.6777493709513
 20
201.2042509233647
 30
0.0
 10
393.6105200858512
 20
201.0510469174647
 30
0.0
 10
393.6058136219513
 20
200.9764575796647
 30
0.0
  0
SPLINE
  5
B69
330
70
100
AcDbEntity
  8
USB20_MANIFOLD_SOLID_1
  6
Continuous
 62
     7
100
AcDbSpline
210
0.0
220
0.0
230
1.0
 70
     8
 71
     3
 72
    11
 73
     7
 74
     0
 42
0.0000001
 43
0.0000000001
 40
0.0
 40
0.0
 40
0.0
 40
0.0
 40
0.2662458163
 40
0.5251023788
 40
0.7706829878
 40
1.0
 40
1.0
 40
1.0
 40
1.0
 10
389.5025860524512
 20
200.0025264324646
 30
0.0
 10
389.5463913413512
 20
200.0025273462647
 30
0.0
 10
389.6330542953514
 20
199.9939961808646
 30
0.0
 10
389.7549202406514
 20
199.9556879751646
 30
0.0
 10
389.8601788239515
 20
199.8944378679647
 30
0.0
 10
389.9164728684512
 20
199.8385704899646
 30
0.0
 10
389.9389255669512
 20
199.8082491306645
 30
0.0
  0
SPLINE
  5
B6A
330
70
100
AcDbEntity
  8
USB20_MANIFOLD_SOLID_1
  6
Continuous
 62
     7
100
AcDbSpline
210
0.0
220
0.0
230
1.0
 70
     8
 71
     3
 72
     9
 73
     5
 74
     0
 42
0.0000001
 43
0.0000000001
 40
0.0
 40
0.0
 40
0.0
 40
0.0
 40
0.5101609322999999
 40
1.0
 40
1.0
 40
1.0
 40
1.0
 10
389.9389255669512
 20
199.8082491306645
 30
0.0
 10
389.9565305897512
 20
199.7844743392647
 30
0.0
 10
389.9856258823513
 20
199.7334863807646
 30
0.0
 10
389.9998746049513
 20
199.6763495226647
 30
0.0
 10
390.0026026282511
 20
199.6480758583647
 30
0.0
  0
SPLINE
  5
B6B
330
70
100
AcDbEntity
  8
USB20_MANIFOLD_SOLID_1
  6
Continuous
 62
     7
100
AcDbSpline
210
0.0
220
0.0
230
1.0
 70
     8
 71
     3
 72
    11
 73
     7
 74
     0
 42
0.0000001
 43
0.0000000001
 40
0.0
 40
0.0
 40
0.0
 40
0.0
 40
0.2662454602
 40
0.5251018629999999
 40
0.7706826053000003
 40
1.0
 40
1.0
 40
1.0
 40
1.0
 10
395.5058537357512
 20
200.0025264324646
 30
0.0
 10
395.5496585352512
 20
200.0025273500647
 30
0.0
 10
395.6363205476512
 20
199.9939964282647
 30
0.0
 10
395.7581853699513
 20
199.9556891288646
 30
0.0
 10
395.8634433888514
 20
199.8944403828646
 30
0.0
 10
395.9197375646511
 20
199.8385741821648
 30
0.0
 10
395.9421905214514
 20
199.8082533976644
 30
0.0
  0
SPLINE
  5
B6C
330
70
100
AcDbEntity
  8
USB20_MANIFOLD_SOLID_1
  6
Continuous
 62
     7
100
AcDbSpline
210
0.0
220
0.0
230
1.0
 70
     8
 71
     3
 72
     9
 73
     5
 74
     0
 42
0.0000001
 43
0.0000000001
 40
0.0
 40
0.0
 40
0.0
 40
0.0
 40
0.5101612815
 40
1.0
 40
1.0
 40
1.0
 40
1.0
 10
395.9421905214514
 20
199.8082533976644
 30
0.0
 10
395.9597959629514
 20
199.7844787649646
 30
0.0
 10
395.9888921354513
 20
199.7334910898647
 30
0.0
 10
396.0031418664511
 20
199.6763542749647
 30
0.0
 10
396.0058703481514
 20
199.6480805774645
 30
0.0
  0
SPLINE
  5
B6D
330
70
100
AcDbEntity
  8
USB20_MANIFOLD_SOLID_1
  6
Continuous
 62
     7
100
AcDbSpline
210
0.0
220
0.0
230
1.0
 70
     8
 71
     3
 72
     9
 73
     5
 74
     0
 42
0.0000001
 43
0.0000000001
 40
0.0
 40
0.0
 40
0.0
 40
0.0
 40
0.4898503361000003
 40
1.0
 40
1.0
 40
1.0
 40
1.0
 10
394.4287626034513
 20
199.6481986257646
 30
0.0
 10
394.4314988302513
 20
199.6764344520646
 30
0.0
 10
394.4457407050514
 20
199.7334903305647
 30
0.0
 10
394.4747887642511
 20
199.7844138036647
 30
0.0
 10
394.4923632478514
 20
199.8081617649646
 30
0.0
  0
SPLINE
  5
B6E
330
70
100
AcDbEntity
  8
USB20_MANIFOLD_SOLID_1
  6
Continuous
 62
     7
100
AcDbSpline
210
0.0
220
0.0
230
1.0
 70
     8
 71
     3
 72
    11
 73
     7
 74
     0
 42
0.0000001
 43
0.0000000001
 40
0.0
 40
0.0
 40
0.0
 40
0.0
 40
0.2293077976
 40
0.4748867804
 40
0.7337479786
 40
1.0
 40
1.0
 40
1.0
 40
1.0
 10
394.4923632478514
 20
199.8081617649646
 30
0.0
 10
394.5148151654514
 20
199.8385004809647
 30
0.0
 10
394.5711197083513
 20
199.8944012315644
 30
0.0
 10
394.6764151876514
 20
199.9556840599647
 30
0.0
 10
394.7983322385512
 20
199.9940066564647
 30
0.0
 10
394.8850328074513
 20
200.0025333542647
 30
0.0
 10
394.9288565355512
 20
200.0025264318647
 30
0.0
  0
SPLINE
  5
B6F
330
70
100
AcDbEntity
  8
USB20_MANIFOLD_SOLID_1
  6
Continuous
 62
     7
100
AcDbSpline
210
0.0
220
0.0
230
1.0
 70
     8
 71
     3
 72
     9
 73
     5
 74
     0
 42
0.0000001
 43
0.0000000001
 40
0.0
 40
0.0
 40
0.0
 40
0.0
 40
0.4898506864
 40
1.0
 40
1.0
 40
1.0
 40
1.0
 10
388.4254250387513
 20
199.6481939219646
 30
0.0
 10
388.4281608088512
 20
199.6764297102645
 30
0.0
 10
388.4424016754514
 20
199.7334856215647
 30
0.0
 10
388.4714488495514
 20
199.7844093690644
 30
0.0
 10
388.4890229108513
 20
199.8081574853647
 30
0.0
  0
SPLINE
  5
B70
330
70
100
AcDbEntity
  8
USB20_MANIFOLD_SOLID_1
  6
Continuous
 62
     7
100
AcDbSpline
210
0.0
220
0.0
230
1.0
 70
     8
 71
     3
 72
    11
 73
     7
 74
     0
 42
0.0000001
 43
0.0000000001
 40
0.0
 40
0.0
 40
0.0
 40
0.0
 40
0.2293074133
 40
0.4748862628000003
 40
0.733747622
 40
1.0
 40
1.0
 40
1.0
 40
1.0
 10
388.4890229108513
 20
199.8081574853647
 30
0.0
 10
388.5114745712513
 20
199.8384967808646
 30
0.0
 10
388.5677789887513
 20
199.8943987174647
 30
0.0
 10
388.6730750471512
 20
199.9556829139647
 30
0.0
 10
388.7949932393514
 20
199.9940064169647
 30
0.0
 10
388.8816947622513
 20
200.0025333538646
 30
0.0
 10
388.9255189856513
 20
200.0025264318647
 30
0.0
  0
ELLIPSE
  5
B71
330
70
100
AcDbEntity
  8
0
  6
Continuous
 62
     7
100
AcDbEllipse
 10
406.1910172910513
 20
196.5261650394647
 30
0.0
 11
0.1750000344
 21
-0.0000126839
 31
0.0
210
0.0
220
0.0
230
1.0
 40
0.329179534
 41
1.884232450999999
 42
3.004197251799998
  0
ELLIPSE
  5
B72
330
70
100
AcDbEntity
  8
0
  6
Continuous
 62
     7
100
AcDbEllipse
 10
406.1914395510513
 20
195.8181502505646
 30
0.0
 11
-0.0007935294
 21
1.3066666623
 31
0.0
210
0.0
220
0.0
230
1.0
 40
0.1339285467
 41
-0.7725420037000001
 42
0.7723793359000001
  0
ELLIPSE
  5
B73
330
70
100
AcDbEntity
  8
0
  6
Continuous
 62
     7
100
AcDbEllipse
 10
406.1910172910513
 20
196.5261650394647
 30
0.0
 11
0.1750000344
 21
-0.0000126839
 31
0.0
210
0.0
220
0.0
230
1.0
 40
0.329179534
 41
0.1378357645
 42
1.257800565299999
  0
ELLIPSE
  5
B74
330
70
100
AcDbEntity
  8
0
  6
Continuous
 62
     7
100
AcDbEllipse
 10
406.1906829709513
 20
197.0867286314647
 30
0.0
 11
-0.0003555927
 21
0.5316246577
 31
0.0
210
0.0
220
0.0
230
1.0
 40
0.3291795340000001
 41
-3.862144341
 42
-3.455028777799997
  0
ELLIPSE
  5
B75
330
70
100
AcDbEntity
  8
0
  6
Continuous
 62
     7
100
AcDbEllipse
 10
406.1906829709513
 20
197.0867286314647
 30
0.0
 11
-0.0003555927
 21
0.5316246577
 31
0.0
210
0.0
220
0.0
230
1.0
 40
0.3291795340000001
 41
-2.828596892099998
 42
-2.4214813288
  0
MTEXT
  5
B7B
330
70
100
AcDbEntity
  8
slide
100
AcDbMText
 10
356.1289082468949
 20
180.6213875620315
 30
0.0
 40
2.0
 41
2.592678636732669
 46
0.0
 71
     1
 72
     5
  1
{\fSimSun|b0|i0|c134|p2;\C1;1}
 73
     1
 44
1.0
1001
ACAD
1000
ACAD_MTEXT_COLUMN_INFO_BEGIN
1070
    75
1070
     2
1070
    79
1070
     0
1070
    76
1070
     1
1070
    78
1070
     0
1070
    48
1040
2.592678636732669
1070
    49
1040
1.0
1070
    50
1070
     1
1040
0.0
1000
ACAD_MTEXT_COLUMN_INFO_END
  0
MTEXT
  5
B7C
330
70
100
AcDbEntity
  8
slide
100
AcDbMText
 10
355.8473203062424
 20
174.0308542636187
 30
0.0
 40
2.0
 41
2.592678636732669
 46
0.0
 71
     1
 72
     5
  1
{\fSimSun|b0|i0|c134|p2;\C1;8}
 73
     1
 44
1.0
1001
ACAD
1000
ACAD_MTEXT_COLUMN_INFO_BEGIN
1070
    75
1070
     2
1070
    79
1070
     0
1070
    76
1070
     1
1070
    78
1070
     0
1070
    48
1040
2.592678636732669
1070
    49
1040
1.0
1070
    50
1070
     1
1040
0.0
1000
ACAD_MTEXT_COLUMN_INFO_END
  0
MTEXT
  5
B7D
330
70
100
AcDbEntity
  8
slide
100
AcDbMText
 10
354.718304420906
 20
166.5686528710588
 30
0.0
 40
2.0
 41
2.592678636732669
 46
0.0
 71
     1
 72
     5
  1
{\fSimSun|b0|i0|c134|p2;\C1;1}
 73
     1
 44
1.0
1001
ACAD
1000
ACAD_MTEXT_COLUMN_INFO_BEGIN
1070
    75
1070
     2
1070
    79
1070
     0
1070
    76
1070
     1
1070
    78
1070
     0
1070
    48
1040
2.592678636732669
1070
    49
1040
1.0
1070
    50
1070
     1
1040
0.0
1000
ACAD_MTEXT_COLUMN_INFO_END
  0
MTEXT
  5
B7E
330
70
100
AcDbEntity
  8
slide
100
AcDbMText
 10
354.7958999122189
 20
156.4516602440199
 30
0.0
 40
2.0
 41
2.592678636732669
 46
0.0
 71
     1
 72
     5
  1
{\fSimSun|b0|i0|c134|p2;\C1;4}
 73
     1
 44
1.0
1001
ACAD
1000
ACAD_MTEXT_COLUMN_INFO_BEGIN
1070
    75
1070
     2
1070
    79
1070
     0
1070
    76
1070
     1
1070
    78
1070
     0
1070
    48
1040
2.592678636732669
1070
    49
1040
1.0
1070
    50
1070
     1
1040
0.0
1000
ACAD_MTEXT_COLUMN_INFO_END
  0
CIRCLE
  5
B7F
330
70
100
AcDbEntity
  8
02___PRT_ALL_AXES
  6
Continuous
 62
     7
100
AcDbCircle
 10
423.8407446131241
 20
196.5947864536413
 30
0.0
 40
1.1
  0
CIRCLE
  5
B80
330
70
100
AcDbEntity
  8
02___PRT_ALL_AXES
  6
Continuous
 62
     7
100
AcDbCircle
 10
349.8585210401732
 20
196.5947864536413
 30
0.0
 40
1.1
  0
CIRCLE
  5
B81
330
70
100
AcDbEntity
  8
slide
  6
HIDDEN
 62
     6
100
AcDbCircle
 10
423.8407446131241
 20
196.5947864536413
 30
0.0
 40
2.5
  0
CIRCLE
  5
B82
330
70
100
AcDbEntity
  8
slide
  6
HIDDEN
 62
     6
100
AcDbCircle
 10
349.8656787818677
 20
196.5947864536413
 30
0.0
 40
2.5
  0
ENDSEC
  0
SECTION
  2
OBJECTS
  0
DICTIONARY
  5
C
330
0
100
AcDbDictionary
281
     1
  3
ACAD_CIP_PREVIOUS_PRODUCT_INFO
350
7E
  3
ACAD_COLOR
350
63
  3
ACAD_DETAILVIEWSTYLE
350
6A
  3
ACAD_GROUP
350
D
  3
ACAD_LAYOUT
350
62
  3
ACAD_MATERIAL
350
10
  3
ACAD_MLEADERSTYLE
350
66
  3
ACAD_MLINESTYLE
350
5F
  3
ACAD_PLOTSETTINGS
350
61
  3
ACAD_PLOTSTYLENAME
350
E
  3
ACAD_SCALELIST
350
42
  3
ACAD_SECTIONVIEWSTYLE
350
68
  3
ACAD_TABLESTYLE
350
64
  3
ACAD_VISUALSTYLE
350
29
  3
ACDB_RECOMPOSE_DATA
350
BD2
  3
AcDbVariableDictionary
350
78
  0
DICTIONARY
  5
C3
330
2
100
AcDbDictionary
280
     1
281
     1
  3
ACAD_LAYERSTATES
360
C4
  0
XRECORD
  5
7E
102
{ACAD_REACTORS
330
C
102
}
330
C
100
AcDbXrecord
280
     1
300
ACD
300
2018
300
ACD_F_S
  0
DICTIONARY
  5
63
102
{ACAD_REACTORS
330
C
102
}
330
C
100
AcDbDictionary
281
     1
  0
DICTIONARY
  5
6A
102
{ACAD_REACTORS
330
C
102
}
330
C
100
AcDbDictionary
281
     1
  3
Imperial24
350
C6
  3
Metric50
350
6B
  0
DICTIONARY
  5
D
102
{ACAD_REACTORS
330
C
102
}
330
C
100
AcDbDictionary
281
     1
  0
DICTIONARY
  5
62
102
{ACAD_REACTORS
330
C
102
}
330
C
100
AcDbDictionary
281
     1
  3
Model
350
73
  3
布局1
350
6F
  3
布局2
350
77
  0
DICTIONARY
  5
10
102
{ACAD_REACTORS
330
C
102
}
330
C
100
AcDbDictionary
281
     1
  3
ByBlock
350
19
  3
ByLayer
350
11
  3
Global
350
21
  0
DICTIONARY
  5
66
102
{ACAD_REACTORS
330
C
102
}
330
C
100
AcDbDictionary
281
     1
  3
Standard
350
67
  0
DICTIONARY
  5
5F
102
{ACAD_REACTORS
330
C
102
}
330
C
100
AcDbDictionary
281
     1
  3
Standard
350
60
  0
DICTIONARY
  5
61
102
{ACAD_REACTORS
330
C
102
}
330
C
100
AcDbDictionary
281
     1
  0
ACDBDICTIONARYWDFLT
  5
E
102
{ACAD_REACTORS
330
C
102
}
330
C
100
AcDbDictionary
281
     1
  3
Normal
350
F
100
AcDbDictionaryWithDefault
340
F
  0
DICTIONARY
  5
42
102
{ACAD_REACTORS
330
C
102
}
330
C
100
AcDbDictionary
281
     1
  3
A0
350
43
  3
A1
350
44
  3
A2
350
45
  3
A3
350
46
  3
A4
350
47
  3
A5
350
48
  3
A6
350
49
  3
A7
350
4A
  3
A8
350
4B
  3
A9
350
4C
  3
B0
350
4D
  3
B1
350
4E
  3
B2
350
4F
  3
B3
350
50
  3
B4
350
51
  3
B5
350
52
  3
B6
350
53
  0
DICTIONARY
  5
68
102
{ACAD_REACTORS
330
C
102
}
330
C
100
AcDbDictionary
281
     1
  3
Imperial24
350
C5
  3
Metric50
350
69
  0
DICTIONARY
  5
64
102
{ACAD_REACTORS
330
C
102
}
330
C
100
AcDbDictionary
281
     1
  3
Standard
350
65
  0
DICTIONARY
  5
29
102
{ACAD_REACTORS
330
C
102
}
330
C
100
AcDbDictionary
281
     1
  3
2dWireframe
350
2F
  3
Basic
350
2E
  3
Brighten
350
35
  3
ColorChange
350
39
  3
Conceptual
350
32
  3
Dim
350
34
  3
EdgeColorOff
350
41
  3
Facepattern
350
38
  3
Flat
350
2A
  3
FlatWithEdges
350
2B
  3
Gouraud
350
2C
  3
GouraudWithEdges
350
2D
  3
Hidden
350
31
  3
JitterOff
350
3F
  3
Linepattern
350
37
  3
OverhangOff
350
40
  3
Realistic
350
33
  3
Shaded
350
3E
  3
Shaded with edges
350
3D
  3
Shades of Gray
350
3A
  3
Sketchy
350
3B
  3
Thicken
350
36
  3
Wireframe
350
30
  3
X-Ray
350
3C
  0
XRECORD
  5
BD2
102
{ACAD_REACTORS
330
C
102
}
330
C
100
AcDbXrecord
280
     1
 90
        1
330
65
330
B7B
330
B7C
330
B7D
330
B7E
  0
DICTIONARY
  5
78
102
{ACAD_REACTORS
330
C
102
}
330
C
100
AcDbDictionary
281
     1
  3
CANNOSCALE
350
BCF
  3
CENTEREXE
350
79
  3
CENTERLTYPEFILE
350
7A
  3
CMLEADERSTYLE
350
BCC
  3
CTABLESTYLE
350
BCB
  3
CVIEWDETAILSTYLE
350
BCD
  3
CVIEWSECTIONSTYLE
350
BCE
  0
DICTIONARY
  5
C4
102
{ACAD_REACTORS
330
C3
102
}
330
C3
100
AcDbDictionary
281
     1
  0
ACDBDETAILVIEWSTYLE
  5
C6
102
{ACAD_XDICTIONARY
360
C0B
102
}
102
{ACAD_REACTORS
330
6A
102
}
330
6A
100
AcDbModelDocViewStyle
 70
     0
  3
Imperial24
290
     0
100
AcDbDetailViewStyle
 70
     0
 71
     0
 90
        3
 71
     1
340
55
 62
   256
 40
0.24
340
0
 62
   256
 40
0.24
300

 40
0.36
280
     3
 71
     2
340
5D
 90
       25
 62
   256
 71
     3
340
55
 62
   256
 40
0.24
 90
        1
 40
0.75
 90
        1
300
%<\AcVar ViewType \f "%tc1">% %<\AcVar ViewDetailId>%\PSCALE %<\AcVar ViewScale \f "%sn">%
 71
     4
340
5D
 90
       25
 62
   256
340
5D
 90
       25
 62
   256
280
     0
  0
ACDBDETAILVIEWSTYLE
  5
6B
102
{ACAD_XDICTIONARY
360
C07
102
}
102
{ACAD_REACTORS
330
6A
102
}
330
6A
100
AcDbModelDocViewStyle
 70
     0
  3
Metric50
290
     0
100
AcDbDetailViewStyle
 70
     0
 71
     0
 90
        3
 71
     1
340
55
 62
   256
 40
5.0
340
0
 62
   256
 40
5.0
300

 40
0.36
280
     1
 71
     2
340
5D
 90
       25
 62
   256
 71
     3
340
55
 62
   256
 40
5.0
 90
        0
 40
15.0
 90
        1
300
%<\AcVar ViewDetailId>% (%<\AcVar ViewScale \f "%sn">%)
 71
     4
340
5D
 90
       25
 62
   256
340
5D
 90
       25
 62
   256
280
     0
  0
LAYOUT
  5
73
102
{ACAD_REACTORS
330
62
102
}
330
62
100
AcDbPlotSettings
  1

  2
pdfFactory Pro
  4

  6

 40
0.0
 41
0.0
 42
0.0
 43
0.0
 44
0.0
 45
0.0
 46
0.0
 47
0.0
 48
0.0
 49
0.0
140
0.0
141
0.0
142
1.0
143
1.0
 70
  1712
 72
     0
 73
     0
 74
     0
  7

 75
     0
147
1.0
 76
     0
 77
     2
 78
   300
148
0.0
149
0.0
100
AcDbLayout
  1
Model
 70
     1
 71
     0
 10
0.0
 20
0.0
 11
12.0
 21
9.0
 12
0.0
 22
0.0
 32
0.0
 14
0.0
 24
0.0
 34
0.0
 15
0.0
 25
0.0
 35
0.0
146
0.0
 13
0.0
 23
0.0
 33
0.0
 16
1.0
 26
0.0
 36
0.0
 17
0.0
 27
1.0
 37
0.0
 76
     0
330
70
331
57
  0
LAYOUT
  5
6F
102
{ACAD_REACTORS
330
62
102
}
330
62
100
AcDbPlotSettings
  1

  2
pdfFactory Pro
  4

  6

 40
0.0
 41
0.0
 42
0.0
 43
0.0
 44
0.0
 45
0.0
 46
0.0
 47
0.0
 48
0.0
 49
0.0
140
0.0
141
0.0
142
1.0
143
1.0
 70
   688
 72
     0
 73
     0
 74
     5
  7

 75
    16
147
1.0
 76
     0
 77
     2
 78
   300
148
0.0
149
0.0
100
AcDbLayout
  1
布局1
 70
     1
 71
     1
 10
0.0
 20
0.0
 11
420.0
 21
297.0
 12
0.0
 22
0.0
 32
0.0
 14
1.000000000000000E+20
 24
1.000000000000000E+20
 34
1.000000000000000E+20
 15
-1.000000000000000E+20
 25
-1.000000000000000E+20
 35
-1.000000000000000E+20
146
0.0
 13
0.0
 23
0.0
 33
0.0
 16
1.0
 26
0.0
 36
0.0
 17
0.0
 27
1.0
 37
0.0
 76
     0
330
6C
  0
LAYOUT
  5
77
102
{ACAD_REACTORS
330
62
102
}
330
62
100
AcDbPlotSettings
  1

  2
pdfFactory Pro
  4

  6

 40
0.0
 41
0.0
 42
0.0
 43
0.0
 44
0.0
 45
0.0
 46
0.0
 47
0.0
 48
0.0
 49
0.0
140
0.0
141
0.0
142
1.0
143
1.0
 70
   688
 72
     0
 73
     0
 74
     5
  7

 75
    16
147
1.0
 76
     0
 77
     2
 78
   300
148
0.0
149
0.0
100
AcDbLayout
  1
布局2
 70
     1
 71
     2
 10
0.0
 20
0.0
 11
12.0
 21
9.0
 12
0.0
 22
0.0
 32
0.0
 14
0.0
 24
0.0
 34
0.0
 15
0.0
 25
0.0
 35
0.0
146
0.0
 13
0.0
 23
0.0
 33
0.0
 16
1.0
 26
0.0
 36
0.0
 17
0.0
 27
1.0
 37
0.0
 76
     0
330
74
  0
MATERIAL
  5
19
102
{ACAD_XDICTIONARY
360
1A
102
}
102
{ACAD_REACTORS
330
10
102
}
330
10
100
AcDbMaterial
  1
ByBlock
 72
     0
 43
0.0208333333333333
 43
0.0
 43
0.0
 43
0.0
 43
0.0
 43
0.0208333333333333
 43
0.0
 43
0.0
 43
0.0
 43
0.0
 43
1.0
 43
0.0
 43
0.0
 43
0.0
 43
0.0
 43
1.0
 77
     0
 47
0.0208333333333333
 47
0.0
 47
0.0
 47
0.0
 47
0.0
 47
0.0208333333333333
 47
0.0
 47
0.0
 47
0.0
 47
0.0
 47
1.0
 47
0.0
 47
0.0
 47
0.0
 47
0.0
 47
1.0
171
     0
 49
0.0208333333333333
 49
0.0
 49
0.0
 49
0.0
 49
0.0
 49
0.0208333333333333
 49
0.0
 49
0.0
 49
0.0
 49
0.0
 49
1.0
 49
0.0
 49
0.0
 49
0.0
 49
0.0
 49
1.0
175
     0
142
0.0208333333333333
142
0.0
142
0.0
142
0.0
142
0.0
142
0.0208333333333333
142
0.0
142
0.0
142
0.0
142
0.0
142
1.0
142
0.0
142
0.0
142
0.0
142
0.0
142
1.0
179
     0
144
0.0208333333333333
144
0.0
144
0.0
144
0.0
144
0.0
144
0.0208333333333333
144
0.0
144
0.0
144
0.0
144
0.0
144
1.0
144
0.0
144
0.0
144
0.0
144
0.0
144
1.0
147
0.0208333333333333
147
0.0
147
0.0
147
0.0
147
0.0
147
0.0208333333333333
147
0.0
147
0.0
147
0.0
147
0.0
147
1.0
147
0.0
147
0.0
147
0.0
147
0.0
147
1.0
  0
MATERIAL
  5
11
102
{ACAD_XDICTIONARY
360
12
102
}
102
{ACAD_REACTORS
330
10
102
}
330
10
100
AcDbMaterial
  1
ByLayer
 72
     0
 43
0.0208333333333333
 43
0.0
 43
0.0
 43
0.0
 43
0.0
 43
0.0208333333333333
 43
0.0
 43
0.0
 43
0.0
 43
0.0
 43
1.0
 43
0.0
 43
0.0
 43
0.0
 43
0.0
 43
1.0
 77
     0
 47
0.0208333333333333
 47
0.0
 47
0.0
 47
0.0
 47
0.0
 47
0.0208333333333333
 47
0.0
 47
0.0
 47
0.0
 47
0.0
 47
1.0
 47
0.0
 47
0.0
 47
0.0
 47
0.0
 47
1.0
171
     0
 49
0.0208333333333333
 49
0.0
 49
0.0
 49
0.0
 49
0.0
 49
0.0208333333333333
 49
0.0
 49
0.0
 49
0.0
 49
0.0
 49
1.0
 49
0.0
 49
0.0
 49
0.0
 49
0.0
 49
1.0
175
     0
142
0.0208333333333333
142
0.0
142
0.0
142
0.0
142
0.0
142
0.0208333333333333
142
0.0
142
0.0
142
0.0
142
0.0
142
1.0
142
0.0
142
0.0
142
0.0
142
0.0
142
1.0
179
     0
144
0.0208333333333333
144
0.0
144
0.0
144
0.0
144
0.0
144
0.0208333333333333
144
0.0
144
0.0
144
0.0
144
0.0
144
1.0
144
0.0
144
0.0
144
0.0
144
0.0
144
1.0
147
0.0208333333333333
147
0.0
147
0.0
147
0.0
147
0.0
147
0.0208333333333333
147
0.0
147
0.0
147
0.0
147
0.0
147
1.0
147
0.0
147
0.0
147
0.0
147
0.0
147
1.0
  0
MATERIAL
  5
21
102
{ACAD_XDICTIONARY
360
22
102
}
102
{ACAD_REACTORS
330
10
102
}
330
10
100
AcDbMaterial
  1
Global
 72
     0
 43
0.0208333333333333
 43
0.0
 43
0.0
 43
0.0
 43
0.0
 43
0.0208333333333333
 43
0.0
 43
0.0
 43
0.0
 43
0.0
 43
1.0
 43
0.0
 43
0.0
 43
0.0
 43
0.0
 43
1.0
 77
     0
 47
0.0208333333333333
 47
0.0
 47
0.0
 47
0.0
 47
0.0
 47
0.0208333333333333
 47
0.0
 47
0.0
 47
0.0
 47
0.0
 47
1.0
 47
0.0
 47
0.0
 47
0.0
 47
0.0
 47
1.0
171
     0
 49
0.0208333333333333
 49
0.0
 49
0.0
 49
0.0
 49
0.0
 49
0.0208333333333333
 49
0.0
 49
0.0
 49
0.0
 49
0.0
 49
1.0
 49
0.0
 49
0.0
 49
0.0
 49
0.0
 49
1.0
175
     0
142
0.0208333333333333
142
0.0
142
0.0
142
0.0
142
0.0
142
0.0208333333333333
142
0.0
142
0.0
142
0.0
142
0.0
142
1.0
142
0.0
142
0.0
142
0.0
142
0.0
142
1.0
179
     0
144
0.0208333333333333
144
0.0
144
0.0
144
0.0
144
0.0
144
0.0208333333333333
144
0.0
144
0.0
144
0.0
144
0.0
144
1.0
144
0.0
144
0.0
144
0.0
144
0.0
144
1.0
147
0.0208333333333333
147
0.0
147
0.0
147
0.0
147
0.0
147
0.0208333333333333
147
0.0
147
0.0
147
0.0
147
0.0
147
1.0
147
0.0
147
0.0
147
0.0
147
0.0
147
1.0
  0
MLEADERSTYLE
  5
67
102
{ACAD_XDICTIONARY
360
C03
102
}
102
{ACAD_REACTORS
330
66
330
28A
330
615
330
616
330
617
330
618
330
619
102
}
330
66
100
AcDbMLeaderStyle
179
     2
170
     2
171
     1
172
     0
 90
        2
 40
0.0
 41
0.0
173
     1
 91
-1056964608
340
5B
 92
       -2
290
     1
 42
0.09
291
     1
 43
0.36
  3
Standard
 44
0.18
300

342
55
174
     1
178
     6
175
     1
176
     0
 93
-1056964608
 45
0.18
292
     0
297
     0
 46
0.18
 94
-1056964608
 47
1.0
 49
1.0
140
1.0
293
     1
141
0.0
294
     1
177
     0
142
1.0
295
     0
296
     0
143
0.125
271
     0
272
     9
273
     9
  0
MLINESTYLE
  5
60
102
{ACAD_REACTORS
330
5F
102
}
330
5F
100
AcDbMlineStyle
  2
STANDARD
 70
     0
  3

 62
   256
 51
90.0
 52
90.0
 71
     2
 49
0.5
 62
   256
  6
BYLAYER
 49
-0.5
 62
   256
  6
BYLAYER
  0
ACDBPLACEHOLDER
  5
F
102
{ACAD_REACTORS
330
E
102
}
330
E
  0
SCALE
  5
43
102
{ACAD_REACTORS
330
42
102
}
330
42
100
AcDbScale
 70
     0
300
1:1
140
1.0
141
1.0
290
     1
  0
SCALE
  5
44
102
{ACAD_REACTORS
330
42
102
}
330
42
100
AcDbScale
 70
     0
300
1:2
140
1.0
141
2.0
290
     0
  0
SCALE
  5
45
102
{ACAD_REACTORS
330
42
102
}
330
42
100
AcDbScale
 70
     0
300
1:4
140
1.0
141
4.0
290
     0
  0
SCALE
  5
46
102
{ACAD_REACTORS
330
42
102
}
330
42
100
AcDbScale
 70
     0
300
1:5
140
1.0
141
5.0
290
     0
  0
SCALE
  5
47
102
{ACAD_REACTORS
330
42
102
}
330
42
100
AcDbScale
 70
     0
300
1:8
140
1.0
141
8.0
290
     0
  0
SCALE
  5
48
102
{ACAD_REACTORS
330
42
102
}
330
42
100
AcDbScale
 70
     0
300
1:10
140
1.0
141
10.0
290
     0
  0
SCALE
  5
49
102
{ACAD_REACTORS
330
42
102
}
330
42
100
AcDbScale
 70
     0
300
1:16
140
1.0
141
16.0
290
     0
  0
SCALE
  5
4A
102
{ACAD_REACTORS
330
42
102
}
330
42
100
AcDbScale
 70
     0
300
1:20
140
1.0
141
20.0
290
     0
  0
SCALE
  5
4B
102
{ACAD_REACTORS
330
42
102
}
330
42
100
AcDbScale
 70
     0
300
1:30
140
1.0
141
30.0
290
     0
  0
SCALE
  5
4C
102
{ACAD_REACTORS
330
42
102
}
330
42
100
AcDbScale
 70
     0
300
1:40
140
1.0
141
40.0
290
     0
  0
SCALE
  5
4D
102
{ACAD_REACTORS
330
42
102
}
330
42
100
AcDbScale
 70
     0
300
1:50
140
1.0
141
50.0
290
     0
  0
SCALE
  5
4E
102
{ACAD_REACTORS
330
42
102
}
330
42
100
AcDbScale
 70
     0
300
1:100
140
1.0
141
100.0
290
     0
  0
SCALE
  5
4F
102
{ACAD_REACTORS
330
42
102
}
330
42
100
AcDbScale
 70
     0
300
2:1
140
2.0
141
1.0
290
     0
  0
SCALE
  5
50
102
{ACAD_REACTORS
330
42
102
}
330
42
100
AcDbScale
 70
     0
300
4:1
140
4.0
141
1.0
290
     0
  0
SCALE
  5
51
102
{ACAD_REACTORS
330
42
102
}
330
42
100
AcDbScale
 70
     0
300
8:1
140
8.0
141
1.0
290
     0
  0
SCALE
  5
52
102
{ACAD_REACTORS
330
42
102
}
330
42
100
AcDbScale
 70
     0
300
10:1
140
10.0
141
1.0
290
     0
  0
SCALE
  5
53
102
{ACAD_REACTORS
330
42
102
}
330
42
100
AcDbScale
 70
     0
300
100:1
140
100.0
141
1.0
290
     0
  0
ACDBSECTIONVIEWSTYLE
  5
C5
102
{ACAD_XDICTIONARY
360
C09
102
}
102
{ACAD_REACTORS
330
68
102
}
330
68
100
AcDbModelDocViewStyle
 70
     0
  3
Imperial24
290
     0
100
AcDbSectionViewStyle
 70
     0
 71
     0
 90
       78
 71
     1
340
55
 62
   256
 40
0.24
340
0
340
0
 62
   256
 40
0.24
300
I, O, Q, S, X, Z
 40
0.48
 90
        3
 40
0.18
 90
        1
 71
     2
340
5D
 90
       25
 62
   256
340
5D
 90
       50
 62
   256
 40
0.24
 40
0.0
 40
0.24
 71
     3
340
55
 62
   256
 40
0.24
 90
        1
 40
0.75
 90
        1
300
%<\AcVar ViewType \f "%tc1">% %<\AcVar ViewSectionStartId>%-%<\AcVar ViewSectionEndId>%\PSCALE %<\AcVar ViewScale \f "%sn">%
 71
     4
 62
   256
 62
   257
300
ANSI31
 40
1.0
 90
        0
290
     0
290
     0
 90
        6
 40
0.0
 40
1.570796326794896
 40
0.2617993877991494
 40
1.308996938995747
 40
-0.2617993877991494
 40
1.832595714594046
  0
ACDBSECTIONVIEWSTYLE
  5
69
102
{ACAD_XDICTIONARY
360
C05
102
}
102
{ACAD_REACTORS
330
68
102
}
330
68
100
AcDbModelDocViewStyle
 70
     0
  3
Metric50
290
     0
100
AcDbSectionViewStyle
 70
     0
 71
     0
 90
      102
 71
     1
340
55
 62
   256
 40
5.0
340
0
340
0
 62
   256
 40
5.0
300
I, O, Q, S, X, Z
 40
10.0
 90
        0
 40
2.5
 90
        0
 71
     2
340
5D
 90
       25
 62
   256
340
5D
 90
       50
 62
   256
 40
5.0
 40
2.5
 40
5.0
 71
     3
340
55
 62
   256
 40
5.0
 90
        0
 40
15.0
 90
        1
300
%<\AcVar ViewSectionStartId>%-%<\AcVar ViewSectionEndId>% (%<\AcVar ViewScale \f "%sn">%)
 71
     4
 62
   256
 62
   257
300
ANSI31
 40
1.0
 90
        0
290
     0
290
     0
 90
        6
 40
0.0
 40
1.570796326794896
 40
0.2617993877991494
 40
1.308996938995747
 40
-0.2617993877991494
 40
1.832595714594046
  0
TABLESTYLE
  5
65
102
{ACAD_XDICTIONARY
360
BD0
102
}
102
{ACAD_REACTORS
330
64
102
}
330
64
100
AcDbTableStyle
280
     0
  3
Standard
 70
     0
 71
     0
 40
1.5
 41
1.5
280
     0
281
     0
  7
Standard
140
4.5
170
     2
 62
     0
 63
     7
283
     0
 90
      512
 91
        0
  1

274
    -2
284
     1
 64
     0
275
    -2
285
     1
 65
     0
276
    -2
286
     1
 66
     0
277
    -2
287
     1
 67
     0
278
    -2
288
     1
 68
     0
279
    -2
289
     1
 69
     0
  7
Standard
140
6.0
170
     5
 62
     0
 63
     7
283
     0
 90
      512
 91
        0
  1

274
    -2
284
     1
 64
     0
275
    -2
285
     1
 65
     0
276
    -2
286
     1
 66
     0
277
    -2
287
     1
 67
     0
278
    -2
288
     1
 68
     0
279
    -2
289
     1
 69
     0
  7
Standard
140
4.5
170
     5
 62
     0
 63
     7
283
     0
 90
      512
 91
        0
  1

274
    -2
284
     1
 64
     0
275
    -2
285
     1
 65
     0
276
    -2
286
     1
 66
     0
277
    -2
287
     1
 67
     0
278
    -2
288
     1
 68
     0
279
    -2
289
     1
 69
     0
  0
VISUALSTYLE
  5
2F
102
{ACAD_XDICTIONARY
360
BDD
102
}
102
{ACAD_REACTORS
330
29
102
}
330
29
100
AcDbVisualStyle
  2
2dWireframe
 70
     4
177
     2
291
     0
 71
     0
176
     1
 72
     2
176
     1
 73
     0
176
     1
 90
        0
176
     1
 40
0.6
176
     1
 41
30.0
176
     1
 63
     7
421
 16777215
176
     1
 74
     1
176
     1
 91
        4
176
     1
 64
     7
176
     1
 65
   257
176
     1
 75
     1
176
     1
175
     1
176
     1
 42
1.0
176
     1
 92
        0
176
     1
 66
   257
176
     1
 43
1.0
176
     1
 76
     1
176
     1
 77
     6
176
     1
 78
     2
176
     1
 67
     7
176
     1
 79
     5
176
     1
170
     0
176
     1
171
     0
176
     1
290
     0
176
     1
 93
        1
176
     1
 44
0.0
176
     1
173
     0
176
     1
1001
ACAD
1000
AcDbSavedByObjectVersion
1070
     0
  0
VISUALSTYLE
  5
2E
102
{ACAD_XDICTIONARY
360
BDB
102
}
102
{ACAD_REACTORS
330
29
102
}
330
29
100
AcDbVisualStyle
  2
Basic
 70
     7
177
     2
291
     1
 71
     1
176
     1
 72
     0
176
     1
 73
     1
176
     1
 90
        0
176
     1
 40
0.6
176
     1
 41
30.0
176
     1
 63
     7
421
 16777215
176
     1
 74
     0
176
     1
 91
        4
176
     1
 64
     7
176
     1
 65
   257
176
     1
 75
     1
176
     1
175
     1
176
     1
 42
1.0
176
     1
 92
        8
176
     1
 66
     7
176
     1
 43
1.0
176
     1
 76
     1
176
     1
 77
     6
176
     1
 78
     2
176
     1
 67
     7
176
     1
 79
     5
176
     1
170
     0
176
     1
171
     0
176
     1
290
     0
176
     1
 93
        1
176
     1
 44
0.0
176
     1
173
     0
176
     1
1001
ACAD
1000
AcDbSavedByObjectVersion
1070
     0
  0
VISUALSTYLE
  5
35
102
{ACAD_XDICTIONARY
360
BE9
102
}
102
{ACAD_REACTORS
330
29
102
}
330
29
100
AcDbVisualStyle
  2
Brighten
 70
    12
177
     2
291
     1
 71
     2
176
     1
 72
     2
176
     1
 73
     0
176
     1
 90
        0
176
     1
 40
0.6
176
     1
 41
30.0
176
     1
 63
     7
421
 16777215
176
     1
 74
     1
176
     1
 91
        4
176
     1
 64
     7
176
     1
 65
   257
176
     1
 75
     1
176
     1
175
     1
176
     1
 42
1.0
176
     1
 92
        8
176
     1
 66
     7
176
     1
 43
1.0
176
     1
 76
     1
176
     1
 77
     6
176
     1
 78
     2
176
     1
 67
     7
176
     1
 79
     5
176
     1
170
     0
176
     1
171
     0
176
     1
290
     0
176
     1
 93
        1
176
     1
 44
50.0
176
     1
173
     0
176
     1
1001
ACAD
1000
AcDbSavedByObjectVersion
1070
     0
  0
VISUALSTYLE
  5
39
102
{ACAD_XDICTIONARY
360
BF1
102
}
102
{ACAD_REACTORS
330
29
102
}
330
29
100
AcDbVisualStyle
  2
ColorChange
 70
    16
177
     2
291
     1
 71
     2
176
     1
 72
     2
176
     1
 73
     3
176
     1
 90
        0
176
     1
 40
0.6
176
     1
 41
30.0
176
     1
 63
     8
421
  8421504
176
     1
 74
     1
176
     1
 91
        4
176
     1
 64
     7
176
     1
 65
   257
176
     1
 75
     1
176
     1
175
     1
176
     1
 42
1.0
176
     1
 92
        8
176
     1
 66
     8
424
  8421504
176
     1
 43
1.0
176
     1
 76
     1
176
     1
 77
     6
176
     1
 78
     2
176
     1
 67
     7
176
     1
 79
     5
176
     1
170
     0
176
     1
171
     0
176
     1
290
     0
176
     1
 93
        1
176
     1
 44
0.0
176
     1
173
     0
176
     1
1001
ACAD
1000
AcDbSavedByObjectVersion
1070
     0
  0
VISUALSTYLE
  5
32
102
{ACAD_XDICTIONARY
360
BE3
102
}
102
{ACAD_REACTORS
330
29
102
}
330
29
100
AcDbVisualStyle
  2
Conceptual
 70
     9
177
     2
291
     0
 71
     3
176
     1
 72
     2
176
     1
 73
     0
176
     1
 90
        0
176
     1
 40
0.6
176
     1
 41
30.0
176
     1
 63
     7
421
 16777215
176
     1
 74
     2
176
     1
 91
        2
176
     1
 64
     7
176
     1
 65
   257
176
     1
 75
     1
176
     1
175
     1
176
     1
 42
179.0
176
     1
 92
        8
176
     1
 66
     7
176
     1
 43
1.0
176
     1
 76
     1
176
     1
 77
     6
176
     1
 78
     2
176
     1
 67
     7
176
     1
 79
     3
176
     1
170
     0
176
     1
171
     0
176
     1
290
     0
176
     1
 93
        1
176
     1
 44
0.0
176
     1
173
     0
176
     1
1001
ACAD
1000
AcDbSavedByObjectVersion
1070
     0
  0
VISUALSTYLE
  5
34
102
{ACAD_XDICTIONARY
360
BE7
102
}
102
{ACAD_REACTORS
330
29
102
}
330
29
100
AcDbVisualStyle
  2
Dim
 70
    11
177
     2
291
     1
 71
     2
176
     1
 72
     2
176
     1
 73
     0
176
     1
 90
        0
176
     1
 40
0.6
176
     1
 41
30.0
176
     1
 63
     7
421
 16777215
176
     1
 74
     1
176
     1
 91
        4
176
     1
 64
     7
176
     1
 65
   257
176
     1
 75
     1
176
     1
175
     1
176
     1
 42
1.0
176
     1
 92
        8
176
     1
 66
     7
176
     1
 43
1.0
176
     1
 76
     1
176
     1
 77
     6
176
     1
 78
     2
176
     1
 67
     7
176
     1
 79
     5
176
     1
170
     0
176
     1
171
     0
176
     1
290
     0
176
     1
 93
        1
176
     1
 44
-50.0
176
     1
173
     0
176
     1
1001
ACAD
1000
AcDbSavedByObjectVersion
1070
     0
  0
VISUALSTYLE
  5
41
102
{ACAD_XDICTIONARY
360
C01
102
}
102
{ACAD_REACTORS
330
29
102
}
330
29
100
AcDbVisualStyle
  2
EdgeColorOff
 70
    22
177
     2
291
     1
 71
     2
176
     0
 72
     2
176
     0
 73
     0
176
     0
 90
        0
176
     0
 40
0.6
176
     0
 41
30.0
176
     0
 63
     7
421
 16777215
176
     0
 74
     1
176
     0
 91
        4
176
     0
 64
     7
176
     0
 65
   257
176
     0
 75
     1
176
     0
175
     1
176
     0
 42
1.0
176
     0
 92
        8
176
     2
 66
     7
176
     0
 43
1.0
176
     0
 76
     1
176
     0
 77
     6
176
     0
 78
     2
176
     0
 67
     7
176
     0
 79
     5
176
     0
170
     0
176
     0
171
     0
176
     0
290
     0
176
     0
 93
        1
176
     0
 44
0.0
176
     0
173
     0
176
     0
1001
ACAD
1000
AcDbSavedByObjectVersion
1070
     0
  0
VISUALSTYLE
  5
38
102
{ACAD_XDICTIONARY
360
BEF
102
}
102
{ACAD_REACTORS
330
29
102
}
330
29
100
AcDbVisualStyle
  2
Facepattern
 70
    15
177
     2
291
     1
 71
     2
176
     1
 72
     2
176
     1
 73
     0
176
     1
 90
        0
176
     1
 40
0.6
176
     1
 41
30.0
176
     1
 63
     7
421
 16777215
176
     1
 74
     1
176
     1
 91
        4
176
     1
 64
     7
176
     1
 65
   257
176
     1
 75
     1
176
     1
175
     1
176
     1
 42
1.0
176
     1
 92
        8
176
     1
 66
     7
176
     1
 43
1.0
176
     1
 76
     1
176
     1
 77
     6
176
     1
 78
     2
176
     1
 67
     7
176
     1
 79
     5
176
     1
170
     0
176
     1
171
     0
176
     1
290
     0
176
     1
 93
        1
176
     1
 44
0.0
176
     1
173
     0
176
     1
1001
ACAD
1000
AcDbSavedByObjectVersion
1070
     0
  0
VISUALSTYLE
  5
2A
102
{ACAD_XDICTIONARY
360
BD3
102
}
102
{ACAD_REACTORS
330
29
102
}
330
29
100
AcDbVisualStyle
  2
Flat
 70
     0
177
     2
291
     1
 71
     2
176
     1
 72
     1
176
     1
 73
     1
176
     1
 90
        2
176
     1
 40
0.6
176
     1
 41
30.0
176
     1
 63
     7
421
 16777215
176
     1
 74
     0
176
     1
 91
        0
176
     1
 64
     7
176
     1
 65
   257
176
     1
 75
     1
176
     1
175
     1
176
     1
 42
1.0
176
     1
 92
        8
176
     1
 66
     7
176
     1
 43
1.0
176
     1
 76
     1
176
     1
 77
     6
176
     1
 78
     2
176
     1
 67
     7
176
     1
 79
     5
176
     1
170
     0
176
     1
171
     0
176
     1
290
     0
176
     1
 93
       13
176
     1
 44
0.0
176
     1
173
     0
176
     1
1001
ACAD
1000
AcDbSavedByObjectVersion
1070
     0
  0
VISUALSTYLE
  5
2B
102
{ACAD_XDICTIONARY
360
BD5
102
}
102
{ACAD_REACTORS
330
29
102
}
330
29
100
AcDbVisualStyle
  2
FlatWithEdges
 70
     1
177
     2
291
     1
 71
     2
176
     1
 72
     1
176
     1
 73
     1
176
     1
 90
        2
176
     1
 40
0.6
176
     1
 41
30.0
176
     1
 63
     7
421
 16777215
176
     1
 74
     1
176
     1
 91
        0
176
     1
 64
     7
176
     1
 65
   257
176
     1
 75
     1
176
     1
175
     1
176
     1
 42
1.0
176
     1
 92
        0
176
     1
 66
   257
176
     1
 43
1.0
176
     1
 76
     1
176
     1
 77
     6
176
     1
 78
     2
176
     1
 67
     7
176
     1
 79
     5
176
     1
170
     0
176
     1
171
     0
176
     1
290
     0
176
     1
 93
       13
176
     1
 44
0.0
176
     1
173
     0
176
     1
1001
ACAD
1000
AcDbSavedByObjectVersion
1070
     0
  0
VISUALSTYLE
  5
2C
102
{ACAD_XDICTIONARY
360
BD7
102
}
102
{ACAD_REACTORS
330
29
102
}
330
29
100
AcDbVisualStyle
  2
Gouraud
 70
     2
177
     2
291
     1
 71
     2
176
     1
 72
     2
176
     1
 73
     1
176
     1
 90
        2
176
     1
 40
0.6
176
     1
 41
30.0
176
     1
 63
     7
421
 16777215
176
     1
 74
     0
176
     1
 91
        0
176
     1
 64
     7
176
     1
 65
   257
176
     1
 75
     1
176
     1
175
     1
176
     1
 42
1.0
176
     1
 92
        0
176
     1
 66
     7
176
     1
 43
1.0
176
     1
 76
     1
176
     1
 77
     6
176
     1
 78
     2
176
     1
 67
     7
176
     1
 79
     5
176
     1
170
     0
176
     1
171
     0
176
     1
290
     0
176
     1
 93
       13
176
     1
 44
0.0
176
     1
173
     0
176
     1
1001
ACAD
1000
AcDbSavedByObjectVersion
1070
     0
  0
VISUALSTYLE
  5
2D
102
{ACAD_XDICTIONARY
360
BD9
102
}
102
{ACAD_REACTORS
330
29
102
}
330
29
100
AcDbVisualStyle
  2
GouraudWithEdges
 70
     3
177
     2
291
     1
 71
     2
176
     1
 72
     2
176
     1
 73
     1
176
     1
 90
        2
176
     1
 40
0.6
176
     1
 41
30.0
176
     1
 63
     7
421
 16777215
176
     1
 74
     1
176
     1
 91
        0
176
     1
 64
     7
176
     1
 65
   257
176
     1
 75
     1
176
     1
175
     1
176
     1
 42
1.0
176
     1
 92
        0
176
     1
 66
   257
176
     1
 43
1.0
176
     1
 76
     1
176
     1
 77
     6
176
     1
 78
     2
176
     1
 67
     7
176
     1
 79
     5
176
     1
170
     0
176
     1
171
     0
176
     1
290
     0
176
     1
 93
       13
176
     1
 44
0.0
176
     1
173
     0
176
     1
1001
ACAD
1000
AcDbSavedByObjectVersion
1070
     0
  0
VISUALSTYLE
  5
31
102
{ACAD_XDICTIONARY
360
BE1
102
}
102
{ACAD_REACTORS
330
29
102
}
330
29
100
AcDbVisualStyle
  2
Hidden
 70
     6
177
     2
291
     0
 71
     1
176
     1
 72
     2
176
     1
 73
     2
176
     1
 90
        0
176
     1
 40
0.6
176
     1
 41
30.0
176
     1
 63
     7
421
 16777215
176
     1
 74
     2
176
     1
 91
        2
176
     1
 64
     7
176
     1
 65
   257
176
     1
 75
     2
176
     1
175
     1
176
     1
 42
40.0
176
     1
 92
        0
176
     1
 66
   257
176
     1
 43
1.0
176
     1
 76
     1
176
     1
 77
     6
176
     1
 78
     2
176
     1
 67
     7
176
     1
 79
     3
176
     1
170
     0
176
     1
171
     0
176
     1
290
     0
176
     1
 93
        1
176
     1
 44
0.0
176
     1
173
     0
176
     1
1001
ACAD
1000
AcDbSavedByObjectVersion
1070
     0
  0
VISUALSTYLE
  5
3F
102
{ACAD_XDICTIONARY
360
BFD
102
}
102
{ACAD_REACTORS
330
29
102
}
330
29
100
AcDbVisualStyle
  2
JitterOff
 70
    20
177
     2
291
     1
 71
     2
176
     0
 72
     2
176
     0
 73
     0
176
     0
 90
        0
176
     0
 40
0.6
176
     0
 41
30.0
176
     0
 63
     7
421
 16777215
176
     0
 74
     1
176
     0
 91
        4
176
     0
 64
     7
176
     0
 65
   257
176
     0
 75
     1
176
     0
175
     1
176
     0
 42
1.0
176
     0
 92
       10
176
     2
 66
     7
176
     0
 43
1.0
176
     0
 76
     1
176
     0
 77
     6
176
     0
 78
     2
176
     0
 67
     7
176
     0
 79
     5
176
     0
170
     0
176
     0
171
     0
176
     0
290
     0
176
     0
 93
        1
176
     0
 44
0.0
176
     0
173
     0
176
     0
1001
ACAD
1000
AcDbSavedByObjectVersion
1070
     0
  0
VISUALSTYLE
  5
37
102
{ACAD_XDICTIONARY
360
BED
102
}
102
{ACAD_REACTORS
330
29
102
}
330
29
100
AcDbVisualStyle
  2
Linepattern
 70
    14
177
     2
291
     1
 71
     2
176
     1
 72
     2
176
     1
 73
     0
176
     1
 90
        0
176
     1
 40
0.6
176
     1
 41
30.0
176
     1
 63
     7
421
 16777215
176
     1
 74
     1
176
     1
 91
        4
176
     1
 64
     7
176
     1
 65
   257
176
     1
 75
     7
176
     1
175
     7
176
     1
 42
1.0
176
     1
 92
        8
176
     1
 66
     7
176
     1
 43
1.0
176
     1
 76
     1
176
     1
 77
     6
176
     1
 78
     2
176
     1
 67
     7
176
     1
 79
     5
176
     1
170
     0
176
     1
171
     0
176
     1
290
     0
176
     1
 93
        1
176
     1
 44
0.0
176
     1
173
     0
176
     1
1001
ACAD
1000
AcDbSavedByObjectVersion
1070
     0
  0
VISUALSTYLE
  5
40
102
{ACAD_XDICTIONARY
360
BFF
102
}
102
{ACAD_REACTORS
330
29
102
}
330
29
100
AcDbVisualStyle
  2
OverhangOff
 70
    21
177
     2
291
     1
 71
     2
176
     0
 72
     2
176
     0
 73
     0
176
     0
 90
        0
176
     0
 40
0.6
176
     0
 41
30.0
176
     0
 63
     7
421
 16777215
176
     0
 74
     1
176
     0
 91
        4
176
     0
 64
     7
176
     0
 65
   257
176
     0
 75
     1
176
     0
175
     1
176
     0
 42
1.0
176
     0
 92
        9
176
     2
 66
     7
176
     0
 43
1.0
176
     0
 76
     1
176
     0
 77
     6
176
     0
 78
     2
176
     0
 67
     7
176
     0
 79
     5
176
     0
170
     0
176
     0
171
     0
176
     0
290
     0
176
     0
 93
        1
176
     0
 44
0.0
176
     0
173
     0
176
     0
1001
ACAD
1000
AcDbSavedByObjectVersion
1070
     0
  0
VISUALSTYLE
  5
33
102
{ACAD_XDICTIONARY
360
BE5
102
}
102
{ACAD_REACTORS
330
29
102
}
330
29
100
AcDbVisualStyle
  2
Realistic
 70
     8
177
     2
291
     0
 71
     2
176
     1
 72
     3
176
     1
 73
     0
176
     1
 90
        2
176
     1
 40
0.6
176
     1
 41
30.0
176
     1
 63
     7
421
 16777215
176
     1
 74
     0
176
     1
 91
        0
176
     1
 64
     7
176
     1
 65
   257
176
     1
 75
     1
176
     1
175
     1
176
     1
 42
1.0
176
     1
 92
        8
176
     1
 66
   257
176
     1
 43
1.0
176
     1
 76
     1
176
     1
 77
     6
176
     1
 78
     2
176
     1
 67
     7
176
     1
 79
     3
176
     1
170
     0
176
     1
171
     0
176
     1
290
     0
176
     1
 93
       13
176
     1
 44
0.0
176
     1
173
     0
176
     1
1001
ACAD
1000
AcDbSavedByObjectVersion
1070
     0
  0
VISUALSTYLE
  5
3E
102
{ACAD_XDICTIONARY
360
BFB
102
}
102
{ACAD_REACTORS
330
29
102
}
330
29
100
AcDbVisualStyle
  2
Shaded
 70
    27
177
     2
291
     0
 71
     2
176
     1
 72
     2
176
     1
 73
     1
176
     1
 90
        2
176
     1
 40
0.6
176
     1
 41
30.0
176
     1
 63
     7
421
 16777215
176
     1
 74
     0
176
     1
 91
        4
176
     1
 64
     7
176
     1
 65
   257
176
     1
 75
     1
176
     1
175
     1
176
     1
 42
1.0
176
     1
 92
        8
176
     1
 66
   257
176
     1
 43
1.0
176
     1
 76
     1
176
     1
 77
     6
176
     1
 78
     2
176
     1
 67
     8
425
  7895160
176
     1
 79
     3
176
     1
170
     0
176
     1
171
     0
176
     1
290
     0
176
     1
 93
        5
176
     1
 44
0.0
176
     1
173
     0
176
     1
1001
ACAD
1000
AcDbSavedByObjectVersion
1070
     0
  0
VISUALSTYLE
  5
3D
102
{ACAD_XDICTIONARY
360
BF9
102
}
102
{ACAD_REACTORS
330
29
102
}
330
29
100
AcDbVisualStyle
  2
Shaded with edges
 70
    26
177
     2
291
     0
 71
     2
176
     1
 72
     2
176
     1
 73
     1
176
     1
 90
        2
176
     1
 40
0.6
176
     1
 41
30.0
176
     1
 63
     7
421
 16777215
176
     1
 74
     1
176
     1
 91
        2
176
     1
 64
     7
176
     1
 65
   257
176
     1
 75
     2
176
     1
175
     1
176
     1
 42
1.0
176
     1
 92
        8
176
     1
 66
   257
176
     1
 43
1.0
176
     1
 76
     1
176
     1
 77
     6
176
     1
 78
     2
176
     1
 67
     7
176
     1
 79
     3
176
     1
170
     0
176
     1
171
     0
176
     1
290
     0
176
     1
 93
        5
176
     1
 44
0.0
176
     1
173
     0
176
     1
1001
ACAD
1000
AcDbSavedByObjectVersion
1070
     0
  0
VISUALSTYLE
  5
3A
102
{ACAD_XDICTIONARY
360
BF3
102
}
102
{ACAD_REACTORS
330
29
102
}
330
29
100
AcDbVisualStyle
  2
Shades of Gray
 70
    23
177
     2
291
     0
 71
     2
176
     1
 72
     2
176
     1
 73
     3
176
     1
 90
        0
176
     1
 40
0.6
176
     1
 41
30.0
176
     1
 63
     7
421
 16777215
176
     1
 74
     2
176
     1
 91
        2
176
     1
 64
     7
176
     1
 65
     7
176
     1
 75
     1
176
     1
175
     1
176
     1
 42
40.0
176
     1
 92
        8
176
     1
 66
     7
176
     1
 43
1.0
176
     1
 76
     1
176
     1
 77
     6
176
     1
 78
     2
176
     1
 67
     7
176
     1
 79
     3
176
     1
170
     0
176
     1
171
     0
176
     1
290
     0
176
     1
 93
        1
176
     1
 44
0.0
176
     1
173
     0
176
     1
1001
ACAD
1000
AcDbSavedByObjectVersion
1070
     0
  0
VISUALSTYLE
  5
3B
102
{ACAD_XDICTIONARY
360
BF5
102
}
102
{ACAD_REACTORS
330
29
102
}
330
29
100
AcDbVisualStyle
  2
Sketchy
 70
    24
177
     2
291
     0
 71
     1
176
     1
 72
     2
176
     1
 73
     2
176
     1
 90
        0
176
     1
 40
0.6
176
     1
 41
30.0
176
     1
 63
     7
421
 16777215
176
     1
 74
     2
176
     1
 91
        2
176
     1
 64
     7
176
     1
 65
     7
176
     1
 75
     1
176
     1
175
     1
176
     1
 42
40.0
176
     1
 92
       11
176
     1
 66
     7
176
     1
 43
1.0
176
     1
 76
     1
176
     1
 77
     6
176
     1
 78
     2
176
     1
 67
     7
176
     1
 79
     6
176
     1
170
     0
176
     1
171
     0
176
     1
290
     0
176
     1
 93
        1
176
     1
 44
0.0
176
     1
173
     0
176
     1
1001
ACAD
1000
AcDbSavedByObjectVersion
1070
     0
  0
VISUALSTYLE
  5
36
102
{ACAD_XDICTIONARY
360
BEB
102
}
102
{ACAD_REACTORS
330
29
102
}
330
29
100
AcDbVisualStyle
  2
Thicken
 70
    13
177
     2
291
     1
 71
     2
176
     1
 72
     2
176
     1
 73
     0
176
     1
 90
        0
176
     1
 40
0.6
176
     1
 41
30.0
176
     1
 63
     7
421
 16777215
176
     1
 74
     1
176
     1
 91
        4
176
     1
 64
     7
176
     1
 65
   257
176
     1
 75
     1
176
     1
175
     1
176
     1
 42
1.0
176
     1
 92
       12
176
     1
 66
     7
176
     1
 43
1.0
176
     1
 76
     1
176
     1
 77
     6
176
     1
 78
     2
176
     1
 67
     7
176
     1
 79
     5
176
     1
170
     0
176
     1
171
     0
176
     1
290
     0
176
     1
 93
        1
176
     1
 44
0.0
176
     1
173
     0
176
     1
1001
ACAD
1000
AcDbSavedByObjectVersion
1070
     0
  0
VISUALSTYLE
  5
30
102
{ACAD_XDICTIONARY
360
BDF
102
}
102
{ACAD_REACTORS
330
29
102
}
330
29
100
AcDbVisualStyle
  2
Wireframe
 70
     5
177
     2
291
     0
 71
     0
176
     1
 72
     2
176
     1
 73
     0
176
     1
 90
        0
176
     1
 40
0.6
176
     1
 41
30.0
176
     1
 63
     7
421
 16777215
176
     1
 74
     1
176
     1
 91
        4
176
     1
 64
     7
176
     1
 65
   257
176
     1
 75
     1
176
     1
175
     1
176
     1
 42
1.0
176
     1
 92
        0
176
     1
 66
   257
176
     1
 43
1.0
176
     1
 76
     1
176
     1
 77
     6
176
     1
 78
     2
176
     1
 67
     7
176
     1
 79
     3
176
     1
170
     0
176
     1
171
     0
176
     1
290
     0
176
     1
 93
        1
176
     1
 44
0.0
176
     1
173
     0
176
     1
1001
ACAD
1000
AcDbSavedByObjectVersion
1070
     0
  0
VISUALSTYLE
  5
3C
102
{ACAD_XDICTIONARY
360
BF7
102
}
102
{ACAD_REACTORS
330
29
102
}
330
29
100
AcDbVisualStyle
  2
X-Ray
 70
    25
177
     2
291
     0
 71
     2
176
     1
 72
     2
176
     1
 73
     1
176
     1
 90
        1
176
     1
 40
0.5
176
     1
 41
30.0
176
     1
 63
     7
421
 16777215
176
     1
 74
     1
176
     1
 91
        0
176
     1
 64
     7
176
     1
 65
   257
176
     1
 75
     1
176
     1
175
     1
176
     1
 42
1.0
176
     1
 92
        8
176
     1
 66
     7
176
     1
 43
1.0
176
     1
 76
     1
176
     1
 77
     6
176
     1
 78
     2
176
     1
 67
     7
176
     1
 79
     3
176
     1
170
     0
176
     1
171
     0
176
     1
290
     0
176
     1
 93
       13
176
     1
 44
0.0
176
     1
173
     0
176
     1
1001
ACAD
1000
AcDbSavedByObjectVersion
1070
     0
  0
DICTIONARYVAR
  5
BCF
102
{ACAD_REACTORS
330
78
102
}
330
78
100
DictionaryVariables
280
     0
  1
1:1
  0
DICTIONARYVAR
  5
79
102
{ACAD_REACTORS
330
78
102
}
330
78
100
DictionaryVariables
280
     0
  1
3.500000
  0
DICTIONARYVAR
  5
7A
102
{ACAD_REACTORS
330
78
102
}
330
78
100
DictionaryVariables
280
     0
  1
acadiso.lin
  0
DICTIONARYVAR
  5
BCC
102
{ACAD_REACTORS
330
78
102
}
330
78
100
DictionaryVariables
280
     0
  1
STANDARD
  0
DICTIONARYVAR
  5
BCB
102
{ACAD_REACTORS
330
78
102
}
330
78
100
DictionaryVariables
280
     0
  1
STANDARD
  0
DICTIONARYVAR
  5
BCD
102
{ACAD_REACTORS
330
78
102
}
330
78
100
DictionaryVariables
280
     0
  1
Metric50
  0
DICTIONARYVAR
  5
BCE
102
{ACAD_REACTORS
330
78
102
}
330
78
100
DictionaryVariables
280
     0
  1
Metric50
  0
DICTIONARY
  5
C0B
330
C6
100
AcDbDictionary
280
     1
281
     1
  3
ACAD_XREC_ROUNDTRIP
360
C0C
  0
DICTIONARY
  5
C07
330
6B
100
AcDbDictionary
280
     1
281
     1
  3
ACAD_XREC_ROUNDTRIP
360
C08
  0
DICTIONARY
  5
1A
330
19
100
AcDbDictionary
280
     1
281
     1
  3
BUMPTILE
360
1C
  3
DIFFUSETILE
360
1B
  3
OPACITYTILE
360
1F
  3
REFLECTIONTILE
360
1E
  3
REFRACTIONTILE
360
20
  3
SPECULARTILE
360
1D
  0
DICTIONARY
  5
12
330
11
100
AcDbDictionary
280
     1
281
     1
  3
BUMPTILE
360
14
  3
DIFFUSETILE
360
13
  3
OPACITYTILE
360
17
  3
REFLECTIONTILE
360
16
  3
REFRACTIONTILE
360
18
  3
SPECULARTILE
360
15
  0
DICTIONARY
  5
22
330
21
100
AcDbDictionary
280
     1
281
     1
  3
BUMPTILE
360
24
  3
DIFFUSETILE
360
23
  3
OPACITYTILE
360
27
  3
REFLECTIONTILE
360
26
  3
REFRACTIONTILE
360
28
  3
SPECULARTILE
360
25
  0
DICTIONARY
  5
C03
330
67
100
AcDbDictionary
280
     1
281
     1
  3
ACAD_XREC_ROUNDTRIP
360
C04
  0
DICTIONARY
  5
C09
330
C5
100
AcDbDictionary
280
     1
281
     1
  3
ACAD_XREC_ROUNDTRIP
360
C0A
  0
DICTIONARY
  5
C05
330
69
100
AcDbDictionary
280
     1
281
     1
  3
ACAD_XREC_ROUNDTRIP
360
C06
  0
DICTIONARY
  5
BD0
330
65
100
AcDbDictionary
280
     1
281
     1
  3
ACAD_ROUNDTRIP_2008_TABLESTYLE_CELLSTYLEMAP
360
BD1
  0
DICTIONARY
  5
BDD
330
2F
100
AcDbDictionary
280
     1
281
     1
  3
ACAD_XREC_ROUNDTRIP
360
BDE
  0
DICTIONARY
  5
BDB
330
2E
100
AcDbDictionary
280
     1
281
     1
  3
ACAD_XREC_ROUNDTRIP
360
BDC
  0
DICTIONARY
  5
BE9
330
35
100
AcDbDictionary
280
     1
281
     1
  3
ACAD_XREC_ROUNDTRIP
360
BEA
  0
DICTIONARY
  5
BF1
330
39
100
AcDbDictionary
280
     1
281
     1
  3
ACAD_XREC_ROUNDTRIP
360
BF2
  0
DICTIONARY
  5
BE3
330
32
100
AcDbDictionary
280
     1
281
     1
  3
ACAD_XREC_ROUNDTRIP
360
BE4
  0
DICTIONARY
  5
BE7
330
34
100
AcDbDictionary
280
     1
281
     1
  3
ACAD_XREC_ROUNDTRIP
360
BE8
  0
DICTIONARY
  5
C01
330
41
100
AcDbDictionary
280
     1
281
     1
  3
ACAD_XREC_ROUNDTRIP
360
C02
  0
DICTIONARY
  5
BEF
330
38
100
AcDbDictionary
280
     1
281
     1
  3
ACAD_XREC_ROUNDTRIP
360
BF0
  0
DICTIONARY
  5
BD3
330
2A
100
AcDbDictionary
280
     1
281
     1
  3
ACAD_XREC_ROUNDTRIP
360
BD4
  0
DICTIONARY
  5
BD5
330
2B
100
AcDbDictionary
280
     1
281
     1
  3
ACAD_XREC_ROUNDTRIP
360
BD6
  0
DICTIONARY
  5
BD7
330
2C
100
AcDbDictionary
280
     1
281
     1
  3
ACAD_XREC_ROUNDTRIP
360
BD8
  0
DICTIONARY
  5
BD9
330
2D
100
AcDbDictionary
280
     1
281
     1
  3
ACAD_XREC_ROUNDTRIP
360
BDA
  0
DICTIONARY
  5
BE1
330
31
100
AcDbDictionary
280
     1
281
     1
  3
ACAD_XREC_ROUNDTRIP
360
BE2
  0
DICTIONARY
  5
BFD
330
3F
100
AcDbDictionary
280
     1
281
     1
  3
ACAD_XREC_ROUNDTRIP
360
BFE
  0
DICTIONARY
  5
BED
330
37
100
AcDbDictionary
280
     1
281
     1
  3
ACAD_XREC_ROUNDTRIP
360
BEE
  0
DICTIONARY
  5
BFF
330
40
100
AcDbDictionary
280
     1
281
     1
  3
ACAD_XREC_ROUNDTRIP
360
C00
  0
DICTIONARY
  5
BE5
330
33
100
AcDbDictionary
280
     1
281
     1
  3
ACAD_XREC_ROUNDTRIP
360
BE6
  0
DICTIONARY
  5
BFB
330
3E
100
AcDbDictionary
280
     1
281
     1
  3
ACAD_XREC_ROUNDTRIP
360
BFC
  0
DICTIONARY
  5
BF9
330
3D
100
AcDbDictionary
280
     1
281
     1
  3
ACAD_XREC_ROUNDTRIP
360
BFA
  0
DICTIONARY
  5
BF3
330
3A
100
AcDbDictionary
280
     1
281
     1
  3
ACAD_XREC_ROUNDTRIP
360
BF4
  0
DICTIONARY
  5
BF5
330
3B
100
AcDbDictionary
280
     1
281
     1
  3
ACAD_XREC_ROUNDTRIP
360
BF6
  0
DICTIONARY
  5
BEB
330
36
100
AcDbDictionary
280
     1
281
     1
  3
ACAD_XREC_ROUNDTRIP
360
BEC
  0
DICTIONARY
  5
BDF
330
30
100
AcDbDictionary
280
     1
281
     1
  3
ACAD_XREC_ROUNDTRIP
360
BE0
  0
DICTIONARY
  5
BF7
330
3C
100
AcDbDictionary
280
     1
281
     1
  3
ACAD_XREC_ROUNDTRIP
360
BF8
  0
XRECORD
  5
C0C
102
{ACAD_REACTORS
330
C0B
102
}
330
C0B
100
AcDbXrecord
280
     1
102
DISPLAYNAME
  1
Imperial24
102
FLAGS
 90
        0
  0
XRECORD
  5
C08
102
{ACAD_REACTORS
330
C07
102
}
330
C07
100
AcDbXrecord
280
     1
102
DISPLAYNAME
  1
Metric50
102
FLAGS
 90
        0
  0
XRECORD
  5
1C
102
{ACAD_REACTORS
330
1A
102
}
330
1A
100
AcDbXrecord
280
     1
270
     1
271
     1
  0
XRECORD
  5
1B
102
{ACAD_REACTORS
330
1A
102
}
330
1A
100
AcDbXrecord
280
     1
270
     1
271
     1
  0
XRECORD
  5
1F
102
{ACAD_REACTORS
330
1A
102
}
330
1A
100
AcDbXrecord
280
     1
270
     1
271
     1
  0
XRECORD
  5
1E
102
{ACAD_REACTORS
330
1A
102
}
330
1A
100
AcDbXrecord
280
     1
270
     1
271
     1
  0
XRECORD
  5
20
102
{ACAD_REACTORS
330
1A
102
}
330
1A
100
AcDbXrecord
280
     1
270
     1
271
     1
  0
XRECORD
  5
1D
102
{ACAD_REACTORS
330
1A
102
}
330
1A
100
AcDbXrecord
280
     1
270
     1
271
     1
  0
XRECORD
  5
14
102
{ACAD_REACTORS
330
12
102
}
330
12
100
AcDbXrecord
280
     1
270
     1
271
     1
  0
XRECORD
  5
13
102
{ACAD_REACTORS
330
12
102
}
330
12
100
AcDbXrecord
280
     1
270
     1
271
     1
  0
XRECORD
  5
17
102
{ACAD_REACTORS
330
12
102
}
330
12
100
AcDbXrecord
280
     1
270
     1
271
     1
  0
XRECORD
  5
16
102
{ACAD_REACTORS
330
12
102
}
330
12
100
AcDbXrecord
280
     1
270
     1
271
     1
  0
XRECORD
  5
18
102
{ACAD_REACTORS
330
12
102
}
330
12
100
AcDbXrecord
280
     1
270
     1
271
     1
  0
XRECORD
  5
15
102
{ACAD_REACTORS
330
12
102
}
330
12
100
AcDbXrecord
280
     1
270
     1
271
     1
  0
XRECORD
  5
24
102
{ACAD_REACTORS
330
22
102
}
330
22
100
AcDbXrecord
280
     1
270
     1
271
     1
  0
XRECORD
  5
23
102
{ACAD_REACTORS
330
22
102
}
330
22
100
AcDbXrecord
280
     1
270
     1
271
     1
  0
XRECORD
  5
27
102
{ACAD_REACTORS
330
22
102
}
330
22
100
AcDbXrecord
280
     1
270
     1
271
     1
  0
XRECORD
  5
26
102
{ACAD_REACTORS
330
22
102
}
330
22
100
AcDbXrecord
280
     1
270
     1
271
     1
  0
XRECORD
  5
28
102
{ACAD_REACTORS
330
22
102
}
330
22
100
AcDbXrecord
280
     1
270
     1
271
     1
  0
XRECORD
  5
25
102
{ACAD_REACTORS
330
22
102
}
330
22
100
AcDbXrecord
280
     1
270
     1
271
     1
  0
XRECORD
  5
C04
102
{ACAD_REACTORS
330
C03
102
}
330
C03
100
AcDbXrecord
280
     1
102
ACAD_ROUNDTRIP_2012_MLEADER_STYLE
298
     1
  0
XRECORD
  5
C0A
102
{ACAD_REACTORS
330
C09
102
}
330
C09
100
AcDbXrecord
280
     1
102
DISPLAYNAME
  1
Imperial24
102
FLAGS
 90
        0
  0
XRECORD
  5
C06
102
{ACAD_REACTORS
330
C05
102
}
330
C05
100
AcDbXrecord
280
     1
102
DISPLAYNAME
  1
Metric50
102
FLAGS
 90
        0
  0
CELLSTYLEMAP
  5
BD1
102
{ACAD_REACTORS
330
BD0
102
}
330
BD0
100
AcDbCellStyleMap
 90
        3
300
CELLSTYLE
  1
TABLEFORMAT_BEGIN
 90
        5
170
     1
 91
        0
 92
    32768
 62
   257
 93
        1
300
CONTENTFORMAT
  1
CONTENTFORMAT_BEGIN
 90
        0
 91
        0
 92
      512
 93
        0
300

 40
0.0
140
1.0
 94
        5
 62
     0
340
55
144
6.0
309
CONTENTFORMAT_END
171
     1
301
MARGIN
  1
CELLMARGIN_BEGIN
 40
1.5
 40
1.5
 40
1.5
 40
1.5
 40
4.5
 40
4.5
309
CELLMARGIN_END
 94
        6
 95
        1
302
GRIDFORMAT
  1
GRIDFORMAT_BEGIN
 90
        0
 91
        1
 62
     0
 92
       -2
340
0
 93
        0
 40
1.125
309
GRIDFORMAT_END
 95
        2
302
GRIDFORMAT
  1
GRIDFORMAT_BEGIN
 90
        0
 91
        1
 62
     0
 92
       -2
340
0
 93
        0
 40
1.125
309
GRIDFORMAT_END
 95
        4
302
GRIDFORMAT
  1
GRIDFORMAT_BEGIN
 90
        0
 91
        1
 62
     0
 92
       -2
340
0
 93
        0
 40
1.125
309
GRIDFORMAT_END
 95
        8
302
GRIDFORMAT
  1
GRIDFORMAT_BEGIN
 90
        0
 91
        1
 62
     0
 92
       -2
340
0
 93
        0
 40
1.125
309
GRIDFORMAT_END
 95
       16
302
GRIDFORMAT
  1
GRIDFORMAT_BEGIN
 90
        0
 91
        1
 62
     0
 92
       -2
340
0
 93
        0
 40
1.125
309
GRIDFORMAT_END
 95
       32
302
GRIDFORMAT
  1
GRIDFORMAT_BEGIN
 90
        0
 91
        1
 62
     0
 92
       -2
340
0
 93
        0
 40
1.125
309
GRIDFORMAT_END
309
TABLEFORMAT_END
  1
CELLSTYLE_BEGIN
 90
        1
 91
        1
300
_TITLE
309
CELLSTYLE_END
300
CELLSTYLE
  1
TABLEFORMAT_BEGIN
 90
        5
170
     1
 91
        0
 92
        0
 62
   257
 93
        1
300
CONTENTFORMAT
  1
CONTENTFORMAT_BEGIN
 90
        0
 91
        0
 92
      512
 93
        0
300

 40
0.0
140
1.0
 94
        5
 62
     0
340
55
144
4.5
309
CONTENTFORMAT_END
171
     1
301
MARGIN
  1
CELLMARGIN_BEGIN
 40
1.5
 40
1.5
 40
1.5
 40
1.5
 40
4.5
 40
4.5
309
CELLMARGIN_END
 94
        6
 95
        1
302
GRIDFORMAT
  1
GRIDFORMAT_BEGIN
 90
        0
 91
        1
 62
     0
 92
       -2
340
0
 93
        0
 40
1.125
309
GRIDFORMAT_END
 95
        2
302
GRIDFORMAT
  1
GRIDFORMAT_BEGIN
 90
        0
 91
        1
 62
     0
 92
       -2
340
0
 93
        0
 40
1.125
309
GRIDFORMAT_END
 95
        4
302
GRIDFORMAT
  1
GRIDFORMAT_BEGIN
 90
        0
 91
        1
 62
     0
 92
       -2
340
0
 93
        0
 40
1.125
309
GRIDFORMAT_END
 95
        8
302
GRIDFORMAT
  1
GRIDFORMAT_BEGIN
 90
        0
 91
        1
 62
     0
 92
       -2
340
0
 93
        0
 40
1.125
309
GRIDFORMAT_END
 95
       16
302
GRIDFORMAT
  1
GRIDFORMAT_BEGIN
 90
        0
 91
        1
 62
     0
 92
       -2
340
0
 93
        0
 40
1.125
309
GRIDFORMAT_END
 95
       32
302
GRIDFORMAT
  1
GRIDFORMAT_BEGIN
 90
        0
 91
        1
 62
     0
 92
       -2
340
0
 93
        0
 40
1.125
309
GRIDFORMAT_END
309
TABLEFORMAT_END
  1
CELLSTYLE_BEGIN
 90
        2
 91
        1
300
_HEADER
309
CELLSTYLE_END
300
CELLSTYLE
  1
TABLEFORMAT_BEGIN
 90
        5
170
     1
 91
        0
 92
        0
 62
   257
 93
        1
300
CONTENTFORMAT
  1
CONTENTFORMAT_BEGIN
 90
        0
 91
        0
 92
      512
 93
        0
300

 40
0.0
140
1.0
 94
        2
 62
     0
340
55
144
4.5
309
CONTENTFORMAT_END
171
     1
301
MARGIN
  1
CELLMARGIN_BEGIN
 40
1.5
 40
1.5
 40
1.5
 40
1.5
 40
4.5
 40
4.5
309
CELLMARGIN_END
 94
        6
 95
        1
302
GRIDFORMAT
  1
GRIDFORMAT_BEGIN
 90
        0
 91
        1
 62
     0
 92
       -2
340
0
 93
        0
 40
1.125
309
GRIDFORMAT_END
 95
        2
302
GRIDFORMAT
  1
GRIDFORMAT_BEGIN
 90
        0
 91
        1
 62
     0
 92
       -2
340
0
 93
        0
 40
1.125
309
GRIDFORMAT_END
 95
        4
302
GRIDFORMAT
  1
GRIDFORMAT_BEGIN
 90
        0
 91
        1
 62
     0
 92
       -2
340
0
 93
        0
 40
1.125
309
GRIDFORMAT_END
 95
        8
302
GRIDFORMAT
  1
GRIDFORMAT_BEGIN
 90
        0
 91
        1
 62
     0
 92
       -2
340
0
 93
        0
 40
1.125
309
GRIDFORMAT_END
 95
       16
302
GRIDFORMAT
  1
GRIDFORMAT_BEGIN
 90
        0
 91
        1
 62
     0
 92
       -2
340
0
 93
        0
 40
1.125
309
GRIDFORMAT_END
 95
       32
302
GRIDFORMAT
  1
GRIDFORMAT_BEGIN
 90
        0
 91
        1
 62
     0
 92
       -2
340
0
 93
        0
 40
1.125
309
GRIDFORMAT_END
309
TABLEFORMAT_END
  1
CELLSTYLE_BEGIN
 90
        3
 91
        2
300
_DATA
309
CELLSTYLE_END
  0
XRECORD
  5
BDE
102
{ACAD_REACTORS
330
BDD
102
}
330
BDD
100
AcDbXrecord
280
     1
102
RTVSPost2010Prop28
280
     1
102
RTVSPost2010PropOp28
 70
     1
102
RTVSPost2010Prop29
280
     1
102
RTVSPost2010PropOp29
 70
     1
102
RTVSPost2010Prop30
280
     0
102
RTVSPost2010PropOp30
 70
     1
102
RTVSPost2010Prop31
280
     0
102
RTVSPost2010PropOp31
 70
     1
102
RTVSPost2010Prop32
280
     0
102
RTVSPost2010PropOp32
 70
     1
102
RTVSPost2010Prop33
280
     0
102
RTVSPost2010PropOp33
 70
     1
102
RTVSPost2010Prop34
280
     0
102
RTVSPost2010PropOp34
 70
     1
102
RTVSPost2010Prop35
280
     0
102
RTVSPost2010PropOp35
 70
     1
102
RTVSPost2010Prop36
280
     0
102
RTVSPost2010PropOp36
 70
     1
102
RTVSPost2010Prop37
 90
       50
102
RTVSPost2010PropOp37
 70
     1
102
RTVSPost2010Prop38
140
0.0
102
RTVSPost2010PropOp38
 70
     1
102
RTVSPost2010Prop39
140
1.0
102
RTVSPost2010PropOp39
 70
     1
102
RTVSPost2010Prop40
 90
        0
102
RTVSPost2010PropOp40
 70
     1
102
RTVSPost2010Prop41ColorIndex
 90
       18
102
RTVSPost2010Prop41ColorRGB
 90
        0
102
RTVSPost2010PropOp41
 70
     1
102
RTVSPost2010Prop42
 90
       50
102
RTVSPost2010PropOp42
 70
     1
102
RTVSPost2010Prop43
 90
        3
102
RTVSPost2010PropOp43
 70
     1
102
RTVSPost2010Prop44ColorIndex
 90
        5
102
RTVSPost2010Prop44ColorRGB
 90
      255
102
RTVSPost2010PropOp44
 70
     1
102
RTVSPost2010Prop45
280
     0
102
RTVSPost2010PropOp45
 70
     1
102
RTVSPost2010Prop46
 90
       50
102
RTVSPost2010PropOp46
 70
     1
102
RTVSPost2010Prop47
 90
       50
102
RTVSPost2010PropOp47
 70
     1
102
RTVSPost2010Prop48
 90
       50
102
RTVSPost2010PropOp48
 70
     1
102
RTVSPost2010Prop49
280
     0
102
RTVSPost2010PropOp49
 70
     1
102
RTVSPost2010Prop50
 90
       50
102
RTVSPost2010PropOp50
 70
     1
102
RTVSPost2010Prop51ColorIndex
 90
      256
102
RTVSPost2010Prop51ColorRGB
 90
-16777216
102
RTVSPost2010PropOp51
 70
     0
102
RTVSPost2010Prop52
140
1.0
102
RTVSPost2010PropOp52
 70
     0
102
RTVSPost2010Prop53
 90
        2
102
RTVSPost2010PropOp53
 70
     1
102
RTVSPost2010Prop54
  1
strokes_ogs.tif
102
RTVSPost2010PropOp54
 70
     1
102
RTVSPost2010Prop55
280
     0
102
RTVSPost2010PropOp55
 70
     1
102
RTVSPost2010Prop56
140
1.0
102
RTVSPost2010PropOp56
 70
     1
102
RTVSPost2010Prop57
140
1.0
102
RTVSPost2010PropOp57
 70
     1
  0
XRECORD
  5
BDC
102
{ACAD_REACTORS
330
BDB
102
}
330
BDB
100
AcDbXrecord
280
     1
102
RTVSPost2010Prop28
280
     0
102
RTVSPost2010PropOp28
 70
     1
102
RTVSPost2010Prop29
280
     1
102
RTVSPost2010PropOp29
 70
     1
102
RTVSPost2010Prop30
280
     1
102
RTVSPost2010PropOp30
 70
     1
102
RTVSPost2010Prop31
280
     0
102
RTVSPost2010PropOp31
 70
     1
102
RTVSPost2010Prop32
280
     0
102
RTVSPost2010PropOp32
 70
     1
102
RTVSPost2010Prop33
280
     0
102
RTVSPost2010PropOp33
 70
     1
102
RTVSPost2010Prop34
280
     0
102
RTVSPost2010PropOp34
 70
     1
102
RTVSPost2010Prop35
280
     0
102
RTVSPost2010PropOp35
 70
     1
102
RTVSPost2010Prop36
280
     0
102
RTVSPost2010PropOp36
 70
     1
102
RTVSPost2010Prop37
 90
       50
102
RTVSPost2010PropOp37
 70
     1
102
RTVSPost2010Prop38
140
0.0
102
RTVSPost2010PropOp38
 70
     1
102
RTVSPost2010Prop39
140
1.0
102
RTVSPost2010PropOp39
 70
     1
102
RTVSPost2010Prop40
 90
        0
102
RTVSPost2010PropOp40
 70
     1
102
RTVSPost2010Prop41ColorIndex
 90
       18
102
RTVSPost2010Prop41ColorRGB
 90
        0
102
RTVSPost2010PropOp41
 70
     1
102
RTVSPost2010Prop42
 90
       50
102
RTVSPost2010PropOp42
 70
     1
102
RTVSPost2010Prop43
 90
        3
102
RTVSPost2010PropOp43
 70
     1
102
RTVSPost2010Prop44ColorIndex
 90
        5
102
RTVSPost2010Prop44ColorRGB
 90
      255
102
RTVSPost2010PropOp44
 70
     1
102
RTVSPost2010Prop45
280
     0
102
RTVSPost2010PropOp45
 70
     1
102
RTVSPost2010Prop46
 90
       50
102
RTVSPost2010PropOp46
 70
     1
102
RTVSPost2010Prop47
 90
       50
102
RTVSPost2010PropOp47
 70
     1
102
RTVSPost2010Prop48
 90
       50
102
RTVSPost2010PropOp48
 70
     1
102
RTVSPost2010Prop49
280
     0
102
RTVSPost2010PropOp49
 70
     1
102
RTVSPost2010Prop50
 90
       50
102
RTVSPost2010PropOp50
 70
     1
102
RTVSPost2010Prop51ColorIndex
 90
      256
102
RTVSPost2010Prop51ColorRGB
 90
-16777216
102
RTVSPost2010PropOp51
 70
     0
102
RTVSPost2010Prop52
140
1.0
102
RTVSPost2010PropOp52
 70
     0
102
RTVSPost2010Prop53
 90
        2
102
RTVSPost2010PropOp53
 70
     1
102
RTVSPost2010Prop54
  1
strokes_ogs.tif
102
RTVSPost2010PropOp54
 70
     1
102
RTVSPost2010Prop55
280
     0
102
RTVSPost2010PropOp55
 70
     1
102
RTVSPost2010Prop56
140
1.0
102
RTVSPost2010PropOp56
 70
     1
102
RTVSPost2010Prop57
140
1.0
102
RTVSPost2010PropOp57
 70
     1
  0
XRECORD
  5
BEA
102
{ACAD_REACTORS
330
BE9
102
}
330
BE9
100
AcDbXrecord
280
     1
102
RTVSPost2010Prop28
280
     0
102
RTVSPost2010PropOp28
 70
     1
102
RTVSPost2010Prop29
280
     1
102
RTVSPost2010PropOp29
 70
     1
102
RTVSPost2010Prop30
280
     1
102
RTVSPost2010PropOp30
 70
     1
102
RTVSPost2010Prop31
280
     0
102
RTVSPost2010PropOp31
 70
     1
102
RTVSPost2010Prop32
280
     0
102
RTVSPost2010PropOp32
 70
     1
102
RTVSPost2010Prop33
280
     0
102
RTVSPost2010PropOp33
 70
     1
102
RTVSPost2010Prop34
280
     0
102
RTVSPost2010PropOp34
 70
     1
102
RTVSPost2010Prop35
280
     0
102
RTVSPost2010PropOp35
 70
     1
102
RTVSPost2010Prop36
280
     0
102
RTVSPost2010PropOp36
 70
     1
102
RTVSPost2010Prop37
 90
       50
102
RTVSPost2010PropOp37
 70
     1
102
RTVSPost2010Prop38
140
0.0
102
RTVSPost2010PropOp38
 70
     1
102
RTVSPost2010Prop39
140
1.0
102
RTVSPost2010PropOp39
 70
     1
102
RTVSPost2010Prop40
 90
        0
102
RTVSPost2010PropOp40
 70
     1
102
RTVSPost2010Prop41ColorIndex
 90
       18
102
RTVSPost2010Prop41ColorRGB
 90
        0
102
RTVSPost2010PropOp41
 70
     1
102
RTVSPost2010Prop42
 90
       50
102
RTVSPost2010PropOp42
 70
     1
102
RTVSPost2010Prop43
 90
        3
102
RTVSPost2010PropOp43
 70
     1
102
RTVSPost2010Prop44ColorIndex
 90
        5
102
RTVSPost2010Prop44ColorRGB
 90
      255
102
RTVSPost2010PropOp44
 70
     1
102
RTVSPost2010Prop45
280
     0
102
RTVSPost2010PropOp45
 70
     1
102
RTVSPost2010Prop46
 90
       50
102
RTVSPost2010PropOp46
 70
     1
102
RTVSPost2010Prop47
 90
       50
102
RTVSPost2010PropOp47
 70
     1
102
RTVSPost2010Prop48
 90
       50
102
RTVSPost2010PropOp48
 70
     1
102
RTVSPost2010Prop49
280
     0
102
RTVSPost2010PropOp49
 70
     1
102
RTVSPost2010Prop50
 90
       50
102
RTVSPost2010PropOp50
 70
     1
102
RTVSPost2010Prop51ColorIndex
 90
      256
102
RTVSPost2010Prop51ColorRGB
 90
-16777216
102
RTVSPost2010PropOp51
 70
     0
102
RTVSPost2010Prop52
140
1.0
102
RTVSPost2010PropOp52
 70
     0
102
RTVSPost2010Prop53
 90
        2
102
RTVSPost2010PropOp53
 70
     1
102
RTVSPost2010Prop54
  1
strokes_ogs.tif
102
RTVSPost2010PropOp54
 70
     1
102
RTVSPost2010Prop55
280
     0
102
RTVSPost2010PropOp55
 70
     1
102
RTVSPost2010Prop56
140
1.0
102
RTVSPost2010PropOp56
 70
     1
102
RTVSPost2010Prop57
140
1.0
102
RTVSPost2010PropOp57
 70
     1
  0
XRECORD
  5
BF2
102
{ACAD_REACTORS
330
BF1
102
}
330
BF1
100
AcDbXrecord
280
     1
102
RTVSPost2010Prop28
280
     0
102
RTVSPost2010PropOp28
 70
     1
102
RTVSPost2010Prop29
280
     1
102
RTVSPost2010PropOp29
 70
     1
102
RTVSPost2010Prop30
280
     1
102
RTVSPost2010PropOp30
 70
     1
102
RTVSPost2010Prop31
280
     0
102
RTVSPost2010PropOp31
 70
     1
102
RTVSPost2010Prop32
280
     0
102
RTVSPost2010PropOp32
 70
     1
102
RTVSPost2010Prop33
280
     0
102
RTVSPost2010PropOp33
 70
     1
102
RTVSPost2010Prop34
280
     0
102
RTVSPost2010PropOp34
 70
     1
102
RTVSPost2010Prop35
280
     0
102
RTVSPost2010PropOp35
 70
     1
102
RTVSPost2010Prop36
280
     0
102
RTVSPost2010PropOp36
 70
     1
102
RTVSPost2010Prop37
 90
       50
102
RTVSPost2010PropOp37
 70
     1
102
RTVSPost2010Prop38
140
0.0
102
RTVSPost2010PropOp38
 70
     1
102
RTVSPost2010Prop39
140
1.0
102
RTVSPost2010PropOp39
 70
     1
102
RTVSPost2010Prop40
 90
        0
102
RTVSPost2010PropOp40
 70
     1
102
RTVSPost2010Prop41ColorIndex
 90
       18
102
RTVSPost2010Prop41ColorRGB
 90
        0
102
RTVSPost2010PropOp41
 70
     1
102
RTVSPost2010Prop42
 90
       50
102
RTVSPost2010PropOp42
 70
     1
102
RTVSPost2010Prop43
 90
        3
102
RTVSPost2010PropOp43
 70
     1
102
RTVSPost2010Prop44ColorIndex
 90
        5
102
RTVSPost2010Prop44ColorRGB
 90
      255
102
RTVSPost2010PropOp44
 70
     1
102
RTVSPost2010Prop45
280
     0
102
RTVSPost2010PropOp45
 70
     1
102
RTVSPost2010Prop46
 90
       50
102
RTVSPost2010PropOp46
 70
     1
102
RTVSPost2010Prop47
 90
       50
102
RTVSPost2010PropOp47
 70
     1
102
RTVSPost2010Prop48
 90
       50
102
RTVSPost2010PropOp48
 70
     1
102
RTVSPost2010Prop49
280
     0
102
RTVSPost2010PropOp49
 70
     1
102
RTVSPost2010Prop50
 90
       50
102
RTVSPost2010PropOp50
 70
     1
102
RTVSPost2010Prop51ColorIndex
 90
      256
102
RTVSPost2010Prop51ColorRGB
 90
-16777216
102
RTVSPost2010PropOp51
 70
     0
102
RTVSPost2010Prop52
140
1.0
102
RTVSPost2010PropOp52
 70
     0
102
RTVSPost2010Prop53
 90
        2
102
RTVSPost2010PropOp53
 70
     1
102
RTVSPost2010Prop54
  1
strokes_ogs.tif
102
RTVSPost2010PropOp54
 70
     1
102
RTVSPost2010Prop55
280
     0
102
RTVSPost2010PropOp55
 70
     1
102
RTVSPost2010Prop56
140
1.0
102
RTVSPost2010PropOp56
 70
     1
102
RTVSPost2010Prop57
140
1.0
102
RTVSPost2010PropOp57
 70
     1
  0
XRECORD
  5
BE4
102
{ACAD_REACTORS
330
BE3
102
}
330
BE3
100
AcDbXrecord
280
     1
102
RTVSPost2010Prop28
280
     0
102
RTVSPost2010PropOp28
 70
     1
102
RTVSPost2010Prop29
280
     1
102
RTVSPost2010PropOp29
 70
     1
102
RTVSPost2010Prop30
280
     1
102
RTVSPost2010PropOp30
 70
     1
102
RTVSPost2010Prop31
280
     0
102
RTVSPost2010PropOp31
 70
     1
102
RTVSPost2010Prop32
280
     0
102
RTVSPost2010PropOp32
 70
     1
102
RTVSPost2010Prop33
280
     0
102
RTVSPost2010PropOp33
 70
     1
102
RTVSPost2010Prop34
280
     0
102
RTVSPost2010PropOp34
 70
     1
102
RTVSPost2010Prop35
280
     0
102
RTVSPost2010PropOp35
 70
     1
102
RTVSPost2010Prop36
280
     0
102
RTVSPost2010PropOp36
 70
     1
102
RTVSPost2010Prop37
 90
       50
102
RTVSPost2010PropOp37
 70
     1
102
RTVSPost2010Prop38
140
0.0
102
RTVSPost2010PropOp38
 70
     1
102
RTVSPost2010Prop39
140
1.0
102
RTVSPost2010PropOp39
 70
     1
102
RTVSPost2010Prop40
 90
        0
102
RTVSPost2010PropOp40
 70
     1
102
RTVSPost2010Prop41ColorIndex
 90
       18
102
RTVSPost2010Prop41ColorRGB
 90
        0
102
RTVSPost2010PropOp41
 70
     1
102
RTVSPost2010Prop42
 90
       50
102
RTVSPost2010PropOp42
 70
     1
102
RTVSPost2010Prop43
 90
        3
102
RTVSPost2010PropOp43
 70
     1
102
RTVSPost2010Prop44ColorIndex
 90
        5
102
RTVSPost2010Prop44ColorRGB
 90
      255
102
RTVSPost2010PropOp44
 70
     1
102
RTVSPost2010Prop45
280
     0
102
RTVSPost2010PropOp45
 70
     1
102
RTVSPost2010Prop46
 90
       50
102
RTVSPost2010PropOp46
 70
     1
102
RTVSPost2010Prop47
 90
       50
102
RTVSPost2010PropOp47
 70
     1
102
RTVSPost2010Prop48
 90
       50
102
RTVSPost2010PropOp48
 70
     1
102
RTVSPost2010Prop49
280
     0
102
RTVSPost2010PropOp49
 70
     1
102
RTVSPost2010Prop50
 90
       50
102
RTVSPost2010PropOp50
 70
     1
102
RTVSPost2010Prop51ColorIndex
 90
      256
102
RTVSPost2010Prop51ColorRGB
 90
-16777216
102
RTVSPost2010PropOp51
 70
     0
102
RTVSPost2010Prop52
140
1.0
102
RTVSPost2010PropOp52
 70
     0
102
RTVSPost2010Prop53
 90
        2
102
RTVSPost2010PropOp53
 70
     1
102
RTVSPost2010Prop54
  1
strokes_ogs.tif
102
RTVSPost2010PropOp54
 70
     1
102
RTVSPost2010Prop55
280
     0
102
RTVSPost2010PropOp55
 70
     1
102
RTVSPost2010Prop56
140
1.0
102
RTVSPost2010PropOp56
 70
     1
102
RTVSPost2010Prop57
140
1.0
102
RTVSPost2010PropOp57
 70
     1
  0
XRECORD
  5
BE8
102
{ACAD_REACTORS
330
BE7
102
}
330
BE7
100
AcDbXrecord
280
     1
102
RTVSPost2010Prop28
280
     0
102
RTVSPost2010PropOp28
 70
     1
102
RTVSPost2010Prop29
280
     1
102
RTVSPost2010PropOp29
 70
     1
102
RTVSPost2010Prop30
280
     1
102
RTVSPost2010PropOp30
 70
     1
102
RTVSPost2010Prop31
280
     0
102
RTVSPost2010PropOp31
 70
     1
102
RTVSPost2010Prop32
280
     0
102
RTVSPost2010PropOp32
 70
     1
102
RTVSPost2010Prop33
280
     0
102
RTVSPost2010PropOp33
 70
     1
102
RTVSPost2010Prop34
280
     0
102
RTVSPost2010PropOp34
 70
     1
102
RTVSPost2010Prop35
280
     0
102
RTVSPost2010PropOp35
 70
     1
102
RTVSPost2010Prop36
280
     0
102
RTVSPost2010PropOp36
 70
     1
102
RTVSPost2010Prop37
 90
       50
102
RTVSPost2010PropOp37
 70
     1
102
RTVSPost2010Prop38
140
0.0
102
RTVSPost2010PropOp38
 70
     1
102
RTVSPost2010Prop39
140
1.0
102
RTVSPost2010PropOp39
 70
     1
102
RTVSPost2010Prop40
 90
        0
102
RTVSPost2010PropOp40
 70
     1
102
RTVSPost2010Prop41ColorIndex
 90
       18
102
RTVSPost2010Prop41ColorRGB
 90
        0
102
RTVSPost2010PropOp41
 70
     1
102
RTVSPost2010Prop42
 90
       50
102
RTVSPost2010PropOp42
 70
     1
102
RTVSPost2010Prop43
 90
        3
102
RTVSPost2010PropOp43
 70
     1
102
RTVSPost2010Prop44ColorIndex
 90
        5
102
RTVSPost2010Prop44ColorRGB
 90
      255
102
RTVSPost2010PropOp44
 70
     1
102
RTVSPost2010Prop45
280
     0
102
RTVSPost2010PropOp45
 70
     1
102
RTVSPost2010Prop46
 90
       50
102
RTVSPost2010PropOp46
 70
     1
102
RTVSPost2010Prop47
 90
       50
102
RTVSPost2010PropOp47
 70
     1
102
RTVSPost2010Prop48
 90
       50
102
RTVSPost2010PropOp48
 70
     1
102
RTVSPost2010Prop49
280
     0
102
RTVSPost2010PropOp49
 70
     1
102
RTVSPost2010Prop50
 90
       50
102
RTVSPost2010PropOp50
 70
     1
102
RTVSPost2010Prop51ColorIndex
 90
      256
102
RTVSPost2010Prop51ColorRGB
 90
-16777216
102
RTVSPost2010PropOp51
 70
     0
102
RTVSPost2010Prop52
140
1.0
102
RTVSPost2010PropOp52
 70
     0
102
RTVSPost2010Prop53
 90
        2
102
RTVSPost2010PropOp53
 70
     1
102
RTVSPost2010Prop54
  1
strokes_ogs.tif
102
RTVSPost2010PropOp54
 70
     1
102
RTVSPost2010Prop55
280
     0
102
RTVSPost2010PropOp55
 70
     1
102
RTVSPost2010Prop56
140
1.0
102
RTVSPost2010PropOp56
 70
     1
102
RTVSPost2010Prop57
140
1.0
102
RTVSPost2010PropOp57
 70
     1
  0
XRECORD
  5
C02
102
{ACAD_REACTORS
330
C01
102
}
330
C01
100
AcDbXrecord
280
     1
102
RTVSPost2010Prop28
280
     0
102
RTVSPost2010PropOp28
 70
     0
102
RTVSPost2010Prop29
280
     1
102
RTVSPost2010PropOp29
 70
     0
102
RTVSPost2010Prop30
280
     1
102
RTVSPost2010PropOp30
 70
     0
102
RTVSPost2010Prop31
280
     0
102
RTVSPost2010PropOp31
 70
     0
102
RTVSPost2010Prop32
280
     0
102
RTVSPost2010PropOp32
 70
     0
102
RTVSPost2010Prop33
280
     0
102
RTVSPost2010PropOp33
 70
     0
102
RTVSPost2010Prop34
280
     0
102
RTVSPost2010PropOp34
 70
     0
102
RTVSPost2010Prop35
280
     0
102
RTVSPost2010PropOp35
 70
     0
102
RTVSPost2010Prop36
280
     0
102
RTVSPost2010PropOp36
 70
     0
102
RTVSPost2010Prop37
 90
       50
102
RTVSPost2010PropOp37
 70
     0
102
RTVSPost2010Prop38
140
0.0
102
RTVSPost2010PropOp38
 70
     0
102
RTVSPost2010Prop39
140
1.0
102
RTVSPost2010PropOp39
 70
     0
102
RTVSPost2010Prop40
 90
        0
102
RTVSPost2010PropOp40
 70
     0
102
RTVSPost2010Prop41ColorIndex
 90
       18
102
RTVSPost2010Prop41ColorRGB
 90
        0
102
RTVSPost2010PropOp41
 70
     0
102
RTVSPost2010Prop42
 90
       50
102
RTVSPost2010PropOp42
 70
     0
102
RTVSPost2010Prop43
 90
        3
102
RTVSPost2010PropOp43
 70
     0
102
RTVSPost2010Prop44ColorIndex
 90
        5
102
RTVSPost2010Prop44ColorRGB
 90
      255
102
RTVSPost2010PropOp44
 70
     0
102
RTVSPost2010Prop45
280
     0
102
RTVSPost2010PropOp45
 70
     0
102
RTVSPost2010Prop46
 90
       50
102
RTVSPost2010PropOp46
 70
     0
102
RTVSPost2010Prop47
 90
       50
102
RTVSPost2010PropOp47
 70
     0
102
RTVSPost2010Prop48
 90
       50
102
RTVSPost2010PropOp48
 70
     0
102
RTVSPost2010Prop49
280
     0
102
RTVSPost2010PropOp49
 70
     0
102
RTVSPost2010Prop50
 90
       50
102
RTVSPost2010PropOp50
 70
     0
102
RTVSPost2010Prop51ColorIndex
 90
      256
102
RTVSPost2010Prop51ColorRGB
 90
-16777216
102
RTVSPost2010PropOp51
 70
     0
102
RTVSPost2010Prop52
140
1.0
102
RTVSPost2010PropOp52
 70
     0
102
RTVSPost2010Prop53
 90
        2
102
RTVSPost2010PropOp53
 70
     0
102
RTVSPost2010Prop54
  1
strokes_ogs.tif
102
RTVSPost2010PropOp54
 70
     0
102
RTVSPost2010Prop55
280
     0
102
RTVSPost2010PropOp55
 70
     0
102
RTVSPost2010Prop56
140
1.0
102
RTVSPost2010PropOp56
 70
     0
102
RTVSPost2010Prop57
140
1.0
102
RTVSPost2010PropOp57
 70
     0
  0
XRECORD
  5
BF0
102
{ACAD_REACTORS
330
BEF
102
}
330
BEF
100
AcDbXrecord
280
     1
102
RTVSPost2010Prop28
280
     0
102
RTVSPost2010PropOp28
 70
     1
102
RTVSPost2010Prop29
280
     1
102
RTVSPost2010PropOp29
 70
     1
102
RTVSPost2010Prop30
280
     1
102
RTVSPost2010PropOp30
 70
     1
102
RTVSPost2010Prop31
280
     0
102
RTVSPost2010PropOp31
 70
     1
102
RTVSPost2010Prop32
280
     0
102
RTVSPost2010PropOp32
 70
     1
102
RTVSPost2010Prop33
280
     0
102
RTVSPost2010PropOp33
 70
     1
102
RTVSPost2010Prop34
280
     0
102
RTVSPost2010PropOp34
 70
     1
102
RTVSPost2010Prop35
280
     0
102
RTVSPost2010PropOp35
 70
     1
102
RTVSPost2010Prop36
280
     0
102
RTVSPost2010PropOp36
 70
     1
102
RTVSPost2010Prop37
 90
       50
102
RTVSPost2010PropOp37
 70
     1
102
RTVSPost2010Prop38
140
0.0
102
RTVSPost2010PropOp38
 70
     1
102
RTVSPost2010Prop39
140
1.0
102
RTVSPost2010PropOp39
 70
     1
102
RTVSPost2010Prop40
 90
        0
102
RTVSPost2010PropOp40
 70
     1
102
RTVSPost2010Prop41ColorIndex
 90
       18
102
RTVSPost2010Prop41ColorRGB
 90
        0
102
RTVSPost2010PropOp41
 70
     1
102
RTVSPost2010Prop42
 90
       50
102
RTVSPost2010PropOp42
 70
     1
102
RTVSPost2010Prop43
 90
        3
102
RTVSPost2010PropOp43
 70
     1
102
RTVSPost2010Prop44ColorIndex
 90
        5
102
RTVSPost2010Prop44ColorRGB
 90
      255
102
RTVSPost2010PropOp44
 70
     1
102
RTVSPost2010Prop45
280
     0
102
RTVSPost2010PropOp45
 70
     1
102
RTVSPost2010Prop46
 90
       50
102
RTVSPost2010PropOp46
 70
     1
102
RTVSPost2010Prop47
 90
       50
102
RTVSPost2010PropOp47
 70
     1
102
RTVSPost2010Prop48
 90
       50
102
RTVSPost2010PropOp48
 70
     1
102
RTVSPost2010Prop49
280
     0
102
RTVSPost2010PropOp49
 70
     1
102
RTVSPost2010Prop50
 90
       50
102
RTVSPost2010PropOp50
 70
     1
102
RTVSPost2010Prop51ColorIndex
 90
      256
102
RTVSPost2010Prop51ColorRGB
 90
-16777216
102
RTVSPost2010PropOp51
 70
     0
102
RTVSPost2010Prop52
140
1.0
102
RTVSPost2010PropOp52
 70
     0
102
RTVSPost2010Prop53
 90
        2
102
RTVSPost2010PropOp53
 70
     1
102
RTVSPost2010Prop54
  1
strokes_ogs.tif
102
RTVSPost2010PropOp54
 70
     1
102
RTVSPost2010Prop55
280
     0
102
RTVSPost2010PropOp55
 70
     1
102
RTVSPost2010Prop56
140
1.0
102
RTVSPost2010PropOp56
 70
     1
102
RTVSPost2010Prop57
140
1.0
102
RTVSPost2010PropOp57
 70
     1
  0
XRECORD
  5
BD4
102
{ACAD_REACTORS
330
BD3
102
}
330
BD3
100
AcDbXrecord
280
     1
102
RTVSPost2010Prop28
280
     0
102
RTVSPost2010PropOp28
 70
     1
102
RTVSPost2010Prop29
280
     1
102
RTVSPost2010PropOp29
 70
     1
102
RTVSPost2010Prop30
280
     1
102
RTVSPost2010PropOp30
 70
     1
102
RTVSPost2010Prop31
280
     0
102
RTVSPost2010PropOp31
 70
     1
102
RTVSPost2010Prop32
280
     0
102
RTVSPost2010PropOp32
 70
     1
102
RTVSPost2010Prop33
280
     0
102
RTVSPost2010PropOp33
 70
     1
102
RTVSPost2010Prop34
280
     0
102
RTVSPost2010PropOp34
 70
     1
102
RTVSPost2010Prop35
280
     0
102
RTVSPost2010PropOp35
 70
     1
102
RTVSPost2010Prop36
280
     0
102
RTVSPost2010PropOp36
 70
     1
102
RTVSPost2010Prop37
 90
       50
102
RTVSPost2010PropOp37
 70
     1
102
RTVSPost2010Prop38
140
0.0
102
RTVSPost2010PropOp38
 70
     1
102
RTVSPost2010Prop39
140
1.0
102
RTVSPost2010PropOp39
 70
     1
102
RTVSPost2010Prop40
 90
        0
102
RTVSPost2010PropOp40
 70
     1
102
RTVSPost2010Prop41ColorIndex
 90
       18
102
RTVSPost2010Prop41ColorRGB
 90
        0
102
RTVSPost2010PropOp41
 70
     1
102
RTVSPost2010Prop42
 90
       50
102
RTVSPost2010PropOp42
 70
     1
102
RTVSPost2010Prop43
 90
        3
102
RTVSPost2010PropOp43
 70
     1
102
RTVSPost2010Prop44ColorIndex
 90
        5
102
RTVSPost2010Prop44ColorRGB
 90
      255
102
RTVSPost2010PropOp44
 70
     1
102
RTVSPost2010Prop45
280
     0
102
RTVSPost2010PropOp45
 70
     1
102
RTVSPost2010Prop46
 90
       50
102
RTVSPost2010PropOp46
 70
     1
102
RTVSPost2010Prop47
 90
       50
102
RTVSPost2010PropOp47
 70
     1
102
RTVSPost2010Prop48
 90
       50
102
RTVSPost2010PropOp48
 70
     1
102
RTVSPost2010Prop49
280
     0
102
RTVSPost2010PropOp49
 70
     1
102
RTVSPost2010Prop50
 90
       50
102
RTVSPost2010PropOp50
 70
     1
102
RTVSPost2010Prop51ColorIndex
 90
      256
102
RTVSPost2010Prop51ColorRGB
 90
-16777216
102
RTVSPost2010PropOp51
 70
     0
102
RTVSPost2010Prop52
140
1.0
102
RTVSPost2010PropOp52
 70
     0
102
RTVSPost2010Prop53
 90
        2
102
RTVSPost2010PropOp53
 70
     1
102
RTVSPost2010Prop54
  1
strokes_ogs.tif
102
RTVSPost2010PropOp54
 70
     1
102
RTVSPost2010Prop55
280
     0
102
RTVSPost2010PropOp55
 70
     1
102
RTVSPost2010Prop56
140
1.0
102
RTVSPost2010PropOp56
 70
     1
102
RTVSPost2010Prop57
140
1.0
102
RTVSPost2010PropOp57
 70
     1
  0
XRECORD
  5
BD6
102
{ACAD_REACTORS
330
BD5
102
}
330
BD5
100
AcDbXrecord
280
     1
102
RTVSPost2010Prop28
280
     0
102
RTVSPost2010PropOp28
 70
     1
102
RTVSPost2010Prop29
280
     1
102
RTVSPost2010PropOp29
 70
     1
102
RTVSPost2010Prop30
280
     1
102
RTVSPost2010PropOp30
 70
     1
102
RTVSPost2010Prop31
280
     0
102
RTVSPost2010PropOp31
 70
     1
102
RTVSPost2010Prop32
280
     0
102
RTVSPost2010PropOp32
 70
     1
102
RTVSPost2010Prop33
280
     0
102
RTVSPost2010PropOp33
 70
     1
102
RTVSPost2010Prop34
280
     0
102
RTVSPost2010PropOp34
 70
     1
102
RTVSPost2010Prop35
280
     0
102
RTVSPost2010PropOp35
 70
     1
102
RTVSPost2010Prop36
280
     0
102
RTVSPost2010PropOp36
 70
     1
102
RTVSPost2010Prop37
 90
       50
102
RTVSPost2010PropOp37
 70
     1
102
RTVSPost2010Prop38
140
0.0
102
RTVSPost2010PropOp38
 70
     1
102
RTVSPost2010Prop39
140
1.0
102
RTVSPost2010PropOp39
 70
     1
102
RTVSPost2010Prop40
 90
        0
102
RTVSPost2010PropOp40
 70
     1
102
RTVSPost2010Prop41ColorIndex
 90
       18
102
RTVSPost2010Prop41ColorRGB
 90
        0
102
RTVSPost2010PropOp41
 70
     1
102
RTVSPost2010Prop42
 90
       50
102
RTVSPost2010PropOp42
 70
     1
102
RTVSPost2010Prop43
 90
        3
102
RTVSPost2010PropOp43
 70
     1
102
RTVSPost2010Prop44ColorIndex
 90
        5
102
RTVSPost2010Prop44ColorRGB
 90
      255
102
RTVSPost2010PropOp44
 70
     1
102
RTVSPost2010Prop45
280
     0
102
RTVSPost2010PropOp45
 70
     1
102
RTVSPost2010Prop46
 90
       50
102
RTVSPost2010PropOp46
 70
     1
102
RTVSPost2010Prop47
 90
       50
102
RTVSPost2010PropOp47
 70
     1
102
RTVSPost2010Prop48
 90
       50
102
RTVSPost2010PropOp48
 70
     1
102
RTVSPost2010Prop49
280
     0
102
RTVSPost2010PropOp49
 70
     1
102
RTVSPost2010Prop50
 90
       50
102
RTVSPost2010PropOp50
 70
     1
102
RTVSPost2010Prop51ColorIndex
 90
      256
102
RTVSPost2010Prop51ColorRGB
 90
-16777216
102
RTVSPost2010PropOp51
 70
     0
102
RTVSPost2010Prop52
140
1.0
102
RTVSPost2010PropOp52
 70
     0
102
RTVSPost2010Prop53
 90
        2
102
RTVSPost2010PropOp53
 70
     1
102
RTVSPost2010Prop54
  1
strokes_ogs.tif
102
RTVSPost2010PropOp54
 70
     1
102
RTVSPost2010Prop55
280
     0
102
RTVSPost2010PropOp55
 70
     1
102
RTVSPost2010Prop56
140
1.0
102
RTVSPost2010PropOp56
 70
     1
102
RTVSPost2010Prop57
140
1.0
102
RTVSPost2010PropOp57
 70
     1
  0
XRECORD
  5
BD8
102
{ACAD_REACTORS
330
BD7
102
}
330
BD7
100
AcDbXrecord
280
     1
102
RTVSPost2010Prop28
280
     0
102
RTVSPost2010PropOp28
 70
     1
102
RTVSPost2010Prop29
280
     1
102
RTVSPost2010PropOp29
 70
     1
102
RTVSPost2010Prop30
280
     1
102
RTVSPost2010PropOp30
 70
     1
102
RTVSPost2010Prop31
280
     0
102
RTVSPost2010PropOp31
 70
     1
102
RTVSPost2010Prop32
280
     0
102
RTVSPost2010PropOp32
 70
     1
102
RTVSPost2010Prop33
280
     0
102
RTVSPost2010PropOp33
 70
     1
102
RTVSPost2010Prop34
280
     0
102
RTVSPost2010PropOp34
 70
     1
102
RTVSPost2010Prop35
280
     0
102
RTVSPost2010PropOp35
 70
     1
102
RTVSPost2010Prop36
280
     0
102
RTVSPost2010PropOp36
 70
     1
102
RTVSPost2010Prop37
 90
       50
102
RTVSPost2010PropOp37
 70
     1
102
RTVSPost2010Prop38
140
0.0
102
RTVSPost2010PropOp38
 70
     1
102
RTVSPost2010Prop39
140
1.0
102
RTVSPost2010PropOp39
 70
     1
102
RTVSPost2010Prop40
 90
        0
102
RTVSPost2010PropOp40
 70
     1
102
RTVSPost2010Prop41ColorIndex
 90
       18
102
RTVSPost2010Prop41ColorRGB
 90
        0
102
RTVSPost2010PropOp41
 70
     1
102
RTVSPost2010Prop42
 90
       50
102
RTVSPost2010PropOp42
 70
     1
102
RTVSPost2010Prop43
 90
        3
102
RTVSPost2010PropOp43
 70
     1
102
RTVSPost2010Prop44ColorIndex
 90
        5
102
RTVSPost2010Prop44ColorRGB
 90
      255
102
RTVSPost2010PropOp44
 70
     1
102
RTVSPost2010Prop45
280
     0
102
RTVSPost2010PropOp45
 70
     1
102
RTVSPost2010Prop46
 90
       50
102
RTVSPost2010PropOp46
 70
     1
102
RTVSPost2010Prop47
 90
       50
102
RTVSPost2010PropOp47
 70
     1
102
RTVSPost2010Prop48
 90
       50
102
RTVSPost2010PropOp48
 70
     1
102
RTVSPost2010Prop49
280
     0
102
RTVSPost2010PropOp49
 70
     1
102
RTVSPost2010Prop50
 90
       50
102
RTVSPost2010PropOp50
 70
     1
102
RTVSPost2010Prop51ColorIndex
 90
      256
102
RTVSPost2010Prop51ColorRGB
 90
-16777216
102
RTVSPost2010PropOp51
 70
     0
102
RTVSPost2010Prop52
140
1.0
102
RTVSPost2010PropOp52
 70
     0
102
RTVSPost2010Prop53
 90
        2
102
RTVSPost2010PropOp53
 70
     1
102
RTVSPost2010Prop54
  1
strokes_ogs.tif
102
RTVSPost2010PropOp54
 70
     1
102
RTVSPost2010Prop55
280
     0
102
RTVSPost2010PropOp55
 70
     1
102
RTVSPost2010Prop56
140
1.0
102
RTVSPost2010PropOp56
 70
     1
102
RTVSPost2010Prop57
140
1.0
102
RTVSPost2010PropOp57
 70
     1
  0
XRECORD
  5
BDA
102
{ACAD_REACTORS
330
BD9
102
}
330
BD9
100
AcDbXrecord
280
     1
102
RTVSPost2010Prop28
280
     0
102
RTVSPost2010PropOp28
 70
     1
102
RTVSPost2010Prop29
280
     1
102
RTVSPost2010PropOp29
 70
     1
102
RTVSPost2010Prop30
280
     1
102
RTVSPost2010PropOp30
 70
     1
102
RTVSPost2010Prop31
280
     0
102
RTVSPost2010PropOp31
 70
     1
102
RTVSPost2010Prop32
280
     0
102
RTVSPost2010PropOp32
 70
     1
102
RTVSPost2010Prop33
280
     0
102
RTVSPost2010PropOp33
 70
     1
102
RTVSPost2010Prop34
280
     0
102
RTVSPost2010PropOp34
 70
     1
102
RTVSPost2010Prop35
280
     0
102
RTVSPost2010PropOp35
 70
     1
102
RTVSPost2010Prop36
280
     0
102
RTVSPost2010PropOp36
 70
     1
102
RTVSPost2010Prop37
 90
       50
102
RTVSPost2010PropOp37
 70
     1
102
RTVSPost2010Prop38
140
0.0
102
RTVSPost2010PropOp38
 70
     1
102
RTVSPost2010Prop39
140
1.0
102
RTVSPost2010PropOp39
 70
     1
102
RTVSPost2010Prop40
 90
        0
102
RTVSPost2010PropOp40
 70
     1
102
RTVSPost2010Prop41ColorIndex
 90
       18
102
RTVSPost2010Prop41ColorRGB
 90
        0
102
RTVSPost2010PropOp41
 70
     1
102
RTVSPost2010Prop42
 90
       50
102
RTVSPost2010PropOp42
 70
     1
102
RTVSPost2010Prop43
 90
        3
102
RTVSPost2010PropOp43
 70
     1
102
RTVSPost2010Prop44ColorIndex
 90
        5
102
RTVSPost2010Prop44ColorRGB
 90
      255
102
RTVSPost2010PropOp44
 70
     1
102
RTVSPost2010Prop45
280
     0
102
RTVSPost2010PropOp45
 70
     1
102
RTVSPost2010Prop46
 90
       50
102
RTVSPost2010PropOp46
 70
     1
102
RTVSPost2010Prop47
 90
       50
102
RTVSPost2010PropOp47
 70
     1
102
RTVSPost2010Prop48
 90
       50
102
RTVSPost2010PropOp48
 70
     1
102
RTVSPost2010Prop49
280
     0
102
RTVSPost2010PropOp49
 70
     1
102
RTVSPost2010Prop50
 90
       50
102
RTVSPost2010PropOp50
 70
     1
102
RTVSPost2010Prop51ColorIndex
 90
      256
102
RTVSPost2010Prop51ColorRGB
 90
-16777216
102
RTVSPost2010PropOp51
 70
     0
102
RTVSPost2010Prop52
140
1.0
102
RTVSPost2010PropOp52
 70
     0
102
RTVSPost2010Prop53
 90
        2
102
RTVSPost2010PropOp53
 70
     1
102
RTVSPost2010Prop54
  1
strokes_ogs.tif
102
RTVSPost2010PropOp54
 70
     1
102
RTVSPost2010Prop55
280
     0
102
RTVSPost2010PropOp55
 70
     1
102
RTVSPost2010Prop56
140
1.0
102
RTVSPost2010PropOp56
 70
     1
102
RTVSPost2010Prop57
140
1.0
102
RTVSPost2010PropOp57
 70
     1
  0
XRECORD
  5
BE2
102
{ACAD_REACTORS
330
BE1
102
}
330
BE1
100
AcDbXrecord
280
     1
102
RTVSPost2010Prop28
280
     0
102
RTVSPost2010PropOp28
 70
     1
102
RTVSPost2010Prop29
280
     1
102
RTVSPost2010PropOp29
 70
     1
102
RTVSPost2010Prop30
280
     1
102
RTVSPost2010PropOp30
 70
     1
102
RTVSPost2010Prop31
280
     0
102
RTVSPost2010PropOp31
 70
     1
102
RTVSPost2010Prop32
280
     0
102
RTVSPost2010PropOp32
 70
     1
102
RTVSPost2010Prop33
280
     0
102
RTVSPost2010PropOp33
 70
     1
102
RTVSPost2010Prop34
280
     0
102
RTVSPost2010PropOp34
 70
     1
102
RTVSPost2010Prop35
280
     0
102
RTVSPost2010PropOp35
 70
     1
102
RTVSPost2010Prop36
280
     0
102
RTVSPost2010PropOp36
 70
     1
102
RTVSPost2010Prop37
 90
       50
102
RTVSPost2010PropOp37
 70
     1
102
RTVSPost2010Prop38
140
0.0
102
RTVSPost2010PropOp38
 70
     1
102
RTVSPost2010Prop39
140
1.0
102
RTVSPost2010PropOp39
 70
     1
102
RTVSPost2010Prop40
 90
        0
102
RTVSPost2010PropOp40
 70
     1
102
RTVSPost2010Prop41ColorIndex
 90
       18
102
RTVSPost2010Prop41ColorRGB
 90
        0
102
RTVSPost2010PropOp41
 70
     1
102
RTVSPost2010Prop42
 90
       50
102
RTVSPost2010PropOp42
 70
     1
102
RTVSPost2010Prop43
 90
        3
102
RTVSPost2010PropOp43
 70
     1
102
RTVSPost2010Prop44ColorIndex
 90
        5
102
RTVSPost2010Prop44ColorRGB
 90
      255
102
RTVSPost2010PropOp44
 70
     1
102
RTVSPost2010Prop45
280
     0
102
RTVSPost2010PropOp45
 70
     1
102
RTVSPost2010Prop46
 90
       50
102
RTVSPost2010PropOp46
 70
     1
102
RTVSPost2010Prop47
 90
       50
102
RTVSPost2010PropOp47
 70
     1
102
RTVSPost2010Prop48
 90
       50
102
RTVSPost2010PropOp48
 70
     1
102
RTVSPost2010Prop49
280
     0
102
RTVSPost2010PropOp49
 70
     1
102
RTVSPost2010Prop50
 90
       50
102
RTVSPost2010PropOp50
 70
     1
102
RTVSPost2010Prop51ColorIndex
 90
      256
102
RTVSPost2010Prop51ColorRGB
 90
-16777216
102
RTVSPost2010PropOp51
 70
     0
102
RTVSPost2010Prop52
140
1.0
102
RTVSPost2010PropOp52
 70
     0
102
RTVSPost2010Prop53
 90
        2
102
RTVSPost2010PropOp53
 70
     1
102
RTVSPost2010Prop54
  1
strokes_ogs.tif
102
RTVSPost2010PropOp54
 70
     1
102
RTVSPost2010Prop55
280
     0
102
RTVSPost2010PropOp55
 70
     1
102
RTVSPost2010Prop56
140
1.0
102
RTVSPost2010PropOp56
 70
     1
102
RTVSPost2010Prop57
140
1.0
102
RTVSPost2010PropOp57
 70
     1
  0
XRECORD
  5
BFE
102
{ACAD_REACTORS
330
BFD
102
}
330
BFD
100
AcDbXrecord
280
     1
102
RTVSPost2010Prop28
280
     0
102
RTVSPost2010PropOp28
 70
     0
102
RTVSPost2010Prop29
280
     1
102
RTVSPost2010PropOp29
 70
     0
102
RTVSPost2010Prop30
280
     1
102
RTVSPost2010PropOp30
 70
     0
102
RTVSPost2010Prop31
280
     0
102
RTVSPost2010PropOp31
 70
     0
102
RTVSPost2010Prop32
280
     0
102
RTVSPost2010PropOp32
 70
     0
102
RTVSPost2010Prop33
280
     0
102
RTVSPost2010PropOp33
 70
     0
102
RTVSPost2010Prop34
280
     0
102
RTVSPost2010PropOp34
 70
     0
102
RTVSPost2010Prop35
280
     0
102
RTVSPost2010PropOp35
 70
     0
102
RTVSPost2010Prop36
280
     0
102
RTVSPost2010PropOp36
 70
     0
102
RTVSPost2010Prop37
 90
       50
102
RTVSPost2010PropOp37
 70
     0
102
RTVSPost2010Prop38
140
0.0
102
RTVSPost2010PropOp38
 70
     0
102
RTVSPost2010Prop39
140
1.0
102
RTVSPost2010PropOp39
 70
     0
102
RTVSPost2010Prop40
 90
        0
102
RTVSPost2010PropOp40
 70
     0
102
RTVSPost2010Prop41ColorIndex
 90
       18
102
RTVSPost2010Prop41ColorRGB
 90
        0
102
RTVSPost2010PropOp41
 70
     0
102
RTVSPost2010Prop42
 90
       50
102
RTVSPost2010PropOp42
 70
     0
102
RTVSPost2010Prop43
 90
        3
102
RTVSPost2010PropOp43
 70
     0
102
RTVSPost2010Prop44ColorIndex
 90
        5
102
RTVSPost2010Prop44ColorRGB
 90
      255
102
RTVSPost2010PropOp44
 70
     0
102
RTVSPost2010Prop45
280
     0
102
RTVSPost2010PropOp45
 70
     0
102
RTVSPost2010Prop46
 90
       50
102
RTVSPost2010PropOp46
 70
     0
102
RTVSPost2010Prop47
 90
       50
102
RTVSPost2010PropOp47
 70
     0
102
RTVSPost2010Prop48
 90
       50
102
RTVSPost2010PropOp48
 70
     0
102
RTVSPost2010Prop49
280
     0
102
RTVSPost2010PropOp49
 70
     0
102
RTVSPost2010Prop50
 90
       50
102
RTVSPost2010PropOp50
 70
     0
102
RTVSPost2010Prop51ColorIndex
 90
      256
102
RTVSPost2010Prop51ColorRGB
 90
-16777216
102
RTVSPost2010PropOp51
 70
     0
102
RTVSPost2010Prop52
140
1.0
102
RTVSPost2010PropOp52
 70
     0
102
RTVSPost2010Prop53
 90
        2
102
RTVSPost2010PropOp53
 70
     0
102
RTVSPost2010Prop54
  1
strokes_ogs.tif
102
RTVSPost2010PropOp54
 70
     0
102
RTVSPost2010Prop55
280
     0
102
RTVSPost2010PropOp55
 70
     0
102
RTVSPost2010Prop56
140
1.0
102
RTVSPost2010PropOp56
 70
     0
102
RTVSPost2010Prop57
140
1.0
102
RTVSPost2010PropOp57
 70
     0
  0
XRECORD
  5
BEE
102
{ACAD_REACTORS
330
BED
102
}
330
BED
100
AcDbXrecord
280
     1
102
RTVSPost2010Prop28
280
     0
102
RTVSPost2010PropOp28
 70
     1
102
RTVSPost2010Prop29
280
     1
102
RTVSPost2010PropOp29
 70
     1
102
RTVSPost2010Prop30
280
     1
102
RTVSPost2010PropOp30
 70
     1
102
RTVSPost2010Prop31
280
     0
102
RTVSPost2010PropOp31
 70
     1
102
RTVSPost2010Prop32
280
     0
102
RTVSPost2010PropOp32
 70
     1
102
RTVSPost2010Prop33
280
     0
102
RTVSPost2010PropOp33
 70
     1
102
RTVSPost2010Prop34
280
     0
102
RTVSPost2010PropOp34
 70
     1
102
RTVSPost2010Prop35
280
     0
102
RTVSPost2010PropOp35
 70
     1
102
RTVSPost2010Prop36
280
     0
102
RTVSPost2010PropOp36
 70
     1
102
RTVSPost2010Prop37
 90
       50
102
RTVSPost2010PropOp37
 70
     1
102
RTVSPost2010Prop38
140
0.0
102
RTVSPost2010PropOp38
 70
     1
102
RTVSPost2010Prop39
140
1.0
102
RTVSPost2010PropOp39
 70
     1
102
RTVSPost2010Prop40
 90
        0
102
RTVSPost2010PropOp40
 70
     1
102
RTVSPost2010Prop41ColorIndex
 90
       18
102
RTVSPost2010Prop41ColorRGB
 90
        0
102
RTVSPost2010PropOp41
 70
     1
102
RTVSPost2010Prop42
 90
       50
102
RTVSPost2010PropOp42
 70
     1
102
RTVSPost2010Prop43
 90
        3
102
RTVSPost2010PropOp43
 70
     1
102
RTVSPost2010Prop44ColorIndex
 90
        5
102
RTVSPost2010Prop44ColorRGB
 90
      255
102
RTVSPost2010PropOp44
 70
     1
102
RTVSPost2010Prop45
280
     0
102
RTVSPost2010PropOp45
 70
     1
102
RTVSPost2010Prop46
 90
       50
102
RTVSPost2010PropOp46
 70
     1
102
RTVSPost2010Prop47
 90
       50
102
RTVSPost2010PropOp47
 70
     1
102
RTVSPost2010Prop48
 90
       50
102
RTVSPost2010PropOp48
 70
     1
102
RTVSPost2010Prop49
280
     0
102
RTVSPost2010PropOp49
 70
     1
102
RTVSPost2010Prop50
 90
       50
102
RTVSPost2010PropOp50
 70
     1
102
RTVSPost2010Prop51ColorIndex
 90
      256
102
RTVSPost2010Prop51ColorRGB
 90
-16777216
102
RTVSPost2010PropOp51
 70
     0
102
RTVSPost2010Prop52
140
1.0
102
RTVSPost2010PropOp52
 70
     0
102
RTVSPost2010Prop53
 90
        2
102
RTVSPost2010PropOp53
 70
     1
102
RTVSPost2010Prop54
  1
strokes_ogs.tif
102
RTVSPost2010PropOp54
 70
     1
102
RTVSPost2010Prop55
280
     0
102
RTVSPost2010PropOp55
 70
     1
102
RTVSPost2010Prop56
140
1.0
102
RTVSPost2010PropOp56
 70
     1
102
RTVSPost2010Prop57
140
1.0
102
RTVSPost2010PropOp57
 70
     1
  0
XRECORD
  5
C00
102
{ACAD_REACTORS
330
BFF
102
}
330
BFF
100
AcDbXrecord
280
     1
102
RTVSPost2010Prop28
280
     0
102
RTVSPost2010PropOp28
 70
     0
102
RTVSPost2010Prop29
280
     1
102
RTVSPost2010PropOp29
 70
     0
102
RTVSPost2010Prop30
280
     1
102
RTVSPost2010PropOp30
 70
     0
102
RTVSPost2010Prop31
280
     0
102
RTVSPost2010PropOp31
 70
     0
102
RTVSPost2010Prop32
280
     0
102
RTVSPost2010PropOp32
 70
     0
102
RTVSPost2010Prop33
280
     0
102
RTVSPost2010PropOp33
 70
     0
102
RTVSPost2010Prop34
280
     0
102
RTVSPost2010PropOp34
 70
     0
102
RTVSPost2010Prop35
280
     0
102
RTVSPost2010PropOp35
 70
     0
102
RTVSPost2010Prop36
280
     0
102
RTVSPost2010PropOp36
 70
     0
102
RTVSPost2010Prop37
 90
       50
102
RTVSPost2010PropOp37
 70
     0
102
RTVSPost2010Prop38
140
0.0
102
RTVSPost2010PropOp38
 70
     0
102
RTVSPost2010Prop39
140
1.0
102
RTVSPost2010PropOp39
 70
     0
102
RTVSPost2010Prop40
 90
        0
102
RTVSPost2010PropOp40
 70
     0
102
RTVSPost2010Prop41ColorIndex
 90
       18
102
RTVSPost2010Prop41ColorRGB
 90
        0
102
RTVSPost2010PropOp41
 70
     0
102
RTVSPost2010Prop42
 90
       50
102
RTVSPost2010PropOp42
 70
     0
102
RTVSPost2010Prop43
 90
        3
102
RTVSPost2010PropOp43
 70
     0
102
RTVSPost2010Prop44ColorIndex
 90
        5
102
RTVSPost2010Prop44ColorRGB
 90
      255
102
RTVSPost2010PropOp44
 70
     0
102
RTVSPost2010Prop45
280
     0
102
RTVSPost2010PropOp45
 70
     0
102
RTVSPost2010Prop46
 90
       50
102
RTVSPost2010PropOp46
 70
     0
102
RTVSPost2010Prop47
 90
       50
102
RTVSPost2010PropOp47
 70
     0
102
RTVSPost2010Prop48
 90
       50
102
RTVSPost2010PropOp48
 70
     0
102
RTVSPost2010Prop49
280
     0
102
RTVSPost2010PropOp49
 70
     0
102
RTVSPost2010Prop50
 90
       50
102
RTVSPost2010PropOp50
 70
     0
102
RTVSPost2010Prop51ColorIndex
 90
      256
102
RTVSPost2010Prop51ColorRGB
 90
-16777216
102
RTVSPost2010PropOp51
 70
     0
102
RTVSPost2010Prop52
140
1.0
102
RTVSPost2010PropOp52
 70
     0
102
RTVSPost2010Prop53
 90
        2
102
RTVSPost2010PropOp53
 70
     0
102
RTVSPost2010Prop54
  1
strokes_ogs.tif
102
RTVSPost2010PropOp54
 70
     0
102
RTVSPost2010Prop55
280
     0
102
RTVSPost2010PropOp55
 70
     0
102
RTVSPost2010Prop56
140
1.0
102
RTVSPost2010PropOp56
 70
     0
102
RTVSPost2010Prop57
140
1.0
102
RTVSPost2010PropOp57
 70
     0
  0
XRECORD
  5
BE6
102
{ACAD_REACTORS
330
BE5
102
}
330
BE5
100
AcDbXrecord
280
     1
102
RTVSPost2010Prop28
280
     0
102
RTVSPost2010PropOp28
 70
     1
102
RTVSPost2010Prop29
280
     1
102
RTVSPost2010PropOp29
 70
     1
102
RTVSPost2010Prop30
280
     1
102
RTVSPost2010PropOp30
 70
     1
102
RTVSPost2010Prop31
280
     0
102
RTVSPost2010PropOp31
 70
     1
102
RTVSPost2010Prop32
280
     0
102
RTVSPost2010PropOp32
 70
     1
102
RTVSPost2010Prop33
280
     0
102
RTVSPost2010PropOp33
 70
     1
102
RTVSPost2010Prop34
280
     0
102
RTVSPost2010PropOp34
 70
     1
102
RTVSPost2010Prop35
280
     0
102
RTVSPost2010PropOp35
 70
     1
102
RTVSPost2010Prop36
280
     0
102
RTVSPost2010PropOp36
 70
     1
102
RTVSPost2010Prop37
 90
       50
102
RTVSPost2010PropOp37
 70
     1
102
RTVSPost2010Prop38
140
0.0
102
RTVSPost2010PropOp38
 70
     1
102
RTVSPost2010Prop39
140
1.0
102
RTVSPost2010PropOp39
 70
     1
102
RTVSPost2010Prop40
 90
        0
102
RTVSPost2010PropOp40
 70
     1
102
RTVSPost2010Prop41ColorIndex
 90
       18
102
RTVSPost2010Prop41ColorRGB
 90
        0
102
RTVSPost2010PropOp41
 70
     1
102
RTVSPost2010Prop42
 90
       50
102
RTVSPost2010PropOp42
 70
     1
102
RTVSPost2010Prop43
 90
        3
102
RTVSPost2010PropOp43
 70
     1
102
RTVSPost2010Prop44ColorIndex
 90
        5
102
RTVSPost2010Prop44ColorRGB
 90
      255
102
RTVSPost2010PropOp44
 70
     1
102
RTVSPost2010Prop45
280
     0
102
RTVSPost2010PropOp45
 70
     1
102
RTVSPost2010Prop46
 90
       50
102
RTVSPost2010PropOp46
 70
     1
102
RTVSPost2010Prop47
 90
       50
102
RTVSPost2010PropOp47
 70
     1
102
RTVSPost2010Prop48
 90
       50
102
RTVSPost2010PropOp48
 70
     1
102
RTVSPost2010Prop49
280
     0
102
RTVSPost2010PropOp49
 70
     1
102
RTVSPost2010Prop50
 90
       50
102
RTVSPost2010PropOp50
 70
     1
102
RTVSPost2010Prop51ColorIndex
 90
      256
102
RTVSPost2010Prop51ColorRGB
 90
-16777216
102
RTVSPost2010PropOp51
 70
     0
102
RTVSPost2010Prop52
140
1.0
102
RTVSPost2010PropOp52
 70
     0
102
RTVSPost2010Prop53
 90
        2
102
RTVSPost2010PropOp53
 70
     1
102
RTVSPost2010Prop54
  1
strokes_ogs.tif
102
RTVSPost2010PropOp54
 70
     1
102
RTVSPost2010Prop55
280
     0
102
RTVSPost2010PropOp55
 70
     1
102
RTVSPost2010Prop56
140
1.0
102
RTVSPost2010PropOp56
 70
     1
102
RTVSPost2010Prop57
140
1.0
102
RTVSPost2010PropOp57
 70
     1
  0
XRECORD
  5
BFC
102
{ACAD_REACTORS
330
BFB
102
}
330
BFB
100
AcDbXrecord
280
     1
102
RTVSPost2010Prop28
280
     0
102
RTVSPost2010PropOp28
 70
     1
102
RTVSPost2010Prop29
280
     1
102
RTVSPost2010PropOp29
 70
     1
102
RTVSPost2010Prop30
280
     1
102
RTVSPost2010PropOp30
 70
     1
102
RTVSPost2010Prop31
280
     0
102
RTVSPost2010PropOp31
 70
     1
102
RTVSPost2010Prop32
280
     0
102
RTVSPost2010PropOp32
 70
     1
102
RTVSPost2010Prop33
280
     0
102
RTVSPost2010PropOp33
 70
     1
102
RTVSPost2010Prop34
280
     0
102
RTVSPost2010PropOp34
 70
     1
102
RTVSPost2010Prop35
280
     0
102
RTVSPost2010PropOp35
 70
     1
102
RTVSPost2010Prop36
280
     0
102
RTVSPost2010PropOp36
 70
     1
102
RTVSPost2010Prop37
 90
       50
102
RTVSPost2010PropOp37
 70
     1
102
RTVSPost2010Prop38
140
0.0
102
RTVSPost2010PropOp38
 70
     1
102
RTVSPost2010Prop39
140
1.0
102
RTVSPost2010PropOp39
 70
     1
102
RTVSPost2010Prop40
 90
        0
102
RTVSPost2010PropOp40
 70
     1
102
RTVSPost2010Prop41ColorIndex
 90
       18
102
RTVSPost2010Prop41ColorRGB
 90
        0
102
RTVSPost2010PropOp41
 70
     1
102
RTVSPost2010Prop42
 90
       50
102
RTVSPost2010PropOp42
 70
     1
102
RTVSPost2010Prop43
 90
        3
102
RTVSPost2010PropOp43
 70
     1
102
RTVSPost2010Prop44ColorIndex
 90
        5
102
RTVSPost2010Prop44ColorRGB
 90
      255
102
RTVSPost2010PropOp44
 70
     1
102
RTVSPost2010Prop45
280
     0
102
RTVSPost2010PropOp45
 70
     1
102
RTVSPost2010Prop46
 90
       50
102
RTVSPost2010PropOp46
 70
     1
102
RTVSPost2010Prop47
 90
       50
102
RTVSPost2010PropOp47
 70
     1
102
RTVSPost2010Prop48
 90
       50
102
RTVSPost2010PropOp48
 70
     1
102
RTVSPost2010Prop49
280
     0
102
RTVSPost2010PropOp49
 70
     1
102
RTVSPost2010Prop50
 90
       50
102
RTVSPost2010PropOp50
 70
     1
102
RTVSPost2010Prop51ColorIndex
 90
      256
102
RTVSPost2010Prop51ColorRGB
 90
-16777216
102
RTVSPost2010PropOp51
 70
     0
102
RTVSPost2010Prop52
140
1.0
102
RTVSPost2010PropOp52
 70
     0
102
RTVSPost2010Prop53
 90
        2
102
RTVSPost2010PropOp53
 70
     1
102
RTVSPost2010Prop54
  1
strokes_ogs.tif
102
RTVSPost2010PropOp54
 70
     1
102
RTVSPost2010Prop55
280
     0
102
RTVSPost2010PropOp55
 70
     1
102
RTVSPost2010Prop56
140
1.0
102
RTVSPost2010PropOp56
 70
     1
102
RTVSPost2010Prop57
140
1.0
102
RTVSPost2010PropOp57
 70
     1
  0
XRECORD
  5
BFA
102
{ACAD_REACTORS
330
BF9
102
}
330
BF9
100
AcDbXrecord
280
     1
102
RTVSPost2010Prop28
280
     0
102
RTVSPost2010PropOp28
 70
     1
102
RTVSPost2010Prop29
280
     1
102
RTVSPost2010PropOp29
 70
     1
102
RTVSPost2010Prop30
280
     1
102
RTVSPost2010PropOp30
 70
     1
102
RTVSPost2010Prop31
280
     0
102
RTVSPost2010PropOp31
 70
     1
102
RTVSPost2010Prop32
280
     0
102
RTVSPost2010PropOp32
 70
     1
102
RTVSPost2010Prop33
280
     0
102
RTVSPost2010PropOp33
 70
     1
102
RTVSPost2010Prop34
280
     0
102
RTVSPost2010PropOp34
 70
     1
102
RTVSPost2010Prop35
280
     0
102
RTVSPost2010PropOp35
 70
     1
102
RTVSPost2010Prop36
280
     0
102
RTVSPost2010PropOp36
 70
     1
102
RTVSPost2010Prop37
 90
       50
102
RTVSPost2010PropOp37
 70
     1
102
RTVSPost2010Prop38
140
0.0
102
RTVSPost2010PropOp38
 70
     1
102
RTVSPost2010Prop39
140
1.0
102
RTVSPost2010PropOp39
 70
     1
102
RTVSPost2010Prop40
 90
        0
102
RTVSPost2010PropOp40
 70
     1
102
RTVSPost2010Prop41ColorIndex
 90
       18
102
RTVSPost2010Prop41ColorRGB
 90
        0
102
RTVSPost2010PropOp41
 70
     1
102
RTVSPost2010Prop42
 90
       50
102
RTVSPost2010PropOp42
 70
     1
102
RTVSPost2010Prop43
 90
        3
102
RTVSPost2010PropOp43
 70
     1
102
RTVSPost2010Prop44ColorIndex
 90
        5
102
RTVSPost2010Prop44ColorRGB
 90
      255
102
RTVSPost2010PropOp44
 70
     1
102
RTVSPost2010Prop45
280
     0
102
RTVSPost2010PropOp45
 70
     1
102
RTVSPost2010Prop46
 90
       50
102
RTVSPost2010PropOp46
 70
     1
102
RTVSPost2010Prop47
 90
       50
102
RTVSPost2010PropOp47
 70
     1
102
RTVSPost2010Prop48
 90
       50
102
RTVSPost2010PropOp48
 70
     1
102
RTVSPost2010Prop49
280
     0
102
RTVSPost2010PropOp49
 70
     1
102
RTVSPost2010Prop50
 90
       50
102
RTVSPost2010PropOp50
 70
     1
102
RTVSPost2010Prop51ColorIndex
 90
      256
102
RTVSPost2010Prop51ColorRGB
 90
-16777216
102
RTVSPost2010PropOp51
 70
     0
102
RTVSPost2010Prop52
140
1.0
102
RTVSPost2010PropOp52
 70
     0
102
RTVSPost2010Prop53
 90
        2
102
RTVSPost2010PropOp53
 70
     1
102
RTVSPost2010Prop54
  1
strokes_ogs.tif
102
RTVSPost2010PropOp54
 70
     1
102
RTVSPost2010Prop55
280
     0
102
RTVSPost2010PropOp55
 70
     1
102
RTVSPost2010Prop56
140
1.0
102
RTVSPost2010PropOp56
 70
     1
102
RTVSPost2010Prop57
140
1.0
102
RTVSPost2010PropOp57
 70
     1
  0
XRECORD
  5
BF4
102
{ACAD_REACTORS
330
BF3
102
}
330
BF3
100
AcDbXrecord
280
     1
102
RTVSPost2010Prop28
280
     0
102
RTVSPost2010PropOp28
 70
     1
102
RTVSPost2010Prop29
280
     1
102
RTVSPost2010PropOp29
 70
     1
102
RTVSPost2010Prop30
280
     1
102
RTVSPost2010PropOp30
 70
     1
102
RTVSPost2010Prop31
280
     0
102
RTVSPost2010PropOp31
 70
     1
102
RTVSPost2010Prop32
280
     0
102
RTVSPost2010PropOp32
 70
     1
102
RTVSPost2010Prop33
280
     0
102
RTVSPost2010PropOp33
 70
     1
102
RTVSPost2010Prop34
280
     0
102
RTVSPost2010PropOp34
 70
     1
102
RTVSPost2010Prop35
280
     0
102
RTVSPost2010PropOp35
 70
     1
102
RTVSPost2010Prop36
280
     0
102
RTVSPost2010PropOp36
 70
     1
102
RTVSPost2010Prop37
 90
       50
102
RTVSPost2010PropOp37
 70
     1
102
RTVSPost2010Prop38
140
0.0
102
RTVSPost2010PropOp38
 70
     1
102
RTVSPost2010Prop39
140
1.0
102
RTVSPost2010PropOp39
 70
     1
102
RTVSPost2010Prop40
 90
        0
102
RTVSPost2010PropOp40
 70
     1
102
RTVSPost2010Prop41ColorIndex
 90
       18
102
RTVSPost2010Prop41ColorRGB
 90
        0
102
RTVSPost2010PropOp41
 70
     1
102
RTVSPost2010Prop42
 90
       50
102
RTVSPost2010PropOp42
 70
     1
102
RTVSPost2010Prop43
 90
        3
102
RTVSPost2010PropOp43
 70
     1
102
RTVSPost2010Prop44ColorIndex
 90
        5
102
RTVSPost2010Prop44ColorRGB
 90
      255
102
RTVSPost2010PropOp44
 70
     1
102
RTVSPost2010Prop45
280
     0
102
RTVSPost2010PropOp45
 70
     1
102
RTVSPost2010Prop46
 90
       50
102
RTVSPost2010PropOp46
 70
     1
102
RTVSPost2010Prop47
 90
       50
102
RTVSPost2010PropOp47
 70
     1
102
RTVSPost2010Prop48
 90
       50
102
RTVSPost2010PropOp48
 70
     1
102
RTVSPost2010Prop49
280
     0
102
RTVSPost2010PropOp49
 70
     1
102
RTVSPost2010Prop50
 90
       50
102
RTVSPost2010PropOp50
 70
     1
102
RTVSPost2010Prop51ColorIndex
 90
      256
102
RTVSPost2010Prop51ColorRGB
 90
-16777216
102
RTVSPost2010PropOp51
 70
     0
102
RTVSPost2010Prop52
140
1.0
102
RTVSPost2010PropOp52
 70
     0
102
RTVSPost2010Prop53
 90
        2
102
RTVSPost2010PropOp53
 70
     1
102
RTVSPost2010Prop54
  1
strokes_ogs.tif
102
RTVSPost2010PropOp54
 70
     1
102
RTVSPost2010Prop55
280
     0
102
RTVSPost2010PropOp55
 70
     1
102
RTVSPost2010Prop56
140
1.0
102
RTVSPost2010PropOp56
 70
     1
102
RTVSPost2010Prop57
140
1.0
102
RTVSPost2010PropOp57
 70
     1
  0
XRECORD
  5
BF6
102
{ACAD_REACTORS
330
BF5
102
}
330
BF5
100
AcDbXrecord
280
     1
102
RTVSPost2010Prop28
280
     0
102
RTVSPost2010PropOp28
 70
     1
102
RTVSPost2010Prop29
280
     1
102
RTVSPost2010PropOp29
 70
     1
102
RTVSPost2010Prop30
280
     1
102
RTVSPost2010PropOp30
 70
     1
102
RTVSPost2010Prop31
280
     0
102
RTVSPost2010PropOp31
 70
     1
102
RTVSPost2010Prop32
280
     0
102
RTVSPost2010PropOp32
 70
     1
102
RTVSPost2010Prop33
280
     0
102
RTVSPost2010PropOp33
 70
     1
102
RTVSPost2010Prop34
280
     0
102
RTVSPost2010PropOp34
 70
     1
102
RTVSPost2010Prop35
280
     0
102
RTVSPost2010PropOp35
 70
     1
102
RTVSPost2010Prop36
280
     0
102
RTVSPost2010PropOp36
 70
     1
102
RTVSPost2010Prop37
 90
       50
102
RTVSPost2010PropOp37
 70
     1
102
RTVSPost2010Prop38
140
0.0
102
RTVSPost2010PropOp38
 70
     1
102
RTVSPost2010Prop39
140
1.0
102
RTVSPost2010PropOp39
 70
     1
102
RTVSPost2010Prop40
 90
        0
102
RTVSPost2010PropOp40
 70
     1
102
RTVSPost2010Prop41ColorIndex
 90
       18
102
RTVSPost2010Prop41ColorRGB
 90
        0
102
RTVSPost2010PropOp41
 70
     1
102
RTVSPost2010Prop42
 90
       50
102
RTVSPost2010PropOp42
 70
     1
102
RTVSPost2010Prop43
 90
        3
102
RTVSPost2010PropOp43
 70
     1
102
RTVSPost2010Prop44ColorIndex
 90
        5
102
RTVSPost2010Prop44ColorRGB
 90
      255
102
RTVSPost2010PropOp44
 70
     1
102
RTVSPost2010Prop45
280
     0
102
RTVSPost2010PropOp45
 70
     1
102
RTVSPost2010Prop46
 90
       50
102
RTVSPost2010PropOp46
 70
     1
102
RTVSPost2010Prop47
 90
       50
102
RTVSPost2010PropOp47
 70
     1
102
RTVSPost2010Prop48
 90
       50
102
RTVSPost2010PropOp48
 70
     1
102
RTVSPost2010Prop49
280
     0
102
RTVSPost2010PropOp49
 70
     1
102
RTVSPost2010Prop50
 90
       50
102
RTVSPost2010PropOp50
 70
     1
102
RTVSPost2010Prop51ColorIndex
 90
      256
102
RTVSPost2010Prop51ColorRGB
 90
-16777216
102
RTVSPost2010PropOp51
 70
     0
102
RTVSPost2010Prop52
140
1.0
102
RTVSPost2010PropOp52
 70
     0
102
RTVSPost2010Prop53
 90
        2
102
RTVSPost2010PropOp53
 70
     1
102
RTVSPost2010Prop54
  1
strokes_ogs.tif
102
RTVSPost2010PropOp54
 70
     1
102
RTVSPost2010Prop55
280
     0
102
RTVSPost2010PropOp55
 70
     1
102
RTVSPost2010Prop56
140
1.0
102
RTVSPost2010PropOp56
 70
     1
102
RTVSPost2010Prop57
140
1.0
102
RTVSPost2010PropOp57
 70
     1
  0
XRECORD
  5
BEC
102
{ACAD_REACTORS
330
BEB
102
}
330
BEB
100
AcDbXrecord
280
     1
102
RTVSPost2010Prop28
280
     0
102
RTVSPost2010PropOp28
 70
     1
102
RTVSPost2010Prop29
280
     1
102
RTVSPost2010PropOp29
 70
     1
102
RTVSPost2010Prop30
280
     1
102
RTVSPost2010PropOp30
 70
     1
102
RTVSPost2010Prop31
280
     0
102
RTVSPost2010PropOp31
 70
     1
102
RTVSPost2010Prop32
280
     0
102
RTVSPost2010PropOp32
 70
     1
102
RTVSPost2010Prop33
280
     0
102
RTVSPost2010PropOp33
 70
     1
102
RTVSPost2010Prop34
280
     0
102
RTVSPost2010PropOp34
 70
     1
102
RTVSPost2010Prop35
280
     0
102
RTVSPost2010PropOp35
 70
     1
102
RTVSPost2010Prop36
280
     0
102
RTVSPost2010PropOp36
 70
     1
102
RTVSPost2010Prop37
 90
       50
102
RTVSPost2010PropOp37
 70
     1
102
RTVSPost2010Prop38
140
0.0
102
RTVSPost2010PropOp38
 70
     1
102
RTVSPost2010Prop39
140
1.0
102
RTVSPost2010PropOp39
 70
     1
102
RTVSPost2010Prop40
 90
        0
102
RTVSPost2010PropOp40
 70
     1
102
RTVSPost2010Prop41ColorIndex
 90
       18
102
RTVSPost2010Prop41ColorRGB
 90
        0
102
RTVSPost2010PropOp41
 70
     1
102
RTVSPost2010Prop42
 90
       50
102
RTVSPost2010PropOp42
 70
     1
102
RTVSPost2010Prop43
 90
        3
102
RTVSPost2010PropOp43
 70
     1
102
RTVSPost2010Prop44ColorIndex
 90
        5
102
RTVSPost2010Prop44ColorRGB
 90
      255
102
RTVSPost2010PropOp44
 70
     1
102
RTVSPost2010Prop45
280
     0
102
RTVSPost2010PropOp45
 70
     1
102
RTVSPost2010Prop46
 90
       50
102
RTVSPost2010PropOp46
 70
     1
102
RTVSPost2010Prop47
 90
       50
102
RTVSPost2010PropOp47
 70
     1
102
RTVSPost2010Prop48
 90
       50
102
RTVSPost2010PropOp48
 70
     1
102
RTVSPost2010Prop49
280
     0
102
RTVSPost2010PropOp49
 70
     1
102
RTVSPost2010Prop50
 90
       50
102
RTVSPost2010PropOp50
 70
     1
102
RTVSPost2010Prop51ColorIndex
 90
      256
102
RTVSPost2010Prop51ColorRGB
 90
-16777216
102
RTVSPost2010PropOp51
 70
     0
102
RTVSPost2010Prop52
140
1.0
102
RTVSPost2010PropOp52
 70
     0
102
RTVSPost2010Prop53
 90
        2
102
RTVSPost2010PropOp53
 70
     1
102
RTVSPost2010Prop54
  1
strokes_ogs.tif
102
RTVSPost2010PropOp54
 70
     1
102
RTVSPost2010Prop55
280
     0
102
RTVSPost2010PropOp55
 70
     1
102
RTVSPost2010Prop56
140
1.0
102
RTVSPost2010PropOp56
 70
     1
102
RTVSPost2010Prop57
140
1.0
102
RTVSPost2010PropOp57
 70
     1
  0
XRECORD
  5
BE0
102
{ACAD_REACTORS
330
BDF
102
}
330
BDF
100
AcDbXrecord
280
     1
102
RTVSPost2010Prop28
280
     0
102
RTVSPost2010PropOp28
 70
     1
102
RTVSPost2010Prop29
280
     1
102
RTVSPost2010PropOp29
 70
     1
102
RTVSPost2010Prop30
280
     1
102
RTVSPost2010PropOp30
 70
     1
102
RTVSPost2010Prop31
280
     0
102
RTVSPost2010PropOp31
 70
     1
102
RTVSPost2010Prop32
280
     0
102
RTVSPost2010PropOp32
 70
     1
102
RTVSPost2010Prop33
280
     0
102
RTVSPost2010PropOp33
 70
     1
102
RTVSPost2010Prop34
280
     0
102
RTVSPost2010PropOp34
 70
     1
102
RTVSPost2010Prop35
280
     0
102
RTVSPost2010PropOp35
 70
     1
102
RTVSPost2010Prop36
280
     0
102
RTVSPost2010PropOp36
 70
     1
102
RTVSPost2010Prop37
 90
       50
102
RTVSPost2010PropOp37
 70
     1
102
RTVSPost2010Prop38
140
0.0
102
RTVSPost2010PropOp38
 70
     1
102
RTVSPost2010Prop39
140
1.0
102
RTVSPost2010PropOp39
 70
     1
102
RTVSPost2010Prop40
 90
        0
102
RTVSPost2010PropOp40
 70
     1
102
RTVSPost2010Prop41ColorIndex
 90
       18
102
RTVSPost2010Prop41ColorRGB
 90
        0
102
RTVSPost2010PropOp41
 70
     1
102
RTVSPost2010Prop42
 90
       50
102
RTVSPost2010PropOp42
 70
     1
102
RTVSPost2010Prop43
 90
        3
102
RTVSPost2010PropOp43
 70
     1
102
RTVSPost2010Prop44ColorIndex
 90
        5
102
RTVSPost2010Prop44ColorRGB
 90
      255
102
RTVSPost2010PropOp44
 70
     1
102
RTVSPost2010Prop45
280
     0
102
RTVSPost2010PropOp45
 70
     1
102
RTVSPost2010Prop46
 90
       50
102
RTVSPost2010PropOp46
 70
     1
102
RTVSPost2010Prop47
 90
       50
102
RTVSPost2010PropOp47
 70
     1
102
RTVSPost2010Prop48
 90
       50
102
RTVSPost2010PropOp48
 70
     1
102
RTVSPost2010Prop49
280
     0
102
RTVSPost2010PropOp49
 70
     1
102
RTVSPost2010Prop50
 90
       50
102
RTVSPost2010PropOp50
 70
     1
102
RTVSPost2010Prop51ColorIndex
 90
      256
102
RTVSPost2010Prop51ColorRGB
 90
-16777216
102
RTVSPost2010PropOp51
 70
     0
102
RTVSPost2010Prop52
140
1.0
102
RTVSPost2010PropOp52
 70
     0
102
RTVSPost2010Prop53
 90
        2
102
RTVSPost2010PropOp53
 70
     1
102
RTVSPost2010Prop54
  1
strokes_ogs.tif
102
RTVSPost2010PropOp54
 70
     1
102
RTVSPost2010Prop55
280
     0
102
RTVSPost2010PropOp55
 70
     1
102
RTVSPost2010Prop56
140
1.0
102
RTVSPost2010PropOp56
 70
     1
102
RTVSPost2010Prop57
140
1.0
102
RTVSPost2010PropOp57
 70
     1
  0
XRECORD
  5
BF8
102
{ACAD_REACTORS
330
BF7
102
}
330
BF7
100
AcDbXrecord
280
     1
102
RTVSPost2010Prop28
280
     0
102
RTVSPost2010PropOp28
 70
     1
102
RTVSPost2010Prop29
280
     1
102
RTVSPost2010PropOp29
 70
     1
102
RTVSPost2010Prop30
280
     1
102
RTVSPost2010PropOp30
 70
     1
102
RTVSPost2010Prop31
280
     0
102
RTVSPost2010PropOp31
 70
     1
102
RTVSPost2010Prop32
280
     0
102
RTVSPost2010PropOp32
 70
     1
102
RTVSPost2010Prop33
280
     0
102
RTVSPost2010PropOp33
 70
     1
102
RTVSPost2010Prop34
280
     0
102
RTVSPost2010PropOp34
 70
     1
102
RTVSPost2010Prop35
280
     0
102
RTVSPost2010PropOp35
 70
     1
102
RTVSPost2010Prop36
280
     0
102
RTVSPost2010PropOp36
 70
     1
102
RTVSPost2010Prop37
 90
       50
102
RTVSPost2010PropOp37
 70
     1
102
RTVSPost2010Prop38
140
0.0
102
RTVSPost2010PropOp38
 70
     1
102
RTVSPost2010Prop39
140
1.0
102
RTVSPost2010PropOp39
 70
     1
102
RTVSPost2010Prop40
 90
        0
102
RTVSPost2010PropOp40
 70
     1
102
RTVSPost2010Prop41ColorIndex
 90
       18
102
RTVSPost2010Prop41ColorRGB
 90
        0
102
RTVSPost2010PropOp41
 70
     1
102
RTVSPost2010Prop42
 90
       50
102
RTVSPost2010PropOp42
 70
     1
102
RTVSPost2010Prop43
 90
        3
102
RTVSPost2010PropOp43
 70
     1
102
RTVSPost2010Prop44ColorIndex
 90
        5
102
RTVSPost2010Prop44ColorRGB
 90
      255
102
RTVSPost2010PropOp44
 70
     1
102
RTVSPost2010Prop45
280
     0
102
RTVSPost2010PropOp45
 70
     1
102
RTVSPost2010Prop46
 90
       50
102
RTVSPost2010PropOp46
 70
     1
102
RTVSPost2010Prop47
 90
       50
102
RTVSPost2010PropOp47
 70
     1
102
RTVSPost2010Prop48
 90
       50
102
RTVSPost2010PropOp48
 70
     1
102
RTVSPost2010Prop49
280
     0
102
RTVSPost2010PropOp49
 70
     1
102
RTVSPost2010Prop50
 90
       50
102
RTVSPost2010PropOp50
 70
     1
102
RTVSPost2010Prop51ColorIndex
 90
      256
102
RTVSPost2010Prop51ColorRGB
 90
-16777216
102
RTVSPost2010PropOp51
 70
     0
102
RTVSPost2010Prop52
140
1.0
102
RTVSPost2010PropOp52
 70
     0
102
RTVSPost2010Prop53
 90
        2
102
RTVSPost2010PropOp53
 70
     1
102
RTVSPost2010Prop54
  1
strokes_ogs.tif
102
RTVSPost2010PropOp54
 70
     1
102
RTVSPost2010Prop55
280
     0
102
RTVSPost2010PropOp55
 70
     1
102
RTVSPost2010Prop56
140
1.0
102
RTVSPost2010PropOp56
 70
     1
102
RTVSPost2010Prop57
140
1.0
102
RTVSPost2010PropOp57
 70
     1
  0
ENDSEC
  0
EOF
