:020000040800F2
:1000000000540020A9010008258C0008157700087D
:10001000018C000831030008D1C300080000000073
:1000200000000000000000000000000075A00008B3
:10003000F50E000800000000218D000877A00008E0
:10004000C3010008C3010008C3010008C301000880
:10005000C3010008C3010008190F0008C30100080C
:10006000C3010008230F0008C3010008C3010008F2
:10007000C3010008C3010008990E0008A90E00087A
:10008000C3010008B90E0008C30100080000000009
:10009000000000000000000000000000C301000894
:1000A000C3010008C3010008C3010008C301000820
:1000B000C301000825A20008C30100084977000811
:1000C00039770008C3010008C3010008C301000814
:1000D000C3010008C301000809A8000800000000CF
:1000E000C3010008C3010008C301000800000000AC
:1000F000000000000000000000000000C301000834
:1001000000000000C3010008C3010008C30100088B
:1001100000000000000000000000000000000000DF
:10012000C3010008C3010008C3010008C30100089F
:10013000C3010008000000000000000000000000F3
:10014000000000000000000000000000618C0008BA
:10015000C3010008C3010008C3010008C30100086F
:10016000C3010008C30100080000000000000000F7
:10017000000000000000000000000000000000007F
:1001800000000000C30100080000000000000000A3
:10019000C3010008DFF80CD000F06EF800480047FB
:1001A000F9C8000800540020064880470648004768
:1001B000FEE7FEE7FEE7FEE7FEE7FEE7FEE7FEE717
:1001C000FEE7FEE7C1A100089501000840EA01032F
:1001D0009B0703D009E008C9121F08C0042AFAD2FD
:1001E00003E011F8013B00F8013B521EF9D27047C1
:1001F000D2B201E000F8012B491EFBD27047002269
:10020000F6E710B513460A4604461946FFF7F0FF15
:10021000204610BD2DE9F05F0546002092469B4622
:1002200088460646814640241BE02846414647460C
:10023000224600F042F853465A46C01A914110D364
:1002400011461846224600F029F82D1A67EB0108DE
:100250004F4622460120002100F020F817EB00094C
:100260004E41201EA4F10104DFDC484631462A46F7
:100270004346BDE8F09F0000064C074D06E0E068ED
:1002800040F0010394E8070098471034AC42F6D3DD
:10029000FFF784FF20CB000840CB0008202A04DBB6
:1002A000203A00FA02F1002070479140C2F1200389
:1002B00020FA03F3194390407047202A04DB203AC8
:1002C00021FA02F00021704721FA02F3D040C2F176
:1002D0002002914008431946704770B58C1810F8F9
:1002E000015B15F0070301D110F8013B2A1106D17B
:1002F00010F8012B03E010F8016B01F8016B5B1E95
:10030000F9D12B0705D40023521E0DD401F8013B6F
:10031000FAE710F8013BCB1A921C03E013F8015BDB
:1003200001F8015B521EF9D5A142D8D3002070BD5F
:1003300002A00CF05FF800BFFEE700004552523A01
:100340004275734661756C745F48616E646C65726A
:100350000A00000070B505460C461646042D15D05F
:1003600007DC7DB1012D0ED0022D0DD0032D3ED125
:100370000BE0202D0BD0212D1ED0222D35D0232D8A
:1003800035D133E034E033E032E031E030E0207862
:10039000617840EA0120A17840EA0140E17840EA32
:1003A0000160154908602079087160794871A07969
:1003B000887100F0C7F81BE00F48007820700E48E5
:1003C0000088000A60700C480068000CA0700A48A1
:1003D0000068000EE07008480079207106484079F6
:1003E000607105488079A07102E001E000E000BF83
:1003F00000BF002070BD00000C00002010B50448B4
:1004000006F089FF08B100F0E7FD002010BD0000F4
:10041000E810002010B51448144908604FF4E1308A
:100420004860002111488160C160016181610C2137
:1004300041610021C16107F018F808B100F0CCFD5E
:1004400001220B49094807F08BF808B100F0C4FD00
:100450000022074907480AF0D4FA074905480AF07C
:10046000C9FA002010BD000000440040E810002040
:10047000E806002084030020A805002070B505468A
:100480000C461C492068096808441A49086020681D
:1004900040280FD108460068FF2806D816480A46AB
:1004A0001268811815480AF0A5FA14480AF07EFA75
:1004B000002070BD1248006840B91248006828B991
:1004C0000C4800680E4908600020F2E729780EA069
:1004D0000BF090FF00200749086007480A461268A1
:1004E000811806480AF086FA04480AF05FFA0020EC
:1004F000DFE7000014000020A8050020840300208E
:1005000034000020080000205553422072656365C6
:1005100069766520627573793A253032780A000071
:100520000146C87800068A7800EB02404A7800EB62
:1005300002200A7810447047014608784A7800EB98
:100540000220704710B5354806F0E5FE08B100F00E
:1005500043FD3348007910B1022809D103E000219E
:100560002E48C16008E04FF400512C48C16003E000
:1005700000212A48C16000BF00BF2948407920B14E
:10058000012806D002280ED108E00021234801618D
:100590000DE04FF4C0612148016108E04FF4806133
:1005A0001E48016103E000211C48016100BF00BF3B
:1005B0001B488079072802D0082810D103E00021C9
:1005C000164881600FE01548006918B900211348EA
:1005D000816003E04FF480511048816003E0002106
:1005E0000E48816000BF00BF0D4800680B4948609D
:1005F00000210A4881610C2141610021C16106F09E
:1006000034FF08B100F0E8FC0648074A1268811878
:100610000122024806F0A4FF10BD0000E8100020EF
:100620000C000020E80600201C00002070B54C489B
:100630000068401CB8B94B4800684B4909688842BB
:1006400010D16FF00100464908600020474908605A
:1006500047480A461268811846480AF0CBF94548CF
:100660000AF0A4F970BD3E480068002809DB424842
:1006700006F08DFB012804D1404804F089FD0128D3
:1006800000D0EFE73848008836490988401AC0F39F
:100690000A05B5F5806F00DDE4E73148007800F029
:1006A000F00028B908F0FAFB642000F0C7FA54E023
:1006B0002B48007800F0F000102802D107F0EAFB88
:1006C0004BE027480078F02836D125480068001212
:1006D000C8B92B480068FC21B0FBF1F201FB120500
:1006E00027480068B0FBF1F01D490968A0EB212400
:1006F000C4EB8411234A02EB8100294600F046F83E
:1007000000F062F829E0FC251D480068FC21B0FBE0
:10071000F1F013490968A0EB2124C4EB8411194AB4
:1007200002EB8100294600F031F80D480068A0F581
:1007300080700B49086010E009480078FE280CD151
:10074000FC21114808F074F9054625B129460E48E8
:1007500000F01CF801E000F037F800BF82E700006D
:1007600030000020200000201C0000201400002089
:10077000A80500208403002000020020F8020020C9
:1007800024000020DC150020E80F002070B5024690
:10079000002011E0145C0A4B1D681B685B1C084EAE
:1007A0003360084B5C5533461B68B3F5006F02D1CC
:1007B000002334462360401C8842EBD370BD000008
:1007C0001C000020E806002010B5012009F080F987
:1007D0004FF0FF300149086010BD000030000020DC
:1007E0002DE9F041E44EE54C3046006818B1E4488C
:1007F0000068801C10B10020BDE8F081207800F076
:10080000F00050B9012007F0DBFF3146204608F028
:10081000CBFD642000F012FAA8E1207800F0F0008F
:10082000102807D1022007F0CBFF3146204607F001
:1008300083FC9BE1207800F0F000202804D13146B1
:10084000204609F041FB91E1207800F0F0003028CB
:1008500004D13146204609F067FD87E120788028E1
:1008600003D1204608F02AFF80E12078812839D181
:10087000002000F0CFFC05462620C2490870052064
:100880004870172088702020C8700020087105F07B
:10089000C1FF4FF47A71B0FBF1F0B0FBF1F0B94950
:1008A000487100208871C87105F4807018B9084635
:1008B0000079401C087105F4806020B9B1480079C6
:1008C000801CB049087105F4004020B9AD4800799A
:1008D000001DAC4908710821AA48FFF757FFFFF730
:1008E00073FF43E12078822803D1204608F0E6FE1A
:1008F0003CE12078832813D1A348006985B2A1493F
:100900000D70280A4870A148006885B28D70280AC9
:10091000C87004219B48FFF739FFFFF755FF25E119
:10092000207884280ED121790906E27801EB024172
:10093000A27801EB02216278881800F0BDFCFFF775
:1009400043FF13E12078852803D1204607F0AEFE4F
:100950000CE12078862812D16078012802D100F0BD
:1009600065FD09E0607818B9002000F05FFD03E044
:100970004FF0FF3000F05AFDFFF726FFF6E0207839
:10098000872805D1204600F02BFBFFF71DFFEDE087
:10099000207888280DD12379677903EB0722A37883
:1009A000E77803EB0721607800F00EFDFFF70CFFFE
:1009B000DCE0207889280AD16078724900F0E2FCF6
:1009C00004217048FFF7E2FEFFF7FEFECEE020783C
:1009D0008A281AD1607820B94FF4807000F0ACFBFF
:1009E00010E04FF4007000F0A7FB054665490D705C
:1009F000280A4870280C8870280EC87004216148A5
:100A0000FFF7C4FEFFF7E0FEB0E020788B2803D1AB
:100A1000204607F04BFEA9E02078E02805D12046CB
:100A200000F080F9FFF7D0FEA0E02078F0282BD16D
:100A300020785349086020790006E17800EB0140F6
:100A4000A17800EB01206178451851490968514AA5
:100A500012685143C81CC11700EB917189108900BD
:100A60004D4A116010460068A84201D21046056048
:100A700049480068FC21B0FBF1F04149096801EBED
:100A800000203F49086071E02078F12804D100F08F
:100A9000A4FAFFF799FE69E02078FC282AD1FFF735
:100AA00093FE60785A2861D1A0785A285ED1E07808
:100AB0005A285BD120795A2858D16079A52855D178
:100AC000A079A52852D1E079A5284FD1207AA52870
:100AD0004CD100BFBFF34F8F3048006800F4E06096
:100AE0002F490843001D2D490860BFF34F8F00BFF9
:100AF00000BFFEE72078FD2806D12A4800682A4971
:100B00000860FFF761FE31E02078FE2815D160789B
:100B100078B9A07868B907F079FF054619490D70D2
:100B2000280A487002211748FFF730FEFFF74CFEF5
:100B30001CE020781249086018E02078FF280FD1C7
:100B4000F02010490870F1204870F2208870F320DE
:100B5000C87004210B48FFF719FEFFF735FE05E0CA
:100B6000FFF732FE217811A00BF044FC002002496F
:100B7000086000BF40E6000034000020A805002007
:100B800030000020E80F0020000002401004024066
:100B9000C0CA0008C4CA0008240000200CED00E010
:100BA0000000FA051C0000202000002043444320E0
:100BB000434F4D20457272282530327829210A0092
:100BC00070B51A4800681A49096888422CD017483D
:100BD000006817490968884204D914480068C0F5BC
:100BE000006404E01248006810490968441A402C67
:100BF00000D940240D480568A2B20E4841190E489C
:100C000009F0FFFE0C4809F04FFF68B9074800687B
:100C100020440649086008460068B0F5006F01D11D
:100C200000200860012070BD0020FCE720000020AB
:100C30001C000020E80600208403002070B5044654
:100C400034B12848046004F057F92749086070BDA2
:100C500026480068801C48B925480068254909686D
:100C6000884203D100201F490860F0E71D48006852
:100C700000B9ECE71B480068002816DD04F03CF9D9
:100C800019490968401A1749096888420DD94FF077
:100C9000FF3014490860801E144908601548006838
:100CA0001349086014A00BF0A5FB1748D0F81852A0
:100CB00005B9CCE70B480068401C88B9D5F8140288
:100CC00070B9124806F063F8012809D1104804F001
:100CD0005FFA012804D1FFF777FD0EA00BF08AFB25
:100CE00000BFB4E7480000204C0000203000002086
:100CF000200000201C000020436F6D6D57444720EA
:100D0000576169740A00000084030020000200207B
:100D1000F8020020436F6D6D57444720526573659C
:100D2000740A000070B504462078E02800D070BD39
:100D30006078FF2801D100F023F86078012817D1EE
:100D400060790006217900EB0140E17800EB012099
:100D5000A1784518607A0006217A00EB0140E1791C
:100D600000EB0120A17946183146284600F042F8F0
:100D7000607810B9A07800F017F800BFD7E700003E
:100D80000021074A1160002005E04FF0FF31054ABD
:100D900042F82010401CB0F5806FF6DB7047000071
:100DA000A0000020DC16002070B50546284600F0A3
:100DB00055F80446002C00DA70BD0FE00B4850F8DF
:100DC0002400401C00B90DE0084B621C53F82210AF
:100DD0001A4652F8240008F0F3FFA41C04480068E7
:100DE0008442EBD300BF00BFE6E70000DC16002022
:100DF000A000002010B5174A1268B2F5FF7F00D995
:100E000010BD144A126812B9421C02B9F8E7114A1F
:100E10001268012A0AD9421C42B90E4A1268521EAF
:100E20000D4B53F82220521C02B9E9E7094A136816
:100E30001268521C074C2260074A42F823002246DF
:100E400013681268521C2260034A42F8231000BF44
:100E5000D6E70000A0000020DC1600200246002398
:100E60000AB90020704700210AE0094850F8210023
:100E7000401C20B95B1C934201D1881CF2E7891CFD
:100E8000044800688142F0D34FF0FF30EAE70000E9
:100E9000DC160020A000002010B5024801F0E4FAA2
:100EA00010BD00005802002010B5024801F0DCFA25
:100EB00010BD0000A802002010B50249086B01F027
:100EC000D3FA10BDE810002030B50468246824F47B
:100ED000802405682C60046863608468402C04D119
:100EE0000468A2600468E16003E00468A16004682B
:100EF000E26030BD70470CB50021009100EB80002E
:100F0000019105E00099491C00910199491C01914A
:100F100001998142F6DB0CBD10B5012003F0F0FE13
:100F200010BD10B500F0A6F9082003F0E9FE10BDD1
:100F300000B587B000BF1048006840F001000E49BE
:100F400008600846006800F00100019000BF00BF83
:100F50000A480390022004900120029002A9084848
:100F600003F0DCFE00220221062004F0C0FC062073
:100F700004F0B0FC07B000BD303802400000111092
:100F80000000024000B587B000BF1048006840F084
:100F900001000E4908600846006800F00100019059
:100FA00000BF00BF0A48039002200490082002906E
:100FB00002A9084803F0B2FE00220221092004F031
:100FC00096FC092004F086FC07B000BD30380240D2
:100FD0000000311000000240704770477047000069
:100FE00030B585B004462078872801D005B030BDE3
:100FF000607808B9174D0FE06078012801D1164DCF
:101000000AE06078022801D1144D05E060780328D9
:1010100001D1134D00E0E9E7A078E17800EB012071
:1010200000902079019060790290A0790390E07996
:1010300004900848854203D1009820F4D0500090D5
:10104000009800B9D2E76946284603F067FE00BF62
:10105000CCE700000000024000040240000802400B
:10106000000C02402DE9F04186B006460C4600BF58
:101070003048006840F001002E49086008460068CA
:1010800000F00100009000BF00BF00BF08460068EC
:1010900040F0020008600846006800F0020000907E
:1010A00000BF00BF00BF0846006840F004000860B1
:1010B0000846006800F00400009000BF00BF002058
:1010C00002900120039000200490019401A9304671
:1010D00003F024FE002500E06D1C642DFCDB30696C
:1010E000204008B1012000E00020074600200290C7
:1010F0000220039000200490019401A9304603F0DF
:101100000DFE002500E06D1C642DFCDB30692040E5
:1011100008B1012000E000208046474503D00120AF
:1011200006B0BDE8F081012F01D10220F8E70020D0
:10113000F6E700003038024010B5044604F0010024
:1011400090B12C48006800F0010010B92AA00BF003
:1011500051F92848006820F0040026490860084634
:10116000006840F00100086004F0020028B1214846
:10117000006820F005001F49086004F0040068B111
:101180001C48006800F0010030B11A48006800F007
:10119000040008B1012010BD0020FCE704F00800A5
:1011A00028B11448006820F004001249086004F4D3
:1011B000807040B103F0A0FE80F000401449086048
:1011C00008460068486004F4007080B11048006868
:1011D0000F494968401A42F21071884205D20C4802
:1011E00000680B494968401AD5E70020D3E7014859
:1011F0000068D0E7A80000205450204952512049EF
:101200006E746572727570742061626C652E0A006E
:10121000AC00002010B586B00446002C18DA00207F
:101220000290012003900220049048F202500190A5
:1012300001A90F4803F072FD0020029003900220E4
:1012400004901820019001A9094803F067FD00BF30
:10125000002C08DD06480069204010B1012006B0CE
:1012600010BD0020FBE70248006980B2F7E70000EC
:101270000000024010B50D48006900F0080078B188
:1012800003F03AFE0A4948600A48006800F001008D
:1012900050B10848006840F004000649086003E0C7
:1012A00003F02AFE0249086010BD00000000024061
:1012B000AC000020A800002010B586B00446002C29
:1012C00027DAE02001900120029000200390022004
:1012D000049001A9294803F021FD0022202127487C
:1012E00003F004FE01224021244803F0FFFD012207
:1012F0008021224803F0FAFD06200190012002908F
:10130000002003900220049001A91D4803F006FD6F
:1013100031E0022000EA244028B1C4F34002022157
:10132000174803F0E3FD042000EA244028B1C4F389
:1013300080020421124803F0D9FD202000EA244055
:1013400028B1C4F3401220210C4803F0CFFD402007
:1013500000EA244028B1C4F380124021074803F07A
:10136000C5FD802000EA244028B1C4F3C0128021CA
:10137000024803F0BBFD06B010BD000000000240B3
:101380000004024030B587B005460C4618220D49CE
:1013900001A8FEF71BFF0020A070E070062D03D30C
:1013A0002070607007B030BD01A850F825000069BA
:1013B000207001A850F825000069000A607000BF85
:1013C000F0E70000E0CA0008F0B587B005460E4619
:1013D00017461822144901A8FEF7F8FE062D01D37E
:1013E00007B0F0BD00241BE00120A0403040B0B1A8
:1013F0000120A040384048B10122A24091B201AA88
:1014000052F82500012203F071FD08E00122A240FC
:1014100091B201AA52F82500002203F067FD641C76
:101420000F2CE1DD00BFDBE7C8CA000810B586B0AD
:101430000446002C0BDA0020029003900220049056
:101440001020019001A9154803F068FC23E08CB935
:1014500001200290002003900220049010200190AF
:1014600001A90E4803F05AFC012210210B4803F099
:101470003DFD10E001200290002003900220049026
:101480001020019001A9054803F048FC002210211A
:10149000024803F02BFD06B010BD0000000402401E
:1014A0000CB500BF08480068009008480068406A12
:1014B00001900549009809688842F3D1DDE90010E0
:1014C00000EB01400CBD0000E8000020C439002002
:1014D00070B50A480468001D0568001D066834449C
:1014E00054B108220649204607F04AF9042204496B
:1014F0001031284607F044F970BD0000107AFF1F34
:1015000086000020014609B90120704791F8350096
:10151000022801D10120F8E70868006820F00100E6
:101520000A68106000200A6810600A6850600A6843
:1015300090600A68D0600A68106121200A685061D2
:10154000F94A086890425CD9F84A0868904201D18B
:10155000F74852E0F44A483A0868904201D1F4480A
:101560004BE0F24A60320868904201D1F04844E012
:10157000ED4A18320868904201D1ED483DE0EB4A4F
:1015800018320868904201D1801536E0E64A303AB8
:101590000868904201D180152FE0E44A783208684B
:1015A000904201D1801528E0DF4A3032086890422D
:1015B00001D1801521E0DD4A30320868904202D125
:1015C0004FF4802019E0D84A183A0868904202D1B6
:1015D0004FF4802011E0D54A90320868904202D141
:1015E0004FF4802009E0D04A48320868904202D186
:1015F0004FF4802001E04FF08070CB4A4C3A1060ED
:101600001FE1CA4AA832086890425CD9C74A0868F4
:10161000904201D1C64852E0C34A483A0868904215
:1016200001D1C3484BE0C14A60320868904201D101
:10163000BF4844E0BC4A18320868904201D1BC4817
:101640003DE0BA4A18320868904201D1801536E070
:10165000B54A303A0868904201D180152FE0B34A6C
:1016600078320868904201D1801528E0AE4A3032C5
:101670000868904201D1801521E0AC4A30320868F8
:10168000904202D14FF4802019E0A74A183A086826
:10169000904202D14FF4802011E0A44A90320868B1
:1016A000904202D14FF4802009E09F4A48320868F6
:1016B000904202D14FF4802001E04FF080709A4AAE
:1016C000503A1060BDE0994A4832086890425CD9AF
:1016D000964A0868904201D1954852E0924A483AA9
:1016E0000868904201D192484BE0904A6032086805
:1016F000904201D18E4844E08B4A183208689042EB
:1017000001D18B483DE0894A18320868904201D1E6
:10171000801536E0844A303A0868904201D180153D
:101720002FE0824A78320868904201D1801528E083
:101730007D4A30320868904201D1801521E07B4A11
:1017400030320868904202D14FF4802019E0764A86
:10175000183A0868904202D14FF4802011E0734A91
:1017600090320868904202D14FF4802009E06E4A1E
:1017700048320868904202D14FF4802001E04FF0D7
:1017800080706A4A103AD0605BE0684A086890420C
:1017900001D1674852E0644A483A0868904201D152
:1017A00063484BE0614A60320868904201D160486A
:1017B00044E05D4A18320868904201D15C483DE03F
:1017C0005A4A18320868904201D1801536E0564ACC
:1017D000303A0868904201D180152FE0534A7832A0
:1017E0000868904201D1801528E04F4A30320868DD
:1017F000904201D1801521E04C4A30320868904275
:1018000002D14FF4802019E0474A183A0868904204
:1018100002D14FF4802011E0444A9032086890428F
:1018200002D14FF4802009E03F4A483208689042D4
:1018300002D14FF4802001E04FF080703B4A103A13
:101840009060394A086890425CD9384A08689042EA
:1018500001D1202052E0344A483A0868904201D130
:1018600020204BE0314A60320868904201D12020AC
:1018700044E02D4A18320868904201D120203DE012
:101880002A4A18320868904201D1C01436E0264A2C
:10189000303A0868904201D1C0142FE0234A7832D0
:1018A0000868904201D1C01428E01F4A303208680D
:1018B000904201D1C01421E01C4A303208689042A5
:1018C00002D14FF4001019E0174A183A0868904204
:1018D00002D14FF4001011E0144A9032086890428F
:1018E00002D14FF4001009E00F4A483208689042D4
:1018F00002D14FF4001001E04FF000600A4A4C3A68
:10190000106021E1094AA8320868904260D9074A6C
:101910000868904201D1202056E0034A483A0868FE
:10192000904207D120204FE05864024010600240EE
:1019300004008000F84A0868904201D1202043E06A
:10194000F64A0868904201D120203DE0F24A483A28
:101950000868904201D1C01436E0F04A483A08685D
:10196000904201D1C0142FE0EB4A1832086890422F
:1019700001D1C01428E0E94A18320868904201D128
:10198000C01421E0E44A303A0868904202D14FF492
:10199000001019E0E14A303A0868904202D14FF451
:1019A000001011E0DC4A30320868904202D14FF456
:1019B000001009E0D94A30320868904202D14FF451
:1019C000001001E04FF00060D44A683A1060BBE0BC
:1019D000D14A183A086890425BD9CF4A603A086801
:1019E000904201D1202050E0CC4A603A08689042F1
:1019F00001D1202049E0C84A0868904201D1202046
:101A000043E0C64A0868904201D120203DE0C24A26
:101A1000483A0868904201D1C01436E0BF4A483ABB
:101A20000868904201D1C0142FE0BB4A1832086800
:101A3000904201D1C01428E0B84A18320868904298
:101A400001D1C01421E0B44A303A0868904202D172
:101A50004FF4001019E0B14A303A0868904202D1C0
:101A60004FF4001011E0AC4A30320868904202D1C5
:101A70004FF4001009E0A94A30320868904202D1C0
:101A80004FF4001001E04FF00060A34A703AD060BC
:101A90005AE0A14A603A0868904201D1202050E003
:101AA0009E4A603A0868904201D1202049E09A4A53
:101AB0000868904201D1202043E0984A086890428B
:101AC00001D120203DE0944A483A0868904201D173
:101AD000C01436E0914A483A0868904201D1C014D7
:101AE0002FE08D4A18320868904201D1C01428E0D6
:101AF0008A4A18320868904201D1C01421E0864A0F
:101B0000303A0868904202D14FF4001019E0834A3D
:101B1000303A0868904202D14FF4001011E07E4A3A
:101B200030320868904202D14FF4001009E07B4A3D
:101B300030320868904202D14FF4001001E04FF0BB
:101B40000060754A703A9060744A183A086890428A
:101B50005BD9714A603A0868904201D1082050E090
:101B60006E4A603A0868904201D1082049E06A4A0A
:101B70000868904201D1082043E0684A0868904212
:101B800001D108203DE0644A483A0868904201D1FA
:101B9000401536E0614A483A0868904201D1401544
:101BA0002FE05D4A18320868904201D1401528E0C4
:101BB0005A4A18320868904201D1401521E0564A2D
:101BC000303A0868904202D14FF4002019E0534A9D
:101BD000303A0868904202D14FF4002011E04E4A9A
:101BE00030320868904202D14FF4002009E04B4A9D
:101BF00030320868904202D14FF4002001E04FF0EB
:101C00000070464A643A10601EE1434A4832086850
:101C100090425BD9404A603A0868904201D108205E
:101C200050E03E4A603A0868904201D1082049E0FD
:101C3000394A0868904201D1082043E0374A0868D1
:101C4000904201D108203DE0334A483A086890426A
:101C500001D1401536E0314A483A0868904201D136
:101C600040152FE02C4A18320868904201D14015E7
:101C700028E02A4A18320868904201D1401521E034
:101C8000254A303A0868904202D14FF4002019E00A
:101C9000224A303A0868904202D14FF4002011E005
:101CA0001D4A30320868904202D14FF4002009E00A
:101CB0001A4A30320868904202D14FF4002001E005
:101CC0004FF00070154A683A1060BDE0124A183AA9
:101CD000086890425DD9104A603A0868904201D184
:101CE000082052E00D4A603A0868904201D108206D
:101CF0004BE0094A0868904201D1082045E0074AB4
:101D00000868904201D108203FE0034A483A086839
:101D1000904205D1401538E0706002407064024086
:101D2000FA4A0868904201D140152EE0F84A086846
:101D3000904201D1401528E0F44A60320868904290
:101D400001D1401521E0F24A483A0868904202D198
:101D50004FF4002019E0ED4A18320868904202D191
:101D60004FF4002011E0EA4A18320868904202D18C
:101D70004FF4002009E0E54A78320868904202D129
:101D80004FF4002001E04FF00070E14A883AD06043
:101D90005AE0DF4A783A0868904201D1082050E0C2
:101DA000DA4A183A0868904201D1082049E0D84A36
:101DB000183A0868904201D1082042E0D34A4832DC
:101DC0000868904201D108203BE0D14A603A086897
:101DD000904201D1401534E0CC4A0868904201D1CC
:101DE00040152EE0CA4A0868904201D1401528E00B
:101DF000C64A60320868904201D1401521E0C44AC9
:101E0000483A0868904202D14FF4002019E0BF4AD6
:101E100018320868904202D14FF4002011E0BC4A09
:101E200018320868904202D14FF4002009E0B74A06
:101E300078320868904202D14FF4002001E04FF060
:101E40000070B34A883A9060B04A303208689042D5
:101E50005BD9AF4A783A0868904201D1AD4850E06A
:101E6000AA4A183A0868904201D1AA4849E0A84A0B
:101E7000183A0868904201D1A64842E0A34A483285
:101E80000868904201D1A3483BE0A14A603A086843
:101E9000904201D1402034E09C4A0868904201D130
:101EA00040202EE09A4A0868904201D1402028E064
:101EB000964A60320868904201D1402021E0944A5D
:101EC000483A0868904202D14FF4803019E08F4AB6
:101ED00018320868904202D14FF4803011E08C4AE9
:101EE00018320868904202D14FF4803009E0874AE6
:101EF00078320868904202D14FF4803001E04FF40C
:101F00008000824A1C3A106021E1814A3032086820
:101F100090425BD97E4A783A0868904201D17D4868
:101F200050E07A4A183A0868904201D1794849E06D
:101F3000774A183A0868904201D1764842E0734ADD
:101F400048320868904201D172483BE0704A603ADA
:101F50000868904201D1402034E06C4A0868904201
:101F600001D140202EE06A4A0868904201D1402009
:101F700028E0664A60320868904201D1402021E0A2
:101F8000634A483A0868904202D14FF4803019E021
:101F90005E4A18320868904202D14FF4803011E056
:101FA0005B4A18320868904202D14FF4803009E051
:101FB000564A78320868904202D14FF4803001E0EE
:101FC0004FF48000514A203A1060C0E0504A303A45
:101FD000086890425BD94E4A783A0868904201D12D
:101FE0004C4850E0494A183A0868904201D14948A3
:101FF00049E0474A183A0868904201D1454842E012
:10200000424A48320868904201D142483BE0404A87
:10201000603A0868904201D1402034E03B4A0868A9
:10202000904201D140202EE0394A0868904201D107
:10203000402028E0354A60320868904201D14020B3
:1020400021E0334A483A0868904202D14FF4803088
:1020500019E02E4A18320868904202D14FF48030BD
:1020600011E02B4A18320868904202D14FF48030B8
:1020700009E0264A78320868904202D14FF4803055
:1020800001E04FF48000224A883AD0605FE0204AA5
:10209000783A0868904201D11E4855E01B4A183A28
:1020A0000868904201D11B484EE0194A183A086866
:1020B000904201D1174847E0144A483208689042DC
:1020C00001D1144840E0124A603A0868904201D1B8
:1020D000402039E00D4A0868904201D1402033E0A9
:1020E0000B4A0868904201D140202DE0074A603237
:1020F0000868904201D1402026E0054A483A086825
:10210000904209D14FF480301EE000002864024064
:102110008860024001008000D14A0868904202D1E4
:102120004FF4803010E0CF4A0868904202D14FF45B
:10213000803009E0CA4A60320868904202D14FF408
:10214000803001E04FF48000C64AA03A9060C44A53
:102150001832086890425BD9C24A903A08689042A7
:1021600001D1102050E0BE4A303A0868904201D1B7
:10217000102049E0BB4A303A0868904201D1102053
:1021800042E0B74A30320868904201D110203BE06B
:10219000B44A783A0868904201D1001534E0B04A58
:1021A000183A0868904201D100152DE0AD4A183A5E
:1021B0000868904201D1001526E0A94A4832086813
:1021C000904201D100151FE0A64A603A086890428B
:1021D00002D14FF4801017E0A14A0868904202D162
:1021E0004FF4801010E09F4A0868904202D14FF4EB
:1021F000801009E09A4A60320868904202D14FF498
:10220000801001E04FF08060954A343A10601CE184
:10221000944A1832086890425BD9924A903A08680A
:10222000904201D1102050E08D4A303A0868904227
:1022300001D1102049E08B4A303A0868904201D120
:10224000102042E0864A30320868904201D11020C6
:102250003BE0844A783A0868904201D1001534E0A6
:102260007F4A183A0868904201D100152DE07D4A56
:10227000183A0868904201D1001526E0784A4832A1
:102280000868904201D100151FE0764A603A08685C
:10229000904202D14FF4801017E0714A08689042D2
:1022A00002D14FF4801010E06E4A0868904202D1CB
:1022B0004FF4801009E06A4A60320868904202D107
:1022C0004FF4801001E04FF08060654A383A1060AA
:1022D000BBE0644A483A086890425BD9614A903A48
:1022E0000868904201D1102050E05D4A303A0868F9
:1022F000904201D1102049E05A4A303A0868904291
:1023000001D1102042E0564A30320868904201D193
:1023100010203BE0534A783A0868904201D10015FA
:1023200034E04F4A183A0868904201D100152DE078
:102330004C4A183A0868904201D1001526E0484AF4
:1023400048320868904201D100151FE0454A603AC2
:102350000868904202D14FF4801017E0404A0868A4
:10236000904202D14FF4801010E03E4A086890423B
:1023700002D14FF4801009E0394A60320868904277
:1023800002D14FF4801001E04FF08060354AA03A4E
:10239000D0605AE0334A903A0868904201D1102048
:1023A00050E02F4A303A0868904201D1102049E0AD
:1023B0002C4A303A0868904201D1102042E0284A65
:1023C00030320868904201D110203BE0254A783A2B
:1023D0000868904201D1001534E0214A183A086893
:1023E000904201D100152DE01E4A183A086890422B
:1023F00001D1001526E01A4A48320868904201D1FE
:1024000000151FE0174A603A0868904202D14FF465
:10241000801017E0124A0868904202D14FF48010F1
:1024200010E0104A0868904202D14FF4801009E091
:102430000B4A60320868904202D14FF4801001E0EC
:102440004FF08060074AA03A90600020C86481F88D
:10245000350000BF81F8340000BF00BFFFF755B85A
:1024600040640240A060024010B50446F94920686B
:1024700088425DD9F74854380068F74A216891428C
:1024800001D1082152E0F34A483A2168914201D132
:1024900008214BE0F04A60322168914201D10821C5
:1024A00044E0EC4A18322168914201D108213DE014
:1024B000E94A18322168914201D1491536E0E54ACE
:1024C000303A2168914201D149152FE0E24A783231
:1024D0002168914201D1491528E0DE4A3032216855
:1024E000914201D1491521E0DB4A30322168914205
:1024F00002D14FF4002119E0D64A183A21689142DE
:1025000002D14FF4002111E0D34A90322168914268
:1025100002D14FF4002109E0CE4A483221689142AD
:1025200002D14FF4002101E04FF00071084022E198
:10253000C949A831206888425DD9C6485838006822
:10254000C54A2168914201D1082152E0C14A483A66
:102550002168914201D108214BE0BF4A60322168D5
:10256000914201D1082144E0BA4A183221689142CF
:1025700001D108213DE0B84A18322168914201D1C9
:10258000491536E0B34A303A2168914201D14915E4
:102590002FE0B14A78322168914201D1491528E0F3
:1025A000AC4A30322168914201D1491521E0AA4A52
:1025B00030322168914202D14FF4002119E0A54A3E
:1025C000183A2168914202D14FF4002111E0A24A49
:1025D00090322168914202D14FF4002109E09D4AD6
:1025E00048322168914202D14FF4002101E04FF0BE
:1025F00000710840BFE098494831206888425DD9A1
:10260000954810384068944A2168914201D10821C8
:1026100052E0904A483A2168914201D108214BE0AA
:102620008D4A60322168914201D1082144E0894AF3
:1026300018322168914201D108213DE0864A1832C2
:102640002168914201D1491536E0824A303A216829
:10265000914201D149152FE07F4A78322168914299
:1026600001D1491528E07B4A30322168914201D1DD
:10267000491521E0784A30322168914202D14FF465
:10268000002119E0734A183A2168914202D14FF4AF
:10269000002111E0704A90322168914202D14FF43A
:1026A000002109E06B4A48322168914202D14FF47F
:1026B000002101E04FF0007108405CE066481038EE
:1026C0000068654A2168914201D1082152E0614ABF
:1026D000483A2168914201D108214BE05E4A6032BC
:1026E0002168914201D1082144E05A4A18322168F8
:1026F000914201D108213DE0574A183221689142A8
:1027000001D1491536E0534A303A2168914201D14E
:1027100049152FE0504A78322168914201D149157C
:1027200028E04C4A30322168914201D1491521E01C
:10273000494A30322168914202D14FF4002119E018
:10274000444A183A2168914202D14FF4002111E025
:10275000414A90322168914202D14FF4002109E0B0
:102760003C4A48322168914202D14FF4002101E0F5
:102770004FF000710840002870D02068006800F019
:1027800004000028F8D02068006820F004002168C8
:10279000086030492068884261D92F492068884202
:1027A00001D1082052E02B4948392068884201D1E4
:1027B00008204BE0284960312068884201D1082078
:1027C00044E0244918312068884201D108203DE0C6
:1027D000214918312068884201D1401536E01D4951
:1027E00030392068884201D140152FE01A497831EC
:1027F0002068884201D1401528E016493031206810
:10280000884201D1401521E01349303120688842C7
:1028100002D14FF4002019E00E491839206888428F
:1028200002D14FF4002011E00B499031206888421A
:1028300002D14FF4002009E006494831206888425F
:1028400002D14FF4002001E04FF0007001494C39F3
:10285000086023E158640240106002402FE1F8490B
:10286000206888425CD9F649A8392068884201D19D
:10287000082051E0F3492068884201D108204BE04C
:10288000EF4948392068884201D1082044E0ED49E9
:1028900060312068884201D108203DE0E849903944
:1028A0002068884201D1401536E0E6491831206899
:1028B000884201D140152FE0E14930392068884233
:1028C00001D1401528E0DF4978312068884201D1E4
:1028D000401521E0DA4978392068884202D14FF466
:1028E000002019E0D74930312068884202D14FF4E6
:1028F000002011E0D24918392068884202D14FF4F3
:10290000002009E0CF4990312068884202D14FF47D
:10291000002001E04FF00070CA4908390860BDE0AE
:10292000C7496039206888425CD9C549A839206800
:10293000884201D1082051E0C2492068884201D173
:1029400008204BE0BE4948392068884201D1082060
:1029500044E0BC4960312068884201D108203DE054
:10296000B74990392068884201D1401536E0B54911
:1029700018312068884201D140152FE0B049303924
:102980002068884201D1401528E0AE49783120689E
:10299000884201D1401521E0A94978392068884250
:1029A00002D14FF4002019E0A64930312068884256
:1029B00002D14FF4002011E0A14918392068884263
:1029C00002D14FF4002009E09E49903120688842EE
:1029D00002D14FF4002001E04FF000709849B8395F
:1029E000C8605BE09649A8392068884201D1082078
:1029F00051E094492068884201D108204BE0904979
:102A000048392068884201D1082044E08D4960316E
:102A10002068884201D108203DE08949903920682A
:102A2000884201D1401536E0864918312068884235
:102A300001D140152FE0824930392068884201D108
:102A4000401528E07F4978312068884201D140153F
:102A500021E07B4978392068884202D14FF4002078
:102A600019E0784930312068884202D14FF40020C3
:102A700011E0734918392068884202D14FF40020D0
:102A800009E0704990312068884202D14FF400205B
:102A900001E04FF000706A49B8398860E06C40F09E
:102AA0000100E064042084F8350000BF002084F8B1
:102AB000340000BFA06C10B12046A16C884761496A
:102AC0004831206888425DD95E480C3800685C4A0D
:102AD000A83A2168914201D15B4951E0594A2168E5
:102AE000914201D158494BE0554A483A21689142F8
:102AF00001D1554944E0534A60322168914201D1E5
:102B000051493DE04E4A903A2168914201D140211D
:102B100036E04C4A18322168914201D140212FE021
:102B2000474A303A2168914201D1402128E0454A84
:102B300078322168914201D1402121E0404A783A1F
:102B40002168914202D14FF4803119E03D4A303280
:102B50002168914202D14FF4803111E0384A183A8D
:102B60002168914202D14FF4803109E0354A903218
:102B70002168914202D14FF4803101E04FF480018D
:102B8000084026E12E492068884263D92D48103834
:102B900000682B4AA83A2168914201D12A4957E09E
:102BA000284A2168914201D1274951E0244A483AF4
:102BB0002168914201D124494AE0224A60322168C9
:102BC000914201D1204943E01D4A903A2168914247
:102BD00001D140213CE01B4A18322168914201D1C9
:102BE000402135E0164A303A2168914201D1402116
:102BF0002EE0144A78322168914201D1402127E029
:102C00000F4A783A2168914202D14FF480311FE097
:102C10000C4A30322168914202D14FF4803117E0E2
:102C2000074A183A2168914202D14FF480310FE0EF
:102C3000044A90322168914208D14FF4803107E074
:102C4000B860024010640240010080004FF480012F
:102C50000840BEE0F949206888425DD9F7485838F5
:102C60004068F64A483A2168914201D1F44951E05E
:102C7000F44A2168914201D1F1494BE0EF4A183200
:102C80002168914201D1EE4944E0EE4A6032216868
:102C9000914201D1EA493DE0E84A303A2168914247
:102CA00001D1402136E0E74A18322168914201D132
:102CB00040212FE0E14A30322168914201D1402188
:102CC00028E0E04A78322168914201D1402121E098
:102CD000DA4A183A2168914202D14FF4803119E062
:102CE000D84A30322168914202D14FF4803111E04C
:102CF000D24A48322168914202D14FF4803109E032
:102D0000D04A90322168914202D14FF4803101E0E3
:102D10004FF4800108405CE0C84858380068C74A52
:102D2000483A2168914201D1C54951E0C54A21681C
:102D3000914201D1C2494BE0C04A18322168914208
:102D400001D1BF4944E0BF4A60322168914201D1BC
:102D5000BB493DE0B94A303A2168914201D1402156
:102D600036E0B84A18322168914201D140212FE063
:102D7000B24A30322168914201D1402128E0B14A63
:102D800078322168914201D1402121E0AB4A183AC2
:102D90002168914202D14FF4803119E0A94A3032C2
:102DA0002168914202D14FF4803111E0A34A4832A8
:102DB0002168914202D14FF4803109E0A14A90325A
:102DC0002168914202D14FF4803101E04FF480013B
:102DD0000840002879D02068406900F08000002871
:102DE00073D02068406920F08000216848619549CF
:102DF0004831206888425CD9904948392068884227
:102E000001D18F4851E08F492068884201D18C4818
:102E10004BE08A4918312068884201D1884844E053
:102E2000884960312068884201D185483DE0834966
:102E300030392068884201D1402036E0814918317C
:102E40002068884201D140202FE07C493031206841
:102E5000884201D1402028E07A49783120688842B0
:102E600001D1402021E0754918392068884202D1FB
:102E70004FF4803019E0734930312068884202D124
:102E80004FF4803011E06D4948312068884202D10A
:102E90004FF4803009E06B4990312068884202D1BC
:102EA0004FF4803001E04FF480006649091F08604C
:102EB00025E162496031206888425DD95F4948391F
:102EC0002068884202D15E4852E029E15D492068CD
:102ED000884201D15A484BE058491831206888424D
:102EE00001D1574844E0574960312068884201D1F8
:102EF00053483DE0514930392068884201D1402093
:102F000036E0504918312068884201D140202FE036
:102F10004A4930312068884201D1402028E049499F
:102F200078312068884201D1402021E04349183996
:102F30002068884202D14FF4803019E04149303195
:102F40002068884202D14FF4803011E03B4948317B
:102F50002068884202D14FF4803009E0394990312D
:102F60002068884202D14FF4803001E04FF48000A5
:102F7000344908390860C2E030492068884263D982
:102F80002E4948392068884201D12D4851E02D4909
:102F90002068884201D12A484BE02849183120682E
:102FA000884201D1264844E02649603120688842A1
:102FB00001D123483DE0214930392068884201D1C0
:102FC000402036E01F4918312068884201D1402056
:102FD0002FE01A4930312068884201D1402028E092
:102FE000184978312068884201D1402021E01349F6
:102FF00018392068884202D14FF4803019E0114915
:1030000030312068884202D14FF4803011E00B4902
:1030100048312068884202D14FF4803009E00949E4
:1030200090312068884202D14FF4803001E04FF4A3
:10303000800002495839C86061E005E058600240EC
:103040000100800010640240F9492068884201D1E3
:10305000F84851E0F8492068884201D1F5484BE032
:10306000F34960312068884201D1F24844E0F249D6
:1030700060312068884201D1EE483DE0EC491831CA
:103080002068884201D1402036E0EB4918312068A1
:10309000884201D140202FE0E549783120688842FC
:1030A00001D1402028E0E44978312068884201D1EC
:1030B000402021E0DE4930312068884202D14FF4BF
:1030C000803019E0DC4930312068884202D14FF469
:1030D000803011E0D64990312068884202D14FF407
:1030E000803009E0D44990312068884202D14FF401
:1030F000803001E04FF48000CD4910398860E06CE9
:1031000040F00200E064042084F8350000BF002095
:1031100084F8340000BFA06C10B12046A16C884731
:10312000C54948312068884260D9C3480C380068D6
:10313000BF4A2168914202D1BE49C91C54E0BE4A2F
:103140002168914202D1BB49C91C4DE0B84A6032A6
:103150002168914202D1B749C91C45E0B64A6032A4
:103160002168914202D1B349C91C3DE0B04A1832EE
:103170002168914201D1891536E0AF4A18322168A1
:10318000914201D189152FE0A94A783221689142F4
:1031900001D1891528E0A84A78322168914201D1ED
:1031A000891521E0A24A30322168914202D14FF4C0
:1031B000802119E0A04A30322168914202D14FF4B7
:1031C000802111E09A4A90322168914202D14FF455
:1031D000802109E0984A90322168914202D14FF44F
:1031E000802101E04FF08071084031E19049A83121
:1031F0002068884260D99048103800688C4A21685D
:10320000914202D18B49C91C54E08B4A21689142FA
:1032100002D18849C91C4DE0854A6032216891423B
:1032200002D18449C91C45E0834A60322168914239
:1032300002D18049C91C3DE07D4A18322168914283
:1032400001D1891536E07C4A18322168914201D1BA
:1032500089152FE0764A78322168914201D189158B
:1032600028E0754A78322168914201D1891521E020
:103270006F4A30322168914202D14FF4802119E027
:103280006D4A30322168914202D14FF4802111E021
:10329000674A90322168914202D14FF4802109E0BF
:1032A000654A90322168914202D14FF4802101E0B9
:1032B0004FF080710840CBE05D494831206888427A
:1032C00060D95B4810384068594A2168914202D160
:1032D0005849C91C54E0584A2168914202D15549C5
:1032E000C91C4DE0524A60322168914202D15149D5
:1032F000C91C45E0504A60322168914202D14D49D3
:10330000C91C3DE04A4A18322168914201D1891511
:1033100036E0494A18322168914201D189152FE0DF
:10332000434A78322168914201D1891528E0424A06
:1033300078322168914201D1891521E03C4A30322E
:103340002168914202D14FF4802119E03A4A30328B
:103350002168914202D14FF4802111E0344A903229
:103360002168914202D14FF4802109E0324A903223
:103370002168914202D14FF4802101E04FF0807129
:10338000084065E02A4810380068294A21689142BF
:1033900002D12849C91C5AE0274A2168914202D12A
:1033A0002449C91C53E0224A60322168914202D16B
:1033B0002049C91C4BE0204A60322168914202D169
:1033C0001C49C91C43E01A4A18322168914201D1B4
:1033D00089153CE0184A18322168914201D18915BB
:1033E00035E0134A78322168914201D189152EE0E7
:1033F000114A78322168914201D1891527E00C4A9F
:1034000030322168914202D14FF480211FE00A4AF4
:1034100030322168914202D14FF4802117E0044AF2
:1034200090322168914209D14FF480210FE00000D1
:10343000106002400100800010640240FA4A2168D6
:10344000914202D14FF4802101E04FF08071084099
:1034500088B32068006800F0020060B3206800684C
:1034600020F0020021680860EF494839206888424E
:103470005CD9EE492068884201D1ED4852E0EA4922
:1034800090392068884201D1E9484BE0E749603132
:103490002068884201D1E64844E0E3493039206899
:1034A000884201D1E2483DE0E04918312068884275
:1034B00002D1801536E067E1DB497839206888421F
:1034C00001D180152EE0D94978312068884201D198
:1034D000801527E0D44918392068884201D1801529
:1034E00020E0D24930312068884202D14FF4802058
:1034F00018E0CD4960392068884202D14FF480201D
:1035000010E0CA4990312068884202D14FF48020EF
:1035100008E0C5492068884202D14FF4802001E0CC
:103520004FF08070C049943908601CE1BF49A83150
:10353000206888425BD9BD492068884201D1BC48D7
:1035400051E0B94990392068884201D1B8484AE031
:10355000B64960312068884201D1B54843E0B2499C
:1035600030392068884201D1B1483CE0AF49183178
:103570002068884201D1801535E0AB497839206850
:10358000884201D180152EE0A84978312068884210
:1035900001D1801527E0A44918392068884201D15B
:1035A000801520E0A14930312068884202D14FF4D3
:1035B000802018E09C4960392068884202D14FF48D
:1035C000802010E0994990312068884202D14FF460
:1035D000802008E094492068884202D14FF480207E
:1035E00001E04FF08070904998390860BBE08F4946
:1035F0004831206888425BD98C492068884201D1D3
:103600008B4851E0884990392068884201D1884828
:103610004AE0864960312068884201D1844843E00D
:10362000814930392068884201D181483CE07F4996
:1036300018312068884201D1801535E07A497839FF
:103640002068884201D180152EE0784978312068C1
:10365000884201D1801527E07349183920688842D3
:1036600001D1801520E0714930312068884202D1B3
:103670004FF4802018E06C4960392068884202D1FC
:103680004FF4802010E0694990312068884202D1CF
:103690004FF4802008E064492068884202D14FF44A
:1036A000802001E04FF0807060491039C8605AE016
:1036B0005E492068884201D15D4851E05A499039FD
:1036C0002068884201D15A484AE058496031206850
:1036D000884201D1564843E0534930392068884236
:1036E00001D153483CE0514918312068884201D14A
:1036F000801535E04C4978392068884201D1801521
:103700002EE04A4978312068884201D1801527E0AF
:10371000454918392068884201D1801520E0434985
:1037200030312068884202D14FF4802018E03E49B1
:1037300060392068884202D14FF4802010E03B4974
:1037400090312068884202D14FF4802008E0364949
:103750002068884202D14FF4802001E04FF0807051
:10376000324910398860E06C40F00400E0640420C5
:1037700084F8350000BF002084F8340000BFA06C3E
:1037800010B12046A16C88472749483920688842F3
:1037900062D925489C380068244A2168914201D1A9
:1037A000102157E0204A903A2168914201D110211E
:1037B00050E01E4A60322168914201D1102149E057
:1037C000194A303A2168914201D1102142E0174A4A
:1037D00018322168914201D109153BE0124A783A2A
:1037E0002168914201D1091534E0104A78322168EC
:1037F000914201D109152DE00B4A183A21689142F6
:1038000001D1091526E0094A30322168914202D1DE
:103810004FF480111EE0044A603A2168914209D1B8
:103820004FF4801116E00000A064024010600240D6
:1038300004008000F74A2168914202D14FF48011C0
:1038400008E0F54A2168914202D14FF4801101E06D
:103850004FF0806108401FE1EE491831206888422E
:103860005CD9ED48A0380068EA4A903A2168914254
:1038700001D1102150E0E84A903A2168914201D1EB
:10388000102149E0E34A303A2168914201D11021E8
:1038900042E0E14A303A2168914201D110213BE0F7
:1038A000DC4A783A2168914201D1091534E0DA4ABC
:1038B000783A2168914201D109152DE0D54A183A8C
:1038C0002168914201D1091526E0D34A183A2168AE
:1038D000914201D109151FE0CE4A603A2168914218
:1038E00002D14FF4801117E0CB4A603A216891422F
:1038F00002D14FF480110FE0C64A2168914202D1F3
:103900004FF4801108E0C44A2168914202D14FF47B
:10391000801101E04FF080610840BDE0BD494839A9
:10392000206888425CD9BB48A0384068B94A903AC0
:103930002168914201D1102150E0B74A903A2168A4
:10394000914201D1102149E0B24A303A21689142B6
:1039500001D1102142E0B04A303A2168914201D1B0
:1039600010213BE0AB4A783A2168914201D1091518
:1039700034E0A94A783A2168914201D109152DE035
:10398000A44A183A2168914201D1091526E0A24AB9
:10399000183A2168914201D109151FE09D4A603A09
:1039A0002168914202D14FF4801117E09A4A603A9F
:1039B0002168914202D14FF480110FE0954A2168AD
:1039C000914202D14FF4801108E0934A216891425C
:1039D00002D14FF4801101E04FF0806108405BE0BC
:1039E0008C48A03800688B4A903A2168914201D1F6
:1039F000102150E0884A903A2168914201D110216B
:103A000049E0844A303A2168914201D1102142E0D4
:103A1000814A303A2168914201D110213BE07D4A30
:103A2000783A2168914201D1091534E07A4A783A0E
:103A30002168914201D109152DE0764A183A216892
:103A4000914201D1091526E0734A183A2168914242
:103A500001D109151FE06F4A603A2168914202D1F5
:103A60004FF4801117E06C4A603A2168914202D10C
:103A70004FF480110FE0674A2168914202D14FF460
:103A8000801108E0644A2168914202D14FF480110C
:103A900001E04FF080610840002878D0206800687D
:103AA00000F00800002872D02068006800F4802030
:103AB000A8B359494839206888425CD9554990399A
:103AC0002068884201D1102051E053499039206884
:103AD000884201D110204AE04E493039206888429E
:103AE00001D1102043E04C4930392068884201D18F
:103AF00010203CE0474978392068884201D1001500
:103B000035E0454978392068884201D100152EE01A
:103B1000404918392068884202D1001527E05FE14A
:103B20003D4918392068884201D100151FE0394904
:103B300060392068884202D14FF4801017E036497E
:103B400060392068884202D14FF480100FE031497B
:103B50002068884202D14FF4801008E02E49206886
:103B6000884202D14FF4801001E04FF080602A4972
:103B70009439086022E1274918312068884261D9C8
:103B8000244990392068884202D1102056E0BEE2D4
:103B9000214990392068884201D110204EE01D490A
:103BA00030392068884201D1102047E01A49303965
:103BB0002068884201D1102040E0164978392068F9
:103BC000884201D1001539E01349783920688842CC
:103BD00001D1001532E00F4918392068884201D11F
:103BE00000152BE00C4918392068884201D10015D6
:103BF00024E0084960392068884202D14FF48010DF
:103C00001CE0054960392068884207D14FF48010D4
:103C100014E00000A0600240A0640240FA4920685D
:103C2000884202D14FF4801008E0F84920688842A9
:103C300002D14FF4801001E04FF08060F3499839D1
:103C40000860BBE0F0494839206888425BD9EE49FA
:103C500090392068884201D1102050E0EB4990391A
:103C60002068884201D1102049E0E74930392068B6
:103C7000884201D1102042E0E4493039206888426E
:103C800001D110203BE0E04978392068884201D119
:103C9000001534E0DD4978392068884201D10015EB
:103CA0002DE0D94918392068884201D1001526E055
:103CB000D64918392068884201D100151FE0D24941
:103CC00060392068884202D14FF4801017E0CF4954
:103CD00060392068884202D14FF480100FE0CA4951
:103CE0002068884202D14FF4801008E0C74920685C
:103CF000884202D14FF4801001E04FF08060C24949
:103D0000A039C8605AE0C04990392068884201D182
:103D1000102050E0BD4990392068884201D1102020
:103D200049E0B94930392068884201D1102042E089
:103D3000B64930392068884201D110203BE0B249B1
:103D400078392068884201D1001534E0AF497839CC
:103D50002068884201D100152DE0AB491839206850
:103D6000884201D1001526E0A84918392068884208
:103D700001D100151FE0A44960392068884202D1B2
:103D80004FF4801017E0A14960392068884202D1C1
:103D90004FF480100FE09C492068884202D14FF414
:103DA000801008E099492068884202D14FF48010C1
:103DB00001E04FF080609449A03988602068006875
:103DC00000F4002018B9312084F835009AE1206809
:103DD000006800F4002078B3412084F8350091E1B8
:103DE0002068006800F4807028B92068006820F01E
:103DF00008002168086085494839206888425CD9F4
:103E0000814990392068884201D1102051E07F49D2
:103E100090392068884201D110204AE07A4930392F
:103E20002068884201D1102043E078493039206869
:103E3000884202D110203CE064E17349783920685F
:103E4000884201D1001534E07049783920688842F1
:103E500001D100152DE06C4918392068884201D144
:103E6000001526E0694918392068884201D10015FB
:103E70001FE0654960392068884202D14FF4801004
:103E800017E0624960392068884202D14FF48010FF
:103E90000FE05D492068884202D14FF4801008E0AD
:103EA0005A492068884202D14FF4801001E04FF057
:103EB000806056499439086021E1534918312068DF
:103EC00088425BD9504990392068884201D110203E
:103ED00050E04E4990392068884201D1102049E0D5
:103EE000494930392068884201D1102042E04749D1
:103EF00030392068884201D110203BE042497839AE
:103F00002068884201D1001534E0404978392068A2
:103F1000884201D100152DE03B49183920688842BC
:103F200001D1001526E0394918392068884201D1AD
:103F300000151FE0344960392068884202D14FF4EF
:103F4000801017E0314960392068884202D14FF46F
:103F500080100FE02C492068884202D14FF4801075
:103F600008E02A492068884202D14FF4801001E01D
:103F70004FF08060254998390860C0E022494839EF
:103F80002068884260D9204990392068884201D150
:103F9000102055E01D4990392068884201D1102039
:103FA0004EE0194930392068884201D1102047E09D
:103FB000164930392068884201D1102040E012496A
:103FC00078392068884201D1001539E00F497839E5
:103FD0002068884201D1001532E00B491839206869
:103FE000884201D100152BE0084918392068884221
:103FF00001D1001524E0044960392068884207D1C6
:104000004FF480101CE00000A0600240A064024059
:10401000F7492068884202D14FF4801010E0F5493A
:104020002068884202D14FF4801009E0F0496031E5
:104030002068884202D14FF4801001E04FF0806088
:10404000EC49A039C8605AE0EA49903920688842B2
:1040500001D1102050E0E64930392068884201D172
:10406000102049E0E34930392068884201D110200E
:1040700042E0DF4930312068884201D110203BE026
:10408000DC4978392068884201D1001534E0D849EC
:1040900018392068884201D100152DE0D54918391A
:1040A0002068884201D1001526E0D14948312068B6
:1040B000884201D100151FE0CE496039206888424E
:1040C00002D14FF4801017E0C9492068884202D11C
:1040D0004FF4801010E0C7492068884202D14FF4A5
:1040E000801009E0C24960312068884202D14FF453
:1040F000801001E04FF08060BE49A0398860312017
:1041000084F83500206C10B12046216C8847B849EE
:104110001831206888425CD9B5483C380068B54AF7
:10412000903A2168914201D1202150E0B04A303AC2
:104130002168914201D1202149E0AE4A303A2168FC
:10414000914201D1202142E0A94A303221689142B6
:1041500001D120213BE0A74A783A2168914201D160
:10416000C91434E0A24A183A2168914201D1C91415
:104170002DE0A04A183A2168914201D1C91426E0E5
:104180009B4A48322168914201D1C9141FE0994AE3
:10419000603A2168914202D14FF4001117E0944A2D
:1041A0002168914202D14FF4001110E0914A216838
:1041B000914202D14FF4001109E08D4A603221682A
:1041C000914202D14FF4001101E04FF0006108402C
:1041D00023E188491831206888425CD984484038F6
:1041E0000068844A903A2168914201D1202150E030
:1041F0007F4A303A2168914201D1202149E07D4A2D
:10420000303A2168914201D1202142E0784A30328F
:104210002168914201D120213BE0764A783A216819
:10422000914201D1C91434E0714A183A216891428F
:1042300001D1C9142DE06F4A183A2168914201D189
:10424000C91426E06A4A48322168914201D1C91452
:104250001FE0684A603A2168914202D14FF4001190
:1042600017E0634A2168914202D14FF4001110E037
:10427000604A2168914202D14FF4001109E05C4A82
:1042800060322168914202D14FF4001101E04FF0F9
:1042900000610840C1E057494839206888425CD92C
:1042A0005448A0384068534A903A2168914201D15D
:1042B000202150E04E4A303A2168914201D120211C
:1042C00049E04C4A303A2168914201D1202142E034
:1042D000474A30322168914201D120213BE0454AD2
:1042E000783A2168914201D1C91434E0404A183A21
:1042F0002168914201D1C9142DE03E4A183A216843
:10430000914201D1C91426E0394A483221689142CC
:1043100001D1C9141FE0374A603A2168914202D1A5
:104320004FF4001117E0324A2168914202D14FF454
:10433000001110E02F4A2168914202D14FF4001180
:1043400009E02B4A60322168914202D14FF40011FA
:1043500001E04FF0006108405FE02648A0380068A7
:10436000244A903A2168914201D1202154E0204A08
:10437000303A2168914201D120214DE01D4A303A66
:104380002168914201D1202146E0194A303221684A
:10439000914201D120213FE0164A783A21689142AA
:1043A00001D1C91438E0124A183A2168914201D16A
:1043B000C91431E00F4A183A2168914201D1C91459
:1043C0002AE00B4A48322168914201D1C91423E006
:1043D000084A603A2168914202D14FF400111BE073
:1043E000034A2168914207D14FF4001114E0000004
:1043F00040640240A0600240F94A2168914202D123
:104400004FF4001108E0F74A2168914202D14FF4BD
:10441000001101E04FF00061084088B32068006897
:1044200000F0100060B32068006800F4802040B302
:10443000EC494839206888425DD9E94990392068BB
:10444000884201D1202052E0E64990392068884214
:1044500001D120204BE0E24930392068884201D167
:10446000202044E0DF4930392068884201D12020F3
:104470003DE0DB4978392068884203D1C01436E03A
:1044800091E16BE1D74978392068884201D1C014A5
:104490002DE0D34918392068884201D1C01426E0A4
:1044A000D04918392068884201D1C0141FE0CC4996
:1044B00060392068884202D14FF4001017E0C949E2
:1044C00060392068884202D14FF400100FE0C449DF
:1044D0002068884202D14FF4001008E0C1492068EA
:1044E000884202D14FF4001001E04FF00060BD4956
:1044F000943908601CE1BA491831206888425BD9B8
:10450000B74990392068884201D1202050E0B54950
:1045100090392068884201D1202049E0B0493039E3
:104520002068884201D1202042E0AE49303920681D
:10453000884201D120203BE0A9497839206888428F
:1045400001D1C01434E0A74978392068884201D1EC
:10455000C0142DE0A24918392068884201D1C01446
:1045600026E0A04918392068884201D1C0141FE014
:104570009B4960392068884202D14FF4001017E04F
:10458000984960392068884202D14FF400100FE04A
:1045900093492068884202D14FF4001008E0914905
:1045A0002068884202D14FF4001001E04FF0006013
:1045B0008C4998390860BBE08949483920688842AD
:1045C0005BD9874990392068884201D1202050E08A
:1045D000844990392068884201D1202049E08049EF
:1045E00030392068884201D1202042E07D493039AD
:1045F0002068884201D120203BE079497839206841
:10460000884201D1C01434E0764978392068884264
:1046100001D1C0142DE0724918392068884201D1B7
:10462000C01426E06F4918392068884201D1C014AF
:104630001FE06B4960392068884202D14FF40010B6
:1046400017E0684960392068884202D14FF40010B1
:104650000FE063492068884202D14FF4001008E05F
:1046600060492068884202D14FF4001001E04FF009
:1046700000605B49A039C8605AE059499039206808
:10468000884201D1202050E0564990392068884264
:1046900001D1202049E0524930392068884201D1B7
:1046A000202042E04F4930392068884201D1202043
:1046B0003BE04B4978392068884201D1C01434E08E
:1046C000484978392068884201D1C0142DE0444916
:1046D00018392068884201D1C01426E041491839B0
:1046E0002068884201D1C0141FE03D49603920682C
:1046F000884202D14FF4001017E03A49603920682F
:10470000884202D14FF400100FE0354920688842FA
:1047100002D14FF4001008E032492068884202D1EB
:104720004FF4001001E04FF000602D49A03988607F
:104730002068006800F4002028B9606C98B3204617
:10474000616C8847A7E12068006800F4002050B33E
:10475000E06B40B32046E16B88479CE1206800682D
:1047600000F4807028B92068006820F010002168EB
:1047700008601C4948392068884260D91849903936
:104780002068884201D1202055E0164990392068E0
:10479000884201D120204EE01149303920688842FA
:1047A00002D1202047E076E10E4930392068884266
:1047B00001D120203FE00A4978392068884201D1A0
:1047C000C01438E0074978392068884201D1C01404
:1047D00031E0034918392068884205D1C0142AE025
:1047E000A0600240A0640240AB492068884201D129
:1047F000C01420E0A9492068884202D14FF400107B
:1048000019E0A54948392068884202D14FF40010C8
:1048100011E0A24960312068884202D14FF40010B3
:1048200009E09D4918312068884202D14FF40010F8
:1048300001E04FF0006098497C3908601CE197491D
:104840007831206888425BD99449303920688842A1
:1048500001D1202050E0904978392068884201D168
:10486000202049E08D4930312068884201D1202044
:1048700042E0894918392068884201D120203BE074
:10488000864918392068884201D1C01434E0824931
:1048900060392068884201D1C0142DE07F49483139
:1048A0002068884201D1C01426E07B4920688842F4
:1048B00001D1C01420E079492068884202D14FF428
:1048C000001019E0744948392068884202D14FF439
:1048D000001011E0714960312068884202D14FF424
:1048E000001009E06C4918312068884202D14FF469
:1048F000001001E04FF00060674980390860BBE0BC
:1049000066491831206888425BD96449303920688B
:10491000884201D1202050E05F49783920688842E0
:1049200001D1202049E05D4930312068884201D121
:10493000202042E0584918392068884201D12020BF
:104940003BE0564918392068884201D1C01434E050
:10495000514960392068884201D1C0142DE04F4987
:1049600048312068884201D1C01426E04A492068B5
:10497000884201D1C01420E048492068884202D111
:104980004FF4001019E0444948392068884202D1A8
:104990004FF4001011E0414960312068884202D193
:1049A0004FF4001009E03C4918312068884202D1D8
:1049B0004FF4001001E04FF0006038494039C86002
:1049C0005AE0364930392068884201D1202050E031
:1049D000314978392068884201D1202049E02F49A7
:1049E00030312068884201D1202042E02A4918391C
:1049F0002068884201D120203BE0284918392068EE
:104A0000884201D1C01434E02349603920688842CB
:104A100001D1C0142DE0214948312068884201D1DC
:104A2000C01426E01C492068884201D1C01420E04F
:104A30001A492068884202D14FF4001019E0164943
:104A400048392068884202D14FF4001011E0134920
:104A500060312068884202D14FF4001009E00E490D
:104A600018312068884202D14FF4001001E04FF065
:104A700000600A4940398860E06CE064112084F8E5
:104A8000350000BF002084F8340000BFE06B10B197
:104A90002046E16B884710BD8864024040600240B8
:104AA0000146002209B901207047486A00B100BFE1
:104AB000022081F835000868026817480240D1E9F1
:104AC00001031843CB6818430B6918434B6918431B
:104AD0008B691843CB6918430B6A18430243486A31
:104AE000042803D1D1E90B0318430243086802608C
:104AF0000868426922F00702486A0243486A0428AB
:104B000001D1886A0243086842610020C86401201C
:104B100081F835000020C7E73F8010F02DE9F04113
:104B200004460D4616461F4600BF94F8340001287F
:104B300002D10220BDE8F081012084F8340000BFDA
:104B4000022084F835002068006820F00100216808
:104B500008603B46324629462046FCF7B5F92068F6
:104B6000006840F01000216808602068006840F08C
:104B70000800216808602068006840F0040021688F
:104B800008602068406940F0800021684861206822
:104B9000006840F00200216808602068006840F06A
:104BA0000100216808600020C4E731B5002400F04E
:104BB000A3F9044600BF00F09FF9001B009988424A
:104BC000F9D338BDF0B50C460025002200230021A2
:104BD00081E0012606FA01F504EA0502AA4279D12C
:104BE00006684FEA410C032707FA0CF7BE4306603C
:104BF000CF0800F1200656F827604F074FEAD76C20
:104C00000F2707FA0CF7BE434FEAD10C00F120073B
:104C100047F82C6086684FEA410C032707FA0CF727
:104C2000BE438660476801268E40B7434760C6682A
:104C30004FEA410C032707FA0CF7BE43C660284E23
:104C40008F0856F827308E07370F0F26BE403340A7
:104C5000244EB04201D1002614E0234EB04201D1CF
:104C600001260FE0214EB04201D102260AE0204E7B
:104C7000B04201D1032605E01E4EB04201D1042608
:104C800000E005268F073F0FBE409E4222D18E07CF
:104C9000370F0F2606FA07F3114E8F0856F82760D4
:104CA0009E430F4F4FEA910C47F82C60124E366826
:104CB0009643114F3E603E1D366896433F1D3E6051
:104CC0003E1D366896433F1D3E603E1D3668964346
:104CD0003F1D3E60491C1029FFF47BAFF0BD000072
:104CE0000838014000000240000402400008024071
:104CF000000C024000100240003C014070470000E0
:104D000010B5044604480068204020B10248046001
:104D10002046FFF7F3FF10BD143C0140F8B50346F1
:104D20000A460025002400200021CBE0012606FAD7
:104D300001F5166806EA0504AC4271D15668022EE8
:104D400002D05668122E13D1CF0803F1200656F870
:104D500027004E07F70E0F26BE40B0434F07FF0E49
:104D60001669BE403043CF0803F1200646F82700FD
:104D700018684F000326BE40B043167906F00306BC
:104D80004F00BE40304318605668012E08D0566868
:104D9000022E05D05668112E02D05668122E13D15D
:104DA00098684F000326BE40B0434F00D668BE400F
:104DB00030439860586801268E40B0431679C6F398
:104DC00000168E4030435860D8684F000326BE401E
:104DD000B0434F009668BE403043D860566806F036
:104DE0008056B6F1805F6CD100BF384E366846F40D
:104DF0008046364F3E603E46366806F48046009652
:104E000000BF00BF324E8F0856F827008E07370FBD
:104E10000F26BE40B0432F4EB34202D1002615E00C
:104E20004FE02D4EB34201D101260FE02B4EB3428D
:104E300001D102260AE02A4EB34201D1032605E041
:104E4000284EB34201D1042600E005268F073F0F0C
:104E5000BE4030431E4E8F0846F82700224E306871
:104E6000A043566806F48036B6F5803F00D1204353
:104E70001D4E3060361D3068A043566806F400367B
:104E8000B6F5003F00D12043174E361D3060361D69
:104E90003068A043566806F48016B6F5801F00D12E
:104EA0002043114E08363060361D3068A0435668E6
:104EB00006F40016B6F5001F00D120430A4E0C364A
:104EC0003060491C1029FFF431AFF8BD443802406E
:104ED000083801400000024000040240000802407F
:104EE000000C024000100240003C01400AB1816108
:104EF00001E00B04836170470148006870470000BF
:104F00000001002010B504460CB9012010BD02209C
:104F100084F835002068006820F0010021680860EE
:104F2000204600F079FB0020A06384F8350000BF24
:104F300084F8340000BF00BFE8E72DE9F0410446E3
:104F400000250026002720684069C0F3002520685E
:104F50004068C0F300264DB1012E07D1A06B40F090
:104F60000100A0636FF48070216848612068406987
:104F7000C0F3402520684068C0F300264DB1012EE3
:104F800007D1A06B40F00200A0636FF400702168AD
:104F9000486120684069C0F3802520684068C0F3FC
:104FA0000026C5B1012E16D12068806900F00105E8
:104FB000668D94F8357035B92EB9122F03D120467D
:104FC00002F047FE07E0A06B40F00400A0636FF41E
:104FD00080602168486120684069C0F3C02520686E
:104FE0004068C0F300264DB1012E07D1A06B40F000
:104FF0000800A0636FF4006021684861A06B58B19D
:10500000012084F835002068006820F400602168E1
:105010000860204600F0BBF8BDE8F0812DE9F041C2
:105020000446002700260025A8462068806900F075
:105030000100002846D020688069C0F3800000B3DA
:1050400020684069C0F3C01720684068C0F380261C
:1050500020684069C0F3800520684068C0F340289C
:1050600037B1012E04D11DB9204602F042FD8CE07B
:10507000012DFCD1B8F1010FF9D1204602F00CFD51
:1050800083E020684069C0F3801720684068C0F35F
:10509000802620684069C0F3800520684068C0F31E
:1050A000402837B1012E04D11DB9204602F0F3FB90
:1050B0006BE0012D69D1B8F1010F66D1204602F0F5
:1050C00093FB62E020684069C0F3400720684068B5
:1050D000C0F3402620684069C0F30015206880694D
:1050E000C0F380082FB1012E03D1204602F0A4FDA9
:1050F0004BE0012D05D1012E03D1204602F0C3FD66
:1051000043E0B8F1010F20D120684069C0F3C01717
:1051100020684068C0F3802620684069C0F380059D
:1051200020684068C0F3402837B1012E04D11DB972
:10513000204602F073FD28E0012D26D1B8F1010FC1
:1051400023D1204602F05CFD1FE020684069C0F3D7
:10515000801720684068C0F3802620684069C0F34B
:10516000800520684068C0F3402837B1012E04D183
:105170001DB9204602F035FD07E0012D05D1B8F13B
:10518000010F02D1204602F01DFDBDE8F0817047FD
:10519000014691F83500704770B504460026002599
:1051A0000CB9012070BD94F8350028B9002084F8AE
:1051B0003400204600F04CFA022084F835002068C4
:1051C000006820F001002168086001F03FFB0546FF
:1051D0003748B5FBF0F6206846603649606888427B
:1051E00001D8701C07E04FF4967070434FF47A7149
:1051F000B0FBF1F0401C216808622E4960688842CB
:105200000ED860684000B5FBF0F0C0F30B00042836
:1052100001D204202DE060684000B5FBF0F028E0EA
:10522000A06828B9606800EB4000B5FBF0F008E02A
:10523000606800EBC00101EB0010B5FBF0F040F43A
:105240008040C0F30B0008B9012012E0A06828B923
:10525000606800EB4000B5FBF0F008E0606800EB30
:10526000C00101EB0010B5FBF0F040F4804040F4C9
:1052700000402168C861D4E907010843216808603B
:10528000D4E90310084321688860D4E90501084384
:105290002168C8602068006840F00100216808604B
:1052A0000020A063012084F8350000207AE7000088
:1052B00040420F00A0860100704770472DE9F84377
:1052C0000446884615461E46089F94F83500012876
:1052D00079D105B116B90120BDE8F8830423012274
:1052E0008549204602F0F1FC08B10220F4E700BF36
:1052F00094F83400012801D10220EDE7012084F860
:10530000340000BF2068006820F400602168086055
:10531000222084F835000020A0633A46414620460A
:1053200002F0F8FA80B1A06B042806D100BF00207B
:1053300084F8340000BF0120CEE700BF002084F8CD
:10534000340000BF0320C7E7012E15D12068006894
:1053500020F480602168086000BF206840690090E8
:1053600020688069009000BF00BF2068006840F49A
:1053700000702168086025E0022E14D120680068C2
:1053800020F48060216808602068006840F40060B4
:105390002168086000BF206840690090206880692B
:1053A000009000BF0EE02068006840F48060216833
:1053B000086000BF20684069009020688069009004
:1053C00000BF00BF80E095E0032E63DC012E0FD10B
:1053D0003B4600224949204602F077FC08B10320F1
:1053E0007AE72068006905F8010B701E86B26BE051
:1053F000022E1CD13B46002240493C39204602F097
:1054000064FC08B1032067E72068006840F400707E
:10541000216808602068006905F8010B701E86B2DB
:105420002068006905F8010B701E86B24CE03B460F
:10543000002232493C39204602F047FC08B10320E3
:105440004AE72068006820F48060216808602068CE
:10545000006905F8010B701E86B23B460022274901
:105460003C39204602F031FC08B1032034E72068C3
:10547000006840F40070216808602068006905F841
:10548000010B701E86B22068006905F8010B701EC2
:1054900086B219E03B4600221849204602F015FC6E
:1054A00008B1032018E72068006905F8010B701E99
:1054B00086B220684069C0F3800028B12068006986
:1054C00005F8010B701E86B2002E3FF77DAF01205C
:1054D00084F8350000BF002084F8340000BF0A23A0
:1054E00001220549204602F0F0FB08B10020F3E656
:1054F0000020F1E60220EFE602001000400001006B
:105500002DE9F8430446884615461E46089F94F840
:105510003500012878D105B116B90120BDE8F8831E
:10552000042301223949204602F0CFFB08B10220B2
:10553000F4E700BF94F83400012801D10220EDE720
:10554000012084F8340000BF2068006820F4006067
:1055500021680860122084F835000020A0633A46D4
:105560004146204602F052FA80B1A06B042806D1D1
:1055700000BF002084F8340000BF0120CEE700BF48
:10558000002084F8340000BF0320C7E700BF206874
:105590004069009020688069009000BF00BF0EE065
:1055A0003B4600221A49204602F08FFB08B1032037
:1055B000B4E715F8010B21680861701E86B2002E51
:1055C000EEDC3B4600221249204602F07EFB08B189
:1055D0000320A3E72068006840F400702168086099
:1055E000012084F8350000BF002084F8340000BF9B
:1055F0000A2301220549204602F067FB10B1002072
:105600008CE701E0002089E7022087E70200100014
:10561000800001007047704710B504460A480068D2
:1056200040F40010084908600846006820F40010A3
:10563000086040210548FFF7C5FA4FF400710348A0
:10564000FFF7C0FA10BD00002038024000040240FD
:1056500010B586B0044600BF2148006840F0020043
:105660001F4908600846006800F00200009000BF73
:1056700000BF00BF0846006840F00200086008460E
:10568000006800F00200009000BF00BF00BF144897
:105690001030006840F400101149103108600846CD
:1056A000006800F40010009000BF00BF402001908F
:1056B0001220029001200390022004900420059003
:1056C00001A90848FFF72AFB4FF40070019004205D
:1056D000059001A90348FFF721FB06B010BD0000AB
:1056E00030380240000402407047704710B504464D
:1056F0000CB9012010BD607B20B90020207320462A
:1057000000F01AF80220607345F2555021680860D5
:105710002068406820F007006168084321684860FD
:10572000206880686FF30B00A168084321688860D7
:10573000012060730020DDE7704770B50446002546
:1057400000BF207B012801D1022070BD0120207301
:1057500000BF02206073FFF7CFFB05460DE0FFF7A7
:10576000CBFB401BB0F57A7F07D90320607300BFE5
:105770000020207300BF0320E7E72068C068C0F363
:1057800040000028EBD14AF6AA20216808600120D9
:10579000607300BF0020207300BF00BFD5E7014643
:1057A00000BF087B012801D1022070470120087347
:1057B00000BF022048734CF6CC400A6810604AF6DD
:1057C000AA200A6810600120487300BF00200873F7
:1057D00000BF00BFE9E7000002480068401C014923
:1057E000086070470001002010B50A48006840F4C6
:1057F0000070084908600846006840F4806008604E
:10580000032000F0B3F8002000F006F800F016F8CE
:10581000002010BD003C024070B5044600F0FAFFC5
:105820004FF47A71B0FBF1F5284601F03BFC002201
:105830002146501E00F05BF8002070BD704770B527
:1058400004460D4616460CB9012070BD94F8390087
:1058500028B9002084F83800204601F055FE0220C7
:1058600084F839002068C06820F400502168C860BE
:10587000204604F001FE2068006920F49040216871
:1058800008612068406920F02A002168486120688A
:10589000006920F00F002168086120680069284332
:1058A000216808612068C06820F400602168C86031
:1058B0002068C06830432168C8602068C06840F430
:1058C00000502168C8600020E063012084F839009E
:1058D0000020BAE700BF00F01F02012191404209F9
:1058E000920002F1E022C2F8001100BF70472DE9DA
:1058F000F05F80460D461646002703F095F90746EF
:1059000039462A46334601F00700C0F1070ABAF1CA
:10591000040F02D94FF0040A01E0C0F1070AD14692
:1059200000F1040ABAF1070F02D24FF0000A01E0B9
:10593000A0F1030AD4464FF0010A0AFA09FAAAF1C3
:10594000010A0AEA020A0AFA0CFA4FF0010B0BFAF2
:105950000CFBABF1010B0BEA030B4AEA0B042146EB
:10596000404603F069F9BDE8F09F000000BF00F079
:105970000702064B19684FF6FF031940044B0B430F
:1059800043EA0221014B196000BF70470CED00E0B3
:105990000000FA0502461068416200207047F0B529
:1059A00003461446002500221868426A21B942EADB
:1059B00004401E68B06219E01868806A02EB104269
:1059C000002508E0186800F5827050F8250002EB09
:1059D0001042681CC5B2481EA842F3DC42EA0447E4
:1059E000186800F582704E1E40F826700020F0BD49
:1059F00010B50446D4F8B00305F000FB10BD70B537
:105A000004460D46C5EBC50304F1340101EB8301E7
:105A1000CA682946D4F8B00305F040FA70BD70B5E5
:105A200004460D46C5EBC50304F5EC7101EB83019B
:105A3000CA682946D4F8B00305F09DFA70BD10B5C8
:105A40000446D4F8B00305F0DCFA10BD70B5044686
:105A50000D4605F08000802808D105F07F00C0EBDE
:105A6000C00104F1340000EB810607E005F07F007F
:105A7000C0EBC00104F5EC7000EB810605F07F007F
:105A8000307005F08000C009707000BF94F87C038E
:105A9000012801D1022070BD012084F87C0300BFE1
:105AA0003146206805F066FF00BF002084F87C03C3
:105AB00000BF00BFEFE770B504460D4605F080005B
:105AC000802808D105F07F00C0EBC00104F134004C
:105AD00000EB810605E0C5EBC50104F5EC7000EBB9
:105AE00081060020B07005F07F003070C5F3C01053
:105AF000707000BF94F87C03012801D1022070BDB2
:105B0000012084F87C0300BF3146206806F074F958
:105B100000BF002084F87C0300BF00BFEFE702460F
:105B200001F07F00C0EBC00302F5EC7000EB8300D6
:105B3000008B80B270472DE9F04705460E4690462F
:105B40001F464FF0000906F08000802808D106F0BB
:105B50007F00C0EBC00105F1340000EB810407E0D9
:105B600006F07F00C0EBC00105F5EC7000EB81048E
:105B700006F07F00207006F08000C0096070C4F855
:105B80000880E770607808B12078E080022F01D1AA
:105B90000020207100BF95F87C03012802D102206B
:105BA000BDE8F087012085F87C0300BF2146286806
:105BB00005F0FEFD00BF002085F87C0300BF4846CD
:105BC000EEE72DE9F04104460E461746984606F0EA
:105BD0007F00C0EBC00104F5EC7000EB8105EF60C5
:105BE000C5F814800020A861687006F07F00287056
:105BF0002069012800D12F6100BF94F87C0301289F
:105C000002D10220BDE8F081012084F87C0300BFAE
:105C100006F07F0028B9227C2946206805F0F2FFB3
:105C200004E0227C2946206806F070F900BF0020BD
:105C300084F87C0300BF00BFE4E770B504460D465E
:105C400005F08000802808D105F07F00C0EBC0017E
:105C500004F1340000EB810605E0C5EBC50104F555
:105C6000EC7000EB81060120B07005F07F00307011
:105C7000C5F3C010707000BF94F87C03012801D1F7
:105C8000022070BD012084F87C0300BF31462068EB
:105C900006F0F6F805F07F0028B9217C04F5607263
:105CA000206806F087F800BF002084F87C0300BF5E
:105CB00000BFE6E72DE9F04104460E461746984638
:105CC00006F07F00C0EBC00104F1340000EB810559
:105CD000EF60C5F814800020A8610120687006F00C
:105CE0007F0028702069012800D12F6100BF94F83F
:105CF0007C03012802D10220BDE8F081012084F854
:105D00007C0300BF06F07F0028B9227C294620686A
:105D100005F078FF04E0227C2946206806F0F6F8BA
:105D200000BF002084F87C0300BF00BFE4E72DE93A
:105D3000F84F044626684FF0000AD346D0460025A7
:105D4000002000900027206806F0A0FA002867D104
:105D5000206806F0D3FA08B9BDE8F88F206806F08D
:105D6000CDFA00F00200022801D1216848612068C4
:105D700006F0C4FA00F40020B0F5002F7CD1002515
:105D8000206806F091FA834673E00BF001000028CA
:105D90006CD0E9B2206806F0A6FA804608F001004F
:105DA000E8B3012106F5306000EB45108160206901
:105DB00001282BD1C5EBC50104F5EC7000EB810087
:105DC000816806F5306000EB45100069C0F31200F1
:105DD000091AC5EBC50204F5EC7000EB8200816185
:105DE000C5EBC50104F5EC7000EB8100C5EBC50205
:105DF000C16804F5EC7000EB820080680144C5EBDB
:105E0000C50204F5EC7000EB8200C160E9B22046E7
:105E1000FFF705FE2069012811D105B901E00EE068
:105E20001DE2C5EBC50104F5EC7000EB8100406993
:105E300028B904F560720121206805F0BBFF08F065
:105E40000800082808D1204600F062FB082106F56A
:105E5000306000EB4510816008F01000102805D17B
:105E6000102106F5306000EB451081606D1C4FEA93
:105E70005B0BBBF1000F88D1206806F03FFA00F4FD
:105E80008020B0F5802F7ED1206806F004FA83468A
:105E9000002583E00BF0010000287CD0E9B22068E7
:105EA00006F00BFA804608F00100F0B30120A8408C
:105EB000009040F6340080590099884340F6340140
:105EC0008851012106F5106000EB451081602069C2
:105ED000012815D1C5EBC50104F1340000EB8100A8
:105EE000C5EBC502C16804F1340000EB8200806894
:105EF0000144C5EBC50204F1340000EB8200C1602F
:105F0000E9B22046FFF77BFD2069012810D165B971
:105F1000C5EBC50104F1340000EB8100406920B9F4
:105F200004F560720121206800E001E005F042FF05
:105F300008F00800082805D1082106F5106000EBDC
:105F40004510816008F01000102805D1102106F5D9
:105F5000106000EB4510816008F04000402805D13A
:105F6000402106F5106000EB4510816008F002004A
:105F7000022805D1022106F5106000EB4510816072
:105F800008F0800001E00DE005E0802803D12946FB
:105F9000204602F06DFE6D1C4FEA5B0BBBF1000F5B
:105FA0007FF478AF206806F0A9F900F00040B0F166
:105FB000004F0ED140F60400805920F0010140F658
:105FC00004008151204600F07CFA4FF00040216827
:105FD0004861206806F092F900F40060B0F5006FA7
:105FE0000CD140F60800805900F0010010B12046A5
:105FF00000F0B1FA4FF4006021684861206806F0B3
:106000007DF900F48050B0F5805F5AD140F604006D
:10601000805920F0010140F60400815100212068E0
:1060200006F0FAF84FF0000A0CE0FF2106F51060C8
:1060300000EB4A10816006F5306000EB4A10816089
:106040000AF1010A60685045EFD84FF0FF3140F681
:1060500018008151001D805940F0011140F61C00CC
:106060008151E06A70B1D6F8840840F00B01C6F89F
:10607000841840F64400805940F00B0140F644007B
:1060800081510EE040F61400805940F00B0140F6BB
:1060900014008151001F805940F00B014FF4016042
:1060A0008151D6F8000820F4FE60C6F80008217C73
:1060B00004F56072206805F07DFE4FF48050216881
:1060C0004861206806F01AF900F40050B0F5005F4E
:1060D00029D1206805F0CEFB2068C06820F47050FC
:1060E0002168C860206806F0AFF858B90021E16067
:1060F0004FF4007161612068C06840F4105021685D
:10610000C86009E00321E160402161612068C06846
:1061100040F4A0502168C860204600F0B9F94FF45F
:10612000005021684861206806F0E8F800F010008F
:10613000102843D12068806920F010002168886110
:10614000376A07F00F00C0EBC00104F5EC7000EBFC
:106150008109C7F34340022819D147F6F07038404F
:1061600030B3C7F30A123046D9F80C1006F0CCF859
:10617000C7F30A11D9F80C000844C9F80C00C7F39A
:106180000A11D9F818000844C9F8180010E0C7F33C
:10619000434006280CD1082204F56071304606F011
:1061A000B3F8C7F30A11D9F818000844C9F8180061
:1061B0002068806940F0100021688861206806F03E
:1061C0009DF800F00800082805D1204600F080F96D
:1061D000082021684861206806F090F800F48010DB
:1061E000B0F5801F07D1E9B2204600F03AF84FF42D
:1061F000801021684861206806F080F800F40010E3
:10620000B0F5001F07D1E9B2204600F033F84FF493
:10621000001021684861206806F070F800F08040A6
:10622000B0F1804F06D12046FFF7E2FB4FF08040EF
:1062300021684861206806F061F800F00400042835
:106240000DD12068476807F00400042802D12046D9
:10625000FFF7F5FB2068406838432168486000BFBD
:106260007AE570B504460D462946D4F8B00304F02B
:1062700041FF70BD70B504460D462946D4F8B00301
:1062800004F03BFF70BD30B589B00446002514B959
:10629000012009B030BD032084F87D03204600F0C2
:1062A00093F8206805F0A6FC242204F1100168464A
:1062B000F9F78CFF94E80F0005F0FEFA0021206842
:1062C00006F036F8002530E00121C5EBC50204F1E7
:1062D000340000EB82004170C5EBC50204F13400CC
:1062E00000F82250C5EBC50200EB8200C5800021FA
:1062F000C5EBC50204F1340000EB8200C170C5EBB0
:10630000C50204F1340000EB82008160C5EBC502D8
:1063100004F1340000EB8200C160C5EBC50204F15A
:10632000340000EB820041616D1C0F2DCCD30025A1
:1063300036E00021C5EBC50204F5EC7000EB8200ED
:106340004170C5EBC50204F5EC7000F82250C5EBB6
:10635000C50204F1340000EB8200C580C5EBC50224
:1063600004F5EC7000EB8200C170C5EBC50204F5CA
:10637000EC7000EB82008160C5EBC50204F5EC70A7
:1063800000EB8200C160C5EBC50204F5EC7000EBC8
:1063900082004161206800F5827040F825106D1C74
:1063A0000F2DC6D3242204F110016846F9F70EFF21
:1063B00094E80F0005F050FB012084F87D0320686D
:1063C00005F03BFB002064E710B586B0044620686A
:1063D000B0F1A04F55D100BF2B48006840F001003C
:1063E000294908600846006800F00100009000BFDD
:1063F00000BF4FF4C0500190022002900020039093
:10640000032004900A20059001A92048FEF786FC8D
:106410004FF40070019000200290039001A91B48E6
:10642000FEF77CFC4FF48060019012200290012066
:1064300003900A20059001A91448FEF76FFC00BFE5
:106440001148001D006840F080000F49091D0860D8
:1064500000BF0D481430006840F480400A491431F0
:1064600008600846006800F48040009000BF00BF4C
:1064700000BF002206214320FFF739FA4320FFF72F
:1064800029FA06B010BD000030380240000002407A
:1064900070B504460125E06810B1022804D101E07E
:1064A000002503E0012501E0012500BF00BF2946CA
:1064B000D4F8B00304F07EFED4F8B00304F040FE3C
:1064C00070BD10B50446D4F8B00304F05BFE10BDF7
:1064D00010B50446D4F8B00304F05BFE10BD70B5EF
:1064E00004460D4600BF94F87C03012801D1022028
:1064F00070BD012084F87C0300BF2946206805F0A8
:106500002FFF00BF002084F87C0300BF00BFEFE72F
:1065100010B5044604F56071D4F8B00304F058FED9
:1065200010BD10B5044600BF94F87C03012801D1CA
:10653000022010BD012084F87C0300BF206805F014
:106540006DFA206805F04AFE00BF002084F87C0345
:1065500000BF00BFEDE710B50446D4F8B00304F067
:1065600080FE10BD70B504460E460025A7480068A1
:1065700000F00F00B0426FD2A4490E7008460068C8
:1065800000F00F00B04201D0012070BD207800F073
:106590000200022807D19E48006820F0F000A168A0
:1065A00008439B490860207800F0010000283ED095
:1065B0006068012807D1964808380068C0F3404059
:1065C000B8B90120E1E76068022802D060680328BA
:1065D00007D18F4808380068C0F3406048B90120EF
:1065E000D3E78B4808380068C0F3400008B90120A1
:1065F000CBE78748006820F00300616808438449BE
:106600000860FEF779FC05466068012810D108E0B3
:10661000FEF772FC401B41F28831884201D9032009
:10662000B3E77B48006800F00C000428F0D1CDE00F
:106630006068022811D108E0FEF75EFC401B41F2C1
:106640008831884201D903209FE77148006800F033
:106650000C000828F0D1B9E024E06068032810D1CC
:1066600008E0FEF749FC401B41F28831884201D91D
:1066700003208AE76648006800F00C000328F0D188
:10668000A4E008E0FEF738FC401B41F28831884264
:1066900001D9032079E75E48006800F00C0000286B
:1066A000F0D193E0207800F00200022807D158488A
:1066B000006820F0F000A168084355490860207880
:1066C00000F00100002877D06068012807D1504809
:1066D00008380068C0F34040B8B9012055E7606849
:1066E000022802D06068032807D1494808380068AA
:1066F000C0F3406048B9012047E7454808380068C2
:10670000C0F3400008B901203FE74148006820F08D
:106710000300616808433E490860FEF7EDFB05464B
:106720006068012810D108E0FEF7E6FB401B41F24B
:106730008831884201D9032027E73548006800F0F6
:106740000C000428F0D137E06068022810D108E07E
:10675000FEF7D2FB401B41F28831884201D9032069
:1067600013E72B48006800F00C000828F0D123E064
:106770006068032810D108E0FEF7BEFB401B41F221
:106780008831884201D90320FFE62148006800F0E3
:106790000C000328F0D10FE008E0FEF7ADFB401B32
:1067A00041F28831884201D90320EEE6184800689A
:1067B00000F00C000028F0D114490E700846006863
:1067C00000F00F00B04201D00120DEE6207800F09A
:1067D0000400042807D10E48006820F4E050E16866
:1067E00008430B490860207800F00800082808D109
:1067F0000748006820F46040216940EAC10004496C
:1068000008600020FFF708F80020BEE6003C0240C8
:106810000838024010B500F045F80949096801F050
:10682000F001F02292FAA2F2B2FA82F2D140054AC5
:10683000515CC840044908600846006810BD00006B
:106840000838024010CB0008EC00002010B5FFF71C
:10685000E1FF0749096801F4E0514FF4E05292FA70
:10686000A2F2B2FA82F2D140024A515CC84010BD95
:106870000838024010CB000810B5FFF7CBFF0749DE
:10688000096801F460414FF4604292FAA2F2B2FA50
:1068900082F2D140024A515CC84010BD0838024023
:1068A00010CB000870B50021002200230020274CE7
:1068B000246804F00C0424B1042C04D0082C41D129
:1068C00003E0234840E023483EE0204C241F246896
:1068D00004F03F011D4C241F246804F4800484B19B
:1068E0001C4CB4FBF1F5194C241F246847F6C07604
:1068F000344096FAA6F6B6FA86F6F44005FB04F2A2
:106900000FE0134CB4FBF1F5104C241F246847F63C
:10691000C076344096FAA6F6B6FA86F6F44005FB41
:1069200004F20A4C241F246804F440344FF4403528
:1069300095FAA5F5B5FA85F5EC40641C6300B2FB49
:10694000F3F001E0024800BF00BF70BD083802400C
:106950000024F40000127A0038B50446002520789F
:1069600000F00100002866D0F648006800F00C0036
:1069700004280DD0F348006800F00C00082813D15B
:10698000F048001F006800F48000B0F5800F0BD1C4
:10699000EC4808380068C0F3404000284BD06068DD
:1069A000002848D1012038BD0020E649891F087021
:1069B000FEF7A2FA054608E0FEF79EFA401B41F2F8
:1069C0008831884201D90320EDE7DE4808380068A5
:1069D000C0F340400028EFD12079DA49891F0870C0
:1069E0006068A0B1FEF788FA054608E0FEF784FA71
:1069F000401B41F28831884201D90320D3E7D148B6
:106A000008380068C0F340400028EFD013E0FEF7DC
:106A100073FA054608E0FEF76FFA401B41F2883131
:106A2000884201D90320BEE7C64808380068C0F391
:106A300040400028EFD1207800F00200022869D100
:106A4000C048006800F00C0058B1BE48006800F073
:106A50000C00082821D1BB48001F006800F480000A
:106A6000D8B9B84808380068C0F3400020B1E068E1
:106A7000012801D0012096E7B2480838006820F0CC
:106A8000F800F82292FAA2F2B2FA82F22169914059
:106A90000843AC49083908603CE0E06828B30120AD
:106AA000A9490860FEF728FA054606E0FEF724FA31
:106AB000401B642801D9032075E7A2480838006804
:106AC000C0F340000028F1D09E480838006820F04C
:106AD000F800F82292FAA2F2B2FA82F22169914009
:106AE000084398490839086014E000209649086076
:106AF000FEF702FA054606E0FEF7FEF9401B6428A1
:106B000001D903204FE78F4808380068C0F34000E0
:106B10000028F1D1207800F0080008282CD1606905
:106B2000A8B1012089490860FEF7E6F9054606E0AC
:106B3000FEF7E2F9401B642801D9032033E78148BE
:106B40006C300068C0F340000028F1D014E0002051
:106B50007E490860FEF7D0F9054606E0FEF7CCF95D
:106B6000401B642801D903201DE776486C3000687B
:106B7000C0F340000028F1D1207800F00400042880
:106B80006DD100BF6F483830006840F080506D49CB
:106B9000383108600846006800F08050009000BF5F
:106BA00000BF6B48006840F4807069490860FEF7D8
:106BB000A3F9054606E0FEF79FF9401B642801D9BA
:106BC0000320F0E66248006800F480700028F2D0EC
:106BD00000205C4968310870FEF78EF9054608E030
:106BE000FEF78AF9401B41F28831884201D903201F
:106BF000D9E6544868300068C0F340000028EFD15F
:106C0000207A504968310870A068A0B1FEF774F985
:106C1000054608E0FEF770F9401B41F288318842D2
:106C200001D90320BFE6474868300068C0F3400040
:106C30000028EFD013E0FEF75FF9054608E0FEF705
:106C40005BF9401B41F28831884201D90320AAE652
:106C50003C4868300068C0F340000028EFD1A069CC
:106C6000F0B33848006800F00C00082872D0A06922
:106C7000022850D1002034490866FEF73DF9054648
:106C800006E0FEF739F9401B642801D903208AE6A3
:106C90002C4808380068C0F340600028F1D1D4E9DE
:106CA0000701084347F6C07292FAA2F2B2FA82F2E2
:106CB000616A914008430122A16AC2EB51014FF47D
:106CC000403292FAA2F2B2FA82F2914008434FF0B7
:106CD000706292FAA2F2B2FA82F2E16A914000E0A6
:106CE0003AE008431749091F086001201649086661
:106CF000FEF702F9054606E0FEF7FEF8401B6428A1
:106D000001D903204FE60F4808380068C0F34060FF
:106D10000028F1D020E000200B490866FEF7ECF8CF
:106D2000054606E0FEF7E8F8401B642801D9032079
:106D300039E6044808380068C0F340600028F1D103
:106D40000AE007E00838024000004742800E474250
:106D500000700040012026E6002024E610B504461D
:106D60000CB9012010BD2068006820F040002168A7
:106D70000860204600F054F80020606584F8510057
:106D800000BF84F8500000BF00BFEBE7704701462A
:106D900091F85100704710B504460CB9012010BDA0
:106DA00094F8510028B9002084F85000204600F0E3
:106DB00055F8022084F851002068006820F0400057
:106DC00021680860D4E901010843E16808432169AA
:106DD000084361690843218B01F400710843E169AC
:106DE0000843216A0843A16A084321680860042116
:106DF000A06901EA1040616A08432168486021687F
:106E0000E06A08612068C06920F400602168C861F8
:106E100000206065012084F851000020BFE70000D9
:106E200010B504460A492068884210D10948006814
:106E300020F48040074908604FF460410648FDF7A0
:106E4000C1FE606CFAF75EFB206CFAF75BFB10BDCD
:106E500000380040403802400004024010B586B0BF
:106E600004463049206888425AD100BF2E48006845
:106E700040F480402C4908600846006800F48040D7
:106E8000009000BF00BF4FF46040019002200290CC
:106E900000200390032004900520059001A92348B9
:106EA000FDF73CFF2248234908600020486000218C
:106EB00020488160C1604FF480610161002141611F
:106EC0008161C16101624162032181620021C1626D
:106ED0000163FDF7E5FD00BF16486064846300BFF1
:106EE00013481830144908600020486040211248B7
:106EF00081600021C1604FF4806101610021416126
:106F00008161C16101624162032181620021C1622C
:106F10000163FDF7C5FD00BF07482064846300BF1F
:106F200006B010BD00380040403802400004024066
:106F30005860024058020020A802002070477047A5
:106F40002DE9F04104460E4617461D464FF0000855
:106F500094F85180B8F1010F09D06068B0F5827FD4
:106F60007ED1A0680028FBD1B8F1220FF8D10EB174
:106F700007B115B90120BDE8F08100BF94F85000B9
:106F8000012801D10220F6E7012084F8500000BF5B
:106F900094F85100222802D0322084F851000020B9
:106FA00060652663A586E586A763A587E587A06457
:106FB000E064A06AB0F5005F0DD100BF20680068F2
:106FC00020F40050216808602068006840F40050F8
:106FD0002168086000BF94F85100222806D1294892
:106FE000616C08642848616CC86305E02748616CDF
:106FF00008642748616CC8632648616C8864E38F25
:10700000D4F800C00CF10C01A26B606CFDF786FD9A
:107010002068406840F00100216848600020216C31
:10702000C86394F85100322803D11A48216C88644F
:1070300002E00020216C8864E38ED4F800C00CF1DB
:107040000C02216B206CFDF769FD00BF002084F865
:10705000500000BF2068006800F04000402800E0B9
:107060000EE005D02068006840F04000216808600C
:107070002068406840F002002168486000207AE7FC
:10708000022078E757980008739800086598000870
:10709000499900083598000810B5044602F078FBBD
:1070A00010BD704770B504462546681EB0F1807F5C
:1070B00001D301200FE0681E4FF0E02148610F214D
:1070C0004FF0FF3001F0B8FD00204FF0E021886163
:1070D00007200861002070BD7047704710B5044656
:1070E0000CB9012010BD94F8390028B9002084F8AB
:1070F0003800204600F00CF8022084F83900211DE9
:10710000206803F097F8012084F839000020E9E7AF
:1071100038B5044600BF0B48006840F0020009493A
:1071200008600846006800F00200009000BF00BF41
:10713000002204211D20FEF7DAFB1D20FEF7CAFB0A
:1071400038BD00004038024001460868C06840F081
:1071500001000A68D0600868006840F001000A6811
:10716000106000207047704710B504462068006921
:10717000C0F34000D8B12068C068C0F34000B0B18F
:107180006FF0020021680861012020762068806984
:1071900000F0030018B12046FFF7E5FF05E02046A8
:1071A00000F0ADF8204600F0ABF800202076206813
:1071B0000069C0F38000D8B12068C068C0F38000C7
:1071C000B0B16FF0040021680861022020762068C9
:1071D000806900F4407018B12046FFF7C4FF05E055
:1071E000204600F08CF8204600F08AF80020207637
:1071F00020680069C0F3C000D8B12068C068C0F33F
:10720000C000B0B16FF0080021680861042020764A
:107210002068C06900F0030018B12046FFF7A3FF03
:1072200005E0204600F06BF8204600F069F80020E9
:10723000207620680069C0F30010D8B12068C068CB
:10724000C0F30010B0B16FF0100021680861082091
:1072500020762068C06900F4407018B12046FFF71E
:1072600082FF05E0204600F04AF8204600F048F88A
:10727000002020762068006900F0010058B12068E5
:10728000C06800F0010030B16FF0010021680861B2
:10729000204600F037F820680069C0F3C01058B1EC
:1072A0002068C068C0F3C01030B16FF08000216862
:1072B00008612046FFF710FF20680069C0F38010C6
:1072C00058B12068C068C0F3801030B16FF0400042
:1072D00021680861204600F01DF820680069C0F3AD
:1072E000401058B12068C068C0F3401030B16FF052
:1072F0002000216808612046FFF7EFFE10BD7047AF
:107300007047000002490968491C014A1160704732
:10731000E8000020704710B504460CB9012010BDEC
:10732000022084F83900204600F0D6F80020E063FF
:1073300084F8390000BF84F8380000BF00BFEEE7D2
:1073400010B50446F9F748FE10BDF8B5044600250F
:1073500000262068006800F001052068C06800F47D
:1073600080766DB166B100BF20680068009020682B
:107370004068009000BF00BFE06B40F00100E06398
:1073800020680068C0F340052068406900F00106ED
:107390006DB166B100BF2068006800902068406849
:1073A000009000BF00BFE06B40F00400E063206885
:1073B0000068C0F380052068406900F001066DB1E7
:1073C00066B100BF206800680090206840680090A7
:1073D00000BF00BFE06B40F00200E063206800687F
:1073E000C0F3C0052068406900F001066DB166B1C8
:1073F00000BF20680068009020684068009000BFCF
:1074000000BFE06B40F00800E06320680068C0F354
:1074100040152068C06800F020061DB116B1204656
:1074200002F0CCFF20680068C0F3C0152068C06877
:1074300000F080061DB116B1204603F02FF9206838
:107440000068C0F380152068C06800F040061DB1D8
:1074500016B1204602F08EFFE06B28B1012084F8BF
:1074600039002046FFF76CFFF8BD10B504460CB993
:10747000012010BDA06900B100E000BF94F8390000
:1074800028B9002084F83800204600F03DF802209A
:1074900084F839002068C06820F400502168C86072
:1074A000204602F0E9FF2068006920F4904021683E
:1074B00008612068406920F02A002168486120683E
:1074C000C06840F400502168C8600020E0630120DB
:1074D00084F839000020CCE710B50446074920683D
:1074E000884209D10648006820F01000044908606D
:1074F0000C210448FDF766FB10BD0000004400406D
:10750000443802400000024010B586B004461149DC
:10751000206888421BD100BF0F48006840F400304B
:107520000D4908600846006800F40030009000BF74
:1075300000BF04200190022002900020039003204D
:1075400004900720059001A90448FDF7E7FB06B069
:1075500010BD0000004400404038024000000240DE
:1075600030B50346002493F83940012C01D0122C89
:1075700037D101B10AB9012030BD00BF93F83800FE
:10758000012801D10220F7E7012083F8380000BF6D
:1075900099629A85DA850020D86393F83900122819
:1075A00003D1322083F8390002E0222083F8390029
:1075B0001868C06840F480701D68E8601868406909
:1075C00040F001001D68686100BF002083F83800AA
:1075D00000BF1868C06840F020001D68E860002007
:1075E000CAE70220C8E7000010B504460A48006850
:1075F000401C0949086008460068B0F5006F01D1D9
:10760000002008600548044A1268811801222046BB
:10761000FFF7A6FF10BD00001C000020E8060020B8
:107620002DE9F04704460D46164699464FF00008EE
:1076300094F83980B8F1010F02D0B8F1220F65D16A
:1076400005B116B90120BDE8F08700BF94F83800F5
:10765000012801D10220F6E7012084F8380000BF9C
:107660000020E06394F83900222803D1322084F806
:10767000390002E0122084F83900A684E68428E06C
:10768000E08C401EE084A068B0F5805F14D14B46CA
:1076900000228021204603F039F808B10320D2E708
:1076A0002F463888C0F3080021684860206908B96F
:1076B000AD1C0EE06D1C0CE04B46002280212046E4
:1076C00003F024F808B10320BDE715F8010B216889
:1076D0004860E08C0028D3DC4B4600224021204645
:1076E00003F014F808B10320ADE794F8390032280C
:1076F00003D1222084F8390002E0012084F8390007
:1077000000BF002084F8380000BF9CE702209AE701
:107710007047000002A004F06DFE00BFFEE700000D
:107720004552523A486172644661756C745F4861B3
:107730006E646C65720A000010B50248FDF7FDFB2F
:1077400010BD0000F802002010B50248FDF766FCED
:1077500010BD0000F802002010B5FDF7CDFB044677
:107760000DE0FDF7C9FB001B052808D90848FDF707
:10777000C9FB00F017F807A004F03CFE06E004483F
:1077800000688069064908400028EAD100BF10BDA2
:10779000F80200204949432052657365740A0000CD
:1077A0000200100010B50D480D49086001140C4886
:1077B00001610C4800680A4948600021084841619D
:1077C0004FF4804181600021C1610162FC21C160F0
:1077D000FE218161FDF7E0FC10BD00000054004077
:1077E000F8020020D800002010B50446608D032860
:1077F00010D12068006820F480602168086020684B
:107800000069C1B2626A501C60621170608D401ED6
:1078100060853EE0608D022831D12068006840F428
:1078200000702168086020680069C1B2626A501C5B
:1078300060621170608D401E608520680069C1B271
:10784000626A501C60621170608D401E6085206805
:10785000406820F440702168486094F83500422860
:1078600006D1012084F835002046FDF7D3FE10E054
:10787000012084F835002046FDF71EFD09E0206850
:107880000069C1B2626A501C60621170608D401E56
:107890006085002010BD70B504460025658D032D60
:1078A0000AD920680069C1B2626A501C6062117016
:1078B000608D401E60852BE0022D01D0032D06D186
:1078C0002068406820F480602168486020E02068DB
:1078D000406820F4E0602168486020680069C1B217
:1078E000626A501C60621170608D401E608594F861
:1078F0003500422806D1012084F835002046FDF7E6
:1079000089FE05E0012084F835002046FDF7D4FC0F
:10791000002070BDF8B504460D4616462068006884
:1079200040F48060216808602068006840F480703E
:1079300021680860334600224FF00111204600F014
:10794000C4F908B10320F8BD2069B0F5804F05D116
:10795000E8B240F001002168086144E005F440709D
:10796000F02141EAE01021680861324626492046AC
:1079700000F01AFA30B1A06B042801D10120E2E72F
:107980000320E0E7E8B22168086132461E49891FFA
:10799000204600F009FA30B1A06B042801D1012083
:1079A000D1E70320CFE700BF20684069009020683E
:1079B0008069009000BF00BF2068006840F48070BC
:1079C00021680860334600224FF00111204600F084
:1079D0007CF908B10320B6E705F44070F12141EAD3
:1079E000E0102168086132460749891F204600F0EF
:1079F000DBF930B1A06B042801D10120A3E70320FB
:107A0000A1E700209FE700000800010070B50446D0
:107A10000D4616462068006840F4807021680860B2
:107A2000334600224FF00111204600F04EF908B114
:107A3000032070BD2069B0F5804F04D105F0FE0031
:107A40002168086116E005F44070F02141EAE01079
:107A50002168086132460F49204600F0A5F930B18F
:107A6000A06B042801D10120E3E70320E1E7E8B29D
:107A70002168086132460749891F204600F094F9C1
:107A800030B1A06B042801D10120D2E70320D0E758
:107A90000020CEE70800010010B50446608D48B113
:107AA000616A481C6062087821680861608D401E28
:107AB00060851CE02068406820F4E0602168486030
:107AC0002068006840F400702168086094F8350070
:107AD000322806D1012084F835002046FDF79BFDB1
:107AE00005E0012084F835002046FDF7E6FB002084
:107AF00010BD01464A6A501C486210780A6810613D
:107B0000488D401E4885488D28B90868406820F493
:107B100080600A6850600020704700002DE9F8433B
:107B200006460F4690461D46DDF820902B464246FD
:107B300039463046CDF80090FDF7C0FB68B100240F
:107B400003E0BB2006490855641CAC42F9DB29461A
:107B50000348F8F71BFEF8F737FEBDE8F88300008E
:107B6000E80F002038B50446124804700A200123AB
:107B7000104A0090104801781048FDF7C1FC0A2017
:107B800004230F4A00900C4801780C48FDF796FB3F
:107B90000B48C07800060A49897800EB0140084983
:107BA000497800EB0120064909784518FFF7D4FD14
:107BB000284638BDE80E0020CC000020F802002046
:107BC000E80F00200146488D48B108680069C2B23C
:107BD0004B6A581C48621A70488D401E4885002028
:107BE00070470146488D48B108680069C2B24B6AC7
:107BF000581C48621A70488D401E48850020704706
:107C00000146488D40B14A6A501C486210780A68A3
:107C10001061488D401E4885002070470146488D00
:107C200040B14A6A501C486210780A681061488D59
:107C3000401E48850020704708B5014600BF08680F
:107C40004069009008688069009000BF00BF002074
:107C500008BD10B504462068406820F4E060216843
:107C600048606FF48060216848612068006820F4F3
:107C7000806021680860012084F835002046FDF707
:107C800034FD002010BD38B504462068406820F45B
:107C9000E0602168486000BF20684069009020686B
:107CA000006840F001002168086000BF00BF206844
:107CB000006820F4806021680860012084F83500A5
:107CC0002046FDF711FD002038BD2DE9F0410546A5
:107CD0000C4617461E464FF00008FDF70DF980468A
:107CE00087BB13E0701C88B12EB1FDF705F9A0EB3E
:107CF0000800B0420AD9012085F8350000BF0020F5
:107D000085F8340000BF0320BDE8F081C4F30740CC
:107D100001280AD128684069A1B20840A1B288426E
:107D200001D101200BE0002009E028688069A1B2A0
:107D30000840A1B2884201D1012000E000200028C3
:107D4000D0D02FE0FFE712E0701C80B12EB1FDF71C
:107D5000D3F8A0EB0800B04209D9012085F835001E
:107D600000BF002085F8340000BF0320CCE7C4F337
:107D7000074001280AD128684069A1B20840A1B291
:107D8000884201D101200BE0002009E028688069C9
:107D9000A1B20840A1B2884201D1012000E0002038
:107DA0000028D1D10020AFE72DE9F04104460D466F
:107DB00016460027FDF7A0F807462DE02068406929
:107DC000C0F38020B0B12068006840F400702168E2
:107DD00008606FF48060216848610420A06301207E
:107DE00084F8350000BF002084F8340000BF012073
:107DF000BDE8F081701C78B126B1FDF77DF8C01B9D
:107E0000B04209D9012084F8350000BF002084F871
:107E1000340000BF0320EBE7C5F3074001280AD177
:107E200020684069A9B20840A9B2884201D1012066
:107E30000BE0002009E020688069A9B20840A9B2DF
:107E4000884201D1012000E000200028B6D00020A7
:107E5000CEE7000038B505460C460B4805700146D4
:107E60004C70200A8870200CC870200E08710A20FF
:107E700005230A460090054801780548FDF740FBB8
:107E8000FFF76AFC38BD0000E80E0020CC0000209F
:107E9000F802002038B5A0480078102803D09E488A
:107EA000007817282BD19C4800680012D8B19A4856
:107EB0000068A0F5807098490860002503E0002064
:107EC000964948556D1C964800688542F7D30A20AC
:107ED00000909348008883B2904A92480178924873
:107EE000FFF71CFE17E18C480078102804D18C485D
:107EF00001688A48F8F74AFCF8F766FC0BE1864807
:107F00000078112802D1F8F75FFC04E1824800787C
:107F10001228E7D182480068FC21B0FBF1F0801DF7
:107F20007D490968B0EB212F16D17B480068A0F588
:107F30008070794908607D480078083000F05C0066
:107F40007B4908700A2001230A4600907548017891
:107F50007548FDF7D5FADEE071480068FC21B0FBFA
:107F6000F1F0401D6C490968B0EB212F0FD16A4830
:107F70000068A0F58070684908600A200423674AF9
:107F80000090684801786848FDF798F9C3E06448B4
:107F90000068FC21B0FBF1F0001D5F490968B0EBFF
:107FA000212F15D15C480068A0F580705A490860FF
:107FB0005E48007800F07F005D4908700A200123C8
:107FC0000A460090574801785748FDF799FAA2E011
:107FD00053480068FC21B0FBF1F0C01C4E49096811
:107FE000B0EB212F0FD14C480068A0F580704A49B2
:107FF00008600A200423494A00904A4801784A4808
:10800000FDF75CF987E046480068FC21B0FBF1F021
:10801000801C41490968B0EB212F15D13E4800680A
:10802000A0F580703C4908604048007800F07F006F
:108030003F4908700A2001230A4600903948017818
:108040003948FDF75DFA66E035480068FC21B0FB71
:10805000F1F0401C30490968B0EB212F1FD12E48A8
:108060000068A0F580702C4908600846006800127E
:1080700050B92B4800682F4909680844FC21B0FB1F
:10808000F1F201FB120400E0FC240A20A3B2234A0F
:108090000090244801782448FFF740FD3BE01E484B
:1080A0000068001280B91E48006822490968084427
:1080B000FC21B0FBF1F201FB120421461748F8F74E
:1080C00065FBF8F781FB26E013480068A0F5807097
:1080D00011490860FC211148F8F758FB0E48006868
:1080E000001250B90E480068124909680844FC2182
:1080F000B0FBF1F201FB120400E0FC2414B9F8F724
:1081000063FB08E00A20A3B2044A00900548017806
:108110000548FFF703FD38BD30000020E80F0020C0
:1081200024000020CC000020F802002028000020BD
:10813000E80E00202C000020F8B504460F462078F9
:10814000102831D12078FE4908606078FD49087018
:10815000A078FD49086008460068C82801D9C820F1
:108160000860F9480168F948F8F749F80A2001233E
:10817000F44A0090F6480178F648FDF7C1F90A2064
:108180000090F148008883B2F04AF1480178F14844
:10819000FDF794F8EC480168EC48F8F7F7FAFFF7B8
:1081A000DBFAF8F711FB70E2207811282BD1207848
:1081B000E34908606078E3490870A078E249086004
:1081C00008460068C82801D9C8200860002505E0D5
:1081D000E81C215CDB4A681C11546D1CDA480068FD
:1081E0008542F5D30A200090D7480088401C83B20E
:1081F000D44AD7480178D748FDF782F9FFF7ACFA9F
:10820000F8F7E2FA41E22078122879D1FC21CF4830
:10821000F7F7F5FF2078CA4908606079A17900EB8B
:108220000120C94908600020CB490860C6480068A1
:1082300009680844FC21B0FBF1F0801DC0490968C1
:1082400001EB0020BE49086020790006E17800EBD0
:108250000140A17800EB012061780844BF49086023
:10826000F020B8490870BD480088C0F3C7104870B6
:10827000BA480068C00B8870B8480068C00DC87064
:10828000B6480068C00F08710A2005230A4600900E
:10829000AF480178AF48FDF733F9B04800780830AF
:1082A00000F05C00A74908700A2001230A460090EC
:1082B000A7480178A748FDF723F90A200423A34A19
:1082C0000090A3480178A348FCF7F8FFA348007882
:1082D00000F07F009B4908700A2001230A460090A5
:1082E0009B4801789B48FDF70BF90A200423974A25
:1082F0000090974801789748FCF7E0FF002521E0BF
:1083000063E0C5EB85109549097801EB800000F02A
:108310007F008C4908700A2001230A4600908C488F
:1083200001788C48FDF7ECF80A20FC23874A00907E
:10833000874801788748FCF7C1FFFC218348F8F79C
:1083400025FA6D1C681CC0EB801080007E4909680E
:108350008842D6D97C480068FC21B0FBF1F201FBD1
:10836000120068B3C5EB85107C49097801EB8000E9
:1083700000F07F00734908700A2001230A4600902C
:10838000734801787348FDF7BBF86F480068FC211B
:10839000B0FBF1F201FB12060A2033466B4A009053
:1083A0006B4801786B48FCF789FF67480068FC213F
:1083B000B0FBF1F201FB120631466448F8F7E6F92A
:1083C000FFF7CAF9F8F700FA5FE12078132868D1BF
:1083D00020785B4908606079A17900EB01205A4957
:1083E000086008460068C82801D9C82008605648B7
:1083F0000068FC21B0FBF1F0401C5149096801EB19
:1084000000204F49086020790006E17800EB014028
:10841000A17800EB01206178084450490860F02001
:10842000484908704D480088C0F3C71048704B4851
:108430000068C00B887049480068C00DC870474884
:108440000068C00F08710A2005230A4600904048C2
:1084500001784048FDF754F84048007800F07F006C
:1084600038490870002505E0E81D215C681C354A84
:1084700011546D1C34480068854201D2F82DF3DB9D
:108480000A20009030480088401C83B22D4A3048B2
:1084900001783048FDF734F8FFF75EF9F8F794F902
:1084A000F3E02078142825D12078254908606078E9
:1084B0002549086008460068C82801D9C820086016
:1084C000214801682148F7F79AFE0A2000901E48CB
:1084D000008883B21D4A1E4801781E48FCF7EEFE54
:1084E000194801681948F8F751F9FFF735F9F8F715
:1084F0006BF9CAE02078152837D120781049086038
:1085000060781149086008460068C82801D9C82069
:108510000860002504E0A81C205C0A4948556D1C31
:10852000094800688542F6D30A2000900648008872
:1085300083B2044A064801780648FCF7E1FF0FE0E1
:1085400030000020E80E002024000020E80F00206A
:10855000CC000020F80200202C0000202800002081
:10856000FFF7FAF8F8F730F98FE0207818283ED1B5
:108570006078FF280FD10120F8F7DEFD002507E025
:10858000684600F0CFFB0546002D00DA02E06D1CC6
:108590000F2DF5DB28E060780F2801DD0F206070DB
:1085A0001FE0684600F0BEFB0546002D0ADAFF20FA
:1085B0003649087048708870C8702C213348F8F725
:1085C000E5F80BE000980068F02101EA0511084386
:1085D000009908602C210098F8F7D8F86078401EC0
:1085E000607060780028DCD1F8F7EEF84DE0207874
:1085F000192844D1002026490860FC20FFF7B2FA70
:108600004FF6FF7101EA10402249086008460068F1
:108610004FF6FF71884221D01E480068F0B1F0206B
:10862000FFF7A0FA1B490860F521F020FFF712FCC4
:10863000F020FFF797FAF5280BD1FA21F020FFF789
:1086400009FCF020FFF78EFAFA2802D10120104928
:10865000086010480168F020FFF7FCFB0C48006838
:1086600018B101200949087002E00020074908708C
:1086700001210648F8F78AF8F8F7A6F805E021780E
:1086800005A003F0B7FEF8F79FF8F8BDE80F00204B
:10869000280000202400002043444320494943206F
:1086A000457272282530327829210A0070B50446B7
:1086B0002078852805D1607816490870F8F784F885
:1086C00027E020788B2824D120790006E17800EB80
:1086D0000140A17800EB0120617845180E488542E1
:1086E00000D9054642F21070854210D90B4805604A
:1086F0000B48FCF707FCFFF755F8084800684FF4F3
:108700007A7190FBF1F6314606A003F073FEF8F79C
:108710005BF870BDCC000020801A0600D800002055
:10872000F80200204949435F434C4B203D2025641B
:108730006B487A0A0000000010B507480749086036
:108740000020486040F6FF7104488160FCF7CEFFCE
:108750000248FDF724F810BD0030004074030020EB
:1087600010B50248FCF7E9FF10BD000074030020BB
:108770000870020A4A70020C8A70020ECA707047B2
:1087800030B50B46002100BF16E00A24B4EB107F81
:1087900005D9302404EB107403F8114005E041249E
:1087A00004EB10740A3C03F81140000100254C0052
:1087B000641C1D554C1CE1B29142E6DB30BD00004B
:1087C000F0B587B005468D48006806900227681C02
:1087D00040BB0120029000200390049001900024EF
:1087E00006E006A931F81410019808430190641CB2
:1087F000022CF6DB01A98248FCF790FA00240EE077
:1088000006A830F8141001227D48FCF76FFB002009
:1088100004EB84017B4A02EB81010861641C022C99
:10882000EEDB00BF002D09DD022D07DC0621681EEE
:1088300000EB8000734A02EB80000161002D7CD1C7
:10884000FCF75AFB064670480068B04201D107B0F9
:10885000F0BD6D480068361A6B48006830446A49BC
:1088600008600024C4E004EB8400664951F820004D
:1088700000281DDD04EB840051F82000801B04EB70
:108880008401604A42F8210004EB8400114651F84B
:10889000200000280BDC002004EB840142F82100BA
:1088A00006A830F8141001225548FCF71FFB9EE083
:1088B00004EB8400534901EB80004068002840DD50
:1088C00004EB840001EB80004068801B04EB840112
:1088D0004C4A02EB8101486004EB8400114601EB35
:1088E0008000406800282BDC002004EB840102EBB0
:1088F0008101486004EB8400114601EB8000806830
:10890000F0B104EB840001EB80008068401E04EBB2
:10891000840102EB81018860012004EB840142F8AC
:108920002100132004EB840102EB8101486006A8BA
:1089300030F814100022324800E05DE0FCF7D6FA6F
:1089400055E004EB84002F4901EB8000C06800284B
:108950001ADD04EB840001EB8000C068801B04EB8F
:108960008401284A02EB8101C86004EB84001146AF
:1089700001EB8000C068002805DC002004EB8401C6
:1089800002EB8101C86032E004EB84001D4901EB79
:108990008000006950B304EB840001EB80000069A3
:1089A000401E04EB8401174A02EB8101086101209B
:1089B00004EB840142F82100132004EB840102EB54
:1089C00081014860052004EB840102EB810188608D
:1089D000002004EB840102EB8101C86006A830F896
:1089E000141000220648FCF781FA00E000BF641C66
:1089F000022CFFF638AF00BF00BF28E70CCB000801
:108A000000080240DC260020B40000200548008851
:108A100005490988401AC0F30B000449086008465C
:108A200000687047DC000020E0000020E400002027
:108A300010B50246002018E00E4B1B6803B910BDAC
:108A40000C4B1B685B1E0B4C23600B4B0B4C2468C0
:108A50001B5D1354094B1B685B1C084C2360B3F56A
:108A6000805F01D300232360401C8842E4D300BF11
:108A7000E5E70000E4000020C4290020E000002019
:108A800010490988491CC1F30B010F4A1268914231
:108A900008D10E49096801B170470B490968491CA2
:108AA000094A11600A49074A126888540549096849
:108AB000491C044A1160B1F5805F01D300211160A7
:108AC00000BFE9E7DC000020E0000020E400002017
:108AD000C429002008B500BF0E48006840F400100B
:108AE0000C4908600846006800F40010009000BFC0
:108AF00000BF002211460E20FCF7F9FE0E20FCF705
:108B0000E9FE002211460F20FCF7F1FE0F20FCF7D2
:108B1000E1FE08BD3038024008B500BF1A480068C1
:108B200040F08000184908600846006800F08000A6
:108B3000009000BF00BF00BF0846006840F0010081
:108B400008600846006800F00100009000BF00BF08
:108B500000BF0846006840F0020008600846006850
:108B600000F00200009000BF00BF00BF0846006890
:108B700040F0040008600846006800F0040000901F
:108B800000BF00BF08BD00003038024010B50D48DE
:108B90000D4908604FF48270486000210A488160E6
:108BA000C1604161016101621821C1614FF400712E
:108BB00081610021416281620A21C162FEF7EBF806
:108BC00010BD0000003800400002002010B50A4827
:108BD0000A4908604FF4E13048600021074881608D
:108BE000C16001610821416100218161C1610022F0
:108BF0001146FCF724FE10BD004400403403002061
:108C000002A003F0F7FB00BFFEE700004552523A16
:108C10004D656D4D616E6167655F48616E646C6541
:108C2000720A00007047000002480068C0F302208A
:108C3000704700000CED00E010B5002807DA0A07C5
:108C4000140E054A00F00F031B1FD45403E00A075B
:108C5000130E024A135410BD18ED00E000E400E0CA
:108C600010B50248FDF763F810BD00002811002080
:108C70002DE9F84F07460E46D7F800800025AA4692
:108C8000C6EBC60107F1340000EB8104D4E905010D
:108C9000451AA068A84200D2A568E81CC11700EBDD
:108CA00091714FEAA1091AE0D4E90501451AA068BB
:108CB000A84200D2A568E81CC11700EB91714FEAE9
:108CC000A109387CABB2F2B200904046E16803F0F3
:108CD00061FBE0682844E060A0692844A06108F5D1
:108CE000106000EB4610806980B2484506D9D4E98F
:108CF0000510884202D260690028D5D1002D0CDC15
:108D0000012000FA06FA40F6340050F8080020EA84
:108D10000A0040F6340141F808000020BDE8F88F51
:108D2000704700000146002008601A4800681A4A8F
:108D3000126890422BD01748006800EB400202EB0B
:108D4000C000164A02EB8000086012480078401C00
:108D500000F00F000F4A1060104600680E4A1268BB
:108D6000904201D1002070470B480068094A126800
:108D7000904205D908480068064A1268801AF2E74E
:108D8000054800681030034A1268801AEBE74FF07C
:108D9000FF30E8E7D4000020D000002004270020A6
:108DA00010B58EB02C2103A8F7F729FA0420F8F7A4
:108DB000C3F908B90EB010BD802002900A2001232B
:108DC00002AA00901A4801781A48FCF799FB0A2079
:108DD000082303AA0090164801781648FCF76EFA9B
:108DE000FEF7BAFC0398C4B2012C19DD882002906A
:108DF0000A20012302AA00900D4801780D48FCF7D3
:108E00007FFB0A200090601E4FF6FF7101EA80038D
:108E100005AA074801780748FCF750FAFEF79CFCC2
:108E200003A800F009F80820F8F786F900BFC1E7A9
:108E3000CC000020F802002010B50146144A127838
:108E4000521C02F00F02134B1B689A4206D1114AC2
:108E50001278521C02F00F020E4B1A6000200DE037
:108E600051F820200A4B1B6803EB430404EBC303B7
:108E7000094C04EB830343F82020401C0B28EFDB54
:108E8000034A1278521C02F00F02014B1A6010BD07
:108E9000D0000020D40000200427002070B5FE4838
:108EA000007838B9FD480168FD48F7F76FFCF7F71F
:108EB0008BFC6CE2F8480078012802D1F7F784FCBB
:108EC00065E2F5480078022803D0F34800780428CA
:108ED00071D1F2480068F34909680844FC21B0FBED
:108EE000F1F0801CEC490968B0EB212F26D101205C
:108EF00000F0EEFDE8480068A0F58070E6490860E3
:108F0000E9480078083000F05C00E849087000206B
:108F10004870FF208870C870087148710220F7F708
:108F2000EAFF002000F0D4FD0623DD4A921EDF494F
:108F3000DF48FEF705F80446002528E2D748006818
:108F4000D84909680844FC21B0FBF1F0401CD24923
:108F50000968B0EB212F2FD1012000F0B9FDCE48D8
:108F60000068A0F58070CC490860CF48007800F018
:108F70007F00CE490870002048700220F7F7BBFF41
:108F8000C5480068001250B9C4480068C54909685E
:108F90000844FC21B0FBF1F201FB120400E0FC24C8
:108FA000002000F095FDA3B2BD4A921EBF49C04803
:108FB000FDF7C6FFEBE161E0B7480068001218BB9F
:108FC000B6480068B74909680844FC21B0FBF1F0D5
:108FD000B1490968B0EB212F02D1B248056800E021
:108FE0000025AE480068AF4909680844FC21B0FB81
:108FF000F1F201FB1204611BA94A921E5019F7F706
:10900000C5FBF7F7E1FBC2E1A4480068A549096880
:109010000844FC21B0FBF1F09F490968B0EB212F17
:1090200002D1A048056800E00025FC24611B9C4A91
:10903000921E5019F7F7AAFB97480068A0F58070B8
:109040009549086008460068001250B993480068C6
:10905000944909680844FC21B0FBF1F201FB1204B9
:1090600000E0FC2414B9F7F7AFFB90E1A3B28C4AFF
:10907000921E8E498E48FDF763FF88E1864800788E
:10908000032822D1844800680012D8B1012000F0E2
:109090001FFD81480068A0F580707F4908600220AC
:1090A000F7F729FF002000F013FD7C480088801CA2
:1090B00083B27B4A921E7D49891D7D48FDF740FFA2
:1090C000044664E1F7F780FB61E173480078052806
:1090D00008D1724801687248801EF7F757FBF7F70E
:1090E00073FB54E16C48007809288CD16A48006809
:1090F0000621B1EB202F36D1012000F0E9FC6648B3
:109100000068A0F58070644908606548801E407959
:1091100000066349891E097900EB01406049891EF8
:10912000C97800EB01205E49891E897808445B49B3
:109130000860F0205D490870FF204870F5208870B5
:109140000020C870087148710220F7F7D4FE002093
:1091500000F0BEFC0623524A921E54495448FDF7C3
:10916000EFFE044613E14C4800680521B1EB202FC7
:1091700020D1012000F0ACFC47480068A0F58070C9
:1091800045490860F02049490870002048708870FF
:10919000C870087148710220F7F7ADFE002000F09A
:1091A00097FC06233E4A921E40494148FDF7C8FEFF
:1091B0000446ECE0384800680421B1EB202F43D18D
:1091C000012000F085FC34480068A0F58070324929
:1091D00008603348801E407900063149891E0979AC
:1091E00000EB01402E49891EC97800EB01202C4973
:1091F000891E89784518F52D0CD000202A49086071
:1092000025480078244908600846006840F48070CA
:109210000860BCE0F02025490870FF204870FA2063
:1092200088700020C870087148710220F7F763FE4B
:10923000002000F04DFC0623194A921E1B491C48D1
:10924000FDF77EFE0446A2E0134800680321B1EB5F
:10925000202F2FD1012000F03BFC0F480068A0F523
:1092600080700D490860F020104908700020487097
:109270008870C870087148710220F7F73CFE002022
:1092800000F026FC0623064A921E08490848FDF70E
:1092900057FE04467BE00000300000202400002040
:1092A000EA0F00202C00002028000020E80E0020FB
:1092B00000020020364800680221B1EB202F25D1A2
:1092C000012000F005FC32480068A0F580703049AC
:1092D00008603048407900062E49097900EB0140CA
:1092E0002C49C97800EB01202A4989784518FA2DC4
:1092F0004DD000202849086025480078244908609E
:109300000846006840F48070086040E0204800682B
:109310000121B1EB202F2AD1012000F0D9FB1C48FC
:109320000068A0F580701A490860F0201B49087099
:10933000FF2048701A480078887019480088000A91
:10934000C87017480068000C087115480068000EC6
:1093500048710220F7F7CFFD002000F0B9FB06238B
:109360000C4A0E490F48FDF7EBFD04460FE00A4892
:10937000006818B101200749087002E00020054983
:10938000087001210348F7F701FAF7F71DFA70BDDD
:1093900030000020E80F002028000020E80E002008
:1093A000240000200002002070B504460E462078FC
:1093B00050BB2078B54908606078B5490860A0784E
:1093C000B449086008460068C82801D9C820086068
:1093D000022503E0F020B04948556D1CAD480068F7
:1093E000801C8542F6D36078AB4908700020487035
:1093F00000F06EFBA7480088801C83B2A74AA649EC
:10940000A748FDF79DFD3FE12078012829D120786C
:109410009E490860A0789F49086008460068C828EF
:1094200001D9C8200860002505E0E81C215C9A4AA3
:10943000A81C11546D1C974800688542F5D36078CC
:1094400095490870FF204870002000F041FB9148CA
:109450000088801C83B2914A8F499148FDF770FDC6
:1094600012E12078022802D0207804285DD12078EB
:10947000864908606079A17900EB01208549086080
:109480002078022802D03068082811D203208549AC
:1094900008608048006809680844FC21B0FBF1F0CE
:1094A000801C7A49096801EB00207849086010E0C7
:1094B000E0797C4908607748006809680844FC2125
:1094C000B0FBF1F0401C7149096801EB00206F49C5
:1094D000086020790006E17800EB0140A17800EBFC
:1094E0000120617808446A490860F0206A490870E0
:1094F000FF20487066480088C0F3C7108870644831
:109500000068C00BC87062480068C00D08716048F0
:109510000068C00F4871002000F0DAFA06235F4AA5
:109520005D495F48FDF70CFDAEE0207803285CD173
:109530002078564908606079A17900EB01205549EF
:10954000086008460068C82801D9C820086051484A
:109550000068FC21B0FBF1F0401C4C49096801EBAC
:1095600000204A49086020790006E17800EB0140BC
:10957000A17800EB01206178084445490860F0209B
:1095800045490870FF20487041480088C0F3C71063
:1095900088703F480068C00BC8703D480068C00D27
:1095A00008713B480068C00F4871002000F090FA35
:1095B00006233A4A38493A48FDF7C2FC3448007855
:1095C00000F07F0034498871FF20C871002505E054
:1095D000E81D215C401C304A11546D1C2D48006868
:1095E000854251D2F82DF3DB4EE02078052822D1B8
:1095F0002078264908606078264908600846006897
:10960000C82801D9C8200860002504E0A81C205CF7
:10961000214948556D1C1F4800688542F6D300203B
:1096200000F056FA1B48008883B21C4A1A491C48AD
:10963000FDF786FC28E02078092818D1207800F56D
:10964000C06012490860F020114908601249087092
:10965000002048708870C8700871487100F038FAAE
:1096600006230E4A0C490E48FDF76AFC0CE02078F0
:109670000A2803D1204600F0FFFA05E021780AA06D
:1096800002F0B8FEF7F7A0F870BD0000300000202F
:109690002800002024000020E80E0020E80F002011
:1096A000000200202C000020434443205350492056
:1096B000457272282530327829210A0070B5044697
:1096C00060795A284AD1A0795A2847D1E0795A2896
:1096D00044D1207A5A2841D120790006E17800EB64
:1096E0000140A17800EB0120617845182148FDF781
:1096F00035FB21481F4908604FF482704860002103
:109700001C488160C16005F00101416105F0020162
:10971000016105F08001016205F03801C1614FF47B
:10972000007181610021416281620A21C162FDF7FD
:1097300032FB05F03800C508681C012101FA00F56C
:10974000FDF768F84FF47A71B0FBF1F04008B0FB18
:10975000F5F6314609A002F04DFE07E02078822898
:1097600004D1617801F5807000F0B2F9F7F72CF8B8
:1097700070BD000000020020003800405350495FD7
:10978000434C4B203D2025646B487A0A00000000C2
:10979000704738B50446A06AB0F5005F24D10A23AB
:1097A00001221146204600F0DDF950B90A230022BB
:1097B0000121204600F0D6F918B1606D40F020007C
:1097C00060652068C06880B20090BDF80000206825
:1097D0008068C0F3001038B1606D40F00200606531
:1097E0006FF01000216888600A23002202212046C1
:1097F00000F0B8F918B1606D40F020006065206895
:10980000406820F00200216848600A23012280217C
:10981000204600F0A7F918B1606D40F020006065A7
:109820002068406820F00100216848600020E08640
:10983000E08738BD70B50546AC6B0020E086E08758
:10984000012084F85100606D40F0100060652046F2
:10985000FDF79CFA70BD70B50446A56B2846FDF770
:109860006EFB70BD70B50446A56B2846FDF719FC6C
:1098700070BD38B50546AC6B2868006800F4807090
:1098800000285DD1A06838B96068B0F5827F03D147
:109890002046FFF77EFF46E06068B0F5827F0DD17D
:1098A000A068B0F5004F03D0A068B0F5806F05D177
:1098B0002068006820F04000216808602068406847
:1098C00020F00100216848600020E087A06AB0F520
:1098D000005F28D10A2300220121204600F042F92E
:1098E00018B1606D40F0200060652068C06880B2EB
:1098F0000090BDF800000A2301221146204600F026
:1099000031F918B1606D40F0200060652068806812
:10991000C0F3001038B1606D40F0020060656FF078
:10992000100021688860012084F85100606D18B132
:109930002046FDF72BFA06E02046FDF7FFFA02E08D
:109940002046FDF7FBFA38BD70B50446A56B2068CC
:10995000006800F4807078B92846FFF71AFF0120EC
:1099600085F85100686D18B12846FDF70FFA06E03A
:109970002846FDF791FB02E02846FDF78DFB70BD00
:1099800010B50446002000F0A3F8F0203449087018
:10999000FF204870C4F3C7108870E00BC870E00D5A
:1099A0000871E00F487106232E4A2F48FDF7C8FAC8
:1099B00000BF2D48FDF7EBF90128FAD100F088F837
:1099C0000220F7F798FA002000F082F804F108006E
:1099D00000F05C0022490870002048708870C87050
:1099E0000871487106231F4A1F48FDF7A9FA00BFF6
:1099F0001D48FDF7CCF90128FAD100F069F80220E2
:109A0000F7F779FA002000F063F804F07F001449BA
:109A10000870002048708870C8700871487188719B
:109A20000723104A1048FDF78BFA00BF0E48FDF7D8
:109A3000AEF90128FAD100F04BF80220F7F75BFAF3
:109A40000848807900060749497900EB014005493B
:109A5000097900EB01200349C978084410BD0000D2
:109A6000E80E0020E80F00200002002010B5044698
:109A7000002000F02DF813490C7000204870887009
:109A8000C8700871487106230F4A1048FDF758FA4C
:109A900000BF0E48FDF77BF90128FAD100F018F855
:109AA0000220F7F728FA08484079000606490979A4
:109AB00000EB01400449C97800EB01200249897894
:109AC000084410BDE80E0020E80F0020000200202E
:109AD00010B58AB0044614221F496846F6F776FB93
:109AE000002C01DA4FF48074FF2C1FDDE4B2052C4A
:109AF00001D30AB010BD19480460014609685DF839
:109B00002100059001200690002007900220089077
:109B100005A91348FBF702F9104A12683DF8220024
:109B200081B201220E48FBF7E1F913E04CB10B4A78
:109B300012683DF8220081B201220948FBF7D6F9EC
:109B400008E0064A12683DF8220081B2002204486B
:109B5000FBF7CCF900BFCCE7F8CA0008A40000204E
:109B6000000402402DE9F04104460E4617461D460A
:109B70004FF00008FBF7C0F98046002F3ED132E0DD
:109B8000681C78B32DB1FBF7B7F9A0EB0800A84229
:109B900029D92068406820F0E000216848602068EA
:109BA000006820F0400021680860A06AB0F5005FFE
:109BB0000DD100BF2068006820F4005021680860C3
:109BC0002068006840F400502168086000BF012050
:109BD00084F8510000BF002084F8500000BF03202B
:109BE000BDE8F081FFE7206880683040B04201D1D5
:109BF000012000E000200028C2D03BE030E0681CDB
:109C000070B32DB1FBF778F9A0EB0800A84227D973
:109C10002068406820F0E000216848602068006803
:109C200020F0400021680860A06AB0F5005F0DD107
:109C300000BF2068006820F4005021680860206898
:109C4000006840F400502168086000BF012084F8DB
:109C5000510000BF002084F8500000BF0320BFE780
:109C6000206880683040B04201D1012000E000202F
:109C70000028C4D10020B3E770B50446002C53D0AF
:109C800020780A284DD1607890B94748006828B9F3
:109C9000464947480068FEF76BFD04E043494FF032
:109CA000FF30FEF765FD04214048F6F76FFD38E010
:109CB0006078012835D1A01CF6F732FC0546A01DBE
:109CC000F6F72EFC064604F10A00F6F729FC39499E
:109CD000086004F10E00F6F723FC3749086004F130
:109CE0001200F6F71DFC3049086004F11600F6F783
:109CF00023FC324908602C48006800B970BD802DF3
:109D000006D3FF2D04D83146284600F0B5F803E00D
:109D10003146284600F064F8F7F7C2FB2449086092
:109D200000BFF6F751FDE9E71F48006800B9E5E715
:109D300020480068802809D31E480068FF2805D8FD
:109D40001C480068FFF792FE054604E019480068C9
:109D5000FFF716FE0546F7F7A3FB06461248006814
:109D6000284015490968884208D111480068301A0E
:109D70000F49086000200C49086012E00C48006898
:109D8000301A0E49096801EB4102C2EBC111B0EB78
:109D9000C10F06D96FF00100054908600020024993
:109DA000086000BF00BFA9E7C8000020E80F00203E
:109DB000B8000020C0000020C4000020BC0000202B
:109DC00070B504460D46FF2C04D92946204600F004
:109DD00007F803E02946204600F04EF870BD000069
:109DE00070B504460D460020FFF772FEF0201F49B3
:109DF0000870FF204870C4F3C7108870E00BC8706B
:109E0000E00D0871E00F48710623194A1948FDF763
:109E100097F800BF1748FCF7BAFF0128FAD1FFF7FF
:109E200057FE0220F7F767F80020FFF751FE04F015
:109E30007F000E490870FF2048708D70280AC87096
:109E4000280C0871280E48710623094A0948FDF7B5
:109E500077F800BF0748FCF79AFF0128FAD1FFF70F
:109E600037FE0220F7F747F870BD0000E80E00202B
:109E7000E80F00200002002070B505460C460020C7
:109E8000FFF726FE0D490D70FF2048708C70200AE8
:109E9000C870200C0871200E48710623084A094832
:109EA000FDF74EF800BF0748FCF771FF0128FAD113
:109EB000FFF70EFE0220F7F71EF870BDE80E002037
:109EC000E80F00200002002070B504460D462078FF
:109ED00020280CD1E378A17860780E4A00F026F8AB
:109EE000E1780C48F6F752FCF6F76EFC11E02078AA
:109EF000212808D1E378A1786078221D00F082F84B
:109F0000F6F762FC05E0217803A002F073FAF6F799
:109F10005BFC70BDE80F00204344432053544920AC
:109F2000457272282530327829210A002DE9F04740
:109F30000646894617461C462546002C01DD042CA2
:109F400001DDBDE8F087FAF7D7FF824651460020D1
:109F5000FFF746FFC3212A48FFF742FF01212848A7
:109F6000FFF73EFF0A20F6F7C6FF710024480830CD
:109F7000FFF736FF6420F6F7BEFF49462048083059
:109F8000FFF72EFF6420F6F7B6FFC3211C48FFF74A
:109F900027FF01211A48FFF723FF012000EB4601AC
:109FA00017480830FFF71CFF6420F6F7A4FF06E00F
:109FB00007211348FFF714FF6420F6F79CFF681E83
:109FC0000500F5D10F210E48FFF70AFF6420F6F7D0
:109FD00092FF0B480830FFF7D3FC80460521084864
:109FE000FFF7FEFE00BF07E0C4F104002844C000F4
:109FF00028FA00F078556D1CA542F5DB00BFA0E7FC
:10A00000200009FF2DE9F04105460E46144698460A
:10A01000E0780006A17800EB0140617800EB0120B8
:10A0200021784718C3211248FFF7DAFE01211048B2
:10A03000FFF7D6FE69000E480830FFF7D1FE642016
:10A04000F6F759FF31460A480830FFF7C9FE642089
:10A05000F6F751FF394606480830FFF7C1FE642085
:10A06000F6F749FF05210248FFF7BAFEBDE8F08187
:10A07000200009FF704710B5FBF7AEFB10BD0000D4
:10A0800010B592B0044600BF4B48006840F08050C5
:10A09000494908600846006800F08050009000BF01
:10A0A00000BF00BF4548006820F4404040F4004035
:10A0B000424908600846006800F44040009000BF34
:10A0C00000BF0120019002900220079041050891F5
:10A0D000092C52D2DFE804F0050E1821512A333D35
:10A0E000470008210991F0210A9106210B910521D1
:10A0F0000C914CE0082109914FF4A8710A910821B4
:10A100000B9107210C9142E0082109914FF49071C5
:10A110000A9106210B910C9139E004210991D82173
:10A120000A9108210B9109210C9130E00821099135
:10A13000F0210A9104210B9105210C9127E00821BF
:10A1400009914FF4C0710A9106210B9108210C91DD
:10A150001DE0082109914FF490710A9104210B919F
:10A1600006210C9113E0082109914FF4A8710A917E
:10A1700004210B9107210C9109E0082109914FF46A
:10A1800090710A9104210B9106210C9100BF00BF30
:10A1900001A8FCF7E1FB0F200D9002200E9000209B
:10A1A0000F904FF4805010900020119002210DA8C4
:10A1B000FCF7D8F912B010BD4038024000700040E2
:10A1C0001448006840F470001249086012480068A2
:10A1D00040F001001049086000200F490831086074
:10A1E0000D4800680D4908400B4908600C48091DDE
:10A1F0000860081F006820F48020091F0860002004
:10A2000005490C3108604FF0006002498039086050
:10A210007047000088ED00E000380240FFFFF6FEC6
:10A220001030002410B50248FCF79EFF10BD00005E
:10A23000C439002000220268234B98420BD0B0F1B1
:10A24000804F08D0214B984205D0214B984202D034
:10A25000204B984201D1012300E000231BB122F0E2
:10A2600070024B681A43184B984214D0B0F1804FDB
:10A2700011D0164B98420ED0154B98420BD0154B6F
:10A28000984208D0144B984205D0144B984202D003
:10A29000134B984201D1012300E000231BB122F4AB
:10A2A0004072CB681A4302608B68C3620B6883629A
:10A2B000054B984201D1012300E000230BB10B694B
:10A2C0000363012343617047000001400004004024
:10A2D00000080040000C00400040014000440140E4
:10A2E0000048014010B50C480C4908604FF6FF715A
:10A2F0000A48C1600A4800680A49B0FBF1F0401EF4
:10A30000064948600021054801618160FCF7E6FECE
:10A310000248FCF719FF10BD00040040C4390020BA
:10A32000EC00002040420F0070B504460E460025A8
:10A330002078312809D165782A460523A11C0648D2
:10A34000FDF76EF9F6F740FA05E0217803A002F078
:10A3500051F8F6F739FA70BD340300204344432026
:10A360005541525420457272282530327829210AED
:10A370000000000010B504462068C06820F04000CE
:10A380002168C86094F83900322803D1222084F86B
:10A3900039000EE02068C06820F480702168C86031
:10A3A0002068406920F0010021684861012084F89C
:10A3B00039002046FDF7ACF9002010BD70B5044609
:10A3C000002694F83960222E01D0322E52D1A06896
:10A3D000B0F5805F13D1A56A206940B92068406854
:10A3E000C0F308002880A06A801CA06219E02068E1
:10A3F0004068C0B22880A06A401CA06211E02069B9
:10A4000038B920684068C1B2A26A501CA0621170BD
:10A4100007E02068406800F07F01A26A501CA0623B
:10A420001170E08D401E80B2E08508BB2068C068D6
:10A4300020F020002168C86094F83900322803D148
:10A44000122084F839000EE02068C06820F4807083
:10A450002168C8602068406920F0010021684861D7
:10A46000012084F839002046FDF7BEF8002070BDB9
:10A470000020FCE70220FAE72DE9F0410446002520
:10A480002068056925F44055E068054320680561AA
:10A490002068C56849F20C6085432169A0680843BB
:10A4A00061690843E169084305432068C560206885
:10A4B000456925F44075A069054320684561E06958
:10A4C000B0F5004F72D173492068884203D07249B9
:10A4D0002068884234D1FCF7CFF900EBC00101EBD2
:10A4E000001061684900B0FBF1F06421B0FBF1F6A7
:10A4F000FCF7C2F900EBC00101EB001061684900F4
:10A50000B0FBF1F7FCF7B8F900EBC00101EB00106C
:10A5100061684900B0FBF1F06421B0FBF1F000EBA1
:10A52000C00101EB0010A7EB8000322101EB00100D
:10A530006421B0FBF1F066F31F1021688860A6E08B
:10A54000FCF784F900EBC00101EB001061684900E1
:10A55000B0FBF1F06421B0FBF1F6FCF777F900EB0A
:10A56000C00101EB001061684900B0FBF1F7FCF796
:10A570006DF900EBC00101EB001061684900B0FB10
:10A58000F1F06421B0FBF1F000EBC00101EB001031
:10A59000A7EB8000322101EB00106421B0FBF1F049
:10A5A00066F31F102168886071E0FFE73949206871
:10A5B000884203D038492068884234D1FCF75CF9DE
:10A5C00000EBC00101EB001061688900B0FBF1F005
:10A5D0006421B0FBF1F6FCF74FF900EBC00101EB91
:10A5E000001061688900B0FBF1F7FCF745F900EB5A
:10A5F000C00101EB001061688900B0FBF1F064213B
:10A60000B0FBF1F000EBC00101EB0010A7EB800004
:10A61000322101EB00106421B0FBF1F066F31F1052
:10A620002168886033E0FCF711F900EBC00101EB11
:10A63000001061688900B0FBF1F06421B0FBF1F615
:10A64000FCF704F900EBC00101EB00106168890020
:10A65000B0FBF1F7FCF7FAF800EBC00101EB0010DA
:10A6600061688900B0FBF1F06421B0FBF1F000EB10
:10A67000C00101EB0010A7EB8000322101EB0010BC
:10A680006421B0FBF1F066F31F1021688860BDE81B
:10A69000F0810000001001400014014010B5014697
:10A6A000002391F83930122B01D0322B2CD188683D
:10A6B000B0F5805F0FD10A6A1088C0F308000C68FB
:10A6C0006060086918B9086A801C086209E0086AB5
:10A6D000401C086205E00C6A601C086220780C6867
:10A6E0006060C88C401E80B2C88458B90868C068D1
:10A6F00020F080000C68E0600868C06840F040000E
:10A700000C68E060002010BD0220FCE72DE9F0415C
:10A7100004460E4617461D464FF00008FAF7ECFBBC
:10A7200080469FBB2BE0681C48B32DB1FAF7E4FBD1
:10A73000A0EB0800A84222D92068C06820F0800061
:10A740002168C8602068C06820F020002168C860C7
:10A750002068C06820F480702168C8602068406963
:10A7600020F0010021684861012084F8390000BF11
:10A77000002084F8380000BF0320BDE8F081206885
:10A7800000683040B04202D1012001E003E0002027
:10A790000028C8D035E02AE0681C40B32DB1FAF794
:10A7A000ABFBA0EB0800A84221D92068C06820F0CC
:10A7B00080002168C8602068C06820F020002168FF
:10A7C000C8602068C06820F480702168C860206874
:10A7D000406920F0010021684861012084F83900B7
:10A7E00000BF002084F8380000BF0320C5E72068C0
:10A7F00000683040B04201D1012000E00020002874
:10A80000CAD10020B9E7000010B50248FCF79DFD51
:10A8100010BD0000E810002002460B46D2F81812C6
:10A82000D2F8180218B10020C1F8140270470220B3
:10A83000FCE770B504460E46D4F81852314620465F
:10A8400000F0ECFBC5F80C02D4F8180248B1D5F8BA
:10A850000402D4F81C12CA6805F503719047002061
:10A8600070BD0220FCE770B504460E46002581212C
:10A87000204600F009FB0121204600F005FBD4F83A
:10A88000180250B1D4F81C1248688047D4F8180256
:10A8900002F00AF80020C4F81802284670BD70B50E
:10A8A0000546D5F81842D5F81C0278B194F8000294
:10A8B000FF280BD094F8012294F80002D5F81C125E
:10A8C0008B6821469847FF2084F80002002070BD65
:10A8D00001460A200880014870470000040100205A
:10A8E0000146202008800148704700008C010020AC
:10A8F00001464320088001487047000048010020BD
:10A90000014643200880014870470000AC01002048
:10A910002DE9F04104460F460026207C70B94FF423
:10A92000007302228121204600F0EAFB4FF40073FD
:10A9300002220121204600F0E3FB0CE04FF40073FB
:10A9400002228121204600F0DBFBC02302220121EC
:10A95000204600F0D5FB4FF4077002F07BF8C4F8F6
:10A960001802D4F8180208B901261CE0D4F81852CD
:10A97000D4F81C12086880470020C5F81402C5F8F6
:10A980001802207C40B94FF4007301212046D5F80D
:10A99000042200F0C5FB06E0C02301212046D5F8C3
:10A9A000042200F0BDFB3046BDE8F08170B50446DE
:10A9B000D4F81852D4F8180298B1207C40B94FF45A
:10A9C000007301212046D5F8042200F0A9FB06E01F
:10A9D000C02301212046D5F8042200F0A1FB00206D
:10A9E00070BD0220FCE70246022011B1C2F81C1221
:10A9F000002070470246D2F81832C3F80412002033
:10AA0000704710B50346D3F81842C4F80812C4F8CA
:10AA10001022002010BD000070B505460C46D5F888
:10AA20001862207800F0600040B3202835D1E0881B
:10AA3000E0B1207800F0800060B1E2886078D5F85D
:10AA40001C128B6831469847E2883146284600F050
:10AA5000B9F812E0607886F80002A07986F8010261
:10AA6000E2883146284600F08CF806E06078D5F898
:10AA70001C1200228B68214698470FE060780A2854
:10AA800002D00B2807D105E001220649284600F034
:10AA900099F800E000BF00BF00BF00BF00BF00206A
:10AAA00070BD0000EF01002070B50546D5F81842D2
:10AAB000D5F8180290B1D4F8140268B90120C4F88E
:10AAC0001402B4F8100283B281212846D4F8082277
:10AAD00000F0D1FB002070BD0120FCE70220FAE766
:10AAE00070B504460D46D4F8140229464268204643
:10AAF0009047002070BD70B504460D4694F8FC01E7
:10AB0000022802D0032811D100E000BF6888012884
:10AB10000BD10020C4F80402D4F81402294682683C
:10AB200020469047204600F05EF804E02946204683
:10AB300000F01BF800BF00BF70BD70B506460C46A4
:10AB400015462B4622460021304600F0E9FA002047
:10AB500070BD70B506460C4615462B4622460021B0
:10AB6000304600F088FB002070BD70B504460D46ED
:10AB70008021204600F063FB0021204600F05FFBAF
:10AB800070BD70B504460E4615460320C4F8F401A6
:10AB90004FF484700551001D05512B4632460021AB
:10ABA000204600F0BDFA002070BD10B50446052017
:10ABB000C4F8F40100231A461946204600F0B0FA02
:10ABC000002010BD70B504460E4615460220C4F89C
:10ABD000F401A561E5612B4632460021204600F0D4
:10ABE0004AFB002070BD10B504460420C4F8F401EF
:10ABF00000231A461946204600F03DFB002010BDF8
:10AC000070B504460D46E888012804D02946204640
:10AC1000FFF7ABFF1BE094F8FC01022802D00328E9
:10AC20000FD108E00020A060012204F108012046B5
:10AC3000FFF7C8FF0AE00122211D2046FFF7C2FFEF
:10AC400004E029462046FFF790FF00BF00BF70BD1B
:10AC5000F8B504460E467088001208287FD2DFE857
:10AC600000F07E040C207E7E5F6D207CD4F81012F4
:10AC70000A6869469047054676E0207C40B9D4F8DA
:10AC80001402816A6846884705460221697007E018
:10AC9000D4F81402C16A68468847054602216970E3
:10ACA00062E0B078062834D2DFE800F0030B131B13
:10ACB000232B207CD4F810124A6869469047054639
:10ACC0002CE0207CD4F810128A686946904705462B
:10ACD00024E0207CD4F81012CA68694690470546E3
:10ACE0001CE0207CD4F810120A696946904705469A
:10ACF00014E0207CD4F810124A6969469047054652
:10AD00000CE0207CD4F810128A6969469047054609
:10AD100004E031462046FFF728FFF8BD00BF23E0DE
:10AD2000207C30B9D4F81402416B68468847054648
:10AD30001AE031462046FFF718FFEEE7207C48B9BD
:10AD4000D4F81402016B68468847054607216970EC
:10AD50000AE004E031462046FFF707FFDDE7314611
:10AD60002046FFF702FFD8E700BFBDF8000088B11A
:10AD7000F08878B1F088BDF80010884202DDBDF897
:10AD8000000000E0F0880090BDF800202946204631
:10AD9000FFF718FF00BFC0E70146002002E0421C99
:10ADA000D0B2491C0A78002AF9D1704770B5044620
:10ADB0000D4694F8FC01022802D0032811D100E0CE
:10ADC00000BF0120E060D4F8040218B1E06840F050
:10ADD0000200E060022204F10C012046FFF7F2FEBF
:10ADE00004E029462046FFF7C0FE00BF00BF70BD4B
:10ADF0002DE9F04104460D4617460026FCB12046D9
:10AE0000FFF7CAFF022101EB400038803A78304654
:10AE1000711CCEB22A5403223046711CCEB22A5481
:10AE20000AE014F8012B3046711CCEB22A540022DD
:10AE30003046711CCEB22A5420780028F1D1BDE8EA
:10AE4000F08170B504460D4616460CB9022070BD5F
:10AE5000D4F8140210B10020C4F814020DB1C4F8E3
:10AE60001052012084F8FC012670204600F0E0F822
:10AE70000020ECE770B504460D462946D4F82002C0
:10AE8000FAF719FE002070BD70B504460D4629463C
:10AE9000D4F82002FAF7DAFD002070BD2DE9F04168
:10AEA00004460E461746002E54D104F11405D4F87A
:10AEB000F401022843D1D5E90201884210D9D5E92D
:10AEC0000201401AA860288982B239462046FFF75D
:10AED00040FE00231A461946204600F021F92EE0D4
:10AEE000E9686868B0FBF1F201FB1200B8B9E968E3
:10AEF0006868884213D36868D4F8F81188420ED283
:10AF0000002211462046FFF724FE0020C4F8F80175
:10AF100000231A461946204600F002F90FE0D4F843
:10AF20001402C06840B194F8FC01032804D1D4F89D
:10AF30001402C168204688472046FFF736FE94F881
:10AF40000002012814D1204600F0C1F9002084F845
:10AF500000020DE0D4F81402406948B194F8FC01F5
:10AF6000032805D1D4F8140231464269204690479F
:10AF70000020BDE8F0812DE9F04105460E46174658
:10AF80005EBB05F58274D5F8F401032833D1D4E90A
:10AF90000201884210D9D4E90201401AA060D4E924
:10AFA0000201884201D2A06800E0E06882B239461E
:10AFB0002846FFF7C2FD1EE0D5F81402006940B133
:10AFC00095F8FC01032804D1D5F81402016928463C
:10AFD00088472846FFF707FE0DE0D5F81402806980
:10AFE00048B195F8FC01032805D1D5F81402314683
:10AFF0008269284690470020BDE8F0810146002084
:10B00000704710B50446012084F8FC012179D4F87A
:10B010001402426820469047002010BD70B50446D7
:10B020000D462946D4F82002FAF779FD70BD0000DC
:10B0300070B504464FF0FF300021002807DA0A07F8
:10B04000150E1B4A00F00F031B1FD55403E00A071F
:10B05000130E184A135400BF4FF0A0401649086061
:10B060000420486000211448C16240214161002150
:10B0700001610162022181610021C1610221C1607F
:10B0800001218162C0F8B043C4F82002FBF7FBF84D
:10B0900080210948FAF77EFC402200210648FAF791
:10B0A0007EFC802201210448FAF779FC002070BD63
:10B0B00018ED00E000E400E02811002010B5024681
:10B0C000D2F8203201F08000802809D101F07F0001
:10B0D000C0EBC00403F1340000EB8400807810BDA5
:10B0E00001F07F00C0EBC00403F5EC7000EB8400BE
:10B0F0008078F4E70246002070470246002070473F
:10B100002DE9F04104460F4615461E462B463246B1
:10B110003946D4F82002FAF70EFD0020BDE8F08190
:10B120002DE9F04104460D4616461F463B46324681
:10B130002946D4F82002FAF744FD0020BDE8F0814A
:10B1400010B504464023002211462046FFF7D8FFE1
:10B1500040214FF488700151402300228021204675
:10B16000FFF7CEFF40212162012084F8FC01D4F8D2
:10B17000180228B12179D4F8140242682046904779
:10B18000002010BD014691F8FD0181F8FC0100206E
:10B19000704710B5044694F8FC01032808D1D4F890
:10B1A0001402C06920B1D4F81402C169204688474E
:10B1B000002010BD024611740020704770B504468F
:10B1C0000D462946D4F82002FBF789F9002070BD0E
:10B1D00070B504460D46294604F5027000F05BF890
:10B1E0000120C4F8F40140F20E20005BC4F8F8011D
:10B1F00094F8080200F01F0020B1012808D00228AE
:10B2000012D10BE004F50271204600F028F913E09A
:10B2100004F50271204600F006FA0DE004F5027113
:10B22000204600F055F907E094F8080200F080018C
:10B23000204600F004F800BF00BF002070BD70B5CC
:10B2400004460D462946D4F82002FAF7F6FC002001
:10B2500070BD10B50446D4F82002FBF762F9002057
:10B2600010BD014691F8FC0181F8FD01042081F830
:10B27000FC01002070472DE9F04104460D461646BA
:10B280001F463B4632462946D4F82002FAF712FD03
:10B290000020BDE8F0810A7802704A7842708B780D
:10B2A000CA7803EB022242800B794A7903EB02222F
:10B2B00082808B79CA7903EB0222C28070470246F2
:10B2C000002011B1C2F8141200E0022070470146BC
:10B2D0000020704770B504460D46A888F8B9E88884
:10B2E000E8B9A87800F07F0694F8FC01032804D19F
:10B2F00029462046FFF739FC15E084F8FE61314607
:10B300002046FFF75BFF2046FFF76DFC1EB10220D1
:10B3100084F8FC0107E0012084F8FC0103E02946E1
:10B320002046FFF722FC70BD70B504460D4602268C
:10B33000D4F8140238B1D4F8140229460268204621
:10B34000904700B90026304670BD000070B5044635
:10B350000D46A8783449087008460078012804DDB5
:10B3600029462046FFF701FC5BE094F8FC01022827
:10B3700002D003284FD11CE02B480078A8B12A48FE
:10B3800000786060032084F8FC012748017820469B
:10B39000FFF7CAFF022804D129462046FFF7E5FB44
:10B3A00070BD2046FFF71FFC02E02046FFF71BFCA4
:10B3B00036E01D48007870B9022084F8FC011A4874
:10B3C00000786060184801782046FFF789FB204626
:10B3D000FFF709FC1EE0144909786068884216D01E
:10B3E00021792046FFF77CFB0F48007860600E480B
:10B3F00001782046FFF798FF022804D1294620460D
:10B40000FFF7B3FBCCE72046FFF7EDFB02E0204659
:10B41000FFF7E9FB04E029462046FFF7A6FB00BF43
:10B4200000BF00BFBCE70000F001002070B504467B
:10B430000D46688801280AD1C4F80402D4F8140221
:10B4400029468268204690472046FFF7CCFB70BD16
:10B4500010B504462046FFF7FCFE002010BD70B575
:10B4600005460C46002660780A2829D2DFE800F05D
:10B470001923281E280A0528140F21462846FFF7FD
:10B48000E7FB22E021462846FFF724FF1DE0214686
:10B490002846FFF75BFF18E021462846FFF7B0FB80
:10B4A00013E021462846FFF781FC0EE0214628469E
:10B4B000FFF7BCFF09E021462846FFF71CFB04E02C
:10B4C00021462846FFF751FB00BF00BF304670BD44
:10B4D0002DE9F04105460E464FF0000834793078EA
:10B4E00000F06000202808D1D5F8140231468268A7
:10B4F000284690470020BDE8F0817078002855D09C
:10B5000001282AD003287AD195F8FC01022802D01C
:10B5100003281BD107E02CB1802C03D021462846FC
:10B52000FFF78DFE17E0708830B92CB1802C03D066
:10B5300021462846FFF783FED5F81402314682687B
:10B54000284690472846FFF74EFB04E03146284640
:10B55000FFF70BFB00BF00BF62E095F8FC0102287B
:10B5600002D003281BD107E02CB1802C03D0214648
:10B570002846FFF764FE17E0708878B904F07F0072
:10B5800048B121462846FFF775FCD5F8140231462C
:10B590008268284690472846FFF725FB04E031469D
:10B5A0002846FFF7E2FA00BF00BF39E095F8FC013A
:10B5B000022802D003282BD107E004F07F0018B145
:10B5C00021462846FFF73BFE27E004F08000802854
:10B5D00006D104F07F0105F1140000EB011005E035
:10B5E00004F07F0105F5827000EB0110074621464B
:10B5F0002846FFF763FD18B10120386002E00EE035
:10B6000000203860022239462846FFF7DBFA04E0C2
:10B6100031462846FFF7A9FA00BF00BF00E000BF8F
:10B6200000BF404667E770B504460D46002694F813
:10B63000FC01032814D1287901280CDCD4F8140269
:10B640002946826820469047E88840B93EB920469E
:10B65000FFF7C9FA03E029462046FFF786FA04E01F
:10B6600029462046FFF781FA00BF00BF002070BDC9
:10B6700070B505460C462DB92246064906A0FFF7CF
:10B68000B7FB04E02246034903A0FFF7B1FB0148E2
:10B6900070BD0000DC14002056435020436F6E66DE
:10B6A00069670000024612200880014870470000C8
:10B6B0006C00002070B505460C462DB9224606499F
:10B6C00006A0FFF795FB04E02246034903A0FFF71D
:10B6D0008FFB014870BD0000DC1400205643502051
:10B6E000496E74657266616365000000024604205D
:10B6F00008800148704700008000002070B50546B2
:10B700000C462246024903A0FFF772FB004870BDB9
:10B71000DC14002053544D6963726F656C6563746B
:10B72000726F6E696373000070B505460C462DB9E3
:10B730002246064906A0FFF75BFB04E022460349C8
:10B740000CA0FFF755FB014870BD0000DC14002081
:10B7500053544D3332205669727475616C20436FB7
:10B760006D506F727420696E204853204D6F646570
:10B770000000000053544D333220566972747561D5
:10B780006C20436F6D506F727420696E2046532099
:10B790004D6F64650000000070B505460C461A2028
:10B7A0002080F5F795FE014870BD00008400002060
:10B7B00010B50246487801282BD140F61C0080586D
:10B7C0000C780123A3409BB2184340F61C03985009
:10B7D000087802F5106303EB4010006800F40040A5
:10B7E000F0BB0889C0F30A00CB7840EA83400B78AD
:10B7F00040EA835040F0805040F4004002F510646D
:10B8000004EB43131B6818430B7804EB43131860D5
:10B810002CE040F61C0080580C780123A340144C07
:10B8200004EA0343184340F61C039850087802F5D5
:10B83000306303EB4010006800F4004080B90889D1
:10B84000C0F30A00CB7840EA834040F0805040F4D7
:10B8500000400B7802F5306404EB43131B6800E0F2
:10B8600004E018430B7804EB43131860002010BD6C
:10B870000000FFFF01464FF410604058C20AD20298
:10B880004FF41060425040F60800405800F00600A7
:10B89000042807D14FF41060405840F003024FF4E1
:10B8A0001060425040F60400405840F4807240F668
:10B8B00004004250002070470FB410B504460898A9
:10B8C000012816D1A06B20F48030A063E0681549F0
:10B8D0000840E060E06820F44010E0600E98012825
:10B8E00003D1E06840F48010E060204600F01CF8CE
:10B8F00009E0E06840F04000E060204600F014F805
:10B900004FF48030A0630698012807D1A06840F06A
:10B910000C00A060A06840F02000A060002010BCD7
:10B920005DF814FBBFFFBDFF0146002200BF501CA5
:10B9300002460F4B984201D903207047086900F076
:10B9400000400028F3D00022086940F0010008619F
:10B9500000BF501C0246064B984201D90320ECE779
:10B96000086900F001000028F3D100BFE5E70000FE
:10B97000400D030010B502464878012822D140F658
:10B980003C0080580C780123A3409BB2984340F6BA
:10B990003C03985040F61C0080580C780123A340CB
:10B9A0009BB2984340F61C039850087802F5106348
:10B9B00003EB4010006820F40044087803EB4010CB
:10B9C000046026E040F63C0080580C780123A34038
:10B9D000114C04EA0343984340F63C03985040F668
:10B9E0001C0083580C780120A0400B4C04EA004056
:10B9F00023EA000040F61C039850087802F53063F3
:10BA000003EB4010006820F40044087803EB40107A
:10BA10000460002010BD00000000FFFF10B50446C8
:10BA200040F60400005920F0020140F604000151E4
:10BA30000320F9F7BAF8002010BD10B5044640F60F
:10BA40000400005940F0020140F6040001510320B7
:10BA5000F9F7ABF8002010BD0FB430B5044600254F
:10BA6000A06B40F40020A0630D9818B9A06B40F4BF
:10BA70000010A0630020C4F8000ED4F80008C4F839
:10BA80000008099801280BD1069820B9002120460A
:10BA900000F078FC08E00121204600F073FC03E090
:10BAA0000321204600F06EFC1021204600F0B4FB7C
:10BAB000204600F09BFB00214FF401600151001D66
:10BAC0000151491E001D01510021001D0151002599
:10BAD00024E004F5106000EB4510006800F0004021
:10BAE000B0F1004F07D14FF0904104F5106000EB2A
:10BAF0004510016005E0002104F5106000EB4510E1
:10BB00000160002104F5106000EB45100161FF2188
:10BB100004F5106000EB451081606D1C0498A8428C
:10BB2000D7D8002524E004F5306000EB451000680C
:10BB300000F00040B0F1004F07D14FF0904104F504
:10BB4000306000EB4510016005E0002104F5306035
:10BB500000EB45100160002104F5306000EB45105A
:10BB60000161FF2104F5306000EB451081606D1C20
:10BB70000498A842D7D84FF40160005920F480718E
:10BB80004FF401600151079801280BD115494FF47A
:10BB9000036001510059144908434FF403610851EF
:10BBA000084605590020A0616FF080406061079849
:10BBB00018B9A06940F01000A061A0690B490843C2
:10BBC000A0610A9818B1A06940F00800A0610D9822
:10BBD000012803D1A06906490843A061002030BCB8
:10BBE0005DF814FB000180000300010000383C8078
:10BBF000040000400146886820F0010088600020B1
:10BC00007047000030B50346487801287DD1486967
:10BC100018BB087803F5106404EB40100069644C0D
:10BC200020400C7803F5106505EB4414206108787A
:10BC30002C4604EB4010006940F40025087804EB22
:10BC400040100561087804EB40100069C50CED0454
:10BC5000087804EB4010056137E0087803F51064BC
:10BC600004EB40100069C50CED04087804EB4010AB
:10BC70000561087804EB401004694D4804400878D9
:10BC800003F5106505EB401004618C684869A0421B
:10BC900001D988684861087803F5106404EB401006
:10BCA000006940F40025087804EB4010056108782D
:10BCB00004EB401004694869C0F31200044308789B
:10BCC00003F5106505EB40100461012A07D10878DF
:10BCD00003F5106404EB40100D6945610BE0486901
:10BCE00048B140F63400C0580D780124AC402043E0
:10BCF00040F63404E050087803F5106404EB40107B
:10BD0000006840F00445087800E003E004EB4010D0
:10BD100005604AE0087803F5306404EB40100069E0
:10BD2000C50CED04087804EB40100561087804EBBD
:10BD3000401000691E4C20400C7803F5306505EB7F
:10BD400044142061486908B188684861087803F59F
:10BD5000306404EB4010006940F40025087804EBDF
:10BD600040100561087804EB401000698C68C4F34A
:10BD7000120420430C7803F5306505EB4414206170
:10BD8000012A06D1087803F5306404EB4010CD6831
:10BD90004561087803F5306404EB4010006840F01A
:10BDA0000445087804EB40100560002030BD000019
:10BDB000FFFF07E010B503460024C3F8104BD3F88B
:10BDC000100B40F40024C3F8104BD3F8100B40F0D4
:10BDD0001804C3F8104BD3F8100B40F0C044C3F85C
:10BDE000104B012906D1C3F8142B4FF080244FF4D7
:10BDF0003060C450002010BD10B5024648780128BC
:10BE00001ED1087802F5106303EB4010006820F49F
:10BE10000014087803EB40100460C878032802D0AF
:10BE2000C87802282AD1087802F5106303EB401085
:10BE3000006840F08054087803EB401004601DE077
:10BE4000087802F5306303EB4010006820F400141A
:10BE5000087803EB40100460C878032802D0C87843
:10BE600002280BD1087802F5306303EB401000681C
:10BE700040F08054087803EB40100460002010BDAF
:10BE800010B50246487801281FD1087802F51063E2
:10BE900003EB4010006800F0004048B9087803EB5D
:10BEA0004010006820F08044087803EB40100460E4
:10BEB000087802F5106303EB4010006840F40014AA
:10BEC000087803EB401004601EE0087802F5306348
:10BED00003EB4010006800F0004048B9087803EB1D
:10BEE0004010006820F08044087803EB40100460A4
:10BEF000087802F5306303EB4010006840F400144A
:10BF0000087803EB40100460002010BDF8B505462A
:10BF10000C4616460027607801287DD1606918BB61
:10BF2000207805F5106101EB40100069AA4908402E
:10BF3000217805F5106202EB411108612078114665
:10BF400001EB4010006940F40022207801EB401022
:10BF50000261207801EB40100069C20CD204207805
:10BF600001EB401002614FE0207805F5106101EB14
:10BF700040100069C20CD204207801EB401002612D
:10BF8000207801EB4010006993490840217805F5BD
:10BF9000106202EB41110861A16860690844401E0B
:10BFA000B0FBF1F08C49C94301EAC040217802EBB3
:10BFB000411109690843217802EB41110861207899
:10BFC000114601EB401001696069C0F312000143A2
:10BFD000207802EB40100161E078012814D120782C
:10BFE000114601EB4010006920F0C042207801EBBF
:10BFF00040100261207801EB4010006940F00052CF
:10C00000207801EB40100261012E09D1207805F55E
:10C01000106101EB401000E04BE0226942610EE04C
:10C02000E07801280BD0606948B140F634004059EF
:10C03000227801219140084340F634014851E078CC
:10C0400001281ED140F60800405900F4807060B904
:10C05000207805F5106101EB4010006840F00052B7
:10C06000207801EB401002600BE0207805F51061AC
:10C0700001EB4010006840F08052207801EB401046
:10C080000260207805F5106101EB4010006840F077
:10C090000442207801EB40100260E078012807D1CB
:10C0A0000096A08A83B222782846E16800F072F9EF
:10C0B0008FE0207805F5306101EB40100069C20C7B
:10C0C000D204207801EB40100261207801EB40108F
:10C0D000016941480140207805F5306202EB4010CB
:10C0E00001616069C0B92078114601EB4010006918
:10C0F000A168C1F312010843217802EB41110861E4
:10C100002078114601EB4010006940F400222078AD
:10C1100001EB4010026125E0A16860690844401EFF
:10C12000B0FBF1F087B2207805F5306101EB4010EB
:10C1300000692949C94301EAC7410843217805F547
:10C14000306202EB411108612078114601EB40108A
:10C150000169A0687843C0F312000843217802EB1C
:10C1600041110861012E06D1207805F5306101EBFF
:10C170004010E2684261E07801281ED140F60800D4
:10C18000405900F4807060B9207805F5306101EB0A
:10C190004010006840F00052207801EB401002602F
:10C1A0000BE0207805F5306101EB4010006840F0AD
:10C1B0008052207801EB40100260207805F5306154
:10C1C00001EB4010006840F00442207801EB401081
:10C1D00002600020F8BD0000FFFF07E0014688680C
:10C1E00040F00100886000207047000001460022F6
:10C1F0001020086100BF501C0246064B984201D92E
:10C2000003207047086900F010001028F3D00020C8
:10C21000F7E70000400D030010B502460023202080
:10C2200040EA8110106100BF581C0346054CA04233
:10C2300001D9032010BD106900F020002028F3D0A0
:10C240000020F7E7400D03000146002040F60802F9
:10C25000525802F0060202B917E040F6080252589E
:10C2600002F00602022A06D040F60802525802F0F6
:10C270000602062A01D1032007E040F608025258C0
:10C2800002F00602042A00D10220704701464869E4
:10C2900000F001007047014640F618004258001DAA
:10C2A0004058024090B27047014640F6180042588C
:10C2B000001D40580240100C704730B502464FF444
:10C2C0000165AB5840F63405AC5824FA01F505F089
:10C2D000010543EAC51302F5106505EB4115AD688C
:10C2E00005EA030030BD024602F5306303EB41135B
:10C2F000986840F614039B58184070470146002088
:10C3000048698A691040704770B503460024D01C04
:10C31000C61700EB9676B51000BF05E04FF48050CD
:10C32000C0580860641C091DAC42F7D3084670BDB4
:10C3300070B504460D46E06820F0C040E060012D75
:10C3400004D1E06840F00050E06004E01DB9E0680E
:10C3500040F08040E0603220F8F727FC002070BDFC
:10C360000246D2F8000820F4FE60C2F80008D2F8B5
:10C3700000084FF4FE6303EA01131843C2F80008F3
:10C38000002070470246D2F800080843C2F80008AF
:10C3900000207047F0B50446059E00270025A6B989
:10C3A000D81C4FEAE07C00EB9C7C4FEAAC0700BF56
:10C3B00009E0D1F800C004F5805000EB0230C0F86D
:10C3C00000C06D1C091DBD42F3D30020F0BD00006C
:10C3D00002A000F00FF800BFFEE700004552523AFD
:10C3E00055736167654661756C745F48616E646C16
:10C3F00065720A000FB4054B10B503A9044A0298F0
:10C4000000F018F810BC5DF814FB000097C8000895
:10C41000F401002002E008C8121F08C1002AFAD166
:10C4200070477047002001E001C1121F002AFBD1B4
:10C43000704700002DE9FF4F8DB00F4605460026DE
:10C4400006E025280BD0DDE90F1290476D1C761C05
:10C4500028780028F5D111B03046BDE8F08F0024CF
:10C46000A246A1460122EC4900E0044315F8013F31
:10C47000203B02FA03F00842F7D128782A2810D08E
:10C480006FF02F022878A0F13001092914D80AEBA7
:10C490008A0102EB410144F0020400EB010A6D1C29
:10C4A000F0E701CF5FEA000A03D544F40054CAF173
:10C4B000000A44F002046D1C28782E2817D115F8C4
:10C4C000010F44F004042A280ED06FF02F022878C0
:10C4D000A0F1300109290AD809EB890102EB4101D9
:10C4E00000EB01096D1CF2E757F8049B6D1C2878DE
:10C4F0006C280FD006DC4C2817D068280DD06A288D
:10C5000014D104E0742810D07A280FD10DE044F43F
:10C5100000140AE044F4801401E044F44014697803
:10C52000814202D104F580146D1C6D1C2A786E2A9C
:10C530001FD00CDC632A31D004DC002A8BD0582AAF
:10C5400011D1A3E0642A68D0692A0CD165E0732A6E
:10C550002ED004DC6F2A73D0702A04D19BE0752A98
:10C560006FD0782A6ED01046DDE90F129047761C06
:10C5700050E1C4F30250022806D0032809D0042851
:10C5800001CF09D0066045E101CFF117C0E9006194
:10C5900040E101CF06803DE106703BE117F8040B56
:10C5A0008DF8000000208DF80100EB46012003E02B
:10C5B00057F804BB4FF0FF3061074FF0000102D481
:10C5C0000DE008F10101884649450FDA8045F8DBA6
:10C5D0001BF808100029F4D108E008F10101884691
:10C5E0008142FADB1BF808100029F6D1DDE90F23A0
:10C5F000AAEB08008146214600F036F9304400EBF2
:10C60000080604E0DDE90F121BF8010B9047B8F1B2
:10C610000108F7D221464846F7E00A21C4F3025345
:10C620004FF0000B0891022B04D001CFC117032B50
:10C6300009D00AE0FF1D27F00707F7E8020108E02C
:10C6400032E01FE020E000B2C117042B01D140B25C
:10C65000C117031E71F1000307DA4FF0000CD0EB95
:10C660000C006CEB01012D2302E0230504D52B23E4
:10C670008DF82430012303E0E30701D02023F7E7FE
:10C68000984658E00A2110E010210EE010204FF0EB
:10C69000000B08900CE010214FF0000B44F0040454
:10C6A0004FF00809089103E008214FF0000B0891B2
:10C6B000C4F30253022B04D001CF0021032B06D078
:10C6C00006E0FF1D27F00707F7E8020103E080B24C
:10C6D000042B00D1C0B24FF0000823072BD5702ADD
:10C6E00007D0DDF820C08CF0100C5CEA0B0C05D0F4
:10C6F0000EE040238DF82430012308E050EA0103C6
:10C7000006D030238DF824308DF82520022398465A
:10C71000DDF820C08CF0080C5CEA0B0C0BD150EA61
:10C72000010301D1630706D530238DF824304FF083
:10C730000108A9F10109582A04D038A20B9208AACD
:10C740000A920BE03AA2F9E75B46089AF3F762FD1A
:10C750000B9B9B5C0A9A521E0A92137050EA0102CC
:10C76000F2D10A98ADEB000000F1200B600702D572
:10C7700024F4803401E04FF00109D94502DDA9EB32
:10C780000B0000E0002000EB0B0141440890AAEBF5
:10C79000010AE00306D4DDE90F232146504600F0EC
:10C7A00063F806444FF0000908E009A911F80900F0
:10C7B000DDE90F12904709F10109761CC145F4DB50
:10C7C000E0030CD5DDE90F232146504600F04CF87C
:10C7D000064404E0DDE90F1230209047761C0899EA
:10C7E000481E08900029F5DC08E00A980A990078AC
:10C7F000491C0A91DDE90F129047761CBBF100013C
:10C80000ABF1010BF1DC21465046DDE90F2300F0CE
:10C8100019F806446D1C1BE609280100303132333B
:10C82000343536373839616263646566000000006C
:10C830003031323334353637383941424344454656
:10C84000000000002DE9F041044600251E46174671
:10C85000880404D405E039462020B0476D1C641ECE
:10C86000F9D52846BDE8F0812DE9F04104460025C0
:10C870001E469046C80301D5302700E020278804D3
:10C8800004D505E041463846B0476D1C641EF9D515
:10C890002846BDE8F08170B504460D46E0B2FCF7CD
:10C8A000EFF8204670BD000010B5002821D0114BD4
:10C8B0000022001F196803E0814203D80A46496834
:10C8C0000029F9D152B11368841A9C4204D100683E
:10C8D00018441060104602E0506000E0186039B162
:10C8E00002680B1A934203D10B681A44026049682C
:10C8F000416010BDF8010020F8F776FF4FF4807119
:10C900003748F4F7AFFB00EB400580213448F4F7DB
:10C91000A9FB2C182046FDF7B3FBFCF7FDF8FCF74C
:10C92000D9F8FCF733F94FF0FF30FDF7D1F84FF0AD
:10C93000FF30F4F76FFC4FF0FF30F4F7BDFC4FF021
:10C94000FF30F4F773FD4FF0FF30FBF739FFFAF7D4
:10C9500029FFFCF73BF9F4F7EBFAF4F713FBFDF7CB
:10C96000C1FCFBF7E9FE1FA221A124A0FFF742FDB5
:10C97000284929A0FFF73EFD00222B492B48FEF74E
:10C9800060FA2B492948FEF79AFC2A492748FEF706
:10C990002AF82648FEF75CFDF9F73CFF4FF47A7160
:10C9A000B0FBF1F0B0FBF1F52A46214622A0FFF7DB
:10C9B00021FD14E0FBF7D4FEF4F702F9F4F70EFBC7
:10C9C0000020F4F73BF9F3F70BFFF3F72FFEFCF72A
:10C9D000E7F90020FBF7F4FE0020FDF74DF9E9E749
:10C9E0000004024031383A35303A32350000000058
:10C9F0004D61792032362032303137000A436F6D75
:10CA000070696C652054696D653A20257320257323
:10CA10000A0000002605172056455253494F4E3A4A
:10CA200020253038780A00005000002084030020C0
:10CA30001001002038000020434F52455445585FF4
:10CA4000434C4F434B282564293A25644D487A0AC4
:10CA500000000000F0B50B30154D20F00701002458
:10CA6000144A0FE003688B420BD38B4205D95E1A40
:10CA700043184768C3E9006700E04368136002C0D9
:10CA800004E0021D10680028ECD12046002802D1E5
:10CA9000286808B10020F0BD064A07481060074A20
:10CAA000121A22F00702C0E9002401202860D7E70B
:10CAB000FC010020F8010020043A0020004F002073
:10CAC00010000000100000000000024000040240BE
:10CAD00000080240000C024000100240001C02400E
:10CAE000000002400004024000080240000C024026
:10CAF00000100240001C0240010000000200000083
:10CB00000400000000040000001000000004000801
:10CB100000000000010203040102030406070809E3
:10CB200040CB00080000002000020000DA020008EC
:10CB300028CC0008000200200052000024C4000895
:10CB4000D133C201021D081AFF0141131504140854
:10CB5000FD031B0855041A7D0C8113A5B61B08EDB7
:10CB6000041AFD041329B71B0899041A710C1AB58D
:10CB70000413120132021640830437121D0201020F
:10CB8000036F0746040309041A03B2802BA086CC66
:10CB9000F19324F4197E4604060708094B0A069807
:10CBA00029321311A9140867A84C0819AAD42A9F7E
:10CBB0000C19041A3304C11AF1101AE1041A0130D5
:10CBC0001AD1081C090243D3112DC03209045D1982
:10CBD0000B13052416100105240110090104240279
:10CBE0000205240617010705820308151009040130
:10CBF00033020A1D070501027B2C0705810711146A
:10CC00000902201301012BE0FA443D02DCA0B0210F
:10CC10002A40282A81072B0907640A220464BAFFE4
:08CC20006489430111000000CA
:040000050800019559
:00000001FF
